Total_Trans_Amt,Total_Trans_Ct,Credit_Limit,Months_on_book,Months_Inactive_12_mon
0.0532435740514075,0.1472868217054263,0.0725473657479208,1.0,0.5
0.0861244019138756,0.3023255813953488,0.048240959921639,0.2325581395348837,0.5
0.8114498720373873,0.7131782945736433,1.0000000000000002,0.6744186046511628,0.1666666666666666
0.1437632135306553,0.2713178294573644,0.9530801718378245,0.5348837209302325,0.5
0.2011794814732391,0.6201550387596899,0.0020769279605293,0.6744186046511628,0.1666666666666666
0.0607544230555246,0.2093023255813953,0.0486339739461933,0.1395348837209302,0.5
0.6721931679092021,0.8294573643410852,0.3073581294950979,0.7209302325581396,0.3333333333333333
0.1061533325915211,0.2945736434108527,0.0,0.5348837209302325,0.5
0.251863803271392,0.5426356589147286,0.0350296423270058,0.5348837209302325,0.5
0.3828307555357739,0.5038759689922481,0.4727868019844184,0.6046511627906976,0.1666666666666666
0.2298319795259819,0.5813953488372092,0.0,0.5348837209302325,0.5
0.0555802826304662,0.2635658914728682,0.2623731396076511,0.7674418604651162,0.3333333333333333
0.2474129297874708,0.6201550387596899,0.2854400396641846,0.3488372093023256,0.3333333333333333
0.2115277623233559,0.5736434108527132,0.0031652744900643,0.5348837209302325,0.3333333333333333
0.2219873150105708,0.5658914728682171,0.0346063964544088,0.3953488372093023,0.5
0.2062423500611995,0.5348837209302325,1.0000000000000002,0.4651162790697675,0.3333333333333333
0.1682986536107711,0.4263565891472868,0.1048954431535445,0.813953488372093,0.5
0.1914988316457104,0.5426356589147286,0.0543477932262521,0.6744186046511628,0.5
0.0645376655168576,0.1782945736434108,0.0629034062223189,0.7209302325581396,0.3333333333333333
0.0920774451986202,0.3023255813953488,0.1817750327259755,0.6976744186046512,0.6666666666666666
0.2176477133637476,0.3798449612403101,0.0,0.5581395348837209,0.5
0.4745743852230999,0.4108527131782945,0.3705124600561708,0.5348837209302325,0.3333333333333333
0.1892733949037498,0.5348837209302325,0.0105418454124682,0.5581395348837209,0.1666666666666666
0.2218760431734728,0.6666666666666666,0.0106325409565961,0.5348837209302325,0.3333333333333333
0.2760097919216646,0.5968992248062015,0.0607569450112916,0.2558139534883721,0.5
0.0869589406921108,0.2558139534883721,0.5854306677912914,0.813953488372093,0.3333333333333333
0.617169244464226,0.7674418604651162,1.0000000000000002,0.7209302325581396,0.1666666666666666
0.3802715032825192,0.4883720930232558,0.0424969087935376,0.4186046511627906,0.3333333333333333
0.1393679759652832,0.4186046511627906,0.2164811942789251,0.1395348837209302,0.5
0.2157004562145321,0.4728682170542635,0.1978281440366168,0.5348837209302325,0.3333333333333333
0.2286636252364526,0.5116279069767441,0.0819797023372241,0.5348837209302325,0.5
0.2389562701680204,0.3798449612403101,0.0532292148486744,0.7674418604651162,0.1666666666666666
0.0851785912985423,0.1705426356589147,0.1357923918531216,0.744186046511628,0.3333333333333333
0.1541114943807722,0.4728682170542635,0.1505153018498868,0.813953488372093,0.5
0.4166017580950261,0.5581395348837209,0.316306756515719,0.6046511627906976,0.3333333333333333
0.1982864137086903,0.4263565891472868,0.2775495273250558,0.5348837209302325,0.1666666666666666
0.0430622009569378,0.1550387596899224,0.1974653618601051,0.1395348837209302,0.5
0.0595304328474463,0.3410852713178294,0.0873609712888139,0.6744186046511628,0.5
0.1338600200289307,0.4263565891472868,0.4203043137823972,0.5581395348837209,0.5
0.1637365082897518,0.4496124031007752,0.2775797591730985,0.5348837209302325,0.3333333333333333
0.2055190831200623,0.5193798449612402,0.0913818070784849,0.3255813953488372,0.1666666666666666
0.2212084121508846,0.5193798449612402,0.2133068502344479,0.3255813953488372,0.5
0.105819517080227,0.3720930232558139,0.0,0.3255813953488372,0.3333333333333333
0.266384778012685,0.5348837209302325,0.0352714971113469,0.0,0.3333333333333333
0.9094247246022032,0.8682170542635659,0.26866136400052,0.4883720930232558,0.3333333333333333
0.1347501947257149,0.2635658914728682,2.1162293629854723e-05,0.2790697674418605,0.3333333333333333
0.2017914765772782,0.4806201550387596,0.5318296012116925,0.7209302325581396,0.3333333333333333
0.2207633248024925,0.5116279069767441,0.5342481490551036,0.4883720930232558,0.5
0.047624346277957,0.1627906976744186,0.0437364145632858,0.4883720930232558,0.3333333333333333
0.0995882942027372,0.3875968992248062,0.3462967497740169,0.4186046511627906,0.5
0.0640369422499165,0.193798449612403,0.0771728384984445,0.3023255813953488,0.5
0.1094914877044619,0.2713178294573644,0.0,0.3255813953488372,0.5
0.6824858128407699,0.6589147286821705,0.0651103311294316,0.627906976744186,0.5
0.2387893624123734,0.4883720930232558,0.2869818639143592,0.3255813953488372,0.3333333333333333
0.2185378880605318,0.5271317829457364,0.1012676213884278,0.3255813953488372,0.5
0.1620117948147323,0.5271317829457364,1.0000000000000002,0.5348837209302325,0.1666666666666666
0.2318905085122955,0.4728682170542635,0.0124162199911118,0.5116279069767442,0.3333333333333333
0.1166685211972849,0.2093023255813953,0.0,0.883720930232558,0.8333333333333333
0.0559697340603093,0.1472868217054263,0.1157184447528093,0.744186046511628,0.5
0.0326582841882719,0.1085271317829457,0.3561523322359172,0.6976744186046512,0.1666666666666666
0.1598419939913208,0.3953488372093023,0.0,0.813953488372093,0.3333333333333333
0.1141649048625792,0.4031007751937984,1.0000000000000002,0.3255813953488372,0.5
0.0462890842327806,0.1705426356589147,0.2124603584892541,0.6046511627906976,0.5
0.2244352954267274,0.5736434108527132,0.0250531324729349,0.4883720930232558,0.1666666666666666
0.1410926894403026,0.3255813953488372,0.0157417232758021,0.5348837209302325,0.5
0.1878824969400244,0.4728682170542635,0.0279553898850282,0.5348837209302325,0.1666666666666666
0.1252364526538333,0.5193798449612402,0.1805657588042699,0.3488372093023256,0.3333333333333333
0.0571380883498386,0.193798449612403,0.615027647025035,0.6744186046511628,0.5
0.2345610326026482,0.5968992248062015,0.0349994104789631,0.7209302325581396,0.1666666666666666
0.2182597084677868,0.4496124031007752,0.0493595382992166,1.0,0.5
0.1457104706798709,0.4573643410852712,0.0388086233323356,0.5116279069767442,0.3333333333333333
0.0903527317236007,0.248062015503876,0.0768705200180182,0.6046511627906976,0.5
0.0334371870479581,0.1085271317829457,0.6868887498223879,0.5348837209302325,1.0
0.0954156003115611,0.2713178294573644,0.1435015131039945,0.627906976744186,0.6666666666666666
0.0418938466674084,0.1472868217054263,0.0305855606647378,0.3953488372093023,1.0
0.080393902303327,0.2868217054263565,0.1179858333560072,0.3255813953488372,0.1666666666666666
0.2394013575164126,0.5271317829457364,0.0381132908273549,0.3488372093023256,0.3333333333333333
0.2068543451652386,0.5503875968992248,0.0183718940555117,0.6511627906976745,0.3333333333333333
0.0830644263936797,0.1472868217054263,0.1172602690029838,0.5348837209302325,0.3333333333333333
0.1916657394013575,0.4806201550387596,0.1912376011633215,0.3953488372093023,0.5
0.237565372204295,0.5736434108527132,0.0559803130205546,0.5581395348837209,0.3333333333333333
0.0460665405585846,0.1395348837209302,0.0,0.5348837209302325,0.5
0.2345053966840992,0.5813953488372092,0.2552384234695882,0.3255813953488372,0.5
0.1103260264826972,0.2635658914728682,0.0160742736042711,0.7674418604651162,0.6666666666666666
0.0564148214087014,0.1627906976744186,0.1240019711164923,0.3023255813953488,0.3333333333333333
0.0864025815066206,0.248062015503876,0.0241764088796984,0.5348837209302325,0.3333333333333333
0.043952375653722,0.2015503875968992,0.1757286631174477,0.813953488372093,0.5
0.2204295092911984,0.6356589147286821,0.0731520027087735,0.8372093023255814,0.1666666666666666
0.1689662846333593,0.3953488372093023,0.535638814065065,0.5348837209302325,0.1666666666666666
0.2400133526204517,0.5658914728682171,0.2046605416942532,0.6976744186046512,0.6666666666666666
0.2157560921330811,0.4341085271317829,0.0126883066234955,0.5348837209302325,0.3333333333333333
0.09491487704462,0.3178294573643411,0.346206054229889,0.6046511627906976,0.5
0.0500166907755647,0.1162790697674418,0.2067163073611526,0.5348837209302325,0.1666666666666666
0.2806275731612329,0.4186046511627906,0.6505198366270932,0.5348837209302325,0.3333333333333333
0.2068543451652386,0.4108527131782945,0.0658963591785402,0.9534883720930232,0.3333333333333333
0.2061867141426505,0.5581395348837209,0.0989700009371873,0.5348837209302325,0.5
0.2392900856793146,0.3565891472868217,0.2105859839106104,0.6976744186046512,0.5
0.2201513296984533,0.4573643410852712,0.0600918443543535,0.8604651162790699,0.5
0.047679982196506,0.1472868217054263,0.1869749105893094,0.4883720930232558,0.1666666666666666
0.222710581951708,0.4341085271317829,0.0286809542380516,0.0,0.3333333333333333
0.401635696005341,0.5581395348837209,0.4440665463439114,0.5348837209302325,0.5
0.1395348837209302,0.3875968992248062,1.0000000000000002,0.5813953488372093,0.5
0.4184933793256926,0.6046511627906976,0.5295924444565372,0.5348837209302325,0.3333333333333333
0.1616223433848893,0.5736434108527132,0.2403643542326099,0.6046511627906976,0.3333333333333333
0.2165349949927673,0.3488372093023255,0.0696148764877848,0.4418604651162791,0.5
0.7938689217758984,0.6511627906976744,0.2313854953639461,0.813953488372093,0.3333333333333333
0.2535328808278624,0.6046511627906976,0.0178881844868295,0.4883720930232558,0.1666666666666666
0.2604873706464893,0.4651162790697674,0.1492757960801386,0.1860465116279069,0.1666666666666666
0.1410926894403026,0.4883720930232558,0.1562593529779882,0.1627906976744186,0.1666666666666666
0.0631467675531323,0.1782945736434108,0.0868167980240464,0.8372093023255814,0.6666666666666666
0.7661065984199399,0.7131782945736433,0.3512245410049671,0.3255813953488372,0.5
0.0911872705018359,0.2325581395348837,0.266061425068853,0.4186046511627906,0.5
0.7903638589073105,0.7906976744186046,1.0000000000000002,0.1395348837209302,0.1666666666666666
0.3929008567931456,0.3565891472868217,0.989297925792906,0.6744186046511628,0.5
0.164348503393791,0.4418604651162791,0.4120812511147994,0.5348837209302325,0.3333333333333333
0.4182151997329476,0.6511627906976744,0.2994373853079265,0.4883720930232558,0.5
0.131412039612774,0.4031007751937984,0.0954631065642411,0.5348837209302325,0.5
0.2169800823411594,0.5736434108527132,0.007790747240588,0.627906976744186,0.1666666666666666
0.1815956381439857,0.5658914728682171,0.034001759493556,0.6511627906976745,0.3333333333333333
0.0832313341493268,0.186046511627907,0.0557082263881708,0.1860465116279069,0.5
0.0433403805496828,0.0697674418604651,0.8809772142561303,0.5348837209302325,0.1666666666666666
0.7942583732057416,0.7054263565891472,0.0691916306151878,0.2558139534883721,0.5
0.0721041504395237,0.2170542635658914,0.0932259498090858,0.8604651162790699,0.3333333333333333
0.1842661622343384,0.4573643410852712,0.0136859576089026,0.5813953488372093,0.5
0.0820629798597974,0.2170542635658914,0.0,0.4883720930232558,0.5
0.7612106375876265,0.813953488372093,0.1217345825132944,0.5581395348837209,0.3333333333333333
0.237565372204295,0.6046511627906976,0.0363900754889245,0.5813953488372093,0.5
0.1064871481028151,0.2325581395348837,0.0036187522107038,0.5348837209302325,0.5
0.193446088794926,0.4186046511627906,0.2848051708552892,0.744186046511628,0.3333333333333333
0.0934683431623456,0.1550387596899224,0.0148045359864803,0.5348837209302325,0.3333333333333333
0.0301546678535662,0.0620155038759689,0.2618591981909262,0.4883720930232558,0.3333333333333333
0.2452987648826082,0.4573643410852712,0.0049187216765373,0.5348837209302325,0.3333333333333333
0.2231556693001001,0.4651162790697674,0.0184625895996396,0.2790697674418605,0.3333333333333333
0.8628574607766774,0.7364341085271318,1.0000000000000002,0.5348837209302325,0.8333333333333333
0.1602870813397129,0.3410852713178294,0.5510570565668109,0.4883720930232558,0.5
0.1940580838989651,0.5426356589147286,0.1395411410104088,0.7209302325581396,1.0
0.065872927562034,0.2635658914728682,0.1676869915381057,0.2093023255813954,0.3333333333333333
0.2514187159229998,0.5038759689922481,0.1209183226161432,0.5116279069767442,1.0
0.2268832758428841,0.5038759689922481,0.0138371168491158,0.4651162790697675,0.5
0.2129742962056303,0.5038759689922481,0.1192858028218407,0.6046511627906976,0.5
0.0901858239679537,0.2558139534883721,0.2273344277262325,0.5348837209302325,0.6666666666666666
0.0573606320240347,0.1782945736434108,0.0219694839725857,0.5348837209302325,0.3333333333333333
0.1857683320351619,0.4651162790697674,0.1853726226430495,0.6511627906976745,0.5
0.211805941916101,0.5658914728682171,0.0796216181898983,0.5813953488372093,0.5
0.2476354734616668,0.4728682170542635,0.0227555120216943,0.6976744186046512,0.1666666666666666
0.1626794258373205,0.4728682170542635,0.5026256360025032,0.9534883720930232,0.5
0.1323022143095582,0.3100775193798449,0.0240252496394852,0.6046511627906976,0.5
0.2094135974184933,0.4496124031007752,0.0771123748023593,0.8604651162790699,0.5
0.1981195059530432,0.4573643410852712,0.6477082747591277,0.3255813953488372,0.5
0.149883164571047,0.4496124031007752,0.0,0.3488372093023256,0.5
0.0569711805941916,0.193798449612403,0.0549826620351475,0.3488372093023256,0.5
0.0736063202403471,0.1317829457364341,0.0217578610362872,0.0465116279069767,0.1666666666666666
0.2303883387114721,0.4573643410852712,0.0297693007675866,0.3720930232558139,0.1666666666666666
0.2091354178257483,0.6046511627906976,0.030071619248013,0.8372093023255814,0.5
0.160732168688105,0.4341085271317829,0.0,0.627906976744186,0.6666666666666666
0.2093023255813953,0.5116279069767441,0.0063093866864987,0.3488372093023256,0.1666666666666666
0.1538333147880271,0.4418604651162791,1.0000000000000002,0.3720930232558139,0.5
0.0532992099699566,0.1240310077519379,0.0,0.4418604651162791,0.1666666666666666
0.1800378324246133,0.5503875968992248,0.1722217687445016,0.4883720930232558,0.1666666666666666
0.6896628463335929,0.6976744186046512,1.0000000000000002,0.7906976744186046,0.1666666666666666
0.1441526649604985,0.3410852713178294,0.5287157208633007,0.6511627906976745,0.5
0.1794258373205741,0.4883720930232558,0.0170416927416356,0.9069767441860463,0.5
0.0772226549460331,0.3100775193798449,0.1188323251012011,0.5348837209302325,0.3333333333333333
0.1156670746634027,0.3643410852713178,1.0000000000000002,0.4186046511627906,0.3333333333333333
0.1620674307332814,0.2945736434108527,0.0194602405850467,0.3953488372093023,0.3333333333333333
0.2419049738511182,0.5193798449612402,0.0494200019953019,0.5348837209302325,0.5
0.0746634026927784,0.3488372093023255,0.028227476517412,0.5348837209302325,0.3333333333333333
0.2500834538778235,0.5348837209302325,0.0,0.5348837209302325,0.3333333333333333
0.3852231000333815,0.6356589147286821,0.1425340939666301,0.5348837209302325,0.3333333333333333
0.1481028151774786,0.3488372093023255,0.017253315677934,0.4651162790697675,0.5
0.131690219205519,0.3023255813953488,0.0964607575496482,0.7674418604651162,0.6666666666666666
0.1874930455101813,0.4961240310077519,0.0365714665771804,0.5348837209302325,0.5
0.2433515077333927,0.5891472868217054,0.320660142633859,0.6976744186046512,0.5
0.0709914320685434,0.2093023255813953,0.0,0.5348837209302325,0.1666666666666666
0.2282741738066095,0.4883720930232558,1.0000000000000002,0.5116279069767442,0.3333333333333333
0.2076888839434739,0.7131782945736433,0.1095511477521109,0.5348837209302325,0.5
0.0963614109268944,0.3023255813953488,0.1002095067069355,0.5348837209302325,0.3333333333333333
0.2321686881050406,0.627906976744186,0.0993932468097842,0.2558139534883721,0.5
0.251752531434294,0.4186046511627906,0.1395109091623662,0.744186046511628,0.5
0.1696895515744965,0.4728682170542635,0.681265626086457,0.5813953488372093,0.1666666666666666
0.2455213085568042,0.3565891472868217,0.1827726837113826,0.7674418604651162,0.5
0.2343941248470012,0.5271317829457364,0.0090302530103362,0.5813953488372093,0.1666666666666666
0.2534772449093134,0.5736434108527132,0.0305250969686525,0.5348837209302325,0.1666666666666666
0.3917881384221653,0.5968992248062015,1.0000000000000002,0.627906976744186,0.3333333333333333
0.2019027484143763,0.4573643410852712,0.0171626201338061,0.2790697674418605,0.3333333333333333
0.6666852119728496,0.7984496124031008,0.3619568470601039,0.627906976744186,0.5
0.0380549682875264,0.1162790697674418,0.500721029575817,0.4418604651162791,0.5
0.0782241014799154,0.2325581395348837,0.4229344845621068,0.5813953488372093,0.1666666666666666
0.7604317347279402,0.875968992248062,0.0537431562653993,0.5348837209302325,0.5
0.1756982307777901,0.3875968992248062,0.1567128306986278,0.5348837209302325,0.3333333333333333
0.1736397017914766,0.4418604651162791,0.0,0.5348837209302325,0.1666666666666666
0.0532992099699566,0.1007751937984496,0.0331854995964048,0.3953488372093023,0.1666666666666666
0.1073773227995994,0.3410852713178294,1.0000000000000002,0.4418604651162791,0.3333333333333333
0.1911093802158673,0.4263565891472868,0.0271693618359196,0.4651162790697675,0.1666666666666666
0.3853900077890286,0.6511627906976744,0.1169277186745148,0.4651162790697675,0.5
0.2397908089462557,0.3875968992248062,0.0857284514945114,0.627906976744186,0.1666666666666666
0.3839991098253032,0.5736434108527132,1.0000000000000002,0.4651162790697675,0.3333333333333333
0.2235451207299432,0.5891472868217054,0.0,0.2093023255813954,0.5
0.1977856904417491,0.5193798449612402,0.1590104511498683,0.3720930232558139,0.5
0.229887615444531,0.5503875968992248,0.5375736523397939,0.6744186046511628,0.5
0.1276287971514409,0.2093023255813953,0.2593197229553445,0.5348837209302325,0.5
0.1905530210303772,0.5116279069767441,0.0081232975690571,0.4883720930232558,0.1666666666666666
0.2308334260598642,0.5581395348837209,0.0508106670052633,0.4651162790697675,0.6666666666666666
0.2204295092911984,0.5891472868217054,0.4375969308627867,0.4883720930232558,0.3333333333333333
0.0674863691999554,0.2635658914728682,0.0859400744308098,0.5348837209302325,0.5
0.401580060086792,0.6434108527131782,0.5074627316893254,1.0,0.5
0.1119394681206186,0.4496124031007752,0.2357993451781714,0.3255813953488372,0.5
0.2796817625458996,0.4108527131782945,0.184828449378282,0.5581395348837209,0.5
0.2389562701680204,0.3410852713178294,1.0000000000000002,0.4651162790697675,0.5
0.0601424279514854,0.2093023255813953,0.0500548708041974,1.0,0.1666666666666666
0.0989762990986981,0.2403100775193798,0.0208509055950081,0.5348837209302325,0.3333333333333333
0.1198954044731278,0.2015503875968992,0.063901057207726,0.5348837209302325,0.3333333333333333
0.2102481361967286,0.4728682170542635,0.0281065491252414,0.5348837209302325,0.3333333333333333
0.0937465227550906,0.4108527131782945,0.1158091402969372,0.8372093023255814,0.1666666666666666
0.2620451763658618,0.5271317829457364,0.0583686290159231,0.744186046511628,0.5
0.1749749638366529,0.4651162790697674,0.0208811374430507,0.2790697674418605,0.1666666666666666
0.2138644709024146,0.4651162790697674,0.0042536210195993,0.3953488372093023,0.5
0.1761433181261822,0.4418604651162791,0.1850098404665379,0.5348837209302325,0.5
0.2243240235896294,0.5581395348837209,0.0117813511822164,0.6976744186046512,0.3333333333333333
0.1844330699899855,0.4651162790697674,0.1743984618035716,0.4651162790697675,0.5
0.1591187270501836,0.4573643410852712,0.5958606553660019,0.627906976744186,0.3333333333333333
0.4475353288082786,0.689922480620155,0.0690707032230173,0.5348837209302325,0.5
0.0301546678535662,0.0465116279069767,0.2827191733403471,0.5581395348837209,0.3333333333333333
0.193612996550573,0.5038759689922481,0.0,0.2790697674418605,0.3333333333333333
0.2020140202514743,0.5658914728682171,0.2218624632305148,0.3953488372093023,0.3333333333333333
0.0477912540336041,0.2093023255813953,0.0499944071081121,0.6744186046511628,0.5
0.1439857572048514,0.2790697674418604,0.0769309837141034,0.1627906976744186,0.1666666666666666
0.1987871369756314,0.4496124031007752,0.1712241177590945,0.2325581395348837,0.5
0.4826415934127072,0.6976744186046512,0.3136765857360095,0.5116279069767442,0.1666666666666666
0.0994213864470902,0.2635658914728682,0.0092721077946773,0.5581395348837209,0.3333333333333333
0.0822298876154445,0.1550387596899224,0.7492570523343521,0.4418604651162791,0.3333333333333333
0.0649827528652498,0.2093023255813953,0.0822215571215653,0.0465116279069767,0.3333333333333333
0.1334705685990875,0.4186046511627906,0.0432224731465609,0.3255813953488372,0.1666666666666666
0.0906309113163458,0.2868217054263565,0.0,0.3720930232558139,0.5
0.2148102815177478,0.5581395348837209,0.9225460053147588,0.3255813953488372,0.3333333333333333
0.1126070991432068,0.3178294573643411,0.6122765488531549,0.0,0.5
0.255535773895627,0.5658914728682171,0.1339482491225206,0.3953488372093023,0.1666666666666666
0.0479025258707021,0.2248062015503875,0.1177137467236234,0.6744186046511628,0.3333333333333333
0.1966729720707689,0.4031007751937984,0.0549221983390622,0.6046511627906976,0.5
0.1217313897852453,0.4883720930232558,0.0440991967397975,0.0232558139534884,0.5
0.2162568154000222,0.4883720930232558,0.0,0.3255813953488372,0.3333333333333333
0.0872927562034049,0.3643410852713178,0.4184299392037536,0.5348837209302325,0.3333333333333333
0.0989206631801491,0.2945736434108527,0.1624568818267292,1.0,0.0
0.2217647713363748,0.4728682170542635,0.0153789410992904,0.5348837209302325,0.3333333333333333
0.0109046400356069,0.0852713178294573,0.0871191165044728,0.6744186046511628,0.5
0.1851563369311227,0.2945736434108527,0.447452513324687,0.627906976744186,0.5
0.0596417046845443,0.2015503875968992,0.3728100805074113,0.4651162790697675,0.1666666666666666
0.1072660509625013,0.2403100775193798,0.0788053582927471,0.5348837209302325,0.3333333333333333
0.0524646711917213,0.1317829457364341,0.0454293980536736,0.9534883720930232,0.5
0.2278290864582174,0.6046511627906976,0.1441061500648473,0.5116279069767442,0.3333333333333333
0.0346055413374874,0.1395348837209302,0.019520704281132,0.1627906976744186,0.5
0.2473572938689217,0.4806201550387596,0.0363296117928392,0.5116279069767442,0.5
0.0544675642594859,0.1472868217054263,0.2104045928223546,0.3720930232558139,0.1666666666666666
0.23728719261155,0.3953488372093023,0.4315505612542589,0.3488372093023256,0.1666666666666666
0.7654389673973516,0.689922480620155,0.6323504959534672,0.5348837209302325,0.3333333333333333
0.0099588294202737,0.1007751937984496,0.0,0.627906976744186,0.6666666666666666
0.2436853232446867,0.4186046511627906,0.400895467339023,0.744186046511628,0.3333333333333333
0.7685545788360966,0.7209302325581395,0.2083790590034978,0.5348837209302325,0.1666666666666666
0.248525648158451,0.5116279069767441,0.0156510277316742,0.4418604651162791,0.1666666666666666
0.1412039612774007,0.3333333333333333,0.2309017857952639,0.8372093023255814,0.5
0.263046622899744,0.5736434108527132,0.0997862608343385,0.4186046511627906,1.0
0.4222766217870257,0.5193798449612402,0.6433246567929451,0.5348837209302325,0.5
0.1696895515744965,0.4418604651162791,0.0,0.9069767441860463,0.5
0.4746856570601981,0.8682170542635659,0.8122904555032545,0.627906976744186,0.1666666666666666
0.0692667185935239,0.3410852713178294,0.6137579094072442,0.813953488372093,0.3333333333333333
0.1086013130076777,0.2325581395348837,0.0128394658637087,0.5348837209302325,0.5
0.0450094581061533,0.1240310077519379,0.2416643236984434,0.6046511627906976,0.5
0.2273283631912763,0.5813953488372092,0.0371458716899905,0.4418604651162791,0.3333333333333333
0.1795371091576721,0.4728682170542635,0.0157417232758021,0.6511627906976745,0.5
0.0604206075442305,0.186046511627907,0.1987955631739812,0.2558139534883721,0.5
0.1964504283965728,0.4418604651162791,0.0345761646063662,1.0,0.5
0.0575275397796817,0.2635658914728682,0.1041094151044359,0.7674418604651162,0.1666666666666666
0.1687437409591632,0.4031007751937984,0.2505827188710218,0.6744186046511628,0.5
0.0902970958050517,0.3488372093023255,0.1341598720588191,1.0,0.3333333333333333
0.8064426393679759,0.6124031007751938,0.0720334243311959,0.3953488372093023,0.3333333333333333
0.4103705352175364,0.4651162790697674,0.276612340035734,0.5116279069767442,0.5
0.0544119283409369,0.1550387596899224,0.0476363229607862,0.7674418604651162,0.5
0.029431400912429,0.1085271317829457,0.0617848278447413,0.6511627906976745,0.8333333333333333
0.2424613330366084,0.5116279069767441,0.1272367788570547,0.3953488372093023,0.3333333333333333
0.2200400578613552,0.4108527131782945,0.1500315922812045,0.4883720930232558,0.1666666666666666
0.1228441081562256,0.4728682170542635,0.0357552066800291,0.1860465116279069,0.3333333333333333
0.1774785801713586,0.5426356589147286,0.1667195724007413,0.5581395348837209,0.3333333333333333
0.2178146211193946,0.5503875968992248,0.0,0.5348837209302325,0.1666666666666666
0.0489596083231334,0.1550387596899224,0.1785704568334558,0.7906976744186046,0.5
0.2249360186936686,0.5271317829457364,0.0,0.5348837209302325,0.3333333333333333
0.0828418827194837,0.186046511627907,0.0323087760031683,0.5348837209302325,0.5
0.0496272393457215,0.193798449612403,0.254089613243968,0.5348837209302325,0.3333333333333333
0.2559808612440191,0.6201550387596899,0.0528664326721628,0.5813953488372093,0.5
0.229887615444531,0.3953488372093023,0.2441735670859824,0.5348837209302325,0.5
0.1102703905641482,0.193798449612403,0.0,0.6046511627906976,0.5
0.1549460331590074,0.4341085271317829,0.059215120761117,0.7209302325581396,0.5
0.2461333036608434,0.5116279069767441,0.0943445281866635,0.5581395348837209,0.3333333333333333
0.0611438744853677,0.1395348837209302,0.157529090595779,0.6976744186046512,0.3333333333333333
0.229887615444531,0.6744186046511628,0.0176160978544457,0.4883720930232558,0.5
0.8006565038388783,0.6356589147286821,0.845152474325603,0.6976744186046512,0.3333333333333333
0.0790030043396016,0.2403100775193798,0.0077302835445027,0.6744186046511628,0.6666666666666666
0.2123623011015911,0.5736434108527132,0.0151370863149493,0.5348837209302325,0.3333333333333333
0.1144987203738733,0.4573643410852712,0.2653660925638723,0.5348837209302325,0.5
0.157004562145321,0.4186046511627906,0.3423968413765165,0.6511627906976745,0.1666666666666666
0.255535773895627,0.4031007751937984,0.18927253104055,0.9534883720930232,0.8333333333333333
0.1294091465450094,0.3953488372093023,0.4267436974154793,0.7674418604651162,0.5
0.2340603093357071,0.4728682170542635,0.4546174613107925,0.627906976744186,0.6666666666666666
0.131745855124068,0.2713178294573644,0.0068535599512662,0.6976744186046512,0.5
0.2359519305663736,0.5426356589147286,0.0281670128213267,0.5348837209302325,0.3333333333333333
0.0998664737954823,0.3875968992248062,1.0000000000000002,0.5348837209302325,0.5
0.0713808834983865,0.2635658914728682,1.0000000000000002,0.5348837209302325,0.3333333333333333
0.3781573383776566,0.5581395348837209,0.0190672265604924,0.5116279069767442,0.8333333333333333
0.2348392121953933,0.5581395348837209,0.0534408377849729,0.6976744186046512,0.1666666666666666
0.0891843774340714,0.3875968992248062,0.1729171012494823,0.627906976744186,0.5
0.0855680427283854,0.3798449612403101,0.2368876917077064,0.7209302325581396,0.1666666666666666
0.0716034271725826,0.2790697674418604,0.0311297339295053,1.0,0.5
0.1077667742294425,0.2325581395348837,0.0811634424400729,0.7674418604651162,0.5
0.2508623567375097,0.5271317829457364,0.0037396796028744,0.627906976744186,0.6666666666666666
0.171803716479359,0.4806201550387596,0.3049093498036441,0.9767441860465116,0.3333333333333333
0.2201513296984533,0.4573643410852712,0.0163765920846975,0.4186046511627906,0.3333333333333333
0.1578391009235562,0.4186046511627906,0.2615871115585425,0.5348837209302325,0.5
0.2281629019695115,0.4883720930232558,0.0492688427550887,0.6976744186046512,0.5
0.0499610548570156,0.1007751937984496,0.4063976636827833,0.6046511627906976,0.5
0.2136419272282185,0.4728682170542635,0.0102092950839991,0.3255813953488372,0.3333333333333333
0.0535773895627016,0.193798449612403,0.8927071712966742,0.813953488372093,0.3333333333333333
0.1299098698119506,0.3643410852713178,0.2987420528029458,0.6046511627906976,0.1666666666666666
0.1291866028708134,0.2945736434108527,0.0726380612920487,0.3720930232558139,0.3333333333333333
0.215422276621787,0.4961240310077519,0.1198602079346508,0.2325581395348837,0.3333333333333333
0.2254923778791587,0.4806201550387596,0.0433736323867741,0.6744186046511628,0.5
0.1891064871481028,0.4418604651162791,0.0286809542380516,0.5813953488372093,0.3333333333333333
0.0107933681985089,0.0465116279069767,0.1948049592323529,1.0,0.6666666666666666
0.2217647713363748,0.5658914728682171,0.0032559700341922,0.7209302325581396,0.3333333333333333
0.1102147546455992,0.4186046511627906,0.0722148154194518,0.2558139534883721,0.3333333333333333
0.2219873150105708,0.4728682170542635,0.0370854079939052,0.3488372093023256,0.5
0.2115277623233559,0.5736434108527132,0.0562523996529384,0.2790697674418605,0.3333333333333333
0.2185935239790808,0.5503875968992248,0.0,0.2093023255813954,0.3333333333333333
0.2933681985089574,0.4883720930232558,0.240182963144354,0.9534883720930232,0.1666666666666666
0.0817291643485034,0.2325581395348837,0.5525384171209002,0.4651162790697675,0.3333333333333333
0.0581951708022699,0.193798449612403,0.595437409493405,0.5348837209302325,0.5
0.2057972627128073,0.5116279069767441,0.0297995326156292,0.3488372093023256,0.3333333333333333
0.0829531545565817,0.3023255813953488,0.089779519132225,0.5348837209302325,0.3333333333333333
0.1117725603649716,0.3333333333333333,0.3445735344355865,0.5813953488372093,0.3333333333333333
0.1833203516190052,0.5348837209302325,0.0195509361291746,0.2790697674418605,0.1666666666666666
0.0784466451541115,0.2248062015503875,0.0066721688630104,0.5348837209302325,0.3333333333333333
0.0715477912540336,0.2403100775193798,0.1061047170752501,0.4883720930232558,0.5
0.0679314565483476,0.2403100775193798,0.1595243925665932,0.5348837209302325,0.5
0.0675420051185045,0.193798449612403,0.2458060868802849,0.5348837209302325,0.3333333333333333
0.1357516412595971,0.4186046511627906,0.3831191406899512,0.5348837209302325,0.5
0.2162568154000222,0.4651162790697674,0.007790747240588,0.5348837209302325,0.5
0.7189273394903749,0.8372093023255813,0.0584290927120084,0.0465116279069767,0.3333333333333333
0.2420718816067653,0.5736434108527132,0.0177067933985736,0.2325581395348837,0.3333333333333333
0.0698230777790141,0.2015503875968992,0.0493595382992166,0.2790697674418605,0.3333333333333333
0.7621564482029598,0.7209302325581395,0.439834087617942,0.6046511627906976,0.5
0.1017024591075998,0.2325581395348837,0.0227252801736517,0.3023255813953488,0.3333333333333333
0.1931122732836319,0.4263565891472868,0.625246011663447,0.4418604651162791,0.3333333333333333
0.1904973851118282,0.5271317829457364,0.7842050686716429,0.3953488372093023,0.1666666666666666
0.4080894625570268,0.6356589147286821,1.0000000000000002,0.4883720930232558,0.3333333333333333
0.952709469233337,0.8527131782945736,0.2119464170725292,0.5116279069767442,0.1666666666666666
0.0612551463224657,0.248062015503876,0.4118091644824156,0.4883720930232558,0.5
0.0509068654723489,0.1705426356589147,0.083581990283484,0.813953488372093,0.1666666666666666
0.0409480360520752,0.1627906976744186,0.0400481291020838,0.6976744186046512,0.1666666666666666
0.0831756982307777,0.3410852713178294,0.1788123116177969,0.6046511627906976,0.3333333333333333
0.2419049738511182,0.4573643410852712,0.0273507529241755,0.5348837209302325,0.5
0.1015911872705018,0.3023255813953488,0.1519059668598482,0.9767441860465116,0.3333333333333333
0.4275620340491821,0.6511627906976744,0.439834087617942,0.4186046511627906,0.5
0.1744186046511628,0.4573643410852712,0.0428294591220066,0.5348837209302325,0.3333333333333333
0.7637698898408812,0.6434108527131782,0.1446805551776575,0.5348837209302325,0.1666666666666666
0.2188160676532769,0.5891472868217054,0.0,0.5348837209302325,0.1666666666666666
0.3727050183598531,0.627906976744186,0.7345643741856296,0.7674418604651162,0.5
0.1925559140981417,0.5116279069767441,0.0411364756316188,0.6511627906976745,0.5
0.0939134305107377,0.2403100775193798,0.0383853774597387,0.5348837209302325,0.1666666666666666
0.6723600756648491,0.7441860465116279,0.925629653815108,0.3023255813953488,0.3333333333333333
0.116891064871481,0.4186046511627906,0.0033164337302775,0.0232558139534884,0.3333333333333333
0.2624902637142539,0.6434108527131782,0.0214857744039035,0.5581395348837209,0.1666666666666666
0.0496272393457215,0.2170542635658914,0.2185671917938672,0.1162790697674418,0.5
0.0417269389117614,0.186046511627907,0.0513246084219882,0.5348837209302325,0.3333333333333333
0.0461221764771336,0.1007751937984496,0.4340598046417979,0.8604651162790699,0.8333333333333333
0.0490708801602314,0.1782945736434108,0.0312506613216759,0.5813953488372093,0.5
0.1706909981083787,0.5116279069767441,0.0717311058507695,0.627906976744186,0.1666666666666666
0.0119617224880382,0.0930232558139534,0.3695450409188063,0.3953488372093023,0.6666666666666666
0.2208189607210415,0.5581395348837209,0.156108193737775,0.5348837209302325,0.3333333333333333
0.0686547234894848,0.3333333333333333,0.0456107891419294,0.5348837209302325,0.5
0.1747524201624568,0.3875968992248062,0.0598197577219698,0.5348837209302325,0.8333333333333333
0.1422054078112829,0.4573643410852712,0.529864531088921,0.627906976744186,0.5
0.0855680427283854,0.193798449612403,0.0320366893707845,0.2325581395348837,0.3333333333333333
0.0193056637365082,0.2015503875968992,0.0148347678345229,0.2325581395348837,0.5
0.2284967174808055,0.6124031007751938,0.0434038642348168,0.6976744186046512,0.5
0.0812284410815622,0.3178294573643411,0.38665626691094,0.5348837209302325,0.6666666666666666
0.1823189050851229,0.4496124031007752,0.1714055088473503,0.5348837209302325,0.5
0.2143651941693557,0.5271317829457364,0.0957654250446675,0.4651162790697675,0.3333333333333333
0.160787804606654,0.5116279069767441,0.0330645722042342,0.5116279069767442,0.5
0.4040280405029487,0.5116279069767441,0.7023372241721765,0.627906976744186,0.3333333333333333
0.2406253477244909,0.5193798449612402,0.0677707337571838,0.4418604651162791,0.1666666666666666
0.2023478357627684,0.5116279069767441,1.0000000000000002,0.5348837209302325,0.5
0.0396684099254478,0.0775193798449612,0.0204578915704538,0.6046511627906976,0.3333333333333333
0.0994213864470902,0.2093023255813953,0.0515362313582867,0.6976744186046512,0.5
0.2047958161789251,0.5503875968992248,0.0125976110793676,0.5348837209302325,0.1666666666666666
0.2296094358517859,0.5038759689922481,0.5732774648781506,0.744186046511628,0.1666666666666666
0.2130299321241793,0.4806201550387596,0.046820063063635,0.6046511627906976,0.6666666666666666
0.1879381328585735,0.4108527131782945,0.029648373375416,0.5581395348837209,0.1666666666666666
0.1893290308222988,0.4418604651162791,0.0202160367861127,0.5348837209302325,0.5
0.0305997552019583,0.1317829457364341,1.0000000000000002,0.4651162790697675,0.3333333333333333
0.8576276844330699,0.883720930232558,0.4483292369179236,0.5348837209302325,0.1666666666666666
0.1092689440302659,0.2635658914728682,0.0114185690057047,0.7209302325581396,0.5
0.2021252920885723,0.4496124031007752,1.0000000000000002,0.4883720930232558,0.1666666666666666
0.0826749749638366,0.2945736434108527,1.0000000000000002,0.5348837209302325,0.1666666666666666
0.2431289640591966,0.5116279069767441,0.3303645658555462,0.5348837209302325,0.6666666666666666
0.2180928007121397,0.6511627906976744,0.0718520332429401,0.4651162790697675,0.5
0.0364415266496049,0.1782945736434108,0.3349598067580273,0.4883720930232558,0.8333333333333333
0.0662067430733281,0.248062015503876,0.1417782977655641,0.9302325581395348,0.1666666666666666
0.0469010793368198,0.1782945736434108,1.0000000000000002,0.5116279069767442,0.1666666666666666
0.2345610326026482,0.4186046511627906,0.0948282377553457,0.5348837209302325,0.6666666666666666
0.0581395348837209,0.2093023255813953,0.1123627096200763,0.5348837209302325,0.5
0.084065872927562,0.2170542635658914,0.5270832010689982,0.5348837209302325,0.5
0.1743629687326137,0.4418604651162791,1.0000000000000002,0.5348837209302325,0.5
0.0058417714476465,0.0155038759689922,0.0217578610362872,0.744186046511628,0.6666666666666666
0.200845665961945,0.5193798449612402,0.021697397340202,0.7906976744186046,0.5
0.2019027484143763,0.4573643410852712,0.1178951378118793,0.8604651162790699,0.5
0.0566930010014465,0.1550387596899224,0.9664426486726708,0.5348837209302325,0.3333333333333333
0.21920551908312,0.4496124031007752,0.0204578915704538,0.6511627906976745,0.1666666666666666
0.2091910537442973,0.3798449612403101,0.9903862723224408,0.3720930232558139,0.5
0.1484922666073216,0.5348837209302325,0.2422387288112535,0.4883720930232558,0.3333333333333333
0.3966840992544787,0.5968992248062015,1.0000000000000002,0.5348837209302325,0.5
0.0955268721486591,0.2635658914728682,1.0000000000000002,0.5116279069767442,0.5
0.1731389785245354,0.5038759689922481,0.0502060300444105,0.5348837209302325,0.1666666666666666
0.2259931011460999,0.5116279069767441,0.2694473920496286,0.6976744186046512,0.3333333333333333
0.0641482140870145,0.1782945736434108,0.0217276291882446,0.3488372093023256,0.1666666666666666
0.4552687214865917,0.627906976744186,0.6011209969254211,0.6046511627906976,0.5
0.2040725492377879,0.5038759689922481,0.0855772922542982,0.5813953488372093,0.3333333333333333
0.4187715589184377,0.6976744186046512,0.0978514225596096,0.883720930232558,0.1666666666666666
0.4541003671970624,0.4186046511627906,0.0860005381268951,0.1627906976744186,0.3333333333333333
0.0689885390007789,0.2868217054263565,0.0427689954259213,0.3488372093023256,0.5
0.0580838989651719,0.193798449612403,0.0097255855153169,0.744186046511628,0.6666666666666666
0.2547568710359408,0.4728682170542635,0.0451875432693325,0.4186046511627906,0.5
0.2330032268832758,0.6046511627906976,0.033336658836618,0.5581395348837209,0.3333333333333333
0.2184822521419828,0.4418604651162791,0.0408039253031498,0.5348837209302325,0.5
0.0838433292533659,0.2325581395348837,0.0471828452401466,0.2790697674418605,0.1666666666666666
0.0498497830199176,0.1317829457364341,0.0,0.813953488372093,0.1666666666666666
0.0754979414710136,0.3333333333333333,0.1376365345837225,0.5348837209302325,0.5
0.2099699566039835,0.5038759689922481,0.3262228026737046,0.5348837209302325,0.5
0.4279514854790252,0.6046511627906976,1.0000000000000002,0.2558139534883721,0.3333333333333333
0.142594859241126,0.5891472868217054,0.0398969698618707,0.5348837209302325,0.3333333333333333
0.1126627350617558,0.3488372093023255,0.0131720161921778,0.6511627906976745,0.5
0.7632691665739401,0.8527131782945736,0.155352397536709,0.813953488372093,0.1666666666666666
0.1694113719817514,0.5038759689922481,0.1096418432962388,0.5116279069767442,0.5
0.0580838989651719,0.2558139534883721,0.0016536820879323,0.7674418604651162,0.5
0.1632357850228107,0.3255813953488372,0.7136741671881661,0.3255813953488372,0.1666666666666666
0.2357293868921776,0.5193798449612402,0.0335482817729165,0.5116279069767442,0.3333333333333333
0.4257260487370646,0.6124031007751938,0.1459200609474056,0.4883720930232558,0.5
0.240903527317236,0.5813953488372092,0.0,0.3488372093023256,0.0
0.0537442973183487,0.2170542635658914,0.2507943418073203,0.7674418604651162,0.1666666666666666
0.0762768443306999,0.3023255813953488,0.0849726552934454,0.4883720930232558,0.3333333333333333
0.1714699009680649,0.4341085271317829,0.1521780534922319,0.4418604651162791,0.1666666666666666
0.0671525536886614,0.3100775193798449,0.152087357948104,0.3953488372093023,0.5
0.0955268721486591,0.3953488372093023,1.0000000000000002,0.3720930232558139,0.5
0.1831534438633582,0.4496124031007752,0.0316134434981876,0.4883720930232558,0.6666666666666666
0.073161232891955,0.3100775193798449,0.2422689606592961,0.7906976744186046,0.5
0.8229108712584844,0.813953488372093,0.4603917442869365,0.2558139534883721,0.3333333333333333
0.2101925002781796,0.2868217054263565,0.3565755781085142,0.6046511627906976,0.5
0.2360632024034716,0.5968992248062015,0.0674079515806721,0.5116279069767442,0.3333333333333333
0.0729386892177589,0.2248062015503875,0.0769612155621461,1.0,0.8333333333333333
0.0889618337598753,0.3255813953488372,0.0853052056219144,0.5348837209302325,0.5
0.2256592856348058,0.4883720930232558,0.4271971751361189,0.4883720930232558,0.5
0.1147212640480694,0.4031007751937984,0.0090604848583789,0.5348837209302325,0.3333333333333333
0.2552019583843329,0.5348837209302325,0.0971258582065863,0.1860465116279069,0.5
0.2444642261043729,0.5503875968992248,0.1267228374403299,0.6511627906976745,0.1666666666666666
0.2340046734171581,0.5348837209302325,0.0734543211891999,0.813953488372093,0.1666666666666666
0.1590630911316345,0.3488372093023255,0.4928909809327735,0.5348837209302325,0.3333333333333333
0.1052075219761878,0.3410852713178294,0.0709450778016609,0.6511627906976745,0.5
0.2223211305218649,0.5426356589147286,0.077717011763212,0.3255813953488372,0.1666666666666666
0.186324691220652,0.3488372093023255,0.0213346151636903,0.5813953488372093,0.5
0.2470791142761766,0.4883720930232558,0.1715264362395209,0.5348837209302325,0.1666666666666666
0.2486369199955491,0.5193798449612402,0.0161045054523138,0.0930232558139534,0.3333333333333333
0.0825637031267386,0.2403100775193798,0.0411667074796615,0.4186046511627906,0.5
0.08417714476466,0.2093023255813953,0.9438292263367768,0.5813953488372093,0.3333333333333333
0.2111939468120618,0.4108527131782945,0.0965514530937761,0.5348837209302325,0.1666666666666666
0.2037943696450428,0.4651162790697674,0.0,0.5348837209302325,0.5
0.1985645933014354,0.4263565891472868,0.5489105953557836,0.3953488372093023,0.1666666666666666
0.0724936018693668,0.1627906976744186,0.0673172560365442,0.0697674418604651,0.1666666666666666
0.201068209636141,0.3798449612403101,0.0,0.744186046511628,0.1666666666666666
0.0170245910759986,0.1395348837209302,0.0990909283293578,0.1860465116279069,0.1666666666666666
0.2276065427840213,0.6046511627906976,0.1116069134190104,0.7674418604651162,0.5
0.2094692333370424,0.5116279069767441,0.0247810458405511,0.4883720930232558,0.5
0.2205964170468454,0.4961240310077519,0.0,0.3488372093023256,0.1666666666666666
0.7836875486814286,0.7286821705426356,0.0806797328713907,0.0,0.3333333333333333
0.1160008901746967,0.3023255813953488,0.2986211254107752,0.2558139534883721,0.3333333333333333
0.3990208078335373,0.6201550387596899,0.2491013583169325,0.8372093023255814,0.3333333333333333
0.1774229442528096,0.5193798449612402,1.0000000000000002,0.3023255813953488,0.5
0.1701346389228886,0.3643410852713178,1.0000000000000002,0.627906976744186,0.1666666666666666
0.0980861244019138,0.4341085271317829,0.1070721362126145,0.5348837209302325,1.0
0.1963391565594748,0.4806201550387596,1.0000000000000002,0.5348837209302325,0.3333333333333333
0.2204851452097474,0.5116279069767441,0.0318855301305713,0.627906976744186,0.5
0.0837876933348169,0.3023255813953488,0.0801657914546658,0.7209302325581396,0.5
0.0742183153443863,0.3023255813953488,0.0499641752600694,0.9069767441860463,0.3333333333333333
0.4128185156336931,0.6201550387596899,0.0728799160763898,0.5348837209302325,0.3333333333333333
0.1492711694670078,0.3333333333333333,1.0000000000000002,0.3255813953488372,0.1666666666666666
0.8324802492489151,0.9147286821705426,0.4878422623096528,0.6046511627906976,0.5
0.0775564704573272,0.2325581395348837,0.2653358607158297,1.0,0.5
0.0649271169467008,0.2713178294573644,0.0635080431831717,0.5348837209302325,0.5
0.3991877155891843,0.5736434108527132,0.4104789631685395,0.5813953488372093,0.3333333333333333
0.0229219984421942,0.1162790697674418,0.0463665853429954,0.7906976744186046,0.5
0.2327806832090798,0.5038759689922481,0.5593405829304939,0.5348837209302325,0.1666666666666666
0.0760543006565038,0.2093023255813953,0.0482711917696816,0.5348837209302325,0.3333333333333333
0.1993991320796706,0.4186046511627906,0.0,0.6976744186046512,0.5
0.1614554356292422,0.4728682170542635,0.2401527312963114,0.4651162790697675,0.5
0.1882719483698675,0.3875968992248062,0.0023187827448704,0.6511627906976745,0.1666666666666666
0.262935351062646,0.5193798449612402,0.0558896174764267,0.3255813953488372,0.5
0.4661177256036497,0.7209302325581395,0.5833446702763494,0.4186046511627906,0.8333333333333333
0.2147546455991988,0.4496124031007752,0.0325506307875094,0.3488372093023256,0.3333333333333333
0.2151440970290419,0.4031007751937984,0.1165347046499605,0.5348837209302325,0.8333333333333333
0.3676977856904417,0.5891472868217054,0.9130229731813276,0.5348837209302325,0.3333333333333333
0.2421831534438633,0.5968992248062015,0.019430008737004,0.5116279069767442,0.3333333333333333
0.2402358962946478,0.5271317829457364,0.1527826904530847,0.627906976744186,0.5
0.711917213753199,0.689922480620155,0.0665614598354782,0.5348837209302325,0.3333333333333333
0.1037053521753644,0.2325581395348837,0.010723236500724,0.3255813953488372,0.3333333333333333
0.1575609213308111,0.5116279069767441,0.5593103510824513,0.4651162790697675,0.8333333333333333
0.2451318571269611,0.5348837209302325,0.0539547792016978,0.5116279069767442,0.5
0.2173695337710025,0.4573643410852712,0.0269879707476638,0.5348837209302325,0.3333333333333333
0.0273728719261155,0.0930232558139534,0.1387551129613002,0.4883720930232558,0.1666666666666666
0.2067430733281406,0.5193798449612402,0.2515501380083863,0.4186046511627906,0.3333333333333333
0.0470123511739178,0.186046511627907,0.2838075198698821,0.883720930232558,0.5
0.1665183042172026,0.4263565891472868,0.8698216623283965,0.5348837209302325,0.5
0.2125848447757872,0.5813953488372092,0.1292623126759116,0.4186046511627906,0.3333333333333333
0.0530210303772115,0.1705426356589147,0.3129207895349435,0.4186046511627906,0.5
0.1885501279626126,0.5271317829457364,1.0000000000000002,0.4883720930232558,0.5
0.1802603760988093,0.5116279069767441,0.0828866577785033,0.3953488372093023,0.3333333333333333
0.2284967174808055,0.4651162790697674,0.0408946208472777,0.4883720930232558,0.5
0.0479025258707021,0.1007751937984496,0.0500246389561547,0.5348837209302325,0.5
0.1747524201624568,0.3798449612403101,0.1011769258442999,0.744186046511628,0.3333333333333333
0.0541337487481918,0.2403100775193798,0.3284297275808173,0.6511627906976745,0.8333333333333333
0.2078001557805719,0.4961240310077519,0.2129440680579363,0.3488372093023256,0.5
0.0908534549905419,0.4418604651162791,0.0468805267597203,0.5348837209302325,0.5
0.2039056414821408,0.4418604651162791,0.1851609997067511,0.744186046511628,0.5
0.0435072883053299,0.1240310077519379,0.1354296096766099,0.5348837209302325,0.3333333333333333
0.218982975408924,0.5038759689922481,0.0808308921116039,0.5581395348837209,0.5
0.2162568154000222,0.5891472868217054,0.0,0.1627906976744186,0.1666666666666666
0.2327806832090798,0.5736434108527132,0.0879958400977093,0.6744186046511628,0.3333333333333333
0.1979525981973962,0.3333333333333333,0.0379923634351844,0.5581395348837209,0.1666666666666666
0.1198954044731278,0.4263565891472868,0.2729542864225747,0.2558139534883721,0.5
0.1373094469789696,0.3953488372093023,0.0067930962551809,0.5348837209302325,0.1666666666666666
0.2174808056081006,0.4108527131782945,0.2068070029052806,0.5348837209302325,0.3333333333333333
0.7907533103371536,0.6666666666666666,0.0986072187606756,0.0465116279069767,0.1666666666666666
0.1084344052520307,0.2558139534883721,0.0090302530103362,0.5348837209302325,0.3333333333333333
0.2377879158784911,0.5658914728682171,0.0483618873138096,0.5116279069767442,0.5
0.2436296873261377,0.6124031007751938,0.3810936068710944,0.6744186046511628,0.5
0.0569711805941916,0.186046511627907,0.0848517279012749,0.2325581395348837,0.5
0.2386780905752754,0.3953488372093023,0.3530384518875254,0.4186046511627906,0.3333333333333333
0.0822855235339935,0.2093023255813953,0.2171462949358631,0.3023255813953488,0.3333333333333333
0.0837320574162679,0.1782945736434108,0.0197625590654731,0.5348837209302325,0.3333333333333333
0.1720818960721041,0.3798449612403101,0.0175556341583604,0.7209302325581396,0.3333333333333333
0.0472905307666629,0.1782945736434108,0.0060977637502002,0.4883720930232558,0.3333333333333333
0.2134750194725715,0.4108527131782945,0.958461440789414,0.5348837209302325,0.6666666666666666
0.2000667631022588,0.5503875968992248,0.0470014541518908,0.5581395348837209,0.3333333333333333
0.2348392121953933,0.5658914728682171,0.044220124131968,0.7209302325581396,0.5
0.1184488705908534,0.3333333333333333,0.0640219845998966,0.3953488372093023,0.5
0.0650383887837988,0.248062015503876,0.0607871768593342,0.7209302325581396,0.1666666666666666
0.0770557471903861,0.3643410852713178,0.2077744220426451,0.5348837209302325,0.3333333333333333
0.1741404250584177,0.3565891472868217,0.439834087617942,0.9767441860465116,0.1666666666666666
0.1803716479359074,0.5271317829457364,0.3080836938481212,0.3488372093023256,0.3333333333333333
0.0980861244019138,0.3023255813953488,0.1854028544910922,0.0232558139534884,0.1666666666666666
0.1087125848447757,0.6356589147286821,0.0554059079077445,0.2558139534883721,0.3333333333333333
0.0521864915989763,0.0930232558139534,0.0143510582658407,0.5348837209302325,0.1666666666666666
0.2146990096806498,0.4651162790697674,0.2550268005332898,0.2790697674418605,0.1666666666666666
0.2233782129742962,0.5193798449612402,0.2039652091892725,0.7906976744186046,0.5
0.0607544230555246,0.3023255813953488,0.0704916000810213,0.2558139534883721,0.5
0.3012128630243685,0.6046511627906976,0.0412271711757468,0.8372093023255814,0.5
0.8099477022365639,0.875968992248062,0.0864842476955773,0.813953488372093,0.3333333333333333
0.2345610326026482,0.5271317829457364,0.0634475794870864,0.7209302325581396,0.3333333333333333
0.2214309558250806,0.4263565891472868,0.0,0.5348837209302325,0.3333333333333333
0.0985312117503059,0.2403100775193798,0.0323692396992535,0.6511627906976745,0.5
0.2461889395793924,0.3720930232558139,0.2859237492328668,0.3953488372093023,0.3333333333333333
0.1864915989762991,0.5426356589147286,0.0148649996825655,0.5348837209302325,0.5
0.1660732168688105,0.4186046511627906,0.0759031008806537,0.8372093023255814,0.1666666666666666
0.0551351952820741,0.193798449612403,0.1883051119031855,0.4186046511627906,0.1666666666666666
0.2020696561700233,0.4418604651162791,0.2097394921654166,0.5116279069767442,0.3333333333333333
0.1178368754868142,0.2403100775193798,0.0050698809167505,0.5348837209302325,0.5
0.2648269722933125,0.5271317829457364,0.123699652636066,0.6046511627906976,0.5
0.2221542227662178,0.5426356589147286,0.4396829283777288,0.7674418604651162,0.3333333333333333
0.3802158673639702,0.6589147286821705,0.3365016310082019,0.5813953488372093,0.3333333333333333
0.1853232446867697,0.4573643410852712,0.0390504781166768,0.4883720930232558,0.3333333333333333
0.4277289418048292,0.6201550387596899,0.208197667915242,0.3953488372093023,0.5
0.0488483364860353,0.1317829457364341,0.5387526944134569,0.4883720930232558,0.1666666666666666
0.226382552575943,0.5968992248062015,0.0159231143640579,0.5348837209302325,0.1666666666666666
0.8235785022810725,0.627906976744186,0.0589430341287332,0.4651162790697675,0.5
0.1960053410481807,0.4883720930232558,0.7163345698159183,0.5348837209302325,0.5
0.3927895849560476,0.6821705426356589,0.6640032408541102,0.3720930232558139,0.3333333333333333
0.2237120284855903,0.6046511627906976,0.0221508750608416,0.5348837209302325,0.1666666666666666
0.2312785134082564,0.5658914728682171,0.0368737850576067,0.1162790697674418,0.3333333333333333
0.2530877934794703,0.5348837209302325,0.0199137183056863,0.5348837209302325,0.3333333333333333
0.379548236341382,0.6356589147286821,0.2794541337517421,0.4418604651162791,0.6666666666666666
0.1669077556470457,0.4031007751937984,1.0000000000000002,0.4883720930232558,0.1666666666666666
0.2725603649716256,0.5581395348837209,0.0257786968259582,0.3023255813953488,0.5
0.222654946033159,0.5426356589147286,0.0713380918262152,0.5813953488372093,0.5
0.2135306553911205,0.5193798449612402,0.3504989766519437,0.6511627906976745,0.1666666666666666
0.2352286636252364,0.5581395348837209,0.0131417843441351,0.5348837209302325,0.6666666666666666
0.1119951040391676,0.2945736434108527,0.0460944987106116,0.1162790697674418,0.5
0.1302436853232446,0.5426356589147286,1.0000000000000002,0.5581395348837209,0.3333333333333333
0.1348058306442639,0.4263565891472868,0.0321273849149124,0.5348837209302325,0.1666666666666666
0.1956158896183376,0.4418604651162791,0.0609383360995474,0.4186046511627906,0.8333333333333333
0.1816512740625347,0.4031007751937984,0.2138207916511728,0.5581395348837209,0.1666666666666666
0.1617892511405363,0.3720930232558139,0.9127811183969864,0.5348837209302325,0.3333333333333333
0.0535773895627016,0.2093023255813953,0.0425573724896229,0.3023255813953488,0.3333333333333333
0.2308890619784132,0.5813953488372092,0.4017721909322595,0.627906976744186,0.3333333333333333
0.792255480137977,0.6666666666666666,0.0517478542945851,0.5348837209302325,0.3333333333333333
0.0633693112273283,0.1472868217054263,0.1584360460370582,0.6046511627906976,0.5
0.2057416267942583,0.4728682170542635,0.0316436753462302,0.3953488372093023,0.5
0.1744742405697118,0.4341085271317829,0.0942236007944929,0.7674418604651162,0.1666666666666666
0.2180928007121397,0.4573643410852712,0.141203892652754,0.5116279069767442,0.5
0.0589184377434071,0.1782945736434108,0.0952514836279427,0.7674418604651162,0.6666666666666666
0.2506954489818627,0.5891472868217054,0.0,0.4418604651162791,0.1666666666666666
0.3809947702236564,0.5968992248062015,0.6585917400544778,0.6976744186046512,0.3333333333333333
0.2150328251919439,0.4573643410852712,0.0075488924562469,0.5348837209302325,0.3333333333333333
0.0131857126961166,0.0697674418604651,0.2283018468635969,1.0,0.1666666666666666
0.1164459775230889,0.2868217054263565,0.1621847951943454,0.2558139534883721,0.1666666666666666
0.2320017803493935,0.5193798449612402,0.1022652723738349,0.6046511627906976,0.5
0.0777790141315233,0.2093023255813953,0.0210927603793492,0.9302325581395348,0.5
0.4074774674529876,0.5891472868217054,0.0456410209899721,0.4418604651162791,0.8333333333333333
0.2318905085122955,0.4961240310077519,0.0264740293309389,0.4418604651162791,0.1666666666666666
0.2515856236786469,0.5736434108527132,0.0395644195334016,0.5348837209302325,0.1666666666666666
0.0592522532547012,0.2403100775193798,0.0609383360995474,0.5348837209302325,0.5
0.131523311449872,0.2635658914728682,0.1662056309840164,0.3488372093023256,0.3333333333333333
0.0750528541226215,0.2403100775193798,0.0,0.6046511627906976,0.5
0.2202069656170023,0.4728682170542635,0.1393899817701956,0.627906976744186,0.3333333333333333
0.0483476132190942,0.1240310077519379,0.2030280218999507,0.5813953488372093,0.3333333333333333
0.1033159007455213,0.2713178294573644,0.0707334548653624,0.7209302325581396,0.5
0.3876154445309892,0.627906976744186,0.1020234175894938,0.4883720930232558,0.1666666666666666
0.0632024034716813,0.248062015503876,0.3761960474881869,0.5581395348837209,0.3333333333333333
0.25197507510849,0.5116279069767441,0.1012071576923425,0.3720930232558139,0.3333333333333333
0.2239902080783353,0.5813953488372092,0.0134138709765189,0.6744186046511628,0.3333333333333333
0.2094692333370424,0.5271317829457364,0.0414992578081305,0.5581395348837209,0.6666666666666666
0.1542784021364192,0.3100775193798449,0.6348295074929635,0.6744186046511628,0.1666666666666666
0.2124735729386892,0.5426356589147286,0.1034443144474978,0.744186046511628,0.5
0.1810392789584956,0.3875968992248062,0.6673287441388005,0.5348837209302325,0.3333333333333333
0.1723044397463002,0.3875968992248062,0.0512036810298176,0.5116279069767442,0.5
0.1938911761433181,0.4186046511627906,0.711920720001693,0.3255813953488372,0.5
0.2185935239790808,0.5193798449612402,0.0019560005683587,0.4651162790697675,0.6666666666666666
0.2322799599421386,0.5348837209302325,0.1842842761135145,0.2790697674418605,0.5
0.2111383108935128,0.4108527131782945,0.8616288315088413,0.5348837209302325,0.1666666666666666
0.1440413931234004,0.4573643410852712,0.2926049876502901,0.5348837209302325,0.5
0.1083231334149326,0.3720930232558139,0.2187183510340804,0.2790697674418605,0.1666666666666666
0.2676087682207633,0.4031007751937984,0.6911212085483573,0.5581395348837209,0.1666666666666666
0.1117725603649716,0.193798449612403,0.0312204294736333,0.8372093023255814,0.5
0.2259374652275509,0.5813953488372092,0.0213346151636903,0.4418604651162791,0.3333333333333333
0.2575943028819406,0.5581395348837209,0.0,0.6046511627906976,0.1666666666666666
0.0899076443752086,0.3720930232558139,0.0534106059369303,0.8604651162790699,0.5
0.2071881606765327,0.4961240310077519,0.0124464518391544,0.5116279069767442,0.8333333333333333
0.0980304884833648,0.2790697674418604,0.0893865051076707,0.0,0.1666666666666666
0.3915655947479692,0.6124031007751938,0.1118790000513941,0.627906976744186,0.3333333333333333
0.0351619005229776,0.1782945736434108,0.4751751179797869,0.5348837209302325,0.6666666666666666
0.3991877155891843,0.5813953488372092,0.0749961454393745,0.3720930232558139,0.5
0.1847112495827306,0.5193798449612402,0.0457619483821426,0.5348837209302325,1.0
0.0859574941582285,0.3410852713178294,0.0335482817729165,0.744186046511628,0.5
0.0364971625681539,0.0930232558139534,0.0258391605220435,0.5348837209302325,0.5
0.2095805051741404,0.3798449612403101,0.2008513288408807,0.813953488372093,0.3333333333333333
0.175308779347947,0.4728682170542635,1.0000000000000002,0.5813953488372093,0.3333333333333333
0.1445421163903416,0.4031007751937984,0.051173449181775,0.5813953488372093,0.3333333333333333
0.0553577389562701,0.193798449612403,0.3888934236660953,0.4418604651162791,0.3333333333333333
0.7737843551797039,0.7286821705426356,0.094132905250365,0.4651162790697675,0.1666666666666666
0.2422387893624124,0.5116279069767441,0.0094837307309758,0.6511627906976745,0.1666666666666666
0.7327806832090797,0.7364341085271318,0.2829610281246882,0.5348837209302325,0.3333333333333333
0.1596750862356737,0.4883720930232558,0.1222182920819767,0.5813953488372093,0.3333333333333333
0.1828752642706131,0.4961240310077519,0.0109650912850651,0.5348837209302325,0.1666666666666666
0.2288861689106487,0.5038759689922481,0.055194284971446,0.5813953488372093,0.5
0.0812284410815622,0.2325581395348837,0.0904143879411204,0.4418604651162791,0.5
0.2770668743740959,0.5891472868217054,0.0035280566665759,0.5813953488372093,0.1666666666666666
0.2696672972070769,0.627906976744186,0.0523524912554379,0.3720930232558139,0.5
0.149827528652498,0.4186046511627906,0.1410225015644981,0.627906976744186,0.3333333333333333
0.0966952264381885,0.3178294573643411,0.4081208790212137,0.6976744186046512,0.3333333333333333
0.2399577167019027,0.4186046511627906,0.0021978553526998,0.3720930232558139,0.3333333333333333
0.0743295871814843,0.3565891472868217,0.2335924202710587,0.5348837209302325,0.1666666666666666
0.1922777345053966,0.5271317829457364,0.5418061110657634,0.3720930232558139,0.1666666666666666
0.0593078891732502,0.1162790697674418,0.407758096844702,0.4883720930232558,0.5
0.2529208857238233,0.5581395348837209,0.013232479888263,0.4883720930232558,0.3333333333333333
0.2273283631912763,0.5581395348837209,0.0,0.5348837209302325,0.3333333333333333
0.2006231222877489,0.5736434108527132,0.0249019732327217,0.5348837209302325,0.5
0.1178368754868142,0.2403100775193798,0.0044047802598125,0.5348837209302325,0.5
0.7423500611995103,0.6821705426356589,1.0000000000000002,0.627906976744186,0.3333333333333333
0.4250584177144764,0.7441860465116279,0.4462432394029815,0.5348837209302325,0.1666666666666666
0.1794814732391231,0.3488372093023255,0.8804028091433201,0.6511627906976745,0.3333333333333333
0.1144987203738733,0.3798449612403101,0.2276669780547015,0.3953488372093023,0.1666666666666666
0.2281629019695115,0.5581395348837209,0.0288925771743501,0.7906976744186046,0.1666666666666666
0.1029820852342272,0.3023255813953488,0.1111836675464134,0.5581395348837209,0.5
0.2133637476354734,0.4496124031007752,0.0555570671479576,0.3720930232558139,0.5
0.2212640480694336,0.3953488372093023,0.035845902224157,0.5348837209302325,0.3333333333333333
0.2398464448648047,0.5193798449612402,0.0210625285313066,0.744186046511628,0.3333333333333333
0.0849560476243462,0.1627906976744186,0.0119325104224296,0.4651162790697675,0.5
0.7567041281851563,0.6821705426356589,0.108372105678448,0.5348837209302325,0.3333333333333333
0.2093023255813953,0.4573643410852712,0.1915096877957053,0.6046511627906976,0.5
0.0734394124847001,0.2015503875968992,0.3712984881052794,0.6976744186046512,0.5
0.3848336486035384,0.5658914728682171,1.0000000000000002,0.4883720930232558,0.1666666666666666
0.7768999666184488,0.8604651162790697,1.0000000000000002,0.5116279069767442,0.1666666666666666
0.26271280738845,0.5271317829457364,0.0278344624928577,0.5348837209302325,0.3333333333333333
0.0290975854011349,0.1240310077519379,1.0000000000000002,0.627906976744186,0.3333333333333333
0.2099143206854345,0.6046511627906976,0.0,0.627906976744186,0.6666666666666666
0.27005674863692,0.6201550387596899,0.5173485459992684,0.5348837209302325,0.3333333333333333
0.1908868365416713,0.5581395348837209,0.0437968782593711,0.5348837209302325,0.5
0.865082897518638,0.883720930232558,0.1906329642024687,0.7674418604651162,1.0
0.0455658172916434,0.1085271317829457,0.6120649259168564,0.3720930232558139,0.1666666666666666
0.0642038500055636,0.2248062015503875,0.0013815954555486,0.3488372093023256,0.3333333333333333
0.1948369867586513,0.3798449612403101,0.067921892997397,0.813953488372093,0.3333333333333333
0.0902414598865027,0.1627906976744186,0.0,0.627906976744186,0.5
0.1674641148325358,0.4573643410852712,0.1558361071053912,0.5581395348837209,0.5
0.1196172248803827,0.4031007751937984,0.0238136267031867,0.3488372093023256,0.1666666666666666
0.2224880382775119,0.4728682170542635,0.2818726815951532,0.5813953488372093,0.1666666666666666
0.2167019027484143,0.5581395348837209,0.042375981401367,0.3255813953488372,0.1666666666666666
0.0591966173361522,0.186046511627907,0.1896655450651043,0.9302325581395348,0.5
0.1245131857126961,0.2325581395348837,0.0068535599512662,0.5348837209302325,0.5
0.7252141982864136,0.6666666666666666,0.4130486702521638,0.6511627906976745,0.3333333333333333
0.1735840658729275,0.5271317829457364,0.2351342445212333,0.4883720930232558,0.1666666666666666
0.1901079336819851,0.5581395348837209,0.148399072486902,0.3953488372093023,0.5
0.2584288416601758,0.5193798449612402,0.0532896785447597,0.0,0.3333333333333333
0.8823300322688327,0.8914728682170542,1.0000000000000002,0.4651162790697675,0.3333333333333333
0.2076332480249249,0.4186046511627906,0.0748449861991613,0.6511627906976745,0.5
0.1822076332480249,0.4108527131782945,0.0188556036241939,0.5116279069767442,0.5
0.0964726827639924,0.3720930232558139,0.5551685879006097,0.5813953488372093,1.0
0.2099143206854345,0.4418604651162791,0.3717217339778763,0.4883720930232558,0.5
0.142316679648381,0.3720930232558139,0.2546942502048208,0.4883720930232558,0.3333333333333333
0.2184266162234338,0.5038759689922481,0.0058861408139018,0.744186046511628,0.3333333333333333
0.2274396350283743,0.4573643410852712,0.2718659398930397,0.6976744186046512,0.5
0.2377879158784911,0.4651162790697674,0.0181300392711706,0.7906976744186046,0.5
0.1148325358851674,0.3178294573643411,0.006369850382584,0.2558139534883721,0.3333333333333333
0.0321019250027817,0.1782945736434108,0.1463130749719599,0.4651162790697675,0.1666666666666666
0.2358406587292756,0.5426356589147286,0.0382946819156108,0.5116279069767442,0.3333333333333333
0.0478468899521531,0.2170542635658914,1.0000000000000002,0.5581395348837209,0.1666666666666666
0.2420718816067653,0.4961240310077519,0.0671358649482884,0.627906976744186,0.1666666666666666
0.1223433848892845,0.3178294573643411,0.7325690722148155,0.744186046511628,0.5
0.1735840658729275,0.5271317829457364,0.0629336380703616,0.627906976744186,0.5
0.0491265160787804,0.193798449612403,0.0248112776885938,0.627906976744186,0.5
0.248191832647157,0.4263565891472868,0.0427689954259213,0.5348837209302325,0.5
0.0498497830199176,0.1627906976744186,0.0548012709468917,0.6744186046511628,0.5
0.2757316123289196,0.5813953488372092,0.0294669822871602,0.4418604651162791,0.5
0.0764437520863469,0.1782945736434108,0.4156183773357881,0.3255813953488372,0.3333333333333333
0.1065984199399132,0.2790697674418604,0.1180160652040498,0.7209302325581396,0.5
0.2076332480249249,0.4263565891472868,0.0551035894273181,0.4186046511627906,0.5
0.1149438077222655,0.248062015503876,0.0239647859433999,0.2790697674418605,0.3333333333333333
0.1706909981083787,0.4728682170542635,0.2519733838809833,0.6046511627906976,0.5
0.226326916657394,0.4418604651162791,0.3274623084434528,0.3255813953488372,0.3333333333333333
0.146266829865361,0.3410852713178294,0.6712588843843436,0.6046511627906976,0.1666666666666666
0.1000890174696784,0.3023255813953488,0.2282716150155543,0.5813953488372093,0.3333333333333333
0.1892733949037498,0.5348837209302325,0.0185230532957249,0.5348837209302325,0.6666666666666666
0.040391676866585,0.2015503875968992,0.1696520616608773,0.5116279069767442,0.5
0.2024034716813174,0.5736434108527132,0.0,0.8604651162790699,0.1666666666666666
0.1066540558584622,0.3255813953488372,0.2079860449789435,0.3488372093023256,0.3333333333333333
0.0254812506954489,0.1007751937984496,0.1425038621185874,0.0,0.3333333333333333
0.0280961388672526,0.1317829457364341,0.8496570196839563,0.4883720930232558,0.5
0.8806609547123623,0.8527131782945736,0.0633266520949159,0.0,0.3333333333333333
0.0326582841882719,0.1705426356589147,0.2150300655728784,0.3488372093023256,0.3333333333333333
0.0272059641704684,0.1395348837209302,0.0579756149913688,0.5348837209302325,0.3333333333333333
0.2139757427395126,0.4961240310077519,0.08433778648455,0.5348837209302325,0.5
0.2024034716813174,0.5348837209302325,0.2251577346671625,0.9534883720930232,0.3333333333333333
0.0525759430288194,0.193798449612403,0.0810425150479023,0.2558139534883721,0.5
0.0689329030822299,0.3100775193798449,0.310532473539575,0.627906976744186,0.5
0.200901301880494,0.5503875968992248,0.009634889971189,0.5348837209302325,0.6666666666666666
0.2366195615889618,0.5658914728682171,0.0235113082227603,0.5116279069767442,0.5
0.1947813508401023,0.4806201550387596,0.137515607191552,0.5348837209302325,0.3333333333333333
0.1077111383108935,0.186046511627907,0.0889934910831164,0.5813953488372093,0.3333333333333333
0.284633359296762,0.5193798449612402,0.025294987257276,0.3488372093023256,0.3333333333333333
0.1773673083342606,0.5348837209302325,0.0046164031961109,0.5348837209302325,0.5
0.2416824301769222,0.5813953488372092,0.0485432784020654,0.3488372093023256,0.5
0.2051296316902192,0.5736434108527132,0.0528362008241201,0.3720930232558139,0.3333333333333333
0.0394458662512518,0.1317829457364341,0.115657981056724,0.6976744186046512,0.5
0.1035384444197173,0.2790697674418604,0.0412271711757468,0.5348837209302325,0.3333333333333333
0.1909981083787693,0.5426356589147286,0.0433736323867741,0.5348837209302325,1.0
0.4093134527651051,0.6976744186046512,0.127629792881609,0.6046511627906976,0.5
0.2234894848113942,0.5348837209302325,0.026050783458342,0.5348837209302325,0.8333333333333333
0.2383999109825303,0.6356589147286821,1.0000000000000002,0.4418604651162791,0.3333333333333333
0.1236230110159118,0.4108527131782945,0.1295343993082953,0.5348837209302325,0.3333333333333333
0.1038722599310114,0.2868217054263565,0.009634889971189,0.4418604651162791,0.3333333333333333
0.2160899076443752,0.5038759689922481,0.0398062743177427,0.6046511627906976,0.1666666666666666
0.0423389340158006,0.2015503875968992,0.0794099952535998,0.4651162790697675,0.5
0.0461221764771336,0.0775193798449612,0.1139347657182936,0.7674418604651162,0.3333333333333333
0.0521864915989763,0.2015503875968992,0.2921515099296505,0.744186046511628,0.3333333333333333
0.0886836541671303,0.2635658914728682,0.081737847552883,0.5813953488372093,0.3333333333333333
0.0813953488372093,0.248062015503876,0.0225438890853959,0.4186046511627906,0.5
0.3820518526760876,0.5581395348837209,0.3629847298935537,0.5116279069767442,0.3333333333333333
0.2177589852008456,0.6046511627906976,0.021274151467605,0.4418604651162791,0.5
0.6415934127072437,0.8294573643410852,1.0000000000000002,0.5348837209302325,0.5
0.2090241459886502,0.4341085271317829,0.1537501095904491,0.5348837209302325,0.3333333333333333
0.043952375653722,0.1782945736434108,0.6101300876421275,0.7209302325581396,0.3333333333333333
0.0488483364860353,0.1395348837209302,0.1591616103900815,0.744186046511628,0.5
0.2235451207299432,0.5891472868217054,0.1404178646036454,0.627906976744186,0.3333333333333333
0.1852119728496717,0.4883720930232558,0.2948421444054453,0.3720930232558139,0.3333333333333333
0.2744519862022922,0.4883720930232558,0.038778391484293,0.8372093023255814,0.6666666666666666
0.073049961054857,0.3023255813953488,0.0236926993110161,0.2325581395348837,0.5
0.2363970179147657,0.6201550387596899,0.0,0.5348837209302325,0.5
0.1000333815511294,0.193798449612403,0.1332226847694973,0.3720930232558139,0.3333333333333333
0.229998887281629,0.5348837209302325,0.0457921802301852,0.6744186046511628,0.5
0.2430176922220985,0.5891472868217054,0.0467293675195071,0.4186046511627906,0.5
0.2430176922220985,0.6356589147286821,0.0447038337006502,0.3255813953488372,1.0
0.4510960275954156,0.6821705426356589,0.0236624674629735,0.6046511627906976,0.1666666666666666
0.8564036942249916,0.6976744186046512,0.0875121305290271,0.3953488372093023,0.5
0.2347279403582953,0.3410852713178294,0.3814866208956487,0.5348837209302325,0.5
0.4038054968287526,0.6356589147286821,0.1841935805693866,0.4186046511627906,0.5
0.0747190386113274,0.1627906976744186,0.0152277818590772,0.4418604651162791,0.3333333333333333
0.7934238344275063,0.9069767441860463,0.402316364197027,0.1860465116279069,0.5
0.2387893624123734,0.627906976744186,0.0403806794305529,0.627906976744186,0.5
0.0492377879158784,0.2558139534883721,0.0776867799151694,0.5348837209302325,0.3333333333333333
0.2090797819071992,0.5968992248062015,0.0103302224761697,0.4418604651162791,0.5
0.2573717592077445,0.5116279069767441,0.0164370557807828,0.6046511627906976,0.3333333333333333
0.0571380883498386,0.2403100775193798,0.7821493030047434,0.5581395348837209,0.5
0.0631467675531323,0.1550387596899224,0.0225741209334385,0.6976744186046512,0.1666666666666666
0.3412707243796595,0.3953488372093023,0.0961886709172645,0.5348837209302325,0.5
0.0193612996550573,0.0930232558139534,0.0692823261593158,0.3953488372093023,0.3333333333333333
0.0608100589740736,0.2248062015503875,0.0,0.744186046511628,0.8333333333333333
0.0688216312451318,0.3023255813953488,0.1391481269858545,0.5348837209302325,0.3333333333333333
0.2200400578613552,0.5581395348837209,0.0516571587504572,0.5348837209302325,0.1666666666666666
0.4048069433626349,0.5503875968992248,0.073786871517669,0.3023255813953488,0.3333333333333333
0.0781128296428174,0.2790697674418604,0.1275390973374811,0.1627906976744186,0.5
0.0766106598419939,0.3875968992248062,0.0065210096227972,0.8372093023255814,0.6666666666666666
0.0903527317236007,0.2868217054263565,0.4581848193798239,0.5348837209302325,0.3333333333333333
0.1674641148325358,0.4341085271317829,0.095644497652497,0.5581395348837209,0.5
0.1787025703794369,0.4573643410852712,0.8233553118868604,0.6976744186046512,0.5
0.1002559252253254,0.3023255813953488,0.0736659441254984,0.883720930232558,0.5
0.3845554690107933,0.5968992248062015,0.2279692965351279,0.5348837209302325,0.5
0.200956937799043,0.4418604651162791,0.0327622537238078,0.5348837209302325,0.5
0.1553911205073996,0.4651162790697674,0.7381921959507463,0.3953488372093023,0.5
0.0744964949371314,0.3100775193798449,0.1776937332402192,0.4418604651162791,0.3333333333333333
0.0521864915989763,0.1472868217054263,0.9633590001723216,0.4883720930232558,0.3333333333333333
0.2394013575164126,0.5968992248062015,0.1051372979378856,0.5116279069767442,0.3333333333333333
0.1670190274841437,0.3100775193798449,0.0285902586939237,0.6976744186046512,0.5
0.1656837654389674,0.4341085271317829,0.2856214307524404,0.813953488372093,0.6666666666666666
0.1818181818181818,0.4186046511627906,0.0305855606647378,0.4186046511627906,0.5
0.1042060754423055,0.2248062015503875,0.0009583495829516,0.5348837209302325,0.5
0.2049627239345721,0.4806201550387596,0.0447642973967355,0.5116279069767442,0.1666666666666666
0.1055969734060309,0.2170542635658914,0.0230578305021207,0.5348837209302325,0.5
0.0280961388672526,0.2015503875968992,0.0646870852568346,0.3953488372093023,0.1666666666666666
0.0284855902970958,0.0852713178294573,1.0000000000000002,0.5348837209302325,0.1666666666666666
0.2093579614999443,0.5968992248062015,0.5254506812746956,0.8604651162790699,0.3333333333333333
0.3631356403694225,0.5581395348837209,0.0223322661490974,0.9069767441860463,0.1666666666666666
0.0979748525648158,0.1627906976744186,0.0372063353860758,0.3023255813953488,0.3333333333333333
0.091409814176032,0.3720930232558139,0.0922282988236788,0.4883720930232558,0.8333333333333333
0.0474018026037609,0.1395348837209302,0.565870662107704,0.5348837209302325,0.5
0.2369533771002559,0.5736434108527132,0.0,0.5348837209302325,0.3333333333333333
0.1878824969400244,0.5348837209302325,0.0,0.5348837209302325,0.3333333333333333
0.813897852453544,0.6201550387596899,0.2575965076169141,0.3720930232558139,0.3333333333333333
0.0609769667297207,0.3410852713178294,0.5181648058964197,0.3953488372093023,0.5
0.0326026482697229,0.1317829457364341,0.1214624958809107,0.4186046511627906,0.1666666666666666
0.7488038277511961,0.8527131782945736,0.4483292369179236,0.5348837209302325,0.5
0.0891287415155224,0.2790697674418604,0.0203369641782832,0.4651162790697675,0.5
0.1965060643151218,0.4806201550387596,0.0022583190487851,0.627906976744186,0.5
0.2354512072994325,0.5348837209302325,0.0457014846860573,0.627906976744186,0.1666666666666666
0.222821853788806,0.5116279069767441,0.012144133358728,0.3720930232558139,0.3333333333333333
0.1807054634472015,0.3953488372093023,0.0555570671479576,0.8604651162790699,0.5
0.0570824524312896,0.248062015503876,0.0597895258739271,0.7906976744186046,0.1666666666666666
0.0479025258707021,0.1550387596899224,0.0449456884849914,0.4883720930232558,0.5
0.2096361410926894,0.5426356589147286,0.1805657588042699,0.5348837209302325,0.8333333333333333
0.1636252364526538,0.3798449612403101,0.2330784788543339,0.4651162790697675,0.3333333333333333
0.7396239011906086,0.875968992248062,0.0940422097062371,0.5348837209302325,0.3333333333333333
0.0342717258261933,0.1007751937984496,0.0318552982825287,0.5348837209302325,0.5
0.0456214532101925,0.1627906976744186,1.0000000000000002,0.7674418604651162,0.1666666666666666
0.0605318793813285,0.1627906976744186,0.0484223510098948,0.4651162790697675,0.3333333333333333
0.2002336708579058,0.4573643410852712,0.0557082263881708,0.5348837209302325,0.5
0.8121731389785245,0.8372093023255813,0.0630243336144895,0.1162790697674418,0.5
0.1345276510515188,0.2945736434108527,0.0,0.5348837209302325,0.5
0.0662623789918771,0.1782945736434108,0.026383333786811,0.6046511627906976,0.3333333333333333
0.1232335595860687,0.2403100775193798,0.0838540769158678,0.2558139534883721,0.3333333333333333
0.1374763547346166,0.2325581395348837,0.0345157009102809,0.4186046511627906,0.5
0.1982864137086903,0.5503875968992248,0.0409248526953204,0.6511627906976745,0.3333333333333333
0.142539223322577,0.4418604651162791,1.0000000000000002,0.7674418604651162,0.5
0.2441860465116279,0.5736434108527132,0.2295111207853025,0.5116279069767442,0.5
0.0671525536886614,0.2248062015503875,0.9374200745517374,0.5116279069767442,0.3333333333333333
0.1548903972404584,0.5968992248062015,0.0987281461528462,0.0930232558139534,0.1666666666666666
0.0150773339267831,0.1395348837209302,0.0147138404423524,0.2093023255813954,0.3333333333333333
0.1907755647045732,0.4573643410852712,0.2185369599458245,0.5348837209302325,0.3333333333333333
0.2434071436519417,0.5891472868217054,0.0255670738896598,0.7674418604651162,0.5
0.2245465672638255,0.5503875968992248,0.0369040169056494,0.7209302325581396,0.3333333333333333
0.4948258595749416,0.4031007751937984,0.2497966908219132,0.6511627906976745,0.5
0.1300211416490486,0.4418604651162791,0.219413683539061,0.3953488372093023,0.3333333333333333
0.2184266162234338,0.4883720930232558,0.0,0.5348837209302325,0.5
0.3885612551463224,0.5813953488372092,0.5703449756180146,0.5348837209302325,0.3333333333333333
0.2185935239790808,0.5038759689922481,0.0475456274166583,0.813953488372093,0.1666666666666666
0.0706576165572493,0.1782945736434108,0.8862375558155495,0.4186046511627906,0.3333333333333333
0.0780015578057193,0.2713178294573644,0.0635382750312144,0.3023255813953488,0.1666666666666666
0.2344497607655502,0.3565891472868217,0.0513850721180735,0.5348837209302325,0.3333333333333333
0.2176477133637476,0.4263565891472868,0.2313250316678608,0.5348837209302325,0.3333333333333333
0.0753866696339156,0.1627906976744186,0.223101969000263,0.5348837209302325,0.3333333333333333
0.0493490597529765,0.2558139534883721,0.0,0.7906976744186046,0.5
0.1244575497941471,0.248062015503876,0.1056814712026531,0.3953488372093023,0.5
0.087904751307444,0.2868217054263565,0.3930049549998942,0.6744186046511628,0.1666666666666666
0.0710470679870924,0.1627906976744186,0.1253624042784111,1.0,0.1666666666666666
0.2158117280516301,0.5426356589147286,0.0852749737738718,0.7674418604651162,0.3333333333333333
0.2368977411817069,0.5503875968992248,0.224190315529798,0.4651162790697675,0.1666666666666666
0.0486814287303883,0.1627906976744186,0.2389736892226485,0.744186046511628,0.1666666666666666
0.2458551240680983,0.4961240310077519,0.0600313806582682,0.6976744186046512,0.5
0.2267720040057861,0.5503875968992248,0.2769751222122457,0.5116279069767442,0.3333333333333333
0.1893290308222988,0.5891472868217054,0.056947732157919,0.4883720930232558,0.8333333333333333
0.0378880605318793,0.186046511627907,0.0561314722607678,0.5348837209302325,0.3333333333333333
0.0806720818960721,0.2945736434108527,0.4586987607965487,0.5813953488372093,1.0
0.2243796595081784,0.6201550387596899,0.1908445871387672,0.3255813953488372,0.1666666666666666
0.1186714142650495,0.3100775193798449,0.2233740556326468,0.5348837209302325,0.5
0.2183153443863358,0.5348837209302325,0.0320366893707845,0.5348837209302325,0.3333333333333333
0.0601980638700345,0.2093023255813953,0.4364481206371664,0.5348837209302325,0.5
0.0334928229665071,0.1007751937984496,0.1681404692587453,0.5348837209302325,0.6666666666666666
0.2246578391009235,0.5116279069767441,0.0050698809167505,0.7674418604651162,0.5
0.4460887949260042,0.5968992248062015,0.9406851141403424,0.1627906976744186,0.3333333333333333
0.2335595860687659,0.5503875968992248,0.0242973362718689,0.5348837209302325,0.3333333333333333
0.0759986647379548,0.193798449612403,0.1026582863983892,0.6744186046511628,0.3333333333333333
0.065706019806387,0.2868217054263565,0.1818354964220608,0.2558139534883721,0.1666666666666666
0.2237676644041393,0.5271317829457364,0.0,0.5348837209302325,0.8333333333333333
0.1044286191165016,0.3178294573643411,0.0704916000810213,0.7209302325581396,0.5
0.7623233559586068,0.8217054263565892,0.0555570671479576,0.5348837209302325,0.5
0.2473572938689217,0.6356589147286821,0.0451875432693325,0.3023255813953488,0.5
0.2066318014910426,0.5193798449612402,0.1055605438104826,0.6046511627906976,0.5
0.0453989095359964,0.2635658914728682,0.0910492567500158,0.6976744186046512,0.1666666666666666
0.2178702570379437,0.5116279069767441,0.0311297339295053,0.2790697674418605,0.5
0.1114943807722265,0.4186046511627906,0.0370854079939052,0.5348837209302325,0.5
0.2253254701235117,0.5736434108527132,0.0568570366137911,0.5348837209302325,0.6666666666666666
0.0764993880048959,0.3488372093023255,0.0935282682895123,0.1162790697674418,0.5
0.2286079893179036,0.5271317829457364,0.0197020953693878,0.5813953488372093,0.1666666666666666
0.0891843774340714,0.2325581395348837,0.0616336686045281,1.0,1.0
0.1049293423834427,0.3178294573643411,0.0425271406415802,0.3023255813953488,0.5
0.237342828530099,0.4108527131782945,0.7033348751575835,0.5348837209302325,0.3333333333333333
0.1776454879270056,0.3953488372093023,0.0438271101074137,0.5116279069767442,0.3333333333333333
0.2210415043952375,0.5968992248062015,0.0532292148486744,0.6976744186046512,0.3333333333333333
0.167853566262379,0.4573643410852712,0.1479153629182198,0.744186046511628,0.1666666666666666
0.1414265049515967,0.4108527131782945,0.0373272627782463,0.3255813953488372,0.1666666666666666
0.4484811394236119,0.5736434108527132,0.09739794483897,0.3720930232558139,0.1666666666666666
0.2587626571714699,0.5658914728682171,0.0795006907977277,0.3953488372093023,0.5
0.2368421052631579,0.5116279069767441,0.0381737545234402,0.5581395348837209,0.5
0.0991988427728941,0.2868217054263565,0.1567430625466704,0.5116279069767442,0.3333333333333333
0.7297763436074329,0.8527131782945736,0.0616336686045281,0.5348837209302325,0.3333333333333333
0.0704907088016023,0.2093023255813953,1.0000000000000002,0.9069767441860463,0.6666666666666666
0.0826193390452876,0.3410852713178294,0.4498105974720128,0.1162790697674418,0.1666666666666666
0.7791810392789584,0.8682170542635659,0.067166096796331,0.627906976744186,0.1666666666666666
0.259374652275509,0.5271317829457364,0.0038001432989597,0.3720930232558139,0.5
0.2006231222877489,0.4496124031007752,0.0512943765739455,0.4651162790697675,0.1666666666666666
0.2218760431734728,0.5813953488372092,0.7322062900383037,0.6744186046511628,0.5
0.0560253699788583,0.2170542635658914,0.0,0.5348837209302325,0.5
0.2335039501502169,0.4961240310077519,0.0132929435843483,0.2325581395348837,0.1666666666666666
0.1891621230666518,0.4496124031007752,1.0000000000000002,0.3023255813953488,0.3333333333333333
0.2440747746745298,0.5038759689922481,0.05879187488852,0.5348837209302325,0.3333333333333333
0.1259597195949705,0.3255813953488372,0.2001257644878574,0.3023255813953488,0.5
0.8456103260264827,0.6434108527131782,0.0896585917400545,0.6046511627906976,0.5
0.2068543451652386,0.4651162790697674,0.1360040147894201,0.6046511627906976,0.3333333333333333
0.2070768888394347,0.5426356589147286,0.0354528881996027,0.5348837209302325,0.3333333333333333
0.2271058195170802,0.6201550387596899,0.0274414484683034,0.9767441860465116,0.1666666666666666
0.0849004117057972,0.2635658914728682,0.1507571566342279,0.4418604651162791,0.5
0.2181484366306887,0.4496124031007752,0.2594708821955577,0.883720930232558,0.3333333333333333
0.2256036497162568,0.5736434108527132,0.0,0.5348837209302325,0.8333333333333333
0.233782129742962,0.6046511627906976,0.5336435120942509,0.6976744186046512,0.5
0.0390564148214087,0.1627906976744186,0.5321319196921189,0.5116279069767442,0.3333333333333333
0.1778680316012017,0.4961240310077519,0.0539850110497404,0.6511627906976745,0.1666666666666666
0.2126961166128853,0.4806201550387596,0.0138068850010732,0.1162790697674418,0.5
0.076666295760543,0.2558139534883721,0.1178044422677514,0.2558139534883721,0.1666666666666666
0.2249916546122176,0.5658914728682171,0.136427260662017,1.0,0.5
0.2302770668743741,0.4961240310077519,0.2726519679421483,0.5348837209302325,0.5
0.2370090130188049,0.5813953488372092,0.0051605764608784,0.8604651162790699,0.3333333333333333
0.2237676644041393,0.6511627906976744,0.0825843392980769,0.627906976744186,0.6666666666666666
0.175253143429398,0.4806201550387596,0.0126883066234955,0.6744186046511628,0.5
0.0522421275175253,0.1395348837209302,0.1657823851114195,0.883720930232558,0.3333333333333333
0.0777790141315233,0.2248062015503875,0.1113650586346693,0.5813953488372093,0.3333333333333333
0.1976187826861021,0.4728682170542635,0.1935352216145621,0.5348837209302325,0.6666666666666666
0.1191721375319906,0.4186046511627906,0.8846957315653748,0.3720930232558139,0.3333333333333333
0.0922443529542672,0.3488372093023255,0.5212182225487262,0.5348837209302325,0.3333333333333333
0.2316679648380994,0.5736434108527132,0.0557384582362135,0.7674418604651162,0.5
0.0783353733170134,0.1627906976744186,0.0878749127055388,0.4651162790697675,0.5
0.1063758762657171,0.2403100775193798,0.0998769563784664,0.4418604651162791,0.5
0.2127517525314343,0.5503875968992248,0.0435852553230726,0.6046511627906976,0.5
0.1799821965060643,0.4961240310077519,0.1385737218730444,0.627906976744186,0.3333333333333333
0.0326582841882719,0.1782945736434108,0.0603941628347799,0.7906976744186046,0.3333333333333333
0.2104150439523756,0.5116279069767441,0.0898097509802677,0.6046511627906976,0.1666666666666666
0.2019583843329253,0.4573643410852712,0.7645845992919702,0.744186046511628,0.3333333333333333
0.0766106598419939,0.1705426356589147,0.6019977205186576,0.6976744186046512,0.3333333333333333
0.1736953377100256,0.4031007751937984,0.6727704767864755,0.5813953488372093,0.6666666666666666
0.1142205407811282,0.186046511627907,0.2317482775404578,0.6976744186046512,0.5
0.2347835762768443,0.5426356589147286,0.0,0.3023255813953488,0.3333333333333333
0.0604206075442305,0.248062015503876,0.1810494683729522,1.0,0.3333333333333333
0.1108823856681874,0.2325581395348837,0.0292251275028191,0.4186046511627906,0.5
0.2283854456437075,0.5503875968992248,0.0380528271312697,0.7906976744186046,0.3333333333333333
0.0415043952375653,0.193798449612403,0.0265949567231095,1.0,0.3333333333333333
0.2345610326026482,0.5891472868217054,0.0583988608639657,0.7209302325581396,0.5
0.8254701235117391,0.7674418604651162,1.0000000000000002,0.2558139534883721,0.3333333333333333
0.0677089128741515,0.193798449612403,1.0000000000000002,0.4418604651162791,0.5
0.0635362189829754,0.2403100775193798,0.0509618262454765,0.2558139534883721,0.1666666666666666
0.1813730944697897,0.5581395348837209,0.1635754602043068,0.5116279069767442,0.3333333333333333
0.0983643039946589,0.3643410852713178,0.0,0.8372093023255814,0.0
0.0457883609658395,0.186046511627907,0.0362086844006687,0.7209302325581396,0.5
0.0577500834538778,0.2403100775193798,0.3633475120700653,0.5348837209302325,0.3333333333333333
0.0737732279959942,0.2093023255813953,0.3533407703679518,0.744186046511628,0.5
0.0856793145654834,0.1705426356589147,0.0008978858868663,0.0930232558139534,0.1666666666666666
0.1719706242350061,0.4341085271317829,0.0364505391850098,0.6046511627906976,0.5
0.1075998664737954,0.3023255813953488,0.5650846340585954,1.0,0.5
0.2281072660509625,0.6201550387596899,0.0541966339860389,0.7674418604651162,0.5
0.1611216201179481,0.4031007751937984,0.0170416927416356,0.5813953488372093,0.5
0.182597084677868,0.5193798449612402,0.3811540705671797,0.3023255813953488,0.5
0.0526872148659174,0.2558139534883721,0.2415433963062728,0.3953488372093023,0.5
0.117057972627128,0.4418604651162791,0.0226043527814811,0.1395348837209302,0.5
0.0790030043396016,0.2015503875968992,0.4081208790212137,0.3720930232558139,0.5
0.0508512295537999,0.2170542635658914,0.3544291168974868,0.4418604651162791,0.5
0.0358295315455658,0.2170542635658914,0.246713042321564,0.5348837209302325,0.1666666666666666
0.0500166907755647,0.2093023255813953,0.1532966318698096,0.5348837209302325,0.5
0.0736619561588961,0.3488372093023255,0.1132394332133129,0.7674418604651162,0.1666666666666666
0.0818960721041504,0.2558139534883721,0.2271832684860193,0.3720930232558139,0.5
0.2267163680872371,0.5348837209302325,0.1242135940527908,0.5348837209302325,0.3333333333333333
0.1282964281740291,0.2170542635658914,0.0068837917993089,0.5116279069767442,0.5
0.0426727495270947,0.1472868217054263,0.2876469645712973,0.813953488372093,0.1666666666666666
0.044119283409369,0.2248062015503875,0.2396690217276292,0.2558139534883721,0.1666666666666666
0.1878268610214754,0.5193798449612402,0.0,0.627906976744186,0.3333333333333333
0.2510292644931567,0.5813953488372092,0.0553454442116592,0.627906976744186,0.1666666666666666
0.0589740736619561,0.2713178294573644,0.0996351015941253,0.6046511627906976,0.3333333333333333
0.2042950929119839,0.5503875968992248,0.0,0.5348837209302325,0.5
0.051185045065094,0.2093023255813953,0.3296390015025228,0.5348837209302325,0.5
0.2351173917881384,0.5348837209302325,0.0447038337006502,0.3488372093023256,1.0
0.3740959163235784,0.5658914728682171,0.4112952230656908,0.2558139534883721,0.1666666666666666
0.0924112607099143,0.2713178294573644,0.045308470661503,0.3720930232558139,0.5
0.0916323578502281,0.3023255813953488,0.7309970161165982,0.1860465116279069,0.5
0.0998664737954823,0.248062015503876,0.1722217687445016,0.5116279069767442,0.5
0.2058528986313564,0.4186046511627906,0.0191579221046203,0.5348837209302325,0.5
0.1856570601980638,0.4961240310077519,1.0000000000000002,0.627906976744186,0.8333333333333333
0.0929119839768554,0.1627906976744186,0.0441898922839254,0.2790697674418605,0.5
0.2344497607655502,0.4341085271317829,0.0470921496960187,0.4883720930232558,0.3333333333333333
0.0114053633025481,0.0232558139534883,0.0,0.5348837209302325,0.6666666666666666
0.1609547123623011,0.4496124031007752,0.1294134719161248,0.5348837209302325,0.3333333333333333
0.1951708022699455,0.4108527131782945,0.2680567270396672,0.2790697674418605,0.1666666666666666
0.1072104150439523,0.2635658914728682,0.0297390689195439,0.5348837209302325,0.5
0.449093134527651,0.7441860465116279,1.0000000000000002,0.5116279069767442,0.1666666666666666
0.2164793590742183,0.4728682170542635,0.1862493462362861,0.5813953488372093,0.5
0.3927895849560476,0.6046511627906976,0.185251695250879,0.4418604651162791,0.5
0.1029820852342272,0.2713178294573644,0.1852819270989216,0.2325581395348837,0.3333333333333333
0.0884054745743852,0.186046511627907,0.0070651828875647,0.1860465116279069,0.3333333333333333
0.7997663291420941,0.7054263565891472,0.3129812532310287,0.5348837209302325,0.1666666666666666
0.2077445198620229,0.6666666666666666,0.0398969698618707,0.3488372093023256,0.3333333333333333
0.8410481807054634,0.7286821705426356,0.2492525175571457,0.5348837209302325,0.3333333333333333
0.1686324691220652,0.5968992248062015,0.2489501990767193,0.7209302325581396,0.1666666666666666
0.0792811839323467,0.2325581395348837,0.2246437932504376,0.3953488372093023,0.3333333333333333
0.248247468565706,0.5116279069767441,0.1609755212726399,0.5348837209302325,0.3333333333333333
0.2382330032268833,0.627906976744186,0.0890539547792017,0.5348837209302325,0.3333333333333333
0.1092133081117169,0.2868217054263565,0.089446968803756,0.4418604651162791,0.1666666666666666
0.018248581284077,0.1085271317829457,0.1784192975932426,0.3488372093023256,0.1666666666666666
0.2238789362412373,0.5968992248062015,0.0033768974263627,0.4186046511627906,0.3333333333333333
0.1729164348503394,0.5116279069767441,0.1825610607750841,0.7906976744186046,0.5
0.2368977411817069,0.5581395348837209,0.3379829915622912,0.5348837209302325,0.3333333333333333
0.2184266162234338,0.5348837209302325,0.2056581926796603,0.5581395348837209,0.5
0.2424056971180594,0.6201550387596899,0.0318855301305713,0.9302325581395348,0.5
0.2574830310448425,0.5193798449612402,0.0314018205618891,0.6046511627906976,0.1666666666666666
0.2194836986758651,0.5193798449612402,0.0449456884849914,0.3953488372093023,0.5
0.7861911650161344,0.8294573643410852,0.5880910704190436,0.4651162790697675,0.1666666666666666
0.4889840881272949,0.4496124031007752,0.2593499548033872,0.1162790697674418,0.1666666666666666
0.1804272838544564,0.3875968992248062,0.2236763741130732,0.2558139534883721,0.5
0.09491487704462,0.2635658914728682,0.0114488008537473,0.5348837209302325,0.5
0.0532992099699566,0.2015503875968992,0.1588290600616125,0.5348837209302325,0.5
0.1665183042172026,0.4341085271317829,0.7310574798126835,0.4418604651162791,0.3333333333333333
0.069322354512073,0.1705426356589147,0.0746031314148202,0.5581395348837209,0.3333333333333333
0.0890174696784243,0.2558139534883721,0.0310088065373348,0.6976744186046512,0.5
0.2230443974630021,0.5348837209302325,0.037266799082161,0.5813953488372093,0.3333333333333333
0.1746967842439078,0.4031007751937984,0.9222739186823752,0.5348837209302325,0.5
0.1978413263602982,0.4961240310077519,0.3242879643989757,0.4186046511627906,0.3333333333333333
0.2152553688661399,0.4186046511627906,0.0,0.6046511627906976,0.3333333333333333
0.0817848002670524,0.2015503875968992,0.8797981721824674,0.744186046511628,0.5
0.0762768443306999,0.2713178294573644,0.0139580442412864,0.7674418604651162,0.3333333333333333
0.193724268387671,0.5116279069767441,0.039866738013828,0.6511627906976745,0.5
0.0911316345832869,0.3410852713178294,0.4898677961285095,0.5348837209302325,0.5
0.1051518860576388,0.186046511627907,0.0120232059665575,0.5348837209302325,0.3333333333333333
0.2437965950817848,0.6589147286821705,0.0514153039661161,0.5348837209302325,0.3333333333333333
0.0521864915989763,0.1550387596899224,0.0497223204757283,0.4651162790697675,0.5
0.23389340158006,0.5503875968992248,0.0388993188764636,0.3488372093023256,0.5
0.1113831089351285,0.3565891472868217,0.0622685374134235,0.4651162790697675,0.1666666666666666
0.1137754534327361,0.2635658914728682,0.0713078599781726,0.4186046511627906,0.3333333333333333
0.2162011794814732,0.5658914728682171,0.429283172651061,0.5581395348837209,0.3333333333333333
0.2293868921775898,0.4418604651162791,0.0055535904854327,0.3720930232558139,0.3333333333333333
0.131467675531323,0.4883720930232558,1.0000000000000002,0.3255813953488372,0.3333333333333333
0.1872148659174363,0.5736434108527132,0.0388388551803783,0.5348837209302325,0.1666666666666666
0.1432068543451652,0.4108527131782945,0.1534477911100228,0.6744186046511628,0.8333333333333333
0.459942138644709,0.7906976744186046,0.2931491609150576,0.3720930232558139,0.3333333333333333
0.1995660398353176,0.4418604651162791,0.0608476405554195,0.5348837209302325,0.1666666666666666
0.2128630243685323,0.4806201550387596,0.0446736018526076,0.7209302325581396,0.1666666666666666
0.2393457215978636,0.5658914728682171,0.0383853774597387,0.5348837209302325,0.1666666666666666
0.1883832202069656,0.3720930232558139,0.0296181415273734,0.5348837209302325,0.3333333333333333
0.0871258484477578,0.3720930232558139,0.4105091950165822,0.2790697674418605,0.5
0.1879937687771225,0.5503875968992248,0.2084395226995831,0.4418604651162791,0.3333333333333333
0.2170357182597084,0.4418604651162791,0.8391363365651179,0.3953488372093023,0.3333333333333333
0.084010237009013,0.1782945736434108,1.0000000000000002,0.5348837209302325,0.5
0.0559140981417603,0.2015503875968992,0.9167414904905722,0.7674418604651162,0.5
0.2394569934349616,0.6124031007751938,0.1599778702872328,0.5348837209302325,0.3333333333333333
0.7916991209524868,0.7131782945736433,0.0963700620055203,0.0930232558139534,0.1666666666666666
0.0443418270835651,0.2248062015503875,0.012567379231325,0.5348837209302325,0.5
0.7879158784911539,0.7751937984496123,1.0000000000000002,0.5116279069767442,0.3333333333333333
0.1926115500166907,0.4883720930232558,0.1154765899684682,0.5348837209302325,0.3333333333333333
0.0465672638255257,0.1550387596899224,0.1213415684887401,0.5813953488372093,0.3333333333333333
0.8036608434405251,0.7131782945736433,0.2030582537479933,0.5348837209302325,0.5
0.1142761766996773,0.3643410852713178,0.267482321926857,0.0,0.5
0.3839991098253032,0.3875968992248062,0.1055605438104826,0.4883720930232558,0.3333333333333333
0.2067987092466896,0.6356589147286821,0.2123998947931688,0.5348837209302325,0.3333333333333333
0.1891621230666518,0.5038759689922481,0.0,0.4418604651162791,0.5
0.0709357961499944,0.2713178294573644,0.0464270490390807,0.5348837209302325,0.1666666666666666
0.0452320017803493,0.1162790697674418,0.0515362313582867,0.8372093023255814,0.3333333333333333
0.1565038388783798,0.3565891472868217,0.5347620904718284,0.2093023255813954,0.3333333333333333
0.3866696339156559,0.5813953488372092,0.1059233259869942,0.744186046511628,0.3333333333333333
0.0760543006565038,0.2170542635658914,0.002681564921382,0.4651162790697675,0.6666666666666666
0.1613441637921442,0.4573643410852712,0.063568506879257,0.5813953488372093,0.1666666666666666
0.043952375653722,0.1162790697674418,0.3977815869906311,0.3720930232558139,0.3333333333333333
0.2183709803048848,0.5348837209302325,0.1217648143613371,0.8372093023255814,0.5
0.2395126293535106,0.5503875968992248,0.0,0.3488372093023256,0.6666666666666666
0.2278847223767664,0.5348837209302325,0.0851540463817012,0.5348837209302325,0.8333333333333333
0.2261043729831979,0.5736434108527132,0.0180998074231279,0.1627906976744186,0.3333333333333333
0.2185935239790808,0.4651162790697674,0.0624499285016793,0.6744186046511628,0.3333333333333333
0.10225881829309,0.2868217054263565,0.0104511498683403,0.1860465116279069,0.3333333333333333
0.2088016023144542,0.4651162790697674,0.3277646269238792,0.627906976744186,0.3333333333333333
0.058473350395015,0.2248062015503875,0.0669242420119899,0.5348837209302325,0.1666666666666666
0.197284967174808,0.4728682170542635,0.0177370252466163,0.5348837209302325,0.5
0.1787582062979859,0.3565891472868217,0.3740798181252022,0.5348837209302325,0.3333333333333333
0.4684544341827083,0.5348837209302325,0.3150370188979282,0.9534883720930232,0.1666666666666666
0.1121063758762657,0.2713178294573644,0.8786191301088044,0.5348837209302325,0.5
0.2121397574273951,0.4806201550387596,0.3526454378629711,0.4418604651162791,0.5
0.1195615889618337,0.2558139534883721,0.0842470909404221,0.5348837209302325,0.5
0.0748859463669745,0.3643410852713178,0.5915677329439472,0.4651162790697675,0.5
0.1682986536107711,0.3643410852713178,0.1123627096200763,0.4883720930232558,0.5
0.2085790586402581,0.5348837209302325,0.4131393657962918,0.3023255813953488,0.3333333333333333
0.2323355958606876,0.5038759689922481,0.0035280566665759,0.4186046511627906,0.5
0.0509625013908979,0.186046511627907,0.3241065733107199,0.5348837209302325,0.5
0.2051852676087682,0.4263565891472868,0.0014118273035912,0.5813953488372093,0.5
0.4424724602203182,0.4031007751937984,0.6734355774434135,0.5348837209302325,0.5
0.0393345944141537,0.2248062015503875,0.167414904905722,0.5348837209302325,0.5
0.2500834538778235,0.5193798449612402,0.0025304056811688,0.6511627906976745,0.5
0.2016802047401802,0.5116279069767441,0.4130184384041212,0.5348837209302325,0.3333333333333333
0.1108823856681874,0.3023255813953488,0.5045604742772322,0.744186046511628,0.5
0.1800378324246133,0.4496124031007752,0.0954328747161985,0.3720930232558139,0.3333333333333333
0.2437409591632358,0.4496124031007752,0.0074884287601616,0.1162790697674418,0.5
0.219316790920218,0.5658914728682171,0.92714124621724,0.5581395348837209,0.1666666666666666
0.2488594636697452,0.4031007751937984,0.1388155766573855,0.3255813953488372,0.3333333333333333
0.0542450205852898,0.186046511627907,0.026050783458342,0.2790697674418605,0.5
0.215422276621787,0.5658914728682171,0.023874090399272,0.3720930232558139,0.1666666666666666
0.2406253477244909,0.5426356589147286,0.0351505697191763,0.5813953488372093,0.1666666666666666
0.8058306442639367,0.7286821705426356,0.1678683826263615,0.3720930232558139,0.3333333333333333
0.2202626015355513,0.5813953488372092,0.0,0.5813953488372093,0.3333333333333333
0.1963947924780238,0.5116279069767441,0.4642311889883517,0.7209302325581396,0.1666666666666666
0.7594859241126071,0.7364341085271318,0.1149324167037006,0.627906976744186,0.3333333333333333
0.0703238010459552,0.2790697674418604,0.0895981280439692,0.4651162790697675,0.1666666666666666
0.1879937687771225,0.5426356589147286,0.0273809847722181,0.5348837209302325,0.3333333333333333
0.1000333815511294,0.2635658914728682,0.01147903270179,0.5348837209302325,0.1666666666666666
0.0495716034271725,0.1627906976744186,0.0516873905984999,0.3255813953488372,1.0
0.1813174585512406,0.5271317829457364,0.046396817191038,0.0697674418604651,0.5
0.2432958718148436,0.5813953488372092,0.0371458716899905,0.5348837209302325,0.1666666666666666
0.1803716479359074,0.4728682170542635,0.6494012582495156,0.5348837209302325,0.5
0.0569711805941916,0.1472868217054263,0.1012978532364705,0.2790697674418605,0.1666666666666666
0.0598086124401913,0.2558139534883721,0.146222379427832,0.3488372093023256,0.5
0.4092578168465561,0.5736434108527132,0.711255619344755,0.3255813953488372,0.3333333333333333
0.2108601313007677,0.4573643410852712,0.0344854690622383,0.3953488372093023,0.3333333333333333
0.200790030043396,0.5038759689922481,0.0373272627782463,0.6046511627906976,0.3333333333333333
0.7419049738511182,0.8527131782945736,1.0000000000000002,0.5348837209302325,0.3333333333333333
0.1769778569044175,0.5038759689922481,0.7575405786980353,0.627906976744186,0.3333333333333333
0.2509179926560587,0.6511627906976744,0.0,0.3255813953488372,0.3333333333333333
0.1048737064648937,0.3100775193798449,1.0000000000000002,0.5348837209302325,0.5
0.1577278290864582,0.4573643410852712,0.1085837286147465,0.0930232558139534,0.1666666666666666
0.8161789251140535,0.7209302325581395,0.3700589823355312,0.3488372093023256,0.3333333333333333
0.0377211527762323,0.193798449612403,0.0378109723469286,0.9069767441860463,0.3333333333333333
0.0627016802047401,0.3953488372093023,0.0952514836279427,0.4651162790697675,0.3333333333333333
0.1611216201179481,0.3643410852713178,0.0272902892280902,0.7906976744186046,0.3333333333333333
0.2445198620229219,0.627906976744186,0.0077605153925454,0.2093023255813954,0.3333333333333333
0.0583064426393679,0.1007751937984496,0.0516571587504572,0.8604651162790699,0.3333333333333333
0.1840436185601424,0.5503875968992248,0.4304622147247239,0.6046511627906976,0.3333333333333333
0.2283298097251585,0.5038759689922481,0.0252042917131481,0.1860465116279069,0.1666666666666666
0.1674084789139868,0.4883720930232558,0.0346668601504941,0.0930232558139534,0.3333333333333333
0.1195615889618337,0.4108527131782945,0.0053117357010916,0.1860465116279069,0.1666666666666666
0.2457994881495493,0.5193798449612402,0.0238136267031867,0.5116279069767442,0.3333333333333333
0.1369199955491265,0.3410852713178294,0.2765821081876914,0.6046511627906976,0.5
0.1503282519194392,0.4186046511627906,0.1256949546068801,0.6511627906976745,0.3333333333333333
0.233670857905864,0.5038759689922481,0.2479827799393549,0.1162790697674418,0.3333333333333333
0.2234894848113942,0.4341085271317829,0.0167091424131665,0.6744186046511628,0.5
0.211917213753199,0.5116279069767441,0.0122952925989412,0.627906976744186,0.3333333333333333
0.0811171692444642,0.3798449612403101,0.3458432720533773,0.5813953488372093,0.3333333333333333
0.1744186046511628,0.5116279069767441,0.1423224710303316,0.1395348837209302,0.3333333333333333
0.2177033492822966,0.6201550387596899,0.5369085516828558,0.4418604651162791,0.3333333333333333
0.2194836986758651,0.5581395348837209,0.0170114608935929,0.5116279069767442,0.5
0.226215644820296,0.5271317829457364,0.0115999600939605,0.7906976744186046,0.1666666666666666
0.1838210748859463,0.4418604651162791,0.6009698376852078,0.3255813953488372,0.3333333333333333
0.1912762879715144,0.3875968992248062,0.8118369777826149,0.5348837209302325,0.5
0.1016468231890508,0.3953488372093023,0.0622383055653809,0.2558139534883721,0.3333333333333333
0.109769667297207,0.3798449612403101,0.0350598741750484,0.1162790697674418,0.3333333333333333
0.2095805051741404,0.4728682170542635,0.0972165537507142,0.5348837209302325,0.5
0.8283631912762879,0.8217054263565892,0.6627939669324047,0.9069767441860463,0.3333333333333333
0.1630688772671636,0.4573643410852712,0.4099650217518146,0.3488372093023256,0.8333333333333333
0.7099143206854345,0.7286821705426356,0.6129718813581355,0.5581395348837209,0.3333333333333333
0.2147546455991988,0.5658914728682171,0.1999141415515589,0.6511627906976745,0.3333333333333333
0.1961166128852787,0.5968992248062015,0.0072163421277779,0.5348837209302325,0.5
0.2136975631467675,0.5503875968992248,0.0096953536672743,0.5813953488372093,0.5
0.2425169689551574,0.5813953488372092,0.0946166148190472,0.2558139534883721,0.1666666666666666
0.036775342160899,0.0775193798449612,0.0566756455255353,0.4883720930232558,0.6666666666666666
0.2506954489818627,0.4883720930232558,0.1876400112462475,0.5348837209302325,0.3333333333333333
0.0576388116167797,0.1162790697674418,0.2929073061307164,0.5813953488372093,0.1666666666666666
0.1292422387893624,0.248062015503876,0.0129301614078367,0.5348837209302325,0.3333333333333333
0.145933014354067,0.4806201550387596,0.0658358954824549,0.3023255813953488,0.1666666666666666
0.2534772449093134,0.5116279069767441,0.0,0.4418604651162791,0.1666666666666666
0.0711583398241905,0.2170542635658914,0.477684361367326,0.5348837209302325,0.3333333333333333
0.2134193835540224,0.4651162790697674,0.0922585306717214,0.627906976744186,0.3333333333333333
0.0415043952375653,0.1240310077519379,0.1488827820555843,0.7906976744186046,0.3333333333333333
0.2001223990208078,0.3798449612403101,0.0929840950247447,0.627906976744186,0.3333333333333333
0.1739735173027706,0.5426356589147286,0.0,0.5581395348837209,0.3333333333333333
0.2139201068209636,0.5271317829457364,0.1384527944808738,0.5348837209302325,0.3333333333333333
0.2066318014910426,0.5038759689922481,0.0210322966832639,0.3255813953488372,0.1666666666666666
0.2341715811728051,0.627906976744186,0.098909537241102,0.3953488372093023,0.1666666666666666
0.0642594859241126,0.2325581395348837,1.0000000000000002,0.5116279069767442,0.5
0.1547791254033604,0.4031007751937984,0.0258996242181288,0.3720930232558139,0.5
0.0869589406921108,0.2868217054263565,0.0353621926554748,0.5581395348837209,0.5
0.0485145209747412,0.1627906976744186,0.6700798423106806,0.3720930232558139,0.5
0.2212640480694336,0.4728682170542635,0.4312784746218752,0.5348837209302325,0.5
0.1301324134861466,0.3953488372093023,0.0577942239031129,0.0930232558139534,0.1666666666666666
0.0698787136975631,0.2713178294573644,0.123699652636066,0.6511627906976745,0.1666666666666666
0.8170134638922888,0.8604651162790697,0.7765261792688125,0.4883720930232558,1.0
0.2062979859797485,0.4806201550387596,0.0564337907411942,0.5348837209302325,0.6666666666666666
0.2043507288305329,0.4728682170542635,0.0377807404988859,0.5348837209302325,0.3333333333333333
0.4211639034160453,0.6356589147286821,0.1410225015644981,1.0,0.5
0.2489150995882942,0.6201550387596899,0.1363063332698464,0.5116279069767442,0.3333333333333333
0.1923890063424947,0.4341085271317829,0.0254763783455318,0.7674418604651162,0.1666666666666666
0.0875152998776009,0.3565891472868217,0.3895585243230333,0.9069767441860463,0.6666666666666666
0.1151107154779125,0.2868217054263565,0.013232479888263,0.3023255813953488,0.5
0.2248803827751196,0.5503875968992248,0.2224066364952823,0.5116279069767442,0.6666666666666666
0.0461778123956826,0.1162790697674418,0.2814192038745136,0.3255813953488372,0.3333333333333333
0.0744964949371314,0.2015503875968992,0.0892655777155002,0.3023255813953488,0.3333333333333333
0.3601869366863247,0.5813953488372092,0.1243042895969187,0.6511627906976745,0.3333333333333333
0.0430065650383887,0.2093023255813953,0.59870244908201,0.5348837209302325,0.3333333333333333
0.211805941916101,0.4341085271317829,0.0281367809732841,0.4186046511627906,0.5
0.0528541226215644,0.3100775193798449,0.6013930835578049,0.5348837209302325,0.1666666666666666
0.2101368643596305,0.5348837209302325,0.0274414484683034,0.5348837209302325,0.3333333333333333
0.0340491821519973,0.0232558139534883,1.0000000000000002,0.5581395348837209,0.3333333333333333
0.2159786358072771,0.5658914728682171,0.0222113387569268,0.3255813953488372,0.1666666666666666
0.2212640480694336,0.4883720930232558,0.1517245757715923,0.5581395348837209,0.5
0.1171692444642261,0.2790697674418604,0.0661079821148387,0.5348837209302325,0.5
0.2350061199510403,0.3643410852713178,1.0000000000000002,0.4418604651162791,0.3333333333333333
0.0788360965839546,0.2868217054263565,0.0249322050807643,0.5348837209302325,0.3333333333333333
0.2135862913096695,0.6201550387596899,0.048240959921639,0.7209302325581396,0.3333333333333333
0.0907421831534438,0.3565891472868217,0.0381132908273549,0.5348837209302325,0.3333333333333333
0.0496272393457215,0.193798449612403,0.0531989830006318,0.5348837209302325,0.3333333333333333
0.0530210303772115,0.1085271317829457,0.6523942112057368,0.5348837209302325,0.5
0.0415600311561143,0.1007751937984496,0.2955072450623834,0.5348837209302325,0.1666666666666666
0.0796149994436408,0.3333333333333333,0.0378109723469286,0.5348837209302325,0.5
0.1136085456770891,0.3023255813953488,0.448873410182691,0.5348837209302325,0.1666666666666666
0.1047624346277956,0.2093023255813953,0.1960746968501437,0.6046511627906976,0.5
0.1817069099810838,0.4651162790697674,0.0947677740592604,0.3720930232558139,0.3333333333333333
0.1127740068988538,0.2945736434108527,0.0195811679772172,0.2790697674418605,0.3333333333333333
0.1893846667408479,0.4728682170542635,0.2948421444054453,0.4883720930232558,0.1666666666666666
0.0382218760431734,0.1007751937984496,0.4034651744226473,0.7674418604651162,0.1666666666666666
0.2946478246355847,0.2325581395348837,1.0000000000000002,0.7209302325581396,0.5
0.1940024479804161,0.3410852713178294,1.0000000000000002,0.6046511627906976,0.3333333333333333
0.2249360186936686,0.6201550387596899,0.0130813206480498,0.7674418604651162,0.5
0.7682763992433514,0.6666666666666666,1.0000000000000002,0.5348837209302325,0.3333333333333333
0.4505396684099254,0.6976744186046512,0.0674684152767574,0.3255813953488372,0.3333333333333333
0.2583732057416268,0.5426356589147286,0.0539245473536551,0.4186046511627906,0.5
0.3816624012462445,0.6666666666666666,0.6656659924964553,0.4186046511627906,0.1666666666666666
0.0356069878713697,0.1240310077519379,0.4072743872760198,0.4418604651162791,0.5
0.0387782352286636,0.1705426356589147,0.5416247199775075,0.5348837209302325,0.3333333333333333
0.4911538889507066,0.3798449612403101,0.1400550824271337,0.5348837209302325,0.5
0.2000667631022588,0.5503875968992248,0.3052721319801558,0.5348837209302325,0.3333333333333333
0.0704907088016023,0.248062015503876,0.1163835454097473,0.5348837209302325,0.5
0.1049849783019917,0.2403100775193798,0.0188556036241939,0.2093023255813954,0.3333333333333333
0.2276065427840213,0.4341085271317829,0.2455340002479012,0.5348837209302325,0.5
0.0679314565483476,0.1705426356589147,0.3928840276077236,0.9302325581395348,0.3333333333333333
0.4227217091354178,0.5813953488372092,0.0609081042515048,0.3488372093023256,0.5
0.1837654389673973,0.4728682170542635,0.2543616998763517,0.5116279069767442,0.3333333333333333
0.2193724268387671,0.5038759689922481,0.0396853469255722,0.5581395348837209,0.5
0.1467675531323022,0.4496124031007752,0.0473037726323172,0.3953488372093023,0.8333333333333333
0.0268165127406253,0.0852713178294573,0.0599406851141403,0.744186046511628,0.1666666666666666
0.4048625792811839,0.6124031007751938,0.0496920886276857,0.5348837209302325,0.3333333333333333
0.8036052075219761,0.7906976744186046,0.9810446312772656,0.5116279069767442,0.5
0.4762990986981195,0.4961240310077519,0.1821680467505298,0.813953488372093,0.1666666666666666
0.1051518860576388,0.3255813953488372,0.3215066343790529,0.3488372093023256,0.3333333333333333
0.2574273951262935,0.6124031007751938,0.0270484344437491,0.6046511627906976,0.6666666666666666
0.164237231556693,0.4418604651162791,0.0090000211622936,0.5348837209302325,0.3333333333333333
0.2214309558250806,0.6201550387596899,0.0642033756881524,0.5348837209302325,0.1666666666666666
0.167853566262379,0.3798449612403101,0.0757217097923979,0.744186046511628,0.3333333333333333
0.1974518749304551,0.5426356589147286,0.7211716655027406,0.2093023255813954,0.5
0.4799710693223545,0.6356589147286821,0.3084767078726755,0.3488372093023256,0.1666666666666666
0.1957271614554356,0.5503875968992248,0.1082209464382348,0.5348837209302325,0.1666666666666666
0.0561366418159563,0.1627906976744186,0.1543245147032593,0.5348837209302325,0.3333333333333333
0.2760654278402136,0.4651162790697674,0.7247087917237293,0.7906976744186046,0.5
0.2225993101146099,0.5581395348837209,0.0528664326721628,0.5581395348837209,0.1666666666666666
0.0524646711917213,0.1240310077519379,0.2442340307820677,0.813953488372093,0.1666666666666666
0.2280516301324134,0.5348837209302325,0.043131777602433,0.3953488372093023,0.1666666666666666
0.7691665739401357,0.8217054263565892,1.0000000000000002,0.2790697674418605,0.1666666666666666
0.0421720262601535,0.248062015503876,1.0000000000000002,0.6744186046511628,0.5
0.240959163235785,0.6046511627906976,0.0202160367861127,0.6976744186046512,0.3333333333333333
0.0420051185045065,0.1705426356589147,0.0191579221046203,0.5348837209302325,0.1666666666666666
0.1050406142205407,0.2868217054263565,0.7664892057186564,0.6744186046511628,0.1666666666666666
0.0553021030377211,0.186046511627907,1.0000000000000002,0.744186046511628,0.1666666666666666
0.0253143429398019,0.1240310077519379,0.3960583716522007,0.5348837209302325,0.3333333333333333
0.2252141982864137,0.3565891472868217,0.1187416295570732,0.5813953488372093,0.1666666666666666
0.2535328808278624,0.4031007751937984,0.3630754254376815,0.4186046511627906,0.1666666666666666
0.2046845443418271,0.5426356589147286,0.0102697587800844,0.6744186046511628,0.3333333333333333
0.0670412818515633,0.193798449612403,0.1142975478948052,0.4883720930232558,0.3333333333333333
0.1240124624457549,0.4263565891472868,0.6958978405390943,0.5348837209302325,0.3333333333333333
0.0814509847557583,0.3875968992248062,0.0171021564377208,0.5348837209302325,0.3333333333333333
0.1151107154779125,0.4496124031007752,0.2208648122451077,0.1395348837209302,0.3333333333333333
0.0964170468454434,0.2635658914728682,0.2656684110442987,0.2558139534883721,0.3333333333333333
0.1262935351062646,0.3643410852713178,0.0649289400411757,0.5348837209302325,0.3333333333333333
0.1657394013575164,0.5503875968992248,0.2532733533468167,0.4186046511627906,0.3333333333333333
0.4529876488260821,0.6821705426356589,1.0000000000000002,0.5348837209302325,0.1666666666666666
0.0364415266496049,0.193798449612403,0.2077139583465597,0.5348837209302325,0.6666666666666666
0.0634249471458773,0.186046511627907,0.0399272017099133,0.9534883720930232,0.1666666666666666
0.1235117391788138,0.4728682170542635,0.1358226237011642,0.5348837209302325,0.5
0.1077667742294425,0.4186046511627906,0.6688101046928898,0.2558139534883721,0.1666666666666666
0.1818181818181818,0.4651162790697674,0.2670893079023028,0.5348837209302325,0.1666666666666666
0.0489596083231334,0.1085271317829457,0.0501455663483253,0.5348837209302325,0.5
0.2244909313452765,0.5658914728682171,0.2908817723118596,0.8372093023255814,0.1666666666666666
0.0189162123066651,0.0620155038759689,0.2181439459212702,0.2093023255813954,0.5
0.2000667631022588,0.4341085271317829,0.021697397340202,0.2325581395348837,0.3333333333333333
0.204628908423278,0.4496124031007752,0.0785937353564486,0.6046511627906976,0.3333333333333333
0.1075442305552464,0.4651162790697674,0.7361968939799322,0.5348837209302325,0.5
0.0957494158228552,0.3875968992248062,0.0450061521810766,0.7906976744186046,0.6666666666666666
0.5241459886502725,0.4651162790697674,1.0000000000000002,0.5348837209302325,0.5
0.0500166907755647,0.2015503875968992,0.7083533619326616,0.5348837209302325,0.3333333333333333
0.222654946033159,0.6201550387596899,0.0145929130501818,0.5348837209302325,0.5
0.0396127740068988,0.2093023255813953,1.0000000000000002,0.4186046511627906,0.5
0.0683765438967397,0.2170542635658914,0.2829307962766456,0.6976744186046512,0.5
0.0580838989651719,0.1240310077519379,0.1297762540926364,0.5581395348837209,0.5
0.3652498052742851,0.6124031007751938,0.0549524301871049,0.6744186046511628,0.5
0.054968287526427,0.3023255813953488,0.3120440659417069,0.3255813953488372,0.5
0.7732836319127628,0.5658914728682171,0.492256112123878,0.5116279069767442,0.1666666666666666
0.759430288194058,0.883720930232558,1.0000000000000002,0.5813953488372093,0.1666666666666666
0.6877155891843774,0.7286821705426356,1.0000000000000002,0.4651162790697675,0.5
0.2145321019250027,0.4573643410852712,0.5366062332024294,0.2558139534883721,0.5
0.2184822521419828,0.3953488372093023,0.033669209165087,0.4186046511627906,0.3333333333333333
0.7763992433515077,0.8914728682170542,0.3388899470035704,0.813953488372093,0.5
0.4173806609547124,0.5968992248062015,1.0000000000000002,0.7209302325581396,0.3333333333333333
0.0498497830199176,0.2093023255813953,0.0376295812586727,0.744186046511628,0.3333333333333333
0.78474463113386,0.883720930232558,0.5087324693071162,0.4651162790697675,0.1666666666666666
0.3998553466117726,0.6821705426356589,0.2104952883664826,0.5116279069767442,0.1666666666666666
0.1407588739290085,0.3565891472868217,0.0794402271016425,0.5348837209302325,0.3333333333333333
0.0861244019138756,0.3565891472868217,0.7397340202009209,0.4651162790697675,0.3333333333333333
0.2277734505396684,0.5891472868217054,0.0215462380999888,0.5813953488372093,0.3333333333333333
0.7748414376321352,0.7674418604651162,0.0908074019656747,0.813953488372093,0.5
0.2610993657505285,0.6201550387596899,0.0271693618359196,0.627906976744186,1.0
0.2034049182151997,0.4728682170542635,0.0022583190487851,0.5813953488372093,0.5
0.1476020919105374,0.4883720930232558,0.156108193737775,0.6511627906976745,0.1666666666666666
0.1067096917770112,0.3333333333333333,0.2172369904799911,0.5348837209302325,0.3333333333333333
0.427061310782241,0.5813953488372092,1.0000000000000002,0.6744186046511628,0.5
0.0725492377879158,0.2093023255813953,0.1939282356391164,0.2093023255813954,0.3333333333333333
0.0934127072437965,0.3410852713178294,0.0483618873138096,0.3023255813953488,0.8333333333333333
0.0931345276510515,0.4108527131782945,0.2606499242692207,0.2558139534883721,0.3333333333333333
0.2085790586402581,0.5426356589147286,0.5044093150370189,0.3953488372093023,0.5
0.4167686658506732,0.689922480620155,0.1516641120755071,0.7209302325581396,0.3333333333333333
0.7333926783131188,0.8294573643410852,0.0520804046230542,0.5581395348837209,0.3333333333333333
0.1094914877044619,0.2558139534883721,0.0296786052234587,0.4651162790697675,0.5
0.2064092578168465,0.3100775193798449,0.030404169576482,0.5813953488372093,0.6666666666666666
0.2091354178257483,0.6356589147286821,0.27519144317773,0.744186046511628,0.3333333333333333
0.2071325247579837,0.4728682170542635,0.6176578178047446,0.6976744186046512,0.5
0.0541337487481918,0.1627906976744186,0.051173449181775,0.5348837209302325,0.5
0.1801491042617113,0.4186046511627906,0.0,0.5348837209302325,0.3333333333333333
0.0776121063758762,0.248062015503876,0.2227996505198366,0.5581395348837209,0.3333333333333333
0.2390119060865694,0.5658914728682171,0.0310390383853774,0.5348837209302325,0.5
0.0634249471458773,0.3333333333333333,0.0291344319586912,0.9302325581395348,0.5
0.4586068765995326,0.5116279069767441,0.0909283293578453,0.5813953488372093,0.5
0.040280405029487,0.1085271317829457,0.0342436142778972,0.5348837209302325,0.3333333333333333
0.2406253477244909,0.5736434108527132,0.1920236292124301,0.5348837209302325,0.5
0.2183709803048848,0.4418604651162791,0.0012908999114206,0.6744186046511628,0.1666666666666666
0.105875152998776,0.3333333333333333,0.3456316491170789,0.4651162790697675,0.5
0.2224880382775119,0.4961240310077519,0.0,0.4186046511627906,0.1666666666666666
0.7715589184377434,0.7209302325581395,0.2112510845675485,0.813953488372093,0.5
0.1438188494492044,0.4186046511627906,0.0860307699749378,0.2325581395348837,0.5
0.2040725492377879,0.4341085271317829,0.3955141983874332,0.5348837209302325,0.3333333333333333
0.3838322020696562,0.6124031007751938,0.7692100720424939,0.5348837209302325,0.3333333333333333
0.0907421831534438,0.3178294573643411,0.203421035924505,0.2558139534883721,0.1666666666666666
0.084065872927562,0.2790697674418604,0.439834087617942,0.6744186046511628,0.3333333333333333
0.2133081117169244,0.4883720930232558,0.034092455037684,0.9302325581395348,0.5
0.2351730277066874,0.5426356589147286,0.0,0.744186046511628,0.3333333333333333
0.208356514966062,0.3953488372093023,0.1904515731142129,0.5348837209302325,0.3333333333333333
0.1093802158673639,0.3023255813953488,0.0961282072211792,0.3953488372093023,0.5
0.7683876710804495,0.7984496124031008,0.2670590760542601,0.2558139534883721,0.1666666666666666
0.8248024924891509,0.689922480620155,0.9815283408459476,0.3953488372093023,0.5
0.1020919105374429,0.2015503875968992,0.0105418454124682,0.5581395348837209,0.3333333333333333
0.1420385000556359,0.5968992248062015,0.1916003833398332,0.3255813953488372,0.5
0.7687214865917436,0.6356589147286821,0.2998908630285661,0.7906976744186046,0.1666666666666666
0.087849115388895,0.2015503875968992,0.3185741451189169,0.813953488372093,0.3333333333333333
0.7760654278402136,0.6744186046511628,0.2267902544614649,0.2325581395348837,0.5
0.2231000333815511,0.4108527131782945,0.0919259803432524,0.627906976744186,0.5
0.8103371536664069,0.883720930232558,0.0613011182760591,0.5348837209302325,0.3333333333333333
0.4083676421497719,0.6511627906976744,0.2156649343817738,0.813953488372093,0.1666666666666666
0.1045398909535996,0.3023255813953488,0.0,0.5813953488372093,0.5
0.8438856125514631,0.7209302325581395,0.1001792748588928,0.813953488372093,0.8333333333333333
0.1040391676866585,0.2558139534883721,0.0014420591516338,0.4418604651162791,0.5
0.2039056414821408,0.3720930232558139,0.0837936132197825,0.5116279069767442,0.5
0.1357516412595971,0.5968992248062015,0.0081232975690571,0.5348837209302325,0.3333333333333333
0.237398464448648,0.3178294573643411,1.0000000000000002,0.5348837209302325,0.5
0.2054634472015133,0.4573643410852712,0.0140185079373717,0.3255813953488372,0.5
0.0652052965394458,0.2790697674418604,0.1603104206157018,0.6511627906976745,0.5
0.2389562701680204,0.5891472868217054,0.0036187522107038,0.3488372093023256,0.3333333333333333
0.054745743852231,0.2015503875968992,0.0786239672044912,0.6976744186046512,0.3333333333333333
0.2390119060865694,0.5503875968992248,0.0648987081931331,0.5116279069767442,0.5
0.2412373428285301,0.6356589147286821,0.0158021869718874,0.5116279069767442,0.8333333333333333
0.0602536997885835,0.193798449612403,0.0275926077085166,0.5348837209302325,0.6666666666666666
0.0539112050739957,0.2635658914728682,0.0672870241885016,0.5348837209302325,0.5
0.0310448425503505,0.0775193798449612,0.2628568491763333,0.9069767441860463,0.5
0.1160565260932458,0.2248062015503875,0.0028931878576805,0.5348837209302325,0.3333333333333333
0.2704462000667631,0.6434108527131782,0.0418318081365995,0.3255813953488372,0.3333333333333333
0.3517302770668744,0.5968992248062015,1.0000000000000002,0.3953488372093023,0.5
0.5397240458439968,0.4496124031007752,0.1375458390395946,0.5348837209302325,0.5
0.0724936018693668,0.3178294573643411,0.0,0.4651162790697675,0.5
0.0745521308556804,0.2635658914728682,0.4137440027571445,0.5348837209302325,0.3333333333333333
0.4592188717035718,0.4573643410852712,0.0858191470386393,0.2790697674418605,0.3333333333333333
0.233726493824413,0.4186046511627906,0.0214555425558609,0.5348837209302325,0.3333333333333333
0.2467452987648826,0.5271317829457364,0.3380736871064191,0.5348837209302325,0.5
0.2303883387114721,0.4728682170542635,0.1834680162163633,0.6511627906976745,0.3333333333333333
0.0900189162123066,0.2325581395348837,0.0106325409565961,0.6976744186046512,0.5
0.1714699009680649,0.2790697674418604,0.0106627728046387,0.3023255813953488,0.5
0.8012684989429175,0.8062015503875969,0.2028163989636522,0.2325581395348837,0.5
0.0608656948926226,0.2248062015503875,0.2723798813097646,0.6511627906976745,0.5
0.2692778457772338,0.6666666666666666,0.0163765920846975,0.9302325581395348,0.3333333333333333
0.2047401802603761,0.4418604651162791,0.0201555730900274,0.4883720930232558,0.6666666666666666
0.2624902637142539,0.4883720930232558,0.0315227479540596,0.8372093023255814,0.6666666666666666
0.1196728607989318,0.193798449612403,0.0604848583789078,0.6046511627906976,0.5
0.062367864693446,0.2403100775193798,0.1109418127620723,0.5348837209302325,0.1666666666666666
0.2057416267942583,0.4496124031007752,0.0348784830867926,0.5348837209302325,0.6666666666666666
0.2427951485479025,0.5271317829457364,0.0209718329871786,0.5348837209302325,0.1666666666666666
0.0763881161677979,0.2635658914728682,0.0898399828283103,0.5348837209302325,0.3333333333333333
0.2383442750639813,0.4728682170542635,0.1430178035353123,0.3720930232558139,0.1666666666666666
0.7822966507177033,0.627906976744186,0.208197667915242,0.4186046511627906,0.5
0.0415043952375653,0.1472868217054263,0.0542570976821242,0.4418604651162791,0.5
0.0862913096695226,0.2015503875968992,0.0327017900277226,0.3720930232558139,0.5
0.2307777901413152,0.6434108527131782,0.2421782651151682,0.5813953488372093,0.6666666666666666
0.2247134750194725,0.4651162790697674,0.0441898922839254,0.4418604651162791,0.1666666666666666
0.0998664737954823,0.2713178294573644,0.1151742714880418,0.7674418604651162,0.3333333333333333
0.1908312006231222,0.4961240310077519,0.0817680794009257,0.5348837209302325,0.1666666666666666
0.2017358406587292,0.4573643410852712,0.0400481291020838,0.5348837209302325,0.1666666666666666
0.1518860576388116,0.3410852713178294,0.2429340613162342,0.6046511627906976,0.5
0.0883498386558362,0.3255813953488372,0.1405690238438585,0.5348837209302325,0.3333333333333333
0.1819294536552798,0.4651162790697674,0.5168648364305862,0.4418604651162791,0.5
0.0943028819405808,0.2558139534883721,0.1474316533495376,0.1860465116279069,0.1666666666666666
0.215422276621787,0.6046511627906976,0.0302832421843114,0.5813953488372093,0.1666666666666666
0.0999777456325803,0.1395348837209302,0.0385063048519093,0.4186046511627906,0.5
0.2454656726382552,0.5736434108527132,0.0599709169621829,0.5348837209302325,0.1666666666666666
0.2237120284855903,0.5891472868217054,0.0535013014810582,0.5581395348837209,0.8333333333333333
0.2542005118504506,0.5426356589147286,0.0297390689195439,0.4651162790697675,0.5
0.0238121731389785,0.0852713178294573,0.102507127158176,0.5348837209302325,0.5
0.1980638700344942,0.4961240310077519,0.8690960979753731,0.8372093023255814,0.5
0.0536886613997997,0.1782945736434108,1.0000000000000002,0.5348837209302325,0.5
0.0678201847112495,0.3255813953488372,0.2610731701418176,0.2558139534883721,0.3333333333333333
0.8491153888950705,0.9302325581395348,0.3697566638551048,0.4883720930232558,0.3333333333333333
0.2239345721597863,0.5581395348837209,0.0174649386142325,0.4651162790697675,0.3333333333333333
0.1605096250139089,0.4728682170542635,0.8241715717840116,0.4186046511627906,0.1666666666666666
0.1734727940358295,0.4961240310077519,0.0,1.0,0.5
0.0369422499165461,0.1317829457364341,0.0850028871414881,0.8372093023255814,0.5
0.0654278402136419,0.3100775193798449,0.7641311215713306,0.6511627906976745,0.5
0.2031267386224546,0.5038759689922481,0.0180695755750853,0.813953488372093,0.5
0.0372204295092912,0.1317829457364341,0.01583241881993,0.2790697674418605,0.5
0.1986758651385334,0.3410852713178294,1.0000000000000002,0.3953488372093023,0.1666666666666666
0.2523645265383331,0.5193798449612402,0.0,0.2790697674418605,0.0
0.2469122065205296,0.5813953488372092,0.0860307699749378,0.5348837209302325,0.1666666666666666
0.2282185378880605,0.5038759689922481,0.0644149986244509,0.627906976744186,0.3333333333333333
0.237509736285746,0.5891472868217054,0.0434038642348168,0.5348837209302325,0.1666666666666666
0.1956158896183376,0.4263565891472868,1.0000000000000002,0.5581395348837209,0.3333333333333333
0.1842661622343384,0.4496124031007752,0.017344011222062,0.6744186046511628,0.3333333333333333
0.186102147546456,0.4651162790697674,0.6384875611061229,0.744186046511628,0.1666666666666666
0.2129742962056303,0.5193798449612402,0.0067326325590957,0.813953488372093,0.5
0.3572938689217759,0.5038759689922481,0.0599406851141403,1.0,0.3333333333333333
0.7121953933459441,0.7751937984496123,0.686132953621322,0.3255813953488372,0.3333333333333333
0.2333926783131189,0.4263565891472868,0.2166323535191383,0.8604651162790699,0.1666666666666666
0.0633136753087793,0.2558139534883721,0.142957339839227,1.0,0.1666666666666666
0.2523088906197841,0.5581395348837209,0.0,0.6744186046511628,0.5
0.0723823300322688,0.2635658914728682,0.0012304362153354,0.3720930232558139,0.3333333333333333
0.04406364749082,0.1317829457364341,0.7736541537047619,0.7674418604651162,0.1666666666666666
0.2421275175253143,0.5193798449612402,0.046396817191038,0.5348837209302325,0.5
0.1445977523088906,0.2945736434108527,0.4344528186663522,0.8372093023255814,0.3333333333333333
0.1148325358851674,0.4031007751937984,1.0000000000000002,0.3488372093023256,0.5
0.1994547679982196,0.6046511627906976,0.0236926993110161,0.3023255813953488,0.1666666666666666
0.0823967953710915,0.2170542635658914,0.0001420896858004,0.8372093023255814,0.5
0.1127183709803048,0.4573643410852712,0.6556290189462992,0.1162790697674418,0.1666666666666666
0.0920218092800712,0.2713178294573644,0.1861586506921581,0.3488372093023256,0.3333333333333333
0.0981973962390119,0.2713178294573644,0.0074279650640764,0.5348837209302325,0.5
0.0798931790363858,0.2093023255813953,0.6194112649912177,0.3023255813953488,0.6666666666666666
0.0569155446756425,0.2403100775193798,0.7180577851543487,0.4418604651162791,0.3333333333333333
0.1676310225881829,0.5348837209302325,0.1196183531503097,0.4883720930232558,0.5
0.0668187381773673,0.1550387596899224,0.3684566943892713,0.5348837209302325,0.3333333333333333
0.1349171024813619,0.3875968992248062,0.0202765004821979,0.6976744186046512,0.5
0.040224769110938,0.1240310077519379,1.0000000000000002,0.9302325581395348,0.3333333333333333
0.2158117280516301,0.5348837209302325,0.08433778648455,0.5348837209302325,0.3333333333333333
0.1907755647045732,0.4573643410852712,0.0563128633490236,0.8372093023255814,0.3333333333333333
0.0744408590185824,0.3565891472868217,0.204932628326637,0.5348837209302325,0.5
0.2723378212974296,0.5968992248062015,0.0440085011956696,0.883720930232558,0.1666666666666666
0.2094692333370424,0.3953488372093023,0.0157417232758021,0.3720930232558139,0.5
0.0544675642594859,0.186046511627907,0.0756007824002273,0.7674418604651162,0.1666666666666666
0.2270501835985311,0.5813953488372092,0.0601825398984814,0.3720930232558139,0.3333333333333333
0.2603204628908423,0.5581395348837209,0.0771123748023593,0.5348837209302325,0.5
0.1292978747079114,0.5193798449612402,0.6653636740160289,0.3023255813953488,0.3333333333333333
0.8825525759430287,0.8062015503875969,1.0000000000000002,0.5348837209302325,0.3333333333333333
0.2055747190386113,0.6046511627906976,0.0,0.5348837209302325,0.5
0.2371202848559029,0.5658914728682171,0.0246903502964232,0.5348837209302325,0.3333333333333333
0.0195282074107043,0.0387596899224806,0.0645963897127067,0.3255813953488372,0.3333333333333333
0.3958495604762435,0.5271317829457364,0.4166160283211952,0.5348837209302325,0.6666666666666666
0.398074997218204,0.5891472868217054,1.0000000000000002,0.3720930232558139,0.1666666666666666
0.22994325136308,0.5426356589147286,0.1197695123905229,0.4418604651162791,0.5
0.0613107822410148,0.1782945736434108,1.0000000000000002,0.5348837209302325,0.3333333333333333
0.2306108823856681,0.5581395348837209,0.0,0.3255813953488372,0.5
0.1791476577278291,0.4341085271317829,0.0425271406415802,0.5813953488372093,0.5
0.2198175141871592,0.4728682170542635,0.0,0.5348837209302325,0.1666666666666666
0.0436741960609769,0.2325581395348837,0.0412271711757468,0.5348837209302325,0.3333333333333333
0.1084900411705797,0.4961240310077519,0.5713426266034216,0.5348837209302325,0.3333333333333333
0.171636808723712,0.5426356589147286,0.1334645395538384,0.5348837209302325,0.6666666666666666
0.2105819517080226,0.3875968992248062,0.0102092950839991,0.5348837209302325,0.3333333333333333
0.7636029820852341,0.7054263565891472,0.0654428814579006,0.813953488372093,0.1666666666666666
0.0775564704573272,0.3023255813953488,0.4047046801923954,0.7209302325581396,0.3333333333333333
0.7939801936129964,0.7596899224806201,0.0814355290724566,0.8372093023255814,0.5
0.2077445198620229,0.3333333333333333,0.0436759508672005,0.5348837209302325,0.3333333333333333
0.1349171024813619,0.4263565891472868,1.0000000000000002,0.5116279069767442,0.3333333333333333
0.2038500055635918,0.5813953488372092,0.2315366546041593,0.5348837209302325,0.3333333333333333
0.0649827528652498,0.2325581395348837,0.0813448335283287,0.5348837209302325,0.5
0.386836541671303,0.4651162790697674,0.0793495315575145,0.2325581395348837,0.3333333333333333
0.7258818293090018,0.6976744186046512,0.0589430341287332,0.2558139534883721,0.5
0.1102703905641482,0.2558139534883721,0.0072768058238632,0.2558139534883721,0.3333333333333333
0.211972849671748,0.4806201550387596,0.1291716171317836,0.883720930232558,0.3333333333333333
0.0101257371759207,0.0465116279069767,0.0,0.8372093023255814,0.5
0.215589184377434,0.5426356589147286,0.0069140236473515,0.5348837209302325,0.3333333333333333
0.1355290975854011,0.3643410852713178,0.031915761978614,0.3023255813953488,0.1666666666666666
0.105819517080227,0.4186046511627906,0.3409457126704698,0.3720930232558139,0.3333333333333333
0.058640258150662,0.193798449612403,0.9028348403909584,0.5813953488372093,0.5
0.0460109046400356,0.1317829457364341,0.3624405566287861,0.8604651162790699,0.3333333333333333
0.2393457215978636,0.5813953488372092,0.5388433899575847,0.5348837209302325,0.5
0.3900077890285968,0.5348837209302325,1.0000000000000002,0.4186046511627906,0.8333333333333333
0.0601424279514854,0.193798449612403,0.9198251389909214,0.3255813953488372,0.5
0.1088794926004228,0.3410852713178294,0.0411969393277041,0.1860465116279069,0.3333333333333333
0.1250695448981862,0.3488372093023255,0.0670754012522031,0.4418604651162791,0.3333333333333333
0.0795037276065427,0.1550387596899224,0.1071628317567424,0.5348837209302325,0.5
0.0846222321130521,0.2325581395348837,0.0226345846295238,0.3720930232558139,0.5
0.2174808056081006,0.5038759689922481,0.076719360777805,0.3953488372093023,0.3333333333333333
0.2040169133192389,0.4108527131782945,0.3282181046445188,0.6046511627906976,0.1666666666666666
0.0851229553799933,0.2015503875968992,0.043887573803499,0.4186046511627906,0.1666666666666666
0.0463447201513297,0.2093023255813953,0.0141394353295422,0.8372093023255814,0.1666666666666666
0.0678758206297986,0.1550387596899224,0.0065210096227972,0.3953488372093023,0.5
0.7892511405363302,0.8062015503875969,1.0000000000000002,0.6046511627906976,0.3333333333333333
0.1338600200289307,0.2713178294573644,0.041710880744429,0.3720930232558139,0.1666666666666666
0.09491487704462,0.2325581395348837,0.0412574030237894,0.5348837209302325,0.3333333333333333
0.4504840324913764,0.6201550387596899,0.3221415031879484,0.4418604651162791,0.5
0.058640258150662,0.3798449612403101,0.0664405324433077,0.5116279069767442,0.5
0.0051185045065094,0.0387596899224806,0.4332435447446467,0.5348837209302325,0.5
0.2659396906642928,0.4573643410852712,0.2319296686287136,0.6046511627906976,0.5
0.0838433292533659,0.2868217054263565,0.1561988892819029,0.7906976744186046,0.5
0.2346166685211972,0.5271317829457364,0.0480595688333832,0.3953488372093023,0.3333333333333333
0.2370646489373539,0.5503875968992248,0.0072768058238632,0.5348837209302325,0.1666666666666666
0.4167130299321241,0.6666666666666666,0.132073874543877,0.5348837209302325,0.3333333333333333
0.2542561477689997,0.5116279069767441,0.0968537715742025,0.3488372093023256,0.5
0.2150328251919439,0.5503875968992248,0.1390574314417266,0.5348837209302325,0.1666666666666666
0.0527428507844664,0.1472868217054263,0.0842168590923794,0.5348837209302325,0.5
0.1965617002336708,0.5116279069767441,0.2504617914788513,0.813953488372093,0.3333333333333333
0.1003671970624235,0.3798449612403101,0.2374620968205165,0.3953488372093023,0.5
0.0690998108378769,0.186046511627907,0.0611197271878032,0.5348837209302325,0.5
0.1709135417825748,0.4573643410852712,0.3677311300362479,0.3953488372093023,0.1666666666666666
0.1079336819850895,0.2713178294573644,0.0062186911423708,0.6046511627906976,0.5
0.1986202292199844,0.4263565891472868,0.0717613376988122,0.4418604651162791,0.5
0.1706353621898297,0.5581395348837209,0.2656986428923413,0.5348837209302325,0.3333333333333333
0.226605096250139,0.4806201550387596,0.0419829673768127,0.627906976744186,0.6666666666666666
0.2025147435184154,0.5658914728682171,0.024962436928807,0.3023255813953488,0.5
0.2312228774897073,0.4961240310077519,0.0159533462121006,0.3720930232558139,0.3333333333333333
0.0638143985757204,0.1472868217054263,0.0764472741454212,0.5348837209302325,0.3333333333333333
0.1804829197730054,0.3333333333333333,1.0000000000000002,0.3720930232558139,0.5
0.1106042060754423,0.3875968992248062,0.0150161589227788,0.2790697674418605,0.5
0.2603204628908423,0.5348837209302325,0.007034951039522,0.5348837209302325,0.3333333333333333
0.0702681651274062,0.2248062015503875,0.4893538547117847,0.3953488372093023,0.3333333333333333
0.2034049182151997,0.5891472868217054,0.1475223488936655,0.5813953488372093,0.1666666666666666
0.2369533771002559,0.5426356589147286,0.0283181720615399,0.7674418604651162,0.1666666666666666
0.0827306108823856,0.2635658914728682,0.0393527965971031,0.0465116279069767,0.5
0.1229553799933236,0.2790697674418604,0.0947677740592604,0.7674418604651162,0.3333333333333333
0.1075442305552464,0.2170542635658914,0.0730008434685604,0.6511627906976745,0.5
0.2067430733281406,0.4883720930232558,0.0317343708903581,0.5348837209302325,0.3333333333333333
0.0932457994881495,0.2635658914728682,0.5548965012682261,0.7209302325581396,0.5
0.0466785356626237,0.2868217054263565,0.0219090202765004,0.744186046511628,0.5
0.1906642928674752,0.4108527131782945,0.613183504294434,0.6046511627906976,0.3333333333333333
0.0865694892622677,0.2790697674418604,0.9657775480157328,0.5348837209302325,0.5
0.1056526093245799,0.2015503875968992,0.6261227352566835,0.2325581395348837,0.5
0.1581729164348503,0.5891472868217054,0.304002394362365,0.3488372093023256,0.1666666666666666
0.164292867475242,0.4263565891472868,0.1622452588904307,0.6744186046511628,1.0
0.1808723712028485,0.3720930232558139,0.4480269184374972,0.7906976744186046,0.5
0.8258595749415822,0.7906976744186046,0.3551849130985528,0.5348837209302325,0.3333333333333333
0.1734171581172805,0.4341085271317829,0.5419875021540191,0.5581395348837209,0.5
0.0897407366195615,0.2635658914728682,0.0112069460694062,0.8372093023255814,0.5
0.208300879047513,0.5581395348837209,0.4462432394029815,0.3488372093023256,0.3333333333333333
0.7385111828196282,0.7596899224806201,0.056947732157919,0.4186046511627906,0.3333333333333333
0.0817291643485034,0.2945736434108527,0.1184695429246894,0.5348837209302325,0.5
0.2412929787470791,0.5271317829457364,0.0056745178776033,0.6744186046511628,0.3333333333333333
0.2047401802603761,0.4728682170542635,0.0361482207045834,0.627906976744186,0.5
0.2395126293535106,0.5658914728682171,0.0055233586373901,0.6744186046511628,0.5
0.0388338711472126,0.1627906976744186,0.0185532851437675,0.9069767441860463,0.3333333333333333
0.8749860910203626,0.9147286821705426,0.2975327788812402,0.5348837209302325,0.3333333333333333
0.1180594191610103,0.4186046511627906,0.0441294285878401,0.1395348837209302,0.1666666666666666
0.2863580727717814,0.627906976744186,0.0583081653198378,0.627906976744186,0.5
0.2317792366751975,0.4496124031007752,0.2355877222418729,0.5116279069767442,0.1666666666666666
0.3851118281962835,0.6356589147286821,0.111637145267053,0.5116279069767442,0.1666666666666666
0.1986758651385334,0.4806201550387596,0.0364505391850098,0.5116279069767442,0.5
0.1889395793924557,0.5503875968992248,0.2312041042756903,0.5348837209302325,0.3333333333333333
0.1603427172582619,0.5426356589147286,0.0620266826290824,0.3488372093023256,0.3333333333333333
0.2405140758873928,0.5193798449612402,0.0626313195899352,0.5348837209302325,0.3333333333333333
0.8152331144987203,0.883720930232558,0.2280902239272984,0.5813953488372093,0.1666666666666666
0.0377211527762323,0.2325581395348837,0.0348180193907073,0.6046511627906976,0.3333333333333333
0.3802715032825192,0.6434108527131782,0.3179090444619789,0.7209302325581396,0.3333333333333333
0.1175030599755201,0.3875968992248062,0.0068837917993089,0.2325581395348837,0.3333333333333333
0.0599755201958384,0.2015503875968992,0.0735147848852852,0.0,0.5
0.2005674863691999,0.5038759689922481,0.2416038600023581,0.5581395348837209,0.5
0.0744408590185824,0.1162790697674418,0.0029234197057231,0.5116279069767442,0.1666666666666666
0.8472237676644041,0.7829457364341085,0.2172369904799911,0.6046511627906976,0.5
0.7488594636697451,0.7674418604651162,0.1786913842256263,0.3488372093023256,1.0
0.4419717369533771,0.4573643410852712,0.0892353458674575,0.7209302325581396,0.5
0.2394569934349616,0.4728682170542635,1.0000000000000002,0.5813953488372093,0.5
0.0996995660398353,0.248062015503876,0.1860074914519449,0.4651162790697675,0.3333333333333333
0.2427951485479025,0.5581395348837209,0.0861214655190657,0.5348837209302325,0.5
0.3893401580060087,0.6434108527131782,0.1878818660305886,0.5116279069767442,0.3333333333333333
0.19717369533771,0.5581395348837209,0.1086744241588744,0.4186046511627906,0.1666666666666666
0.4548792700567486,0.627906976744186,0.0236020037668882,0.5348837209302325,0.3333333333333333
0.1857126961166129,0.4961240310077519,0.294116580052422,0.5581395348837209,0.5
0.795704907088016,0.7054263565891472,0.6802377432530073,0.5348837209302325,0.5
0.2794035829531545,0.5813953488372092,0.035180801567219,0.7209302325581396,0.1666666666666666
0.2170913541782574,0.5503875968992248,0.0246903502964232,0.4651162790697675,0.1666666666666666
0.2057416267942583,0.5038759689922481,0.059215120761117,0.5348837209302325,0.1666666666666666
0.2060754423055524,0.5658914728682171,0.0411364756316188,0.7674418604651162,0.1666666666666666
0.0450650940247023,0.193798449612403,0.0202160367861127,0.5348837209302325,0.5
0.0956381439857572,0.2945736434108527,0.4311575472297046,0.4186046511627906,0.3333333333333333
0.2425169689551574,0.4263565891472868,0.0084860797455687,0.8372093023255814,0.3333333333333333
0.1683542895293201,0.3953488372093023,0.1481874495506036,0.5581395348837209,0.3333333333333333
0.4404695671525537,0.5968992248062015,0.2376132560607297,0.6511627906976745,0.3333333333333333
0.653555135195282,0.7054263565891472,0.0317948345864434,0.3255813953488372,0.3333333333333333
0.204406364749082,0.3410852713178294,0.4371434531421471,0.5813953488372093,0.5
0.1161121620117948,0.4728682170542635,0.0928933994806168,0.2093023255813954,0.5
0.1012017358406587,0.2868217054263565,1.0000000000000002,0.5348837209302325,0.3333333333333333
0.383331478802715,0.5891472868217054,0.0055233586373901,0.4651162790697675,0.1666666666666666
0.2098030488483364,0.5581395348837209,0.1238810437243218,0.5813953488372093,0.5
0.0995326582841882,0.3023255813953488,0.0044350121078551,0.1860465116279069,0.5
0.2216534994992767,0.5581395348837209,0.0,0.2325581395348837,0.1666666666666666
0.1295204183821074,0.3023255813953488,0.1568337580907983,0.6976744186046512,0.5
0.1925559140981417,0.3875968992248062,0.0,0.3720930232558139,0.1666666666666666
0.2549237787915878,0.4651162790697674,0.1281739661463765,0.5348837209302325,0.5
0.0570824524312896,0.1627906976744186,0.5333714254618671,0.7906976744186046,0.1666666666666666
0.1817069099810838,0.4651162790697674,0.0262321745465978,0.4186046511627906,0.1666666666666666
0.0765550239234449,0.2945736434108527,0.6910305130042295,0.4186046511627906,0.1666666666666666
0.1167797930343829,0.248062015503876,0.0483014236177243,0.5581395348837209,0.5
0.0679314565483476,0.3410852713178294,0.0008676540388237,0.5348837209302325,0.5
0.0968621341938355,0.1317829457364341,0.8311248968338186,0.813953488372093,0.8333333333333333
0.0223100033381551,0.1240310077519379,0.1807773817405684,0.5348837209302325,0.3333333333333333
0.0444530989206631,0.1550387596899224,0.0580965423835393,0.7209302325581396,0.3333333333333333
0.1908868365416713,0.4186046511627906,0.0460038031664837,0.4186046511627906,0.5
0.062089685100701,0.2403100775193798,0.0514455358141587,0.813953488372093,0.5
0.2464671191721375,0.6046511627906976,0.0152277818590772,0.5116279069767442,0.3333333333333333
0.0427283854456437,0.0930232558139534,0.2812378127862578,0.6046511627906976,0.3333333333333333
0.226326916657394,0.4806201550387596,0.16372661944452,0.4651162790697675,0.3333333333333333
0.1385334371870479,0.4186046511627906,0.5523570260326444,0.5813953488372093,0.1666666666666666
0.459997774563258,0.5813953488372092,0.1649661252142682,0.5813953488372093,0.3333333333333333
0.8265828418827195,0.875968992248062,0.2346203031045085,0.627906976744186,0.5
0.2473572938689217,0.6046511627906976,0.0697358038799554,0.5581395348837209,0.6666666666666666
0.3765995326582841,0.5658914728682171,0.6657264561925407,0.5813953488372093,0.8333333333333333
0.0813397129186602,0.2093023255813953,0.0603941628347799,0.3720930232558139,0.3333333333333333
0.1739178813842216,0.4496124031007752,0.0378412041949712,0.5348837209302325,0.5
0.23728719261155,0.5736434108527132,0.0299506918558424,0.3720930232558139,0.5
0.0654834761321909,0.2325581395348837,0.4396829283777288,0.3023255813953488,0.3333333333333333
0.8192945365527984,0.8527131782945736,0.6815074808707982,0.2325581395348837,0.1666666666666666
0.120785579169912,0.3488372093023255,1.0000000000000002,0.5348837209302325,0.1666666666666666
0.1801491042617113,0.5348837209302325,0.4949769784477156,0.5348837209302325,0.3333333333333333
0.2415155224212751,0.5968992248062015,0.014320826417798,0.5348837209302325,0.5
0.0711027039056414,0.2713178294573644,0.023118294198206,0.7674418604651162,0.3333333333333333
0.8368754868142873,0.7596899224806201,1.0000000000000002,0.5348837209302325,0.6666666666666666
0.2090241459886502,0.4806201550387596,0.0328831811159784,0.5348837209302325,0.3333333333333333
0.222988761544453,0.6434108527131782,0.0218183247323725,0.6976744186046512,0.1666666666666666
0.065817291643485,0.1317829457364341,0.026050783458342,0.5348837209302325,0.3333333333333333
0.0982530321575609,0.2325581395348837,0.0,0.5116279069767442,0.5
0.2101925002781796,0.4573643410852712,0.0551640531234033,0.627906976744186,0.5
0.368643596305775,0.5581395348837209,0.0362086844006687,0.5348837209302325,0.1666666666666666
0.0680983643039946,0.2248062015503875,0.1978886077327021,0.2790697674418605,0.3333333333333333
0.2358406587292756,0.5581395348837209,0.066077750266796,0.5348837209302325,0.5
0.186269055302103,0.4651162790697674,0.0362086844006687,0.3720930232558139,0.1666666666666666
0.2436853232446867,0.3333333333333333,0.0,0.5348837209302325,0.5
0.0386669633915656,0.1395348837209302,0.8623543958618647,0.5348837209302325,0.8333333333333333
0.0728830532992099,0.3720930232558139,0.2347714623447217,0.2093023255813954,0.5
0.701179481473239,0.9147286821705426,0.1124534051642043,0.5348837209302325,0.1666666666666666
0.1542784021364192,0.4961240310077519,0.3354737481747522,0.1395348837209302,0.5
0.2325025036163346,0.4263565891472868,0.0860005381268951,0.7674418604651162,0.1666666666666666
0.0652052965394458,0.2558139534883721,0.520643817435916,0.6046511627906976,0.5
0.7825748303104484,0.6589147286821705,1.0000000000000002,0.5348837209302325,0.1666666666666666
0.1147212640480694,0.193798449612403,0.0779286346995105,0.0,0.3333333333333333
0.0551908312006231,0.1627906976744186,0.5840097709332874,0.6511627906976745,0.3333333333333333
0.2712251029264493,0.3178294573643411,0.2461386372087539,0.7209302325581396,0.5
0.0521308556804272,0.2248062015503875,0.2575058120727862,0.1627906976744186,0.3333333333333333
0.2054078112829643,0.4341085271317829,0.90755100868561,0.4651162790697675,0.8333333333333333
0.0361077111383108,0.1705426356589147,0.1825610607750841,0.6744186046511628,0.5
0.0374986091020362,0.0852713178294573,0.0478781777451273,0.3720930232558139,0.5
0.8730388338711471,0.8527131782945736,0.8785284345646766,0.5348837209302325,0.1666666666666666
0.1965060643151218,0.5348837209302325,0.1825912926231268,0.6511627906976745,0.5
0.1196172248803827,0.2403100775193798,0.0102999906281271,0.5813953488372093,0.3333333333333333
0.051073773227996,0.0930232558139534,0.1944724089038839,0.5348837209302325,0.1666666666666666
0.2040169133192389,0.5813953488372092,0.0348784830867926,0.5116279069767442,0.1666666666666666
0.186157783465005,0.4496124031007752,0.3769216118412102,0.6744186046511628,0.5
0.2352842995437855,0.5426356589147286,0.1270251559207563,0.3720930232558139,0.5
0.1923333704239457,0.4573643410852712,0.0005653355583973,0.6046511627906976,0.5
0.0726048737064649,0.2868217054263565,0.0727892205322619,0.8372093023255814,0.5
0.2379548236341382,0.3875968992248062,0.4790750263772874,0.6046511627906976,0.5
0.0605875152998776,0.2868217054263565,0.0569779640059617,0.7209302325581396,0.3333333333333333
0.240847891398687,0.6356589147286821,0.0382644500675681,0.744186046511628,0.3333333333333333
0.0871814843663068,0.2790697674418604,0.7494686752706506,0.4418604651162791,0.3333333333333333
0.2002893067764548,0.4961240310077519,0.0179788800309574,0.2325581395348837,0.1666666666666666
0.1556693001001446,0.3410852713178294,0.0,0.5348837209302325,0.1666666666666666
0.1958384332925336,0.4883720930232558,0.0524431867995658,0.744186046511628,0.3333333333333333
0.397963725381106,0.627906976744186,1.0000000000000002,0.4418604651162791,0.6666666666666666
0.3499499276733059,0.5271317829457364,0.0655033451539859,0.5348837209302325,0.3333333333333333
0.0670412818515633,0.2558139534883721,0.2046000779981679,0.4883720930232558,0.3333333333333333
0.1286302436853232,0.4883720930232558,0.1154463581204255,0.5348837209302325,0.5
0.062256592856348,0.2015503875968992,0.0193090813448335,0.3953488372093023,0.3333333333333333
0.1818181818181818,0.4806201550387596,0.0,0.6511627906976745,0.6666666666666666
0.2018471124958273,0.5813953488372092,0.0237833948551441,0.5348837209302325,0.3333333333333333
0.1360298208523422,0.4341085271317829,0.2488897353806341,0.4651162790697675,0.6666666666666666
0.2352286636252364,0.3565891472868217,0.3639823808789607,0.5348837209302325,0.3333333333333333
0.397852453544008,0.5348837209302325,1.0000000000000002,0.627906976744186,0.6666666666666666
0.2321686881050406,0.5116279069767441,0.0327924855718505,0.5348837209302325,0.5
0.1819294536552798,0.5038759689922481,0.1973444344679346,0.4418604651162791,0.1666666666666666
0.0156336931122732,0.0930232558139534,0.0782914168760222,0.5348837209302325,0.5
0.2186491598976299,0.5348837209302325,0.0429503865141772,0.4418604651162791,0.5
0.0820073439412484,0.2015503875968992,0.1180765289001351,0.5348837209302325,0.5
0.1087125848447757,0.2093023255813953,0.0,0.5348837209302325,0.5
0.0267052409035273,0.0930232558139534,0.2107976068469089,0.5348837209302325,0.3333333333333333
0.2441304105930788,0.5581395348837209,0.0062186911423708,0.7209302325581396,0.6666666666666666
0.058584622232113,0.2015503875968992,0.2647312237549769,0.5581395348837209,0.3333333333333333
0.0532992099699566,0.1705426356589147,0.0113278734615768,0.744186046511628,0.3333333333333333
0.2558139534883721,0.5271317829457364,0.2084092908515405,0.5348837209302325,0.1666666666666666
0.0210303772115277,0.0620155038759689,0.0,0.7674418604651162,0.3333333333333333
0.2624902637142539,0.4496124031007752,0.0086977026818672,0.3255813953488372,0.5
0.0502392344497607,0.2790697674418604,0.0465479764312512,0.6046511627906976,0.3333333333333333
0.1992322243240236,0.4728682170542635,0.0191579221046203,0.5348837209302325,0.5
0.2078557916991209,0.5426356589147286,0.0365110028810951,0.5581395348837209,0.5
0.1623456103260264,0.3410852713178294,0.6499756633623257,0.6744186046511628,0.1666666666666666
0.0647045732725047,0.3720930232558139,0.0462154261027822,0.1860465116279069,0.5
0.1945031712473573,0.4496124031007752,0.0564942544372795,0.3953488372093023,0.3333333333333333
0.0570824524312896,0.2248062015503875,0.0742101173902659,0.4651162790697675,0.5
0.2268276399243351,0.5116279069767441,0.05226179571131,0.5348837209302325,0.1666666666666666
0.1839323467230444,0.5038759689922481,0.0330948040522769,0.9069767441860463,0.5
0.058417714476466,0.2558139534883721,0.0760844919689095,0.8372093023255814,0.1666666666666666
0.1091020362746189,0.3875968992248062,0.0447038337006502,0.2558139534883721,0.5
0.0151886057638811,0.0775193798449612,0.3785843634835554,0.5348837209302325,0.5
0.2295537999332368,0.4651162790697674,0.0155603321875463,0.5348837209302325,0.3333333333333333
0.0422276621787025,0.1550387596899224,0.0305250969686525,0.5116279069767442,0.1666666666666666
0.1873817736730833,0.4108527131782945,0.0017141457840176,0.4883720930232558,0.3333333333333333
0.0401134972738399,0.186046511627907,0.0903236923969925,0.6976744186046512,0.1666666666666666
0.8541226215644819,0.9069767441860463,0.5620614492543314,0.0,0.5
0.1849894291754756,0.5271317829457364,0.044220124131968,0.3255813953488372,0.5
0.1382552575943028,0.3875968992248062,0.3347784156697714,0.4883720930232558,0.1666666666666666
0.1846556136641816,0.4961240310077519,0.1260577367833918,0.3255813953488372,0.3333333333333333
0.2230443974630021,0.5271317829457364,0.0311901976255906,0.5581395348837209,0.1666666666666666
0.4119283409369089,0.3410852713178294,0.082826194082418,0.7674418604651162,0.6666666666666666
0.058695894069211,0.1395348837209302,0.5390852447419259,0.7674418604651162,0.3333333333333333
0.1715255368866139,0.4728682170542635,0.2185067280977819,0.5116279069767442,0.5
0.0701012573717592,0.2790697674418604,0.1241833622047482,0.5348837209302325,0.3333333333333333
0.069322354512073,0.3023255813953488,0.1434712812559519,0.5581395348837209,0.3333333333333333
0.2224324023589629,0.5348837209302325,0.0241764088796984,0.744186046511628,0.5
0.1909981083787693,0.5271317829457364,0.1108208853699017,0.627906976744186,0.3333333333333333
0.3936797596528318,0.6511627906976744,0.632531887041723,0.3488372093023256,0.1666666666666666
0.1251808167352843,0.3565891472868217,0.5014768257768829,0.4186046511627906,0.1666666666666666
0.890619784132636,0.813953488372093,0.3356249074149653,0.7674418604651162,0.5
0.2184822521419828,0.4186046511627906,0.1660544717438032,0.5348837209302325,0.1666666666666666
0.2647713363747635,0.5426356589147286,0.0130208569519646,0.9069767441860463,0.3333333333333333
0.4419161010348281,0.6201550387596899,1.0000000000000002,0.3488372093023256,0.1666666666666666
0.0655391120507399,0.2170542635658914,0.0685567618062924,0.5348837209302325,0.1666666666666666
0.1977300545232001,0.4651162790697674,0.2455037683998585,0.6976744186046512,0.3333333333333333
0.1802047401802603,0.5426356589147286,0.2560546833667395,0.5348837209302325,0.3333333333333333
0.1965060643151218,0.4031007751937984,0.4764448555975779,0.883720930232558,0.3333333333333333
0.0852898631356403,0.3255813953488372,0.1431689627755255,0.627906976744186,0.3333333333333333
0.2030711027039056,0.5116279069767441,0.9817701956302888,0.4883720930232558,0.5
0.0478468899521531,0.1162790697674418,0.1652684436946946,0.5348837209302325,0.5
0.0237565372204295,0.1395348837209302,0.3515873231814788,0.5348837209302325,0.1666666666666666
0.1565038388783798,0.4341085271317829,0.2512175876799173,0.5348837209302325,0.1666666666666666
0.1151663513964615,0.3953488372093023,0.4584871378602503,0.1162790697674418,0.5
0.0746634026927784,0.2170542635658914,0.0248112776885938,0.627906976744186,0.1666666666666666
0.832424613330366,0.8682170542635659,0.4614800908164715,0.6744186046511628,0.5
0.0601980638700345,0.186046511627907,0.2865283861937196,0.8604651162790699,0.3333333333333333
0.1858239679537109,0.5038759689922481,0.0837029176756546,0.5348837209302325,0.5
0.8089462557026815,0.7596899224806201,0.2772774406926721,0.5813953488372093,0.1666666666666666
0.2199287860242572,0.6124031007751938,0.0479386414412126,0.6744186046511628,0.8333333333333333
0.2011794814732391,0.3565891472868217,0.0341831505818119,0.4651162790697675,0.1666666666666666
0.8420496272393456,0.8294573643410852,0.1340087128186059,0.1395348837209302,0.3333333333333333
0.8218537888060531,0.8914728682170542,0.0732729301009441,0.5348837209302325,0.5
0.7633248024924891,0.7829457364341085,0.4167369557133658,0.9069767441860463,0.3333333333333333
0.1227328363191276,0.2558139534883721,0.0190672265604924,0.4883720930232558,0.5
0.2222098586847669,0.5426356589147286,0.0322785441551256,0.6976744186046512,0.3333333333333333
0.1896072104150439,0.4651162790697674,0.1238810437243218,0.5813953488372093,0.3333333333333333
0.0557471903861132,0.1317829457364341,0.2244624021621818,0.813953488372093,0.5
0.8015466785356625,0.6046511627906976,0.932250428536446,0.5581395348837209,0.1666666666666666
0.1128852787359519,0.3100775193798449,0.1725845509210132,0.3488372093023256,0.5
0.1136085456770891,0.4186046511627906,0.2554198145578441,0.5348837209302325,0.1666666666666666
0.1079893179036385,0.3488372093023255,0.0,0.5348837209302325,0.3333333333333333
0.7567597641037053,0.875968992248062,0.1405992556919012,0.883720930232558,0.5
0.0920218092800712,0.2015503875968992,0.0074279650640764,0.3720930232558139,0.3333333333333333
0.244575497941471,0.5426356589147286,0.0171323882857635,0.4883720930232558,0.5
0.2252141982864137,0.6201550387596899,0.0722450472674944,0.4883720930232558,0.6666666666666666
0.120785579169912,0.3643410852713178,0.008546543441654,0.5348837209302325,0.5
0.4310114609992211,0.6666666666666666,0.3168509297804865,0.5348837209302325,0.5
0.0975297652164237,0.193798449612403,0.2215299129020458,0.4418604651162791,0.3333333333333333
0.0918549015244241,0.3565891472868217,0.0664707642913503,0.2093023255813954,0.5
0.0903527317236007,0.2403100775193798,0.0286809542380516,0.5348837209302325,0.1666666666666666
0.7486925559140981,0.7054263565891472,1.0000000000000002,0.4883720930232558,0.1666666666666666
0.8195170802269944,0.8992248062015503,0.8659519857789387,0.4418604651162791,0.3333333333333333
0.1240680983643039,0.2868217054263565,0.0098465129074875,0.6511627906976745,0.5
0.4120952486925559,0.6589147286821705,1.0000000000000002,0.8372093023255814,0.1666666666666666
0.0782241014799154,0.3720930232558139,0.4284366809058671,0.5581395348837209,0.1666666666666666
0.7578724824746856,0.7209302325581395,0.4242646858759829,0.3720930232558139,0.3333333333333333
0.0757761210637587,0.3255813953488372,1.0000000000000002,0.5348837209302325,0.5
0.2071881606765327,0.5038759689922481,0.0029838834018084,0.6046511627906976,0.6666666666666666
0.1077667742294425,0.2790697674418604,0.0221811069088842,0.1162790697674418,0.1666666666666666
0.1359185490152442,0.4806201550387596,0.0548315027949343,0.1395348837209302,0.1666666666666666
0.2283854456437075,0.5348837209302325,0.5839795390852448,0.4883720930232558,0.1666666666666666
0.069377990430622,0.3798449612403101,0.0915329663186981,0.6511627906976745,0.3333333333333333
0.0469010793368198,0.1085271317829457,0.1157486766008519,0.627906976744186,0.5
0.1163903416045399,0.248062015503876,0.0188858354722365,0.0,0.3333333333333333
0.8356514966062089,0.7751937984496123,0.2250065754269493,0.5813953488372093,0.1666666666666666
0.1626794258373205,0.4263565891472868,0.1614592308413221,0.5116279069767442,0.5
0.0449538221876043,0.2093023255813953,0.0588825704326479,0.8372093023255814,0.3333333333333333
0.2012351173917881,0.4573643410852712,0.0354226563515601,0.7209302325581396,0.3333333333333333
0.1703571825970846,0.4883720930232558,0.5526593445130707,0.6046511627906976,1.0
0.1871035940803382,0.4806201550387596,0.1979188395807447,0.6976744186046512,0.1666666666666666
0.1088794926004228,0.193798449612403,0.0089697893142509,0.2558139534883721,0.1666666666666666
0.0981417603204629,0.3953488372093023,0.1497292738007782,0.1860465116279069,0.3333333333333333
0.2106375876265717,0.4496124031007752,0.1850703041626231,0.5813953488372093,0.6666666666666666
0.2185935239790808,0.5193798449612402,0.0244787273601248,0.7906976744186046,0.5
0.208300879047513,0.4883720930232558,1.0000000000000002,0.813953488372093,1.0
0.1747524201624568,0.5116279069767441,0.109793002536452,0.744186046511628,0.1666666666666666
0.0428952932012907,0.2015503875968992,0.5140532745626207,0.6511627906976745,0.1666666666666666
0.0929676198954044,0.2558139534883721,0.0,0.3953488372093023,0.3333333333333333
0.0334928229665071,0.1240310077519379,1.0000000000000002,0.4651162790697675,0.5
0.2308334260598642,0.5658914728682171,0.0028629560096379,0.4883720930232558,0.8333333333333333
0.1770334928229665,0.5736434108527132,0.2946909851652322,0.4186046511627906,0.3333333333333333
0.2327806832090798,0.5348837209302325,0.6157229795300158,0.8372093023255814,0.5
0.3634138199621676,0.4883720930232558,1.0000000000000002,0.5348837209302325,0.3333333333333333
0.1340269277845777,0.2868217054263565,0.0460944987106116,0.5581395348837209,0.3333333333333333
0.1518304217202626,0.4341085271317829,0.0911399522941438,0.627906976744186,0.5
0.1634026927784577,0.4961240310077519,0.1131185058211423,0.627906976744186,0.3333333333333333
0.2322243240235896,0.5891472868217054,0.0678614293013117,0.6976744186046512,0.5
0.0412262156448202,0.193798449612403,0.0551640531234033,0.5348837209302325,0.1666666666666666
0.2015689329030822,0.4496124031007752,0.0347877875426647,0.5348837209302325,0.3333333333333333
0.0865694892622677,0.2093023255813953,0.0759937964247816,0.5348837209302325,0.5
0.222710581951708,0.5038759689922481,0.0,0.2790697674418605,0.3333333333333333
0.2560364971625681,0.5968992248062015,0.0932561816571285,0.744186046511628,0.5
0.1858796038722599,0.5271317829457364,0.3522524238384168,0.7674418604651162,0.5
0.1923890063424947,0.4883720930232558,0.0056442860295607,0.3953488372093023,0.1666666666666666
0.7825748303104484,0.7751937984496123,0.2572337254404024,0.6511627906976745,0.1666666666666666
0.2095248692555914,0.4573643410852712,0.2207136530048945,0.6511627906976745,0.5
0.0728274173806609,0.1085271317829457,0.09304455872083,0.5348837209302325,0.3333333333333333
0.2144764660064537,0.4728682170542635,0.001593218391847,0.6511627906976745,0.3333333333333333
0.1118281962835206,0.2713178294573644,0.0,0.6976744186046512,0.3333333333333333
0.4387448536775342,0.7441860465116279,0.1570453810270968,0.5348837209302325,0.1666666666666666
0.2209858684766885,0.3410852713178294,0.0,0.3488372093023256,0.1666666666666666
0.1978969622788472,0.5038759689922481,1.0000000000000002,0.5348837209302325,0.1666666666666666
0.1093245799488149,0.3953488372093023,0.0072465739758205,0.4186046511627906,0.5
0.0469567152553688,0.1162790697674418,0.0369644806017347,0.9767441860465116,0.1666666666666666
0.4178257483031045,0.4961240310077519,0.2224973320394102,0.3488372093023256,0.1666666666666666
0.2022365639256704,0.5038759689922481,0.0334878180768312,0.0697674418604651,0.3333333333333333
0.2329475909647268,0.5503875968992248,0.0377505086508433,0.627906976744186,0.5
0.1002559252253254,0.3953488372093023,0.1274786336413959,0.0,0.1666666666666666
0.0817291643485034,0.2170542635658914,0.0539547792016978,0.4883720930232558,0.5
0.0271503282519194,0.1162790697674418,0.1944119452077986,0.4186046511627906,0.5
0.2558695894069211,0.5348837209302325,0.0106627728046387,0.3953488372093023,0.5
0.1869366863246912,0.4186046511627906,0.3087487945050593,0.4418604651162791,0.5
0.2435184154890397,0.4573643410852712,0.0487549013383639,0.5813953488372093,0.1666666666666666
0.9417491932791808,0.7984496124031008,0.1406597193879865,0.0697674418604651,0.8333333333333333
0.0796149994436408,0.3720930232558139,0.0235717719188456,0.3953488372093023,0.1666666666666666
0.0386113274730165,0.0697674418604651,0.1441061500648473,0.3255813953488372,0.3333333333333333
0.047513074440859,0.1705426356589147,0.1229136245869574,0.4418604651162791,0.1666666666666666
0.0789473684210526,0.2325581395348837,1.0000000000000002,0.4883720930232558,0.1666666666666666
0.0630354957160342,0.2558139534883721,0.3077209116716096,0.6976744186046512,0.5
0.0383887837988205,0.1395348837209302,0.0316134434981876,0.2093023255813954,0.5
0.237454100367197,0.6046511627906976,0.2094069418369475,0.4418604651162791,0.5
0.8414376321353065,0.8372093023255813,0.5470664526251825,0.2790697674418605,0.5
0.1284633359296762,0.2945736434108527,0.0,0.0465116279069767,0.1666666666666666
0.2291643485033938,0.5038759689922481,0.0585802519522216,0.4651162790697675,0.3333333333333333
0.4459775230889062,0.6434108527131782,0.2929375379787591,0.627906976744186,0.3333333333333333
0.1777011238455547,0.4651162790697674,0.0506897396130928,0.5813953488372093,0.5
0.1742516968955157,0.4573643410852712,0.0611197271878032,0.3953488372093023,0.3333333333333333
0.1723044397463002,0.5503875968992248,0.0500548708041974,0.4883720930232558,0.5
0.7664960498497829,0.8062015503875969,1.0000000000000002,0.8604651162790699,0.1666666666666666
0.2283298097251585,0.5658914728682171,0.0440689648917548,0.3255813953488372,0.1666666666666666
0.1101034828085011,0.3410852713178294,0.2647312237549769,0.8372093023255814,0.3333333333333333
0.0102926449315678,0.0,0.6331667558506184,0.3255813953488372,0.5
0.4177701123845554,0.3643410852713178,0.5161695039256055,0.5348837209302325,0.5
0.2331144987203738,0.4573643410852712,0.0749659135913319,0.5348837209302325,0.1666666666666666
0.1977300545232001,0.6356589147286821,0.3962095308924139,0.5348837209302325,0.1666666666666666
0.741070435072883,0.7906976744186046,0.6247623020947648,0.627906976744186,0.5
0.0708245243128964,0.2325581395348837,0.1490944049918827,0.5348837209302325,0.3333333333333333
0.1211193946812062,0.4186046511627906,1.0000000000000002,0.5348837209302325,0.3333333333333333
0.0532992099699566,0.1472868217054263,0.0084256160494834,0.5348837209302325,0.1666666666666666
0.2181484366306887,0.5348837209302325,0.0345459327583235,0.6046511627906976,0.6666666666666666
0.0613664181595638,0.2558139534883721,0.0387481596362504,0.9767441860465116,0.5
0.0347724490931345,0.1317829457364341,0.0426178361857082,0.7906976744186046,0.3333333333333333
0.0555802826304662,0.2713178294573644,0.1120906229876926,0.2325581395348837,0.5
0.1210637587626571,0.3798449612403101,1.0000000000000002,0.1627906976744186,0.3333333333333333
0.2549794147101368,0.5193798449612402,0.0103604543242123,0.2790697674418605,0.3333333333333333
0.2309446978969622,0.5813953488372092,0.0831587444108871,0.4883720930232558,0.5
0.1145543562924223,0.2790697674418604,0.0148952315306082,0.5348837209302325,0.5
0.2474129297874708,0.5736434108527132,0.1266019100481593,0.7674418604651162,0.3333333333333333
0.0721597863580727,0.3720930232558139,0.1872772290697358,0.5348837209302325,0.1666666666666666
0.0166351396461555,0.0387596899224806,0.2257623716280153,0.3023255813953488,0.5
0.0953043284744631,0.4806201550387596,0.2030280218999507,0.6976744186046512,0.3333333333333333
0.0484588850561922,0.1782945736434108,0.5233344519117109,0.6511627906976745,0.3333333333333333
0.2099699566039835,0.4573643410852712,0.0536222288732287,0.3720930232558139,0.5
0.2293868921775898,0.5426356589147286,0.0006862629505679,0.4418604651162791,0.1666666666666666
0.0682096361410927,0.2325581395348837,0.0588825704326479,0.6511627906976745,0.5
0.0628685879603872,0.2635658914728682,0.1330412936812414,0.6976744186046512,0.5
0.2113608545677089,0.5891472868217054,0.0288321134782648,0.4651162790697675,0.3333333333333333
0.2171469900968065,0.4263565891472868,0.0672870241885016,0.3023255813953488,0.1666666666666666
0.0424502058528986,0.1317829457364341,0.3962699945884992,0.5581395348837209,0.5
0.0879603872259931,0.2945736434108527,0.051929245382841,0.6511627906976745,0.5
0.014854790252587,0.0232558139534883,0.1755775038772345,0.5348837209302325,0.5
0.2245465672638255,0.5271317829457364,0.0156812595797168,0.6976744186046512,0.1666666666666666
0.0626460442861911,0.3720930232558139,0.0587011793443921,0.744186046511628,0.5
0.1128296428174029,0.3023255813953488,0.0237229311590588,0.4883720930232558,0.5
0.0318793813285857,0.0930232558139534,0.2481944028756534,0.5813953488372093,0.1666666666666666
0.2223767664404139,0.4108527131782945,0.0575826009668145,0.5813953488372093,0.3333333333333333
0.4968843885612551,0.5581395348837209,0.6591056814712026,0.7674418604651162,0.5
0.2268832758428841,0.5193798449612402,0.0095139625790185,0.6976744186046512,0.3333333333333333
0.2068543451652386,0.6434108527131782,0.3313319849929106,0.9069767441860463,0.8333333333333333
0.054912651607878,0.1317829457364341,0.1530245452374258,1.0,0.3333333333333333
0.0749972182040725,0.3178294573643411,0.1909957463789804,0.5348837209302325,0.1666666666666666
0.1829309001891621,0.3720930232558139,0.0438271101074137,0.3953488372093023,0.1666666666666666
0.0481807054634472,0.193798449612403,0.7806074787545688,0.3255813953488372,0.3333333333333333
0.0673194614443084,0.248062015503876,0.2668776849660043,0.4418604651162791,0.3333333333333333
0.0778902859686213,0.1705426356589147,0.3755309468312489,1.0,0.3333333333333333
0.7585957494158228,0.8449612403100775,1.0000000000000002,0.627906976744186,0.5
0.0713808834983865,0.3333333333333333,0.019097458408535,0.813953488372093,0.3333333333333333
0.2157560921330811,0.4806201550387596,0.0791983723173014,0.7906976744186046,0.1666666666666666
0.1187270501835985,0.2325581395348837,0.0346668601504941,0.0,0.5
0.1657394013575164,0.3720930232558139,0.7442990292553594,0.5348837209302325,0.5
0.1078780460665405,0.1317829457364341,0.0797123137340262,0.5813953488372093,0.3333333333333333
0.211805941916101,0.4186046511627906,0.0212439196195624,0.5116279069767442,0.1666666666666666
0.2406253477244909,0.4651162790697674,0.0025304056811688,0.4651162790697675,0.1666666666666666
0.3914543229108712,0.6046511627906976,0.1514524891392086,0.5116279069767442,0.5
0.226605096250139,0.4418604651162791,0.0,0.5348837209302325,0.1666666666666666
0.135084010237009,0.4108527131782945,0.2806936395214903,0.3255813953488372,0.3333333333333333
0.2688327584288416,0.4186046511627906,0.222346172799197,0.3953488372093023,0.3333333333333333
0.2361744742405697,0.6046511627906976,0.2740426329521097,0.744186046511628,0.3333333333333333
0.2115833982419049,0.5736434108527132,0.0342738461259398,0.813953488372093,0.3333333333333333
0.1547234894848114,0.4263565891472868,0.0629638699184042,0.6511627906976745,0.1666666666666666
0.222933125625904,0.5348837209302325,0.0666219235315635,0.3953488372093023,0.1666666666666666
0.2274396350283743,0.5813953488372092,0.032913412964021,0.5348837209302325,0.5
0.2553688661399799,0.5116279069767441,0.0255368420416171,0.4186046511627906,0.5
0.0675420051185045,0.2868217054263565,0.02236249799714,0.627906976744186,0.3333333333333333
0.7562590408367641,0.6666666666666666,0.5982187395133277,0.4186046511627906,0.1666666666666666
0.0390564148214087,0.1085271317829457,0.2543314680283091,0.5348837209302325,0.5
0.1348614665628129,0.5426356589147286,0.119255570973798,0.5348837209302325,0.1666666666666666
0.1967842439078669,0.5116279069767441,0.3676102026440774,0.7674418604651162,0.3333333333333333
0.3822743963502837,0.6821705426356589,0.1695009024206641,0.5581395348837209,0.1666666666666666
0.4484255035050629,0.4496124031007752,1.0000000000000002,0.5348837209302325,0.5
0.2330032268832758,0.5038759689922481,0.0487246694903212,0.3255813953488372,0.5
0.2510849004117058,0.5271317829457364,0.1067698177321881,0.5348837209302325,0.5
0.1652386780905752,0.4186046511627906,0.0346668601504941,0.5348837209302325,0.5
0.240792255480138,0.5503875968992248,0.0013815954555486,0.2558139534883721,0.3333333333333333
0.1251808167352843,0.2170542635658914,0.0171626201338061,0.4651162790697675,0.5
0.047568710359408,0.186046511627907,0.2742240240403655,1.0,0.5
0.1116056526093245,0.4108527131782945,0.0016536820879323,0.3720930232558139,0.3333333333333333
0.2323912317792366,0.5813953488372092,0.0,0.4418604651162791,0.3333333333333333
0.4550461778123957,0.6434108527131782,0.1740659114751025,0.5348837209302325,0.1666666666666666
0.1652386780905752,0.4031007751937984,0.2878585875075957,0.5348837209302325,0.5
0.2383442750639813,0.5193798449612402,0.2050233238707649,0.6744186046511628,0.3333333333333333
0.2088016023144542,0.5736434108527132,0.0,0.627906976744186,0.5
0.2382330032268833,0.5503875968992248,0.081072746895945,0.5813953488372093,0.5
0.4585512406809836,0.6589147286821705,0.333145895875469,0.6976744186046512,0.5
0.2030154667853566,0.5658914728682171,0.034757555694622,0.5348837209302325,0.3333333333333333
0.2328363191276288,0.4883720930232558,0.0059768363580297,0.5348837209302325,0.3333333333333333
0.0862356737509736,0.3255813953488372,0.0081232975690571,0.5348837209302325,0.3333333333333333
0.2162011794814732,0.4651162790697674,0.0,0.5348837209302325,0.3333333333333333
0.2308334260598642,0.4806201550387596,0.4720914694794378,0.5348837209302325,0.1666666666666666
0.1748636919995549,0.5193798449612402,0.1477944355260493,0.5116279069767442,0.5
0.2207076888839434,0.5581395348837209,0.1344017268431602,0.6744186046511628,0.3333333333333333
0.7026816512740625,0.6511627906976744,0.0613011182760591,0.5348837209302325,0.3333333333333333
0.2311672415711583,0.4418604651162791,0.0115394963978753,0.5348837209302325,0.3333333333333333
0.0984755758317569,0.3023255813953488,0.1832866251281074,0.9302325581395348,1.0
0.0707688883943473,0.2945736434108527,0.4567639225218198,0.5348837209302325,0.3333333333333333
0.4593301435406698,0.5271317829457364,1.0000000000000002,0.8372093023255814,0.3333333333333333
0.2259374652275509,0.4806201550387596,0.0004141763181841,0.4883720930232558,0.5
0.1613441637921442,0.4031007751937984,0.1262995915677329,0.6511627906976745,0.3333333333333333
0.2620451763658618,0.4961240310077519,1.0000000000000002,0.7674418604651162,0.1666666666666666
0.8367085790586402,0.8604651162790697,0.3589941259519253,0.1395348837209302,0.3333333333333333
0.7308890619784132,0.6434108527131782,0.6739495188601384,0.7674418604651162,0.5
0.2026816512740625,0.5193798449612402,0.036269148096754,0.7209302325581396,0.3333333333333333
0.0524646711917213,0.1240310077519379,0.4051279260649924,0.6046511627906976,0.5
0.2707800155780572,0.5891472868217054,0.0224834253893106,0.5348837209302325,0.3333333333333333
0.2139201068209636,0.5348837209302325,0.0323087760031683,0.3488372093023256,0.1666666666666666
0.2209302325581395,0.5193798449612402,0.0346970919985367,0.627906976744186,0.5
0.9139312340046734,0.8217054263565892,0.1687451062195981,0.5348837209302325,0.3333333333333333
0.1611772560364971,0.2868217054263565,0.537392261251538,0.4651162790697675,0.6666666666666666
0.1067653276955602,0.2170542635658914,0.0,0.3255813953488372,0.3333333333333333
0.1864915989762991,0.5116279069767441,0.0845494094208485,1.0,0.5
0.1212306665183042,0.3023255813953488,0.0261112471544273,0.5348837209302325,0.5
0.1979525981973962,0.3953488372093023,0.0671358649482884,0.4186046511627906,0.1666666666666666
0.2357850228107266,0.6046511627906976,0.0292553593508617,0.5348837209302325,0.5
0.2558695894069211,0.4031007751937984,0.0127487703195808,0.744186046511628,0.5
0.0458439968843885,0.193798449612403,0.83033886878471,0.5813953488372093,0.5
0.0480694336263491,0.1705426356589147,0.0556175308440429,0.7906976744186046,0.1666666666666666
0.4041949482585957,0.4108527131782945,0.0631150291586174,0.7209302325581396,0.3333333333333333
0.0574162679425837,0.2713178294573644,0.0272298255320049,0.5581395348837209,0.6666666666666666
0.0434516523867809,0.1085271317829457,0.3360783851356049,0.8372093023255814,0.3333333333333333
0.2967063536218983,0.3875968992248062,0.1375760708876373,0.5348837209302325,0.3333333333333333
0.047735618115055,0.2170542635658914,0.050417652980709,0.5348837209302325,0.1666666666666666
0.2567041281851563,0.4651162790697674,0.0197625590654731,0.6511627906976745,0.3333333333333333
0.1840992544786914,0.5581395348837209,0.1106697261296885,0.5348837209302325,0.5
0.0838433292533659,0.2093023255813953,0.0311297339295053,0.5348837209302325,0.5
0.06948926226772,0.186046511627907,0.0399574335579559,0.6744186046511628,0.5
0.1363636363636363,0.3565891472868217,0.4700054719644957,0.5116279069767442,0.5
0.0509068654723489,0.1782945736434108,0.692239786925935,0.5348837209302325,0.3333333333333333
0.2535328808278624,0.4573643410852712,0.0023792464409556,0.7906976744186046,0.5
0.8174585512406809,0.8062015503875969,0.5351853363444254,0.5348837209302325,0.3333333333333333
0.1869366863246912,0.4883720930232558,0.0914725026226128,0.3488372093023256,0.1666666666666666
0.076666295760543,0.248062015503876,0.331301753144868,0.3255813953488372,0.5
0.0800600867920329,0.2558139534883721,0.2565383929354217,0.2558139534883721,0.3333333333333333
0.1611772560364971,0.4341085271317829,0.0361179888565408,0.5813953488372093,0.1666666666666666
0.1249026371425392,0.3333333333333333,0.0233299171345045,0.4883720930232558,1.0
0.2476354734616668,0.5581395348837209,0.0168905335014224,0.7906976744186046,0.5
0.0907421831534438,0.193798449612403,0.0085767752896966,0.5581395348837209,0.3333333333333333
0.2151440970290419,0.4186046511627906,0.0255368420416171,0.4651162790697675,0.5
0.0911316345832869,0.2325581395348837,0.0052512720050063,0.0697674418604651,0.3333333333333333
0.0755535773895627,0.1550387596899224,0.0833703673471855,0.3488372093023256,0.5
0.0923556247913653,0.2403100775193798,0.0,0.5348837209302325,0.5
0.2217091354178257,0.4418604651162791,0.0050396490687079,0.5813953488372093,0.5
0.1541671302993212,0.4496124031007752,0.1156882129047666,0.627906976744186,0.1666666666666666
0.200901301880494,0.5271317829457364,0.1186509340129453,0.3255813953488372,0.3333333333333333
0.806887726716368,0.8217054263565892,0.2526989482340065,0.7209302325581396,0.3333333333333333
0.7836875486814286,0.8527131782945736,0.0680125885415249,0.8604651162790699,0.1666666666666666
0.4413597418493379,0.6744186046511628,0.5309226457704134,0.4883720930232558,0.3333333333333333
0.0829531545565817,0.186046511627907,0.2499176182140838,0.4883720930232558,0.3333333333333333
0.0408367642149771,0.2015503875968992,0.7557568996635196,0.883720930232558,0.1666666666666666
0.8354845888505619,0.7441860465116279,0.4899887235206801,0.4883720930232558,0.1666666666666666
0.2619339045287637,0.6046511627906976,0.0809820513518171,0.7674418604651162,0.1666666666666666
0.2000111271837098,0.5116279069767441,0.0478479458970847,0.5348837209302325,0.5
0.0593078891732502,0.2403100775193798,0.5433781671639806,0.5116279069767442,0.3333333333333333
0.0339935462334483,0.1162790697674418,0.9142624789510758,0.9534883720930232,0.3333333333333333
0.1015911872705018,0.3023255813953488,1.0000000000000002,0.5348837209302325,0.1666666666666666
0.8386558362078557,0.8062015503875969,1.0000000000000002,0.5348837209302325,0.5
0.7655502392344496,0.6744186046511628,0.8555522300522709,0.5348837209302325,0.5
0.2187604317347279,0.5116279069767441,0.7408525985784985,0.5348837209302325,0.5
0.2308890619784132,0.5426356589147286,0.0400481291020838,0.5348837209302325,0.1666666666666666
0.1084900411705797,0.3255813953488372,0.0174044749181472,0.4186046511627906,0.1666666666666666
0.2703349282296651,0.5038759689922481,0.0709753096497035,0.5581395348837209,0.3333333333333333
0.2323355958606876,0.5503875968992248,0.0232694534384192,0.5348837209302325,0.3333333333333333
0.0869033047735618,0.1782945736434108,0.0528664326721628,0.3023255813953488,0.1666666666666666
0.2066874374095916,0.5348837209302325,0.1015699398688542,0.6976744186046512,0.5
0.1906642928674752,0.4651162790697674,0.0397760424697001,0.4186046511627906,0.3333333333333333
0.171692444642261,0.4573643410852712,0.0328831811159784,0.4418604651162791,0.1666666666666666
0.2103594080338266,0.5271317829457364,0.6998884444807227,0.813953488372093,0.3333333333333333
0.3939023033270279,0.5968992248062015,0.082493643753949,0.5348837209302325,0.3333333333333333
0.266384778012685,0.4806201550387596,0.1305320502937024,0.4883720930232558,0.5
0.0388338711472126,0.1162790697674418,0.7086859122611306,0.6046511627906976,0.5
0.266440413931234,0.5038759689922481,0.0376598131067154,0.627906976744186,0.3333333333333333
0.2165349949927673,0.5038759689922481,0.5255111449707809,0.5581395348837209,0.5
0.3981862690553021,0.5736434108527132,0.6971675781568851,0.3953488372093023,0.5
0.1375876265717147,0.4961240310077519,0.4641404934442238,0.8604651162790699,0.5
0.0727161455435629,0.2248062015503875,0.0411364756316188,0.3488372093023256,0.1666666666666666
0.0719928786024257,0.186046511627907,0.0086977026818672,0.4651162790697675,0.5
0.1276287971514409,0.3255813953488372,0.0348180193907073,0.1627906976744186,0.5
0.1988984088127295,0.4573643410852712,0.0069744873434368,0.7209302325581396,0.3333333333333333
0.2330588628018248,0.5193798449612402,0.0503571892846237,0.4418604651162791,0.1666666666666666
0.1566151107154779,0.4418604651162791,0.0323087760031683,0.9302325581395348,0.3333333333333333
0.1040948036052075,0.2868217054263565,0.0528664326721628,0.5348837209302325,0.5
0.1671302993212418,0.5348837209302325,0.0184625895996396,0.5348837209302325,0.1666666666666666
0.1745855124068098,0.4961240310077519,0.1150835759439138,0.5348837209302325,0.3333333333333333
0.2147546455991988,0.5658914728682171,0.0559198493244693,0.2790697674418605,0.5
0.3895627016802047,0.5503875968992248,1.0000000000000002,0.6976744186046512,0.3333333333333333
0.102425726048737,0.248062015503876,0.0820401660333094,0.5348837209302325,0.5
0.1955602536997885,0.4031007751937984,0.0367830895134788,0.5813953488372093,0.3333333333333333
0.1384778012684989,0.5038759689922481,0.2319296686287136,0.6511627906976745,0.3333333333333333
0.2565372204295092,0.5658914728682171,0.0354528881996027,0.5348837209302325,0.1666666666666666
0.0397240458439968,0.1705426356589147,0.2022419938508421,0.6046511627906976,0.3333333333333333
0.091242906420385,0.2558139534883721,0.1058326304428663,0.5348837209302325,0.5
0.2396239011906086,0.5503875968992248,0.0,0.883720930232558,0.1666666666666666
0.2333926783131189,0.5193798449612402,0.0508106670052633,0.6976744186046512,0.1666666666666666
0.1012017358406587,0.2558139534883721,0.0,0.5348837209302325,0.3333333333333333
0.0820073439412484,0.2170542635658914,0.0560105448685972,0.5581395348837209,0.1666666666666666
0.1166685211972849,0.2403100775193798,0.1002397385549781,0.5348837209302325,0.5
0.2184266162234338,0.4961240310077519,0.0258391605220435,0.6744186046511628,0.1666666666666666
0.2296094358517859,0.4496124031007752,0.016920765349465,0.4186046511627906,0.3333333333333333
0.2354512072994325,0.4031007751937984,0.0630847973105748,0.6976744186046512,0.3333333333333333
0.1996216757538667,0.5503875968992248,0.4235693533710022,0.4883720930232558,0.5
0.1263491710248136,0.3798449612403101,0.0673777197326295,0.1162790697674418,0.5
0.0664292867475242,0.193798449612403,0.0315832116501449,0.5348837209302325,0.3333333333333333
0.0900189162123066,0.2248062015503875,0.8548568975472902,0.4883720930232558,0.5
0.8002114164904862,0.6821705426356589,0.0571593550942175,0.5348837209302325,0.1666666666666666
0.0490152442416824,0.2713178294573644,0.0317948345864434,0.4186046511627906,0.1666666666666666
0.8738177367308334,0.751937984496124,0.082826194082418,0.2558139534883721,0.5
0.2266607321686881,0.6356589147286821,0.0220601795167136,0.4883720930232558,0.5
0.2239345721597863,0.5813953488372092,0.0303437058803967,0.7674418604651162,0.1666666666666666
0.4229998887281629,0.6201550387596899,0.3315738397772517,0.5348837209302325,0.5
0.0668187381773673,0.2015503875968992,0.0386876959401651,0.2325581395348837,0.1666666666666666
0.1637365082897518,0.3255813953488372,0.004193157323514,0.5348837209302325,0.8333333333333333
0.1973962390119061,0.6046511627906976,0.1665079494644428,0.6744186046511628,0.3333333333333333
0.0780571937242683,0.193798449612403,0.0643847667764082,0.0232558139534884,0.3333333333333333
0.2609880939134305,0.5581395348837209,0.0385063048519093,0.3720930232558139,0.5
0.1945031712473573,0.5116279069767441,0.0503571892846237,0.7209302325581396,0.3333333333333333
0.1068765995326583,0.2790697674418604,0.0393527965971031,0.5348837209302325,0.5
0.2187604317347279,0.5658914728682171,0.0100279039957433,0.5348837209302325,0.5
0.7647713363747635,0.8372093023255813,0.4370225257499766,0.6046511627906976,0.5
0.1670190274841437,0.4263565891472868,0.0817076157048404,0.5348837209302325,0.1666666666666666
0.259263380438411,0.6434108527131782,0.0748147543511187,0.6511627906976745,0.5
0.1259040836764215,0.186046511627907,0.1037768647759669,0.5348837209302325,0.5
0.2121397574273951,0.5503875968992248,0.7274901217436521,0.9302325581395348,0.6666666666666666
0.2437965950817848,0.5813953488372092,0.0362993799447966,0.4186046511627906,0.1666666666666666
0.2104706798709246,0.5968992248062015,0.0053117357010916,0.3953488372093023,0.3333333333333333
0.175420051185045,0.4263565891472868,0.4794680404018417,0.2558139534883721,0.3333333333333333
0.0708245243128964,0.2325581395348837,0.0,0.4186046511627906,0.5
0.087904751307444,0.3100775193798449,0.0,0.5348837209302325,0.5
0.0452320017803493,0.1240310077519379,0.0435852553230726,0.9302325581395348,1.0
0.2523645265383331,0.5348837209302325,0.014320826417798,0.5348837209302325,0.3333333333333333
0.1240124624457549,0.3565891472868217,0.051929245382841,0.1395348837209302,0.5
0.2121397574273951,0.4651162790697674,0.0,0.5348837209302325,0.3333333333333333
0.1912762879715144,0.5736434108527132,0.0,0.3023255813953488,0.1666666666666666
0.2383442750639813,0.4883720930232558,0.0164975194768681,0.2790697674418605,0.1666666666666666
0.2297763436074329,0.4573643410852712,0.0374179583223743,0.5116279069767442,0.1666666666666666
0.2195949705129631,0.5891472868217054,0.0391714055088473,0.6046511627906976,0.5
0.098809391343051,0.2248062015503875,0.5499687100372759,0.5348837209302325,0.3333333333333333
0.1892733949037498,0.5193798449612402,0.0480293369853405,0.5813953488372093,0.1666666666666666
0.1923333704239457,0.248062015503876,0.0406527660629366,0.813953488372093,0.3333333333333333
0.2536441526649605,0.5116279069767441,0.0196718635213452,0.6976744186046512,0.1666666666666666
0.2463002114164905,0.5038759689922481,0.0447642973967355,0.5116279069767442,0.5
0.138922888616891,0.5736434108527132,0.0299204600077998,0.3488372093023256,0.5
0.4688995215311005,0.8062015503875969,1.0000000000000002,0.5348837209302325,0.1666666666666666
0.2106932235451207,0.4263565891472868,0.0,0.5348837209302325,0.5
0.2233782129742962,0.5658914728682171,0.0362389162487113,0.5348837209302325,0.3333333333333333
0.1562812952041838,0.5891472868217054,0.0356645111359012,0.3488372093023256,0.5
0.2162568154000222,0.4806201550387596,0.0059163726619444,0.5813953488372093,0.1666666666666666
0.127795704907088,0.4263565891472868,0.061724364148656,0.1627906976744186,0.5
0.1053187938132858,0.248062015503876,0.0472433089362319,0.6511627906976745,0.3333333333333333
0.1256259040836764,0.2713178294573644,0.0507199714611354,0.2325581395348837,0.3333333333333333
0.1968955157449649,0.4728682170542635,0.2453526091596453,0.3720930232558139,0.1666666666666666
0.7503616334705685,0.7131782945736433,0.0692823261593158,0.5348837209302325,0.1666666666666666
0.0855124068098364,0.1782945736434108,0.3550942175544249,0.8372093023255814,0.3333333333333333
0.0430065650383887,0.2248062015503875,1.0000000000000002,0.2093023255813954,0.3333333333333333
0.0759986647379548,0.3643410852713178,0.4173113608261759,0.7674418604651162,0.3333333333333333
0.4057527539779682,0.5503875968992248,0.3438782019306058,0.5348837209302325,0.3333333333333333
0.1175030599755201,0.3333333333333333,0.0071558784316926,0.6976744186046512,0.5
0.0114053633025481,0.0775193798449612,0.0225741209334385,0.5813953488372093,0.5
0.1176699677311672,0.2713178294573644,0.0351203378711337,0.0,0.3333333333333333
0.1349171024813619,0.3720930232558139,0.0667730827717767,0.5348837209302325,0.3333333333333333
0.2012907533103371,0.5581395348837209,0.2080465086750288,0.4186046511627906,0.3333333333333333
0.0702681651274062,0.248062015503876,0.0295879096793307,0.4186046511627906,0.3333333333333333
0.1810392789584956,0.4186046511627906,0.1058326304428663,0.6976744186046512,0.5
0.0460109046400356,0.1162790697674418,0.0440991967397975,0.813953488372093,0.3333333333333333
0.2173138978524535,0.5658914728682171,0.0461851942547396,0.5348837209302325,0.5
0.2224880382775119,0.5426356589147286,0.121099713704399,0.5348837209302325,0.5
0.0163013241348614,0.0387596899224806,0.0898702146763529,0.3488372093023256,0.1666666666666666
0.1772560364971625,0.5426356589147286,0.238096965629412,0.5348837209302325,0.3333333333333333
0.8296984533214643,0.7751937984496123,0.5394177950703949,0.5348837209302325,0.1666666666666666
0.0856793145654834,0.2790697674418604,0.182319205990743,0.6046511627906976,0.1666666666666666
0.0422832980972515,0.1782945736434108,0.4375364671667014,0.3720930232558139,0.3333333333333333
0.4301212863024368,0.5581395348837209,0.0759937964247816,0.4186046511627906,0.5
0.1818738177367308,0.5271317829457364,0.2248554161867361,0.5348837209302325,0.3333333333333333
0.8195170802269944,0.7131782945736433,0.1410527334125408,0.1860465116279069,0.3333333333333333
0.0424502058528986,0.2015503875968992,0.0261717108505125,0.3720930232558139,0.1666666666666666
0.1593412707243796,0.2713178294573644,0.2000048370956868,0.4651162790697675,0.3333333333333333
0.0378880605318793,0.2093023255813953,0.6433246567929451,0.4186046511627906,0.3333333333333333
0.1984533214643373,0.5271317829457364,0.0344552372141956,0.5813953488372093,0.3333333333333333
0.2614331812618226,0.5116279069767441,0.0174347067661899,0.5348837209302325,0.3333333333333333
0.7627684433069989,0.6589147286821705,0.9306481405901862,0.4651162790697675,0.5
0.0502948703683097,0.193798449612403,0.5539895458269469,0.5348837209302325,0.3333333333333333
0.2084121508846111,0.5271317829457364,0.1392085906819398,0.5348837209302325,0.5
0.222821853788806,0.4961240310077519,0.0405016068227234,0.5348837209302325,0.3333333333333333
0.0881272949816401,0.1705426356589147,0.195470059889291,0.6511627906976745,0.6666666666666666
0.0595860687659953,0.1550387596899224,0.0214857744039035,0.2790697674418605,0.1666666666666666
0.2239902080783353,0.3953488372093023,0.6815074808707982,0.4883720930232558,0.5
0.1949482585957494,0.5891472868217054,0.0178579526387868,0.3488372093023256,0.3333333333333333
0.0718816067653276,0.186046511627907,0.0653824177618153,0.3488372093023256,0.6666666666666666
0.2463002114164905,0.5038759689922481,0.0233299171345045,0.6744186046511628,0.1666666666666666
0.2378991877155891,0.5968992248062015,0.0115697282459179,0.3953488372093023,0.1666666666666666
0.0349393568487815,0.2170542635658914,0.2393364713991601,0.5348837209302325,0.5
0.1161677979303438,0.2868217054263565,0.0487851331864065,0.5348837209302325,0.5
0.0777233782129743,0.2868217054263565,0.00930233964272,0.5348837209302325,0.5
0.1883275842884166,0.4651162790697674,0.0448549929408634,0.627906976744186,0.1666666666666666
0.0720485145209747,0.2790697674418604,0.0126278429274103,0.813953488372093,0.5
0.700956937799043,0.8062015503875969,0.0571593550942175,0.2093023255813954,0.1666666666666666
0.2357850228107266,0.5813953488372092,0.1716473636316914,0.2325581395348837,0.3333333333333333
0.237454100367197,0.4263565891472868,0.102507127158176,0.3953488372093023,0.1666666666666666
0.792144208300879,0.8372093023255813,0.1007839118197456,0.5116279069767442,0.5
0.1162234338488928,0.2558139534883721,0.0381132908273549,0.9302325581395348,0.8333333333333333
0.1967842439078669,0.3565891472868217,0.0917445892549966,0.5348837209302325,0.1666666666666666
0.7745632580393902,0.7441860465116279,0.0727589886842192,0.7906976744186046,0.5
0.7835206409257817,0.7674418604651162,0.1112441312424987,0.7906976744186046,0.3333333333333333
0.0573606320240347,0.1472868217054263,0.6247320702467222,0.5348837209302325,0.1666666666666666
0.2533103371536664,0.5271317829457364,0.0295274459832455,0.6046511627906976,0.5
0.2386780905752754,0.4651162790697674,0.0060070682060723,0.5348837209302325,0.1666666666666666
0.1472682763992433,0.3798449612403101,0.1858865640597744,0.5348837209302325,0.5
0.1051518860576388,0.3875968992248062,0.0188253717761513,0.2790697674418605,0.5
0.0837320574162679,0.2790697674418604,0.3208113018740722,0.2558139534883721,0.1666666666666666
0.226215644820296,0.5968992248062015,0.0654731133059433,0.5348837209302325,0.5
0.2441860465116279,0.5968992248062015,0.0097860492114022,0.4651162790697675,0.8333333333333333
0.2213196839879826,0.4883720930232558,0.0419527355287701,0.6511627906976745,0.1666666666666666
0.1983976855457883,0.3875968992248062,0.1852819270989216,0.4186046511627906,0.1666666666666666
0.7650495159675086,0.689922480620155,0.2416340918504007,0.744186046511628,0.5
0.4403026593969066,0.5736434108527132,0.3554872315789792,0.5581395348837209,0.1666666666666666
0.7579837543117837,0.5813953488372092,0.3488664568576413,0.3720930232558139,0.5
0.1242906420385,0.5038759689922481,0.061724364148656,0.1395348837209302,0.5
0.255480137977078,0.4108527131782945,0.0596081347856713,0.5581395348837209,0.1666666666666666
0.4011906086569489,0.5038759689922481,1.0000000000000002,0.1395348837209302,0.1666666666666666
0.1417603204628908,0.3720930232558139,0.0164370557807828,0.3720930232558139,0.1666666666666666
0.1007010125737175,0.248062015503876,0.0080930657210144,0.5116279069767442,0.5
0.273673083342606,0.4728682170542635,0.0776867799151694,0.5581395348837209,0.1666666666666666
0.0616445977523088,0.2093023255813953,0.2134882413227038,0.5348837209302325,0.5
0.0792811839323467,0.3255813953488372,0.1738542885388041,0.2325581395348837,0.5
0.0679314565483476,0.186046511627907,0.0353924245035174,0.7906976744186046,0.1666666666666666
0.1888283075553577,0.4341085271317829,0.0279553898850282,0.3255813953488372,0.5
0.0497941471013686,0.2558139534883721,0.4371132212941045,0.6511627906976745,0.3333333333333333
0.1865472348948481,0.4806201550387596,0.8915281292230113,0.0930232558139534,0.3333333333333333
0.2389006342494714,0.4341085271317829,0.0937701230738534,0.5581395348837209,0.5
0.0857905864025815,0.2713178294573644,0.1106092624336033,0.8372093023255814,0.1666666666666666
0.1228441081562256,0.2635658914728682,0.147401421501495,0.3488372093023256,0.3333333333333333
0.7014020251474351,0.7596899224806201,0.3624405566287861,0.2325581395348837,0.1666666666666666
0.0384444197173695,0.0930232558139534,1.0000000000000002,0.8372093023255814,0.5
0.0639256704128185,0.2248062015503875,0.3890748147543511,0.0,0.5
0.1030377211527762,0.2248062015503875,0.0382644500675681,0.4186046511627906,0.5
0.1160008901746967,0.3565891472868217,0.027471680316346,0.0,0.5
0.2382330032268833,0.4573643410852712,0.0503269574365811,0.2558139534883721,0.3333333333333333
0.0592522532547012,0.186046511627907,1.0000000000000002,0.5581395348837209,0.5
0.0661511071547791,0.2945736434108527,1.0000000000000002,0.5348837209302325,0.5
0.2114164904862579,0.5116279069767441,0.0864237839994921,0.3953488372093023,0.5
0.2292199844219428,0.4883720930232558,0.0103302224761697,0.744186046511628,0.3333333333333333
0.2295537999332368,0.5813953488372092,0.2533035851948593,0.2093023255813954,0.5
0.215422276621787,0.4651162790697674,0.0269275070515785,0.5348837209302325,0.3333333333333333
0.1238455546901079,0.2170542635658914,0.3014629191267833,0.6046511627906976,0.5
0.1553354845888505,0.4263565891472868,0.0236926993110161,0.4186046511627906,0.3333333333333333
0.062312228774897,0.2558139534883721,0.9596707147111196,0.4651162790697675,0.1666666666666666
0.1797040169133192,0.4496124031007752,0.0520501727750115,0.4651162790697675,0.6666666666666666
0.0646489373539557,0.1705426356589147,1.0000000000000002,0.5813953488372093,0.5
0.1964504283965728,0.4883720930232558,0.1741566070192305,0.6976744186046512,0.5
0.069656170023367,0.186046511627907,0.0483618873138096,0.8372093023255814,0.3333333333333333
0.2169800823411594,0.4651162790697674,0.1685939469793849,0.4651162790697675,0.5
0.1910537442973183,0.5271317829457364,0.0346970919985367,0.5348837209302325,0.3333333333333333
0.1914431957271614,0.5116279069767441,1.0000000000000002,0.6046511627906976,0.1666666666666666
0.0697118059419161,0.2635658914728682,0.4222391520571261,0.5348837209302325,0.3333333333333333
0.1173361522198731,0.4573643410852712,0.9268389277368136,0.744186046511628,0.3333333333333333
0.8940135751641259,0.7674418604651162,1.0000000000000002,0.627906976744186,0.3333333333333333
0.0869589406921108,0.2635658914728682,0.0065814733188825,0.6744186046511628,0.5
0.1340825637031267,0.2790697674418604,0.0146231448982244,0.6976744186046512,0.3333333333333333
0.0487927005674863,0.1550387596899224,0.0481804962255537,0.5348837209302325,0.3333333333333333
0.1659063091131634,0.3798449612403101,0.0158626506679726,0.4883720930232558,0.1666666666666666
0.1822632691665739,0.4418604651162791,0.0,0.1395348837209302,0.3333333333333333
0.0665961945031712,0.248062015503876,0.0405923023668513,0.5348837209302325,0.1666666666666666
0.0798931790363858,0.2170542635658914,0.0523827231034806,0.9534883720930232,0.6666666666666666
0.058473350395015,0.2403100775193798,0.042043431072898,0.5116279069767442,0.1666666666666666
0.4702904194948258,0.7364341085271318,0.3602940954177588,0.6511627906976745,0.3333333333333333
0.0656503838878379,0.2170542635658914,0.0053117357010916,0.883720930232558,0.8333333333333333
0.0501279626126627,0.1395348837209302,0.4866632202359898,0.5348837209302325,0.5
0.0827862468009346,0.2015503875968992,0.0007164947986105,0.5348837209302325,0.3333333333333333
0.2814064760209191,0.6201550387596899,0.0280763172771988,0.5348837209302325,0.1666666666666666
0.1125514632246578,0.2635658914728682,0.0062186911423708,0.1395348837209302,0.1666666666666666
0.0830087904751307,0.3875968992248062,0.0376598131067154,0.4186046511627906,0.3333333333333333
0.09491487704462,0.2248062015503875,0.0304344014245246,0.5581395348837209,0.5
0.2102481361967286,0.5503875968992248,0.0343040779739824,0.2558139534883721,0.1666666666666666
0.219261155001669,0.4263565891472868,0.0015025228477191,0.744186046511628,0.1666666666666666
0.0713252475798375,0.3333333333333333,0.5805028765603413,0.5116279069767442,0.5
0.1309669522643818,0.3178294573643411,0.7008558636180872,0.9534883720930232,1.0
0.7370646489373539,0.7286821705426356,0.5020814627377357,0.5348837209302325,0.5
0.0516857683320351,0.2403100775193798,0.0,0.6976744186046512,0.5
0.244575497941471,0.5038759689922481,0.0925306173041052,0.5348837209302325,0.3333333333333333
0.1118838322020696,0.3100775193798449,0.1453154239865529,0.5348837209302325,0.6666666666666666
0.7713363747635473,0.7984496124031008,0.5823470192909422,0.6976744186046512,0.3333333333333333
0.1830421720262601,0.4573643410852712,0.0,0.5348837209302325,0.5
0.1833759875375542,0.4263565891472868,0.2991048349794574,0.6046511627906976,0.3333333333333333
0.2400689885390007,0.5193798449612402,0.0957956568927102,0.4883720930232558,1.0
0.1945031712473573,0.5581395348837209,0.1635452283562642,0.4651162790697675,0.3333333333333333
0.8273061088238566,0.8682170542635659,0.1964072471786128,0.5116279069767442,0.3333333333333333
0.0860687659953265,0.3333333333333333,0.0377202768028006,0.5348837209302325,0.5
0.4095916323578502,0.5426356589147286,0.0712171644340446,0.4651162790697675,0.5
0.0720485145209747,0.2635658914728682,0.0481200325294685,0.2790697674418605,0.1666666666666666
0.4334594414153777,0.4651162790697674,0.5524779534248149,0.5348837209302325,0.5
0.1157783465005007,0.3488372093023255,0.0454898617497589,0.1162790697674418,0.1666666666666666
0.0685434516523867,0.2403100775193798,0.4384736544560232,0.5348837209302325,0.3333333333333333
0.0191387559808612,0.0930232558139534,0.1727054783131838,0.5348837209302325,0.1666666666666666
0.0865694892622677,0.3178294573643411,0.2175090771123748,0.7906976744186046,0.3333333333333333
0.2316679648380994,0.4418604651162791,0.0696753401838701,0.6744186046511628,0.1666666666666666
0.0961388672526983,0.2713178294573644,0.0131115524960925,0.5116279069767442,0.3333333333333333
0.1361967286079893,0.4108527131782945,0.5095487292042675,0.2790697674418605,0.5
0.1054300656503838,0.3023255813953488,0.1129673465809291,0.3023255813953488,0.5
0.131523311449872,0.3720930232558139,0.529441285216324,0.1395348837209302,0.1666666666666666
0.0301546678535662,0.1085271317829457,0.0614522775162722,0.744186046511628,0.1666666666666666
0.2124179370201402,0.4496124031007752,0.1820168875103166,0.8604651162790699,0.5
0.2073550684321798,0.5116279069767441,0.0145022175060539,0.3023255813953488,0.3333333333333333
0.2380660954712362,0.4573643410852712,0.1836796391526617,0.5348837209302325,0.3333333333333333
0.2491376432624902,0.6201550387596899,0.0,0.5116279069767442,0.3333333333333333
0.2359519305663736,0.5426356589147286,0.0181905029672558,0.5348837209302325,0.1666666666666666
0.2109157672193168,0.5891472868217054,0.0079721383288439,0.4186046511627906,0.5
0.193668632469122,0.5116279069767441,0.4894445502559126,0.744186046511628,0.1666666666666666
0.1092133081117169,0.248062015503876,0.0440387330437122,0.3720930232558139,0.3333333333333333
0.1922220985868476,0.3643410852713178,0.0331250359003195,0.5348837209302325,0.3333333333333333
0.237509736285746,0.5658914728682171,0.0368737850576067,0.5348837209302325,0.5
0.117057972627128,0.5348837209302325,0.0557384582362135,0.3255813953488372,0.5
0.2212084121508846,0.3953488372093023,0.0125069155352397,0.4186046511627906,0.1666666666666666
0.2079114276176699,0.5116279069767441,0.2472572155863316,0.5348837209302325,0.5
0.193724268387671,0.4883720930232558,0.203088485596036,0.5348837209302325,0.3333333333333333
0.1956158896183376,0.3333333333333333,0.1062558763154633,0.5348837209302325,0.3333333333333333
0.1078224101479915,0.3720930232558139,0.2874353416349988,0.6511627906976745,0.1666666666666666
0.2002336708579058,0.3953488372093023,0.032248312307083,0.5348837209302325,0.6666666666666666
0.0526872148659174,0.2403100775193798,0.2155137751415606,0.5581395348837209,0.6666666666666666
0.7268832758428841,0.7596899224806201,0.7553336537909227,0.5348837209302325,0.5
0.3643596305775008,0.5581395348837209,0.069433485399529,0.5348837209302325,0.1666666666666666
0.0900745521308556,0.248062015503876,0.3269785988747706,0.5813953488372093,0.5
0.2087459663959052,0.4651162790697674,0.0650196355853037,0.5348837209302325,0.3333333333333333
0.1111049293423834,0.4186046511627906,0.9246622346777436,0.0465116279069767,0.5
0.0684321798152887,0.2558139534883721,0.4556151122961995,0.4418604651162791,0.3333333333333333
0.2110270390564148,0.3798449612403101,0.0165579831729533,0.2790697674418605,0.3333333333333333
0.1622899744074774,0.4186046511627906,0.0,0.2093023255813954,0.5
0.1873261377545343,0.4341085271317829,0.1397829957947499,0.5348837209302325,0.5
0.1477689996661844,0.4806201550387596,0.0323692396992535,0.5348837209302325,0.3333333333333333
0.0537999332368977,0.1550387596899224,0.5029581863309722,0.6511627906976745,0.6666666666666666
0.1808167352842995,0.4573643410852712,0.0168603016533797,0.5348837209302325,0.1666666666666666
0.0571937242683876,0.2558139534883721,0.0893562732596281,0.0232558139534884,0.1666666666666666
0.1744742405697118,0.5193798449612402,0.602209343454956,0.744186046511628,0.5
0.0561366418159563,0.2558139534883721,0.886025932879251,0.4651162790697675,0.5
0.1069878713697563,0.1472868217054263,0.0458224120782279,0.5348837209302325,0.3333333333333333
0.1144987203738733,0.186046511627907,0.0343947735181104,0.3720930232558139,0.1666666666666666
0.211639034160454,0.4418604651162791,0.4470897311481753,0.4651162790697675,0.1666666666666666
0.218982975408924,0.5891472868217054,0.0,0.3255813953488372,0.5
0.0321575609213308,0.1085271317829457,0.0777472436112547,0.5348837209302325,0.1666666666666666
0.3628018248581284,0.4418604651162791,0.4247181635966225,0.5348837209302325,0.5
0.0539668409925447,0.193798449612403,0.0843982501806353,0.5348837209302325,0.6666666666666666
0.1818181818181818,0.5736434108527132,0.317062552716785,0.3953488372093023,0.3333333333333333
0.1665739401357516,0.4031007751937984,0.3777378717383615,0.6976744186046512,0.6666666666666666
0.1049849783019917,0.193798449612403,0.0418015762885569,0.3255813953488372,0.5
0.2283298097251585,0.6666666666666666,0.2953863176702128,0.3488372093023256,0.5
0.2210971403137865,0.5271317829457364,0.0,0.5348837209302325,0.3333333333333333
0.2074663402692778,0.4573643410852712,0.1144789389830611,0.7906976744186046,0.5
0.0379993323689774,0.1240310077519379,0.1344924223872881,0.6511627906976745,0.3333333333333333
0.1991209524869255,0.4806201550387596,0.0470014541518908,0.5581395348837209,0.1666666666666666
0.2346166685211972,0.4418604651162791,0.0089395574662083,0.5348837209302325,0.5
0.240959163235785,0.5503875968992248,0.014320826417798,0.5581395348837209,0.6666666666666666
0.0538555691554467,0.2170542635658914,0.1533570955658948,0.5348837209302325,0.5
0.41977300545232,0.5581395348837209,0.6232507096926329,0.3023255813953488,0.1666666666666666
0.1094914877044619,0.3255813953488372,0.0404109112785955,0.3720930232558139,0.5
0.2727829086458217,0.6201550387596899,0.0268368115074506,0.5348837209302325,0.1666666666666666
0.3934572159786358,0.6589147286821705,1.0000000000000002,0.5348837209302325,0.3333333333333333
0.2202626015355513,0.5968992248062015,0.0926213128482331,0.5581395348837209,0.1666666666666666
0.0762212084121508,0.3720930232558139,0.0370854079939052,0.744186046511628,0.5
0.2249360186936686,0.5736434108527132,0.1669009634889971,0.5348837209302325,0.5
0.2488594636697452,0.3333333333333333,0.0,0.3720930232558139,0.5
0.452653833314788,0.5813953488372092,0.7952094613591635,0.5581395348837209,0.5
0.0683765438967397,0.193798449612403,0.0232089897423339,0.4651162790697675,0.5
0.4410815622565928,0.6356589147286821,0.439834087617942,0.5116279069767442,0.3333333333333333
0.262879715144097,0.6356589147286821,0.1131789695172276,0.2558139534883721,0.5
0.2509179926560587,0.5813953488372092,0.0,0.5348837209302325,0.3333333333333333
0.2418493379325692,0.6356589147286821,0.0098465129074875,0.6046511627906976,0.5
0.2019027484143763,0.3720930232558139,0.3412177993028535,0.4418604651162791,0.3333333333333333
0.1108267497496383,0.2713178294573644,0.0,0.2093023255813954,0.3333333333333333
0.3802715032825192,0.6821705426356589,0.439834087617942,0.5116279069767442,0.5
0.0588071659063091,0.1782945736434108,0.2764914126435635,0.2558139534883721,0.3333333333333333
0.204462000667631,0.4341085271317829,0.0306762562088657,0.744186046511628,0.3333333333333333
0.0924668966284633,0.2170542635658914,0.1149324167037006,0.2790697674418605,0.5
0.2254367419606097,0.5891472868217054,0.0314622842579744,0.3953488372093023,0.5
0.1805941916101034,0.3643410852713178,0.2506129507190645,0.6511627906976745,0.1666666666666666
0.1393679759652832,0.4263565891472868,1.0000000000000002,0.4186046511627906,0.3333333333333333
0.2169244464226104,0.4806201550387596,0.0,0.4883720930232558,0.8333333333333333
0.233782129742962,0.4418604651162791,0.138936504049556,0.4883720930232558,0.1666666666666666
0.0427840213641927,0.2403100775193798,0.4499012930161408,0.7906976744186046,0.6666666666666666
0.1006453766551685,0.3953488372093023,0.0390504781166768,0.1162790697674418,0.3333333333333333
0.7707800155780571,0.7596899224806201,0.2808750306097461,0.5348837209302325,0.1666666666666666
0.0544675642594859,0.1705426356589147,0.1067395858841455,0.4186046511627906,0.5
0.2150884611104929,0.5968992248062015,0.0119022785743869,0.5813953488372093,0.3333333333333333
0.0324913764326249,0.1705426356589147,0.1992490408946208,0.5348837209302325,0.5
0.1955602536997885,0.5348837209302325,0.4530454052125752,0.6744186046511628,0.5
0.8661399799710693,0.7364341085271318,0.0837633813717398,0.5348837209302325,0.3333333333333333
0.0869589406921108,0.3410852713178294,0.2785169464624203,0.5581395348837209,0.3333333333333333
0.032880827862468,0.2093023255813953,0.343606115298222,0.4418604651162791,0.1666666666666666
0.2243240235896294,0.5891472868217054,0.2515803698564289,0.2325581395348837,0.5
0.1739735173027706,0.4573643410852712,0.0350296423270058,0.7209302325581396,0.8333333333333333
0.2213753199065316,0.3720930232558139,0.0380528271312697,0.5348837209302325,0.1666666666666666
0.1955602536997885,0.4573643410852712,0.0223927298451827,0.5348837209302325,0.5
0.1930010014465338,0.4108527131782945,0.5580406134646605,0.2790697674418605,0.1666666666666666
0.1039835317681094,0.3643410852713178,0.0222113387569268,0.5581395348837209,0.3333333333333333
0.120729943251363,0.3178294573643411,0.0726380612920487,0.5348837209302325,0.3333333333333333
0.1190052297763436,0.3565891472868217,0.3242275007028904,0.7209302325581396,0.3333333333333333
0.0469010793368198,0.193798449612403,0.1555640204730075,0.9069767441860463,0.5
0.2212640480694336,0.5193798449612402,0.0841563953962941,0.5348837209302325,0.1666666666666666
0.2180371647935907,0.5968992248062015,0.7189345087475852,0.5116279069767442,0.5
0.0941359741849337,0.2790697674418604,0.7878631222848022,0.1627906976744186,0.5
0.2289418048291977,0.627906976744186,0.0292553593508617,0.4883720930232558,0.1666666666666666
0.0444530989206631,0.2325581395348837,0.1578011772281628,0.7674418604651162,0.3333333333333333
0.1579503727606542,0.5193798449612402,0.0040722299313434,1.0,0.1666666666666666
0.0558028263046622,0.2170542635658914,0.7179973214582634,0.3953488372093023,0.5
0.1489929898742628,0.4263565891472868,0.0593662800013302,0.5348837209302325,0.5
0.1362523645265383,0.4108527131782945,0.0162254328444843,0.5348837209302325,0.5
0.0999221097140313,0.3953488372093023,0.0249926687768496,0.5348837209302325,0.5
0.2454100367197062,0.5581395348837209,0.0152882455551625,0.4883720930232558,0.3333333333333333
0.2254367419606097,0.4418604651162791,0.0092721077946773,0.6976744186046512,0.5
0.0243128964059196,0.1782945736434108,0.0,0.5348837209302325,0.3333333333333333
0.1686324691220652,0.4186046511627906,0.0296181415273734,0.5348837209302325,0.5
0.2091354178257483,0.5271317829457364,0.0329436448120637,0.5348837209302325,0.3333333333333333
0.1147768999666184,0.3488372093023255,1.0000000000000002,0.744186046511628,0.5
0.1246244575497941,0.2403100775193798,0.0447945292447782,0.3023255813953488,0.5
0.0894069211082674,0.3953488372093023,0.200488546664369,0.5348837209302325,0.1666666666666666
0.0953043284744631,0.2868217054263565,0.3858400070137887,0.4883720930232558,0.5
0.4107043507288305,0.5658914728682171,0.1724333916808,0.3488372093023256,0.5
0.2352842995437855,0.6124031007751938,0.0551035894273181,0.6744186046511628,0.5
0.1246800934683431,0.3023255813953488,0.0522013320152247,0.5813953488372093,0.3333333333333333
0.251808167352843,0.5116279069767441,0.3839958642831877,0.3023255813953488,0.3333333333333333
0.0999221097140313,0.3100775193798449,0.2195346109312316,0.3720930232558139,0.5
0.2047958161789251,0.5193798449612402,0.0263531019387684,0.5348837209302325,0.3333333333333333
0.4921553354845888,0.4961240310077519,0.6639125453099822,0.0465116279069767,0.1666666666666666
0.1667408478913986,0.4573643410852712,0.1905725005063834,0.7209302325581396,0.1666666666666666
0.0984199399132079,0.2790697674418604,0.0083349205053555,0.7906976744186046,0.5
0.2239345721597863,0.4496124031007752,0.1095511477521109,0.6976744186046512,0.3333333333333333
0.2159229998887281,0.4418604651162791,0.0037094477548318,0.5348837209302325,0.8333333333333333
0.1102703905641482,0.3100775193798449,0.0508106670052633,0.4651162790697675,0.3333333333333333
0.0171358629130966,0.0465116279069767,0.0526850415839069,0.7209302325581396,0.5
0.7375653722042951,0.6666666666666666,0.2186276554899524,0.4651162790697675,0.8333333333333333
0.0498497830199176,0.1007751937984496,0.0998164926823811,0.4186046511627906,0.3333333333333333
0.1873261377545343,0.4651162790697674,0.0,0.883720930232558,0.5
0.0583064426393679,0.2945736434108527,0.1137836064780804,0.3953488372093023,0.5
0.117057972627128,0.3023255813953488,0.0,0.1627906976744186,0.3333333333333333
0.2488594636697452,0.5271317829457364,0.0479386414412126,0.5348837209302325,0.5
0.1576721931679092,0.3410852713178294,0.0243880318159968,0.5348837209302325,0.5
0.1770334928229665,0.3875968992248062,0.2887957747969175,0.5581395348837209,0.1666666666666666
0.2021252920885723,0.4418604651162791,0.0057954452697739,0.0,0.5
0.0718816067653276,0.2325581395348837,0.0178579526387868,0.3720930232558139,0.5
0.2022921998442194,0.4573643410852712,0.439834087617942,0.3953488372093023,0.5
0.1996773116724157,0.4728682170542635,0.169259047636323,0.627906976744186,0.6666666666666666
0.22994325136308,0.5968992248062015,0.0153487092512478,0.5348837209302325,0.5
0.204462000667631,0.5426356589147286,0.0239950177914425,0.3953488372093023,0.3333333333333333
0.3745410036719706,0.6589147286821705,0.2432363797966606,0.5348837209302325,0.5
0.0361077111383108,0.1240310077519379,0.1737938248427188,0.6976744186046512,0.5
0.1869366863246912,0.4651162790697674,0.0967933078781173,0.3953488372093023,0.5
0.2513074440859018,0.5581395348837209,0.1318017879114932,0.4418604651162791,0.1666666666666666
0.076777567597641,0.2558139534883721,0.0,0.5348837209302325,0.3333333333333333
0.2219873150105708,0.5658914728682171,0.2296925118735583,0.6511627906976745,0.5
0.0526872148659174,0.1085271317829457,0.0142301308736701,0.5581395348837209,0.5
0.1872148659174363,0.4418604651162791,0.0450666158771619,0.7674418604651162,0.5
0.8157338377656614,0.8372093023255813,0.3515570913334361,0.5348837209302325,0.5
0.2169244464226104,0.5038759689922481,0.1746403165879127,0.627906976744186,0.1666666666666666
0.2567597641037053,0.4728682170542635,0.0275019121643887,0.1860465116279069,0.1666666666666666
0.1784800267052409,0.3178294573643411,0.159705783654849,0.4883720930232558,0.3333333333333333
0.0435629242238789,0.1627906976744186,0.2841098383503085,0.3953488372093023,0.3333333333333333
0.2441304105930788,0.5426356589147286,0.0703102089927655,0.4186046511627906,0.5
0.0615889618337598,0.1472868217054263,0.048240959921639,0.6976744186046512,0.3333333333333333
0.2294425280961388,0.3410852713178294,0.0141394353295422,0.5348837209302325,0.5
0.4977189273394903,0.5348837209302325,0.3673381160116937,0.3720930232558139,0.3333333333333333
0.2188717035718259,0.5271317829457364,0.0052210401569637,0.4883720930232558,0.1666666666666666
0.175364415266496,0.4961240310077519,0.0510222899415618,0.3488372093023256,0.5
0.1301324134861466,0.4418604651162791,0.2053861060472765,0.5348837209302325,0.1666666666666666
0.1155001669077556,0.2635658914728682,0.2356784177860008,0.5813953488372093,0.5
0.1964504283965728,0.4341085271317829,0.0049791853726226,0.627906976744186,0.3333333333333333
0.0811728051630132,0.2403100775193798,0.0198230227615584,0.8372093023255814,0.3333333333333333
0.1398130633136753,0.3333333333333333,0.3496827167547925,0.3953488372093023,0.3333333333333333
0.8446088794926003,0.8992248062015503,0.179809962603204,0.3953488372093023,0.1666666666666666
0.2230443974630021,0.5581395348837209,0.0825541074500343,0.6511627906976745,0.3333333333333333
0.1807610993657505,0.4573643410852712,0.1763030682302578,0.5348837209302325,0.5
0.4722376766440414,0.7131782945736433,0.3573616061576228,0.4883720930232558,0.1666666666666666
0.2243796595081784,0.4728682170542635,0.0292855911989044,0.5348837209302325,0.6666666666666666
0.2018471124958273,0.4186046511627906,0.0373877264743316,0.6511627906976745,0.3333333333333333
0.05875152998776,0.3100775193798449,0.2666962938777484,0.627906976744186,0.5
0.0847335039501502,0.2170542635658914,0.2989536757392442,0.3720930232558139,0.3333333333333333
0.0662067430733281,0.193798449612403,0.3196020279523667,0.7209302325581396,0.1666666666666666
0.1409257816846556,0.3333333333333333,0.0620871463251677,0.6511627906976745,0.8333333333333333
0.0796706353621898,0.248062015503876,0.0737264078215837,0.5348837209302325,0.5
0.0836207855791699,0.2403100775193798,0.0096651218192316,0.4186046511627906,0.3333333333333333
0.4117057972627128,0.6589147286821705,0.704302294294948,0.7209302325581396,0.1666666666666666
0.167853566262379,0.4573643410852712,0.176121677142002,1.0,0.3333333333333333
0.9076443752086346,0.875968992248062,0.2191415969066773,0.7209302325581396,0.3333333333333333
0.3893957939245577,0.5736434108527132,0.510848698670101,0.5348837209302325,0.5
0.0533548458885056,0.1472868217054263,0.3135858901918815,0.7209302325581396,0.3333333333333333
0.2343384889284522,0.6124031007751938,0.0,0.5348837209302325,0.3333333333333333
0.0882385668187381,0.3100775193798449,0.0477270185049142,0.6046511627906976,0.6666666666666666
0.1068209636141092,0.2945736434108527,0.1064674992517617,0.6511627906976745,0.5
0.0737732279959942,0.248062015503876,0.2338040432073572,0.5348837209302325,0.5
0.2120841215088461,0.4496124031007752,0.0,0.1162790697674418,0.3333333333333333
0.1841548903972404,0.5116279069767441,1.0000000000000002,0.9302325581395348,0.5
0.0395015021698008,0.1550387596899224,0.4867539157801177,0.6976744186046512,0.3333333333333333
0.7998776009791921,0.8449612403100775,0.8591195881213023,0.3953488372093023,0.5
0.2039056414821408,0.5193798449612402,0.080316950694879,0.5813953488372093,0.5
0.8372649382441303,0.8527131782945736,0.0667126190756914,0.3488372093023256,0.1666666666666666
0.065761655724936,0.2170542635658914,0.4823400659658924,0.4418604651162791,0.3333333333333333
0.0442861911650161,0.1627906976744186,0.7045139172312465,0.5348837209302325,0.3333333333333333
0.1701902748414376,0.5193798449612402,0.9842794390178276,0.6744186046511628,0.1666666666666666
0.8546789807499721,0.8217054263565892,0.3708147785365971,0.627906976744186,0.5
0.1042617113608545,0.1782945736434108,0.1680195418665747,0.8372093023255814,0.3333333333333333
0.1310782241014799,0.3333333333333333,0.9015046390770822,0.6976744186046512,0.5
0.4400801157227105,0.6976744186046512,0.8401037557024824,0.627906976744186,0.3333333333333333
0.4046956715255368,0.4108527131782945,0.8798888677265952,0.813953488372093,0.1666666666666666
0.2115833982419049,0.4806201550387596,0.0627824788301484,0.6744186046511628,0.3333333333333333
0.1703571825970846,0.3488372093023255,1.0000000000000002,0.5348837209302325,0.3333333333333333
0.1195615889618337,0.3488372093023255,0.5009326525121154,0.3953488372093023,0.3333333333333333
0.1849337932569266,0.4573643410852712,0.0258996242181288,0.3023255813953488,0.1666666666666666
0.4129297874707911,0.5968992248062015,0.0800448640624952,0.4186046511627906,0.3333333333333333
0.1866028708133971,0.4186046511627906,0.0333971225327033,0.2325581395348837,0.1666666666666666
0.0046734171581172,0.0310077519379844,0.0,0.883720930232558,0.3333333333333333
0.2361188383220206,0.5736434108527132,0.246713042321564,0.5348837209302325,0.5
0.058640258150662,0.1782945736434108,0.0052512720050063,0.6511627906976745,0.5
0.248247468565706,0.5348837209302325,0.0333668906846606,0.5813953488372093,0.3333333333333333
0.4369088683654167,0.4263565891472868,0.0778984028514679,0.0232558139534884,0.1666666666666666
0.0592522532547012,0.1007751937984496,0.5248762761618855,0.5581395348837209,0.6666666666666666
0.8334260598642483,0.7751937984496123,1.0000000000000002,0.4651162790697675,0.1666666666666666
0.0896294647824635,0.3875968992248062,0.0628731743742763,0.3488372093023256,0.8333333333333333
0.0962501390897963,0.3333333333333333,0.3408852489743845,0.1627906976744186,0.1666666666666666
0.1173361522198731,0.2403100775193798,0.1704683215580285,0.4883720930232558,0.5
0.1881050406142205,0.5348837209302325,0.4742681625385078,0.4186046511627906,0.5
0.2341715811728051,0.4651162790697674,0.9684379506434848,0.4186046511627906,0.8333333333333333
0.211805941916101,0.4573643410852712,0.106951208820444,0.4651162790697675,0.3333333333333333
0.1482140870145766,0.2635658914728682,0.0630243336144895,0.5348837209302325,0.3333333333333333
0.2498609102036274,0.627906976744186,0.0,0.4186046511627906,0.5
0.2268276399243351,0.5581395348837209,1.0000000000000002,0.5116279069767442,0.1666666666666666
0.0974184933793257,0.2093023255813953,0.2377644153009429,0.2790697674418605,0.3333333333333333
0.200734394124847,0.4651162790697674,0.0309785746892921,0.744186046511628,1.0
0.7027929231111605,0.7906976744186046,0.0542268658340815,0.1627906976744186,0.3333333333333333
0.2327250472905307,0.5658914728682171,0.2305692354667949,0.9069767441860463,0.1666666666666666
0.1957827973739846,0.4806201550387596,0.1311366872545552,0.4651162790697675,0.3333333333333333
0.4021920551908312,0.7441860465116279,0.1194671939100965,0.4883720930232558,0.3333333333333333
0.4589406921108267,0.4961240310077519,0.0888423318429032,0.1162790697674418,0.1666666666666666
0.1001446533882274,0.2558139534883721,0.0708241504094903,0.7209302325581396,0.5
0.7588182930900188,0.7209302325581395,1.0000000000000002,0.4651162790697675,0.3333333333333333
0.2034605541337487,0.5891472868217054,0.1035047781435831,0.4883720930232558,0.5
0.2113608545677089,0.5193798449612402,0.2590476363229608,0.4418604651162791,0.1666666666666666
0.2073550684321798,0.5968992248062015,0.0383853774597387,0.5348837209302325,1.0
0.2746188939579392,0.5038759689922481,0.0161045054523138,0.4883720930232558,0.5
0.3878379882051853,0.6666666666666666,0.7823911577890845,0.5581395348837209,0.5
0.0501835985312117,0.2170542635658914,0.0227252801736517,0.3953488372093023,0.5
0.5268721486591743,0.4496124031007752,0.5133277102095974,0.3953488372093023,0.5
0.2361188383220206,0.5271317829457364,0.2398201809678423,0.3488372093023256,0.5
0.0435072883053299,0.2093023255813953,0.0535315333291008,0.3023255813953488,0.1666666666666666
0.8633025481250695,0.7906976744186046,0.0806797328713907,0.7209302325581396,0.3333333333333333
0.2173138978524535,0.4496124031007752,0.0,0.2325581395348837,0.3333333333333333
0.1856570601980638,0.4883720930232558,1.0000000000000002,0.5348837209302325,0.5
0.2339490374986091,0.5271317829457364,0.2418154829386566,0.5348837209302325,0.1666666666666666
0.0990875709357961,0.2248062015503875,0.2855911989043978,1.0,0.6666666666666666
0.2006231222877489,0.4186046511627906,0.272924054574532,0.4418604651162791,0.5
0.1693001001446533,0.3953488372093023,0.0182811985113838,0.5348837209302325,0.1666666666666666
0.2377879158784911,0.4573643410852712,0.0217276291882446,0.6976744186046512,0.1666666666666666
0.8373205741626794,0.6976744186046512,1.0000000000000002,0.744186046511628,0.3333333333333333
0.2220429509291198,0.6666666666666666,0.0583686290159231,0.3023255813953488,0.5
0.7728941804829197,0.7751937984496123,0.0700381223603817,0.4883720930232558,0.5
0.1163347056859908,0.3255813953488372,0.3509222225245407,0.1627906976744186,0.5
0.2456882163124513,0.5581395348837209,0.0198834864576436,0.627906976744186,0.3333333333333333
0.1864359630577501,0.4496124031007752,0.0448852247889061,0.6976744186046512,0.3333333333333333
0.2197618782686102,0.4031007751937984,0.0479688732892553,0.4651162790697675,0.5
0.1889395793924557,0.5271317829457364,0.2595615777396856,0.3720930232558139,0.5
0.4008011572271058,0.627906976744186,0.0115394963978753,0.5813953488372093,0.1666666666666666
0.0386669633915656,0.0697674418604651,0.3430619420334546,0.5348837209302325,0.1666666666666666
0.1635696005341048,0.5658914728682171,0.7591126347962525,0.3488372093023256,0.3333333333333333
0.8044953822187604,0.8527131782945736,0.1288995304993999,0.4651162790697675,0.3333333333333333
0.1036497162568154,0.4883720930232558,0.0376295812586727,0.4418604651162791,0.8333333333333333
0.1627350617558695,0.3565891472868217,0.5871538831297218,0.4418604651162791,0.3333333333333333
0.2084121508846111,0.5581395348837209,1.0000000000000002,0.4418604651162791,0.1666666666666666
0.0786691888283075,0.2945736434108527,0.0281367809732841,0.5348837209302325,0.5
0.770390564148214,0.7751937984496123,0.1227926971947868,0.5581395348837209,0.1666666666666666
0.0755535773895627,0.2558139534883721,0.036269148096754,0.0930232558139534,0.1666666666666666
0.1765327695560253,0.4883720930232558,0.3806098973024122,0.5116279069767442,0.1666666666666666
0.1965617002336708,0.4806201550387596,0.0258089286740009,0.4651162790697675,0.5
0.120563035495716,0.4651162790697674,0.0290739682626059,0.2325581395348837,0.3333333333333333
0.2207633248024925,0.3565891472868217,0.0505688122209222,0.5348837209302325,0.1666666666666666
0.803271392010682,0.8914728682170542,0.2575965076169141,0.6976744186046512,0.6666666666666666
0.2148102815177478,0.4961240310077519,0.0078512109366733,0.8604651162790699,0.6666666666666666
0.1547234894848114,0.3488372093023255,0.0419829673768127,0.6976744186046512,0.5
0.2321130521864916,0.5193798449612402,0.1103069439531769,0.5348837209302325,0.3333333333333333
0.1167241571158339,0.2015503875968992,0.1413550518929671,0.5348837209302325,0.3333333333333333
0.0699343496161121,0.1395348837209302,0.0593662800013302,0.4883720930232558,0.1666666666666666
0.1044842550350506,0.248062015503876,0.0,0.4418604651162791,0.5
0.0862356737509736,0.2248062015503875,0.5076138909295387,0.3488372093023256,0.3333333333333333
0.0590297095805051,0.2015503875968992,0.0411667074796615,0.813953488372093,0.3333333333333333
0.2356181150550795,0.5038759689922481,0.4279529713371849,0.6511627906976745,0.3333333333333333
0.040502948703683,0.2015503875968992,0.0818285430970109,0.744186046511628,0.1666666666666666
0.7801824858128407,0.7596899224806201,0.1760309815978741,0.6744186046511628,0.5
0.1005341048180705,0.2170542635658914,0.727913367616249,0.3255813953488372,0.5
0.1615110715477912,0.4341085271317829,0.2521245431211965,0.5348837209302325,0.3333333333333333
0.2276065427840213,0.5193798449612402,0.2773983680848426,0.6511627906976745,0.3333333333333333
0.0719372426838767,0.3023255813953488,0.0597290621778418,0.5348837209302325,0.1666666666666666
0.1829309001891621,0.3565891472868217,0.0984258276724198,0.5813953488372093,0.5
0.0540781128296428,0.2790697674418604,0.4648055941011618,0.744186046511628,0.3333333333333333
0.0642594859241126,0.2635658914728682,0.1675056004498499,0.5348837209302325,0.3333333333333333
0.1565038388783798,0.3953488372093023,0.1292320808278689,0.0,0.1666666666666666
0.1335262045176365,0.4108527131782945,0.20450938245404,0.6976744186046512,0.3333333333333333
0.156948926226772,0.4961240310077519,0.091956212191295,0.813953488372093,0.5
0.0487927005674863,0.1782945736434108,0.0528664326721628,0.2325581395348837,0.5
0.2869700678758206,0.5581395348837209,0.0190672265604924,0.5348837209302325,0.3333333333333333
0.4368532324468677,0.5581395348837209,0.3367737176405856,0.5581395348837209,0.5
0.0472348948481139,0.1162790697674418,0.1461619157317467,0.5116279069767442,0.1666666666666666
0.4331256259040836,0.7984496124031008,0.5303180088095605,0.813953488372093,0.3333333333333333
0.1474351841548904,0.3798449612403101,0.4908049834178314,0.6511627906976745,0.1666666666666666
0.1931679092021809,0.4496124031007752,0.5562569344301448,0.5348837209302325,0.5
0.0778902859686213,0.2170542635658914,0.1191951072777127,0.7674418604651162,0.1666666666666666
0.0468454434182708,0.193798449612403,0.0878144490094535,0.4651162790697675,0.3333333333333333
0.2438522310003338,0.6434108527131782,0.142292239182289,0.5116279069767442,0.3333333333333333
0.0648714810281517,0.3178294573643411,0.1831959295839795,0.3720930232558139,0.3333333333333333
0.1802047401802603,0.3953488372093023,0.7141276449088056,0.2790697674418605,0.3333333333333333
0.0504061422054078,0.1317829457364341,0.033336658836618,1.0,0.5
0.2501947257149216,0.627906976744186,0.2502501685425528,0.6046511627906976,0.3333333333333333
0.215589184377434,0.5271317829457364,0.0835517584354414,0.5348837209302325,0.1666666666666666
0.2136975631467675,0.5891472868217054,0.0316436753462302,0.4651162790697675,0.3333333333333333
0.1839879826415934,0.3875968992248062,0.2216206084461737,0.8372093023255814,0.5
0.2570935796149994,0.5891472868217054,0.0741496536941806,0.5348837209302325,0.1666666666666666
0.2036274618893958,0.4883720930232558,0.0178579526387868,0.5348837209302325,0.5
0.1792032936463781,0.3333333333333333,0.0140185079373717,0.5348837209302325,0.1666666666666666
0.1919995549126516,0.4573643410852712,0.1620336359541322,0.4186046511627906,0.5
0.2547568710359408,0.5426356589147286,0.02236249799714,0.2558139534883721,0.5
0.7660509625013908,0.6744186046511628,1.0000000000000002,0.3023255813953488,0.5
0.0850116835428952,0.4186046511627906,0.0297693007675866,0.6976744186046512,0.3333333333333333
0.2094692333370424,0.5271317829457364,0.040199288342297,0.4186046511627906,0.3333333333333333
0.0801713586291309,0.2635658914728682,0.0,1.0,0.0
0.2495270946923333,0.6046511627906976,0.3672776523156084,0.4883720930232558,0.6666666666666666
0.208133971291866,0.3875968992248062,0.0222113387569268,0.5116279069767442,0.5
0.0775008345387782,0.3023255813953488,0.3802168832778579,0.8372093023255814,0.1666666666666666
0.8545120729943251,0.7674418604651162,0.3295180741103523,0.1627906976744186,0.3333333333333333
0.1208968510070101,0.4031007751937984,0.114569634527189,0.4186046511627906,0.1666666666666666
0.0453989095359964,0.1627906976744186,0.3615940648835922,0.5348837209302325,0.3333333333333333
0.1410370535217536,0.3565891472868217,0.1638777786847332,0.3255813953488372,0.1666666666666666
0.7628797151440969,0.8682170542635659,0.0613615819721443,0.5348837209302325,0.6666666666666666
0.2233782129742962,0.4108527131782945,0.1162626180175768,0.9767441860465116,0.1666666666666666
0.1976744186046511,0.5038759689922481,0.0380528271312697,0.5348837209302325,0.1666666666666666
0.1957271614554356,0.5116279069767441,0.0138371168491158,0.5348837209302325,0.6666666666666666
0.2368421052631579,0.6201550387596899,0.1055000801143973,0.5348837209302325,0.1666666666666666
0.2218760431734728,0.5503875968992248,0.0257786968259582,0.5348837209302325,1.0
0.2367308334260598,0.5116279069767441,0.5878189837866599,0.744186046511628,0.5
0.1230110159118727,0.3410852713178294,0.0494502338433446,0.2790697674418605,0.3333333333333333
0.1182263269166573,0.2325581395348837,0.0279553898850282,0.5581395348837209,0.3333333333333333
0.2500834538778235,0.5116279069767441,0.0310692702334201,0.5348837209302325,0.6666666666666666
0.2278847223767664,0.5891472868217054,0.0,0.6976744186046512,0.3333333333333333
0.189774118170691,0.4108527131782945,0.0638103616635981,0.3953488372093023,0.3333333333333333
0.8384889284522087,0.813953488372093,0.6119137666766432,0.2558139534883721,0.5
0.3281406476020919,0.4651162790697674,0.396783936005224,0.6511627906976745,0.3333333333333333
0.2366195615889618,0.5891472868217054,0.0554361397557871,0.5348837209302325,0.1666666666666666
0.1118281962835206,0.2325581395348837,0.0013513636075059,0.7209302325581396,0.5
0.2649382441304106,0.4031007751937984,0.3258902523452356,0.6976744186046512,0.5
0.0164125959719594,0.1085271317829457,0.2575965076169141,0.6744186046511628,0.1666666666666666
0.2339490374986091,0.4341085271317829,0.0161347373003564,0.6744186046511628,0.3333333333333333
0.2287748970735507,0.4728682170542635,0.0756914779443552,0.4651162790697675,0.3333333333333333
0.4139312340046734,0.5891472868217054,0.1314087738869389,0.5348837209302325,0.1666666666666666
0.0971403137865806,0.3565891472868217,0.0977002633193964,0.1860465116279069,0.6666666666666666
0.1268498942917547,0.4496124031007752,0.0666219235315635,0.3488372093023256,0.3333333333333333
0.0720485145209747,0.2790697674418604,1.0000000000000002,0.3255813953488372,0.5
0.1164459775230889,0.3333333333333333,0.0325203989394667,0.5348837209302325,0.5
0.0363858907310559,0.2558139534883721,0.1201625264150772,0.7209302325581396,0.1666666666666666
0.2279959942138644,0.5348837209302325,0.1657521532633768,0.5348837209302325,0.5
0.2195949705129631,0.4573643410852712,0.0,0.5581395348837209,0.8333333333333333
0.2415155224212751,0.5891472868217054,0.0,0.4651162790697675,0.5
0.7945921887170356,0.8527131782945736,0.0453991662056309,0.4186046511627906,0.5
0.1714142650495159,0.5426356589147286,0.0559803130205546,0.627906976744186,0.3333333333333333
0.7109714031378658,0.8604651162790697,0.0650800992813889,0.6511627906976745,0.1666666666666666
0.1907199287860242,0.4573643410852712,0.4276204210087158,0.744186046511628,0.1666666666666666
0.0482919773005452,0.1472868217054263,0.0344552372141956,0.5813953488372093,0.5
0.2425726048737064,0.5658914728682171,0.0163161283886122,0.6976744186046512,0.3333333333333333
0.1016468231890508,0.2325581395348837,0.6238855785015283,0.6046511627906976,0.5
0.0290419494825859,0.1240310077519379,0.1106999579777312,0.7906976744186046,0.6666666666666666
0.0601424279514854,0.1550387596899224,0.3716915021298337,0.5348837209302325,0.5
0.0648158451096027,0.2868217054263565,0.1502129833694604,0.5348837209302325,0.1666666666666666
0.1180037832424613,0.3488372093023255,0.0411062437835762,0.7674418604651162,0.5
0.2434627795704907,0.5813953488372092,0.0,0.3023255813953488,0.3333333333333333
0.8765995326582842,0.883720930232558,0.1227020016506589,0.1627906976744186,0.1666666666666666
0.441749193279181,0.6201550387596899,1.0000000000000002,0.4883720930232558,0.5
0.0489596083231334,0.2635658914728682,0.372749616811326,0.5116279069767442,0.5
0.1962835206409257,0.4496124031007752,0.4087255159820664,0.5116279069767442,0.5
0.3806609547123623,0.5426356589147286,0.0045861713480683,0.5348837209302325,0.5
0.2330588628018248,0.4883720930232558,1.0000000000000002,0.5813953488372093,0.5
0.7158117280516301,0.9224806201550388,1.0000000000000002,0.6511627906976745,0.5
0.2215978635807277,0.5348837209302325,0.2653056288677871,0.8604651162790699,0.1666666666666666
0.0778346500500723,0.3410852713178294,0.0406527660629366,0.5581395348837209,0.5
0.2307221542227662,0.5581395348837209,0.0221811069088842,0.6976744186046512,0.5
0.0556359185490152,0.248062015503876,0.372840312355454,0.4883720930232558,0.3333333333333333
0.0390007789028596,0.1162790697674418,0.0392318692049326,0.5813953488372093,0.1666666666666666
0.0756648492266607,0.3565891472868217,0.3375899775377369,0.5348837209302325,0.3333333333333333
0.0419494825859575,0.1550387596899224,0.0838843087639104,0.5348837209302325,0.1666666666666666
0.0806720818960721,0.3643410852713178,0.0152882455551625,0.7674418604651162,0.5
0.1949482585957494,0.4883720930232558,0.7942420422217991,0.2325581395348837,0.5
0.2271614554356292,0.5348837209302325,0.0,0.1395348837209302,0.3333333333333333
0.0615889618337598,0.2868217054263565,0.2692357691133301,0.744186046511628,0.3333333333333333
0.2021252920885723,0.5581395348837209,0.0754496231600141,0.1162790697674418,0.3333333333333333
0.2377322799599421,0.627906976744186,0.0561919359568531,0.627906976744186,0.5
0.0472348948481139,0.2015503875968992,0.031492516106017,0.6511627906976745,0.1666666666666666
0.2139757427395126,0.4651162790697674,0.0272902892280902,0.4651162790697675,0.5
0.0787248247468565,0.248062015503876,0.2288157882803218,0.0,0.1666666666666666
0.0446756425948592,0.2093023255813953,0.6072882939261194,0.6511627906976745,0.3333333333333333
0.1073216868810504,0.4108527131782945,0.0925608491521478,0.2325581395348837,0.3333333333333333
0.1051518860576388,0.2558139534883721,0.1515431846833365,0.6744186046511628,0.6666666666666666
0.0864582174251697,0.248062015503876,0.1278414158179075,0.4883720930232558,0.5
0.0944697896962278,0.3798449612403101,0.1395109091623662,0.2790697674418605,0.5
0.7270501835985311,0.7364341085271318,1.0000000000000002,0.5348837209302325,0.5
0.054968287526427,0.2558139534883721,0.0162556646925269,0.5348837209302325,0.3333333333333333
0.2516412595971959,0.5968992248062015,0.0148649996825655,0.1860465116279069,1.0
0.7137531990653165,0.6201550387596899,0.0538640836575699,0.5813953488372093,0.1666666666666666
0.0618115055079559,0.1705426356589147,0.0012304362153354,0.8372093023255814,0.3333333333333333
0.262879715144097,0.5116279069767441,0.0047675624363241,0.7209302325581396,0.3333333333333333
0.0964726827639924,0.3410852713178294,0.0,0.5348837209302325,0.3333333333333333
0.2316679648380994,0.4806201550387596,0.2991048349794574,0.7209302325581396,0.1666666666666666
0.2258261933904529,0.5348837209302325,0.0221206432127989,0.5116279069767442,0.5
0.0729386892177589,0.3333333333333333,0.9302853584136744,0.4186046511627906,0.5
0.1102703905641482,0.3565891472868217,0.3482013562007032,0.2558139534883721,0.3333333333333333
0.3368198508957383,0.3565891472868217,0.3475060236957225,0.5348837209302325,0.5
0.0859018582396795,0.3488372093023255,0.01147903270179,0.4883720930232558,0.6666666666666666
0.2505841771447646,0.5736434108527132,0.0,0.5348837209302325,0.1666666666666666
0.1109936575052854,0.2713178294573644,0.0606057857710784,0.4651162790697675,0.5
0.2205964170468454,0.627906976744186,0.1500013604331619,0.5348837209302325,0.1666666666666666
0.0742183153443863,0.2403100775193798,0.2560849152147821,0.5348837209302325,0.3333333333333333
0.1395348837209302,0.5038759689922481,0.4488129464866058,0.4883720930232558,0.3333333333333333
0.3771002559252253,0.6046511627906976,0.1000583474667223,0.4883720930232558,0.3333333333333333
0.4969400244798042,0.4573643410852712,0.1051675297859283,0.6976744186046512,0.5
0.4215533548458885,0.5891472868217054,1.0000000000000002,0.6046511627906976,0.5
0.1226772004005786,0.2713178294573644,0.0637498979675128,0.627906976744186,0.6666666666666666
0.1546678535662623,0.5581395348837209,0.8729657745248309,0.627906976744186,0.5
0.6860465116279069,0.6976744186046512,0.7883166000054418,0.6744186046511628,0.5
0.255591409814176,0.5968992248062015,0.1058930941389516,0.627906976744186,0.3333333333333333
0.2099699566039835,0.4961240310077519,0.1168067912823443,0.3953488372093023,0.5
0.1996216757538667,0.3953488372093023,0.1520268942520187,0.4186046511627906,0.1666666666666666
0.1805385556915544,0.5193798449612402,0.2086511456358815,0.813953488372093,0.8333333333333333
0.7399577167019027,0.883720930232558,0.2575965076169141,0.6511627906976745,0.5
0.2175364415266496,0.4263565891472868,0.0279553898850282,0.4651162790697675,0.5
0.1973962390119061,0.5503875968992248,0.0732729301009441,0.5348837209302325,0.6666666666666666
0.1980082341159452,0.5426356589147286,0.0228462075658222,0.9767441860465116,0.3333333333333333
0.1187270501835985,0.2558139534883721,0.0049791853726226,0.6511627906976745,0.5
0.0787804606654055,0.3333333333333333,0.3053325956762411,0.5116279069767442,0.5
0.211750305997552,0.4806201550387596,0.0359668296163276,0.4651162790697675,0.1666666666666666
0.2351173917881384,0.5891472868217054,0.0179486481829147,0.4883720930232558,0.1666666666666666
0.0504617781239568,0.1162790697674418,0.1431991946235681,0.8372093023255814,0.1666666666666666
0.4103148992989874,0.5891472868217054,0.6815074808707982,0.4186046511627906,0.3333333333333333
0.22994325136308,0.5891472868217054,0.0180393437270426,0.6046511627906976,0.5
0.2035161900522977,0.4108527131782945,0.0508106670052633,0.7674418604651162,0.5
0.1948926226772004,0.5348837209302325,0.0284995631497957,0.4186046511627906,0.1666666666666666
0.4508734839212195,0.4108527131782945,1.0000000000000002,0.5348837209302325,0.5
0.0919661733615222,0.3565891472868217,1.0000000000000002,0.5348837209302325,0.1666666666666666
0.4974407477467452,0.5348837209302325,0.1530245452374258,0.0930232558139534,0.1666666666666666
0.2150884611104929,0.5736434108527132,0.0,0.4883720930232558,0.3333333333333333
0.200956937799043,0.4961240310077519,0.0299506918558424,0.4883720930232558,0.3333333333333333
0.0590853454990541,0.2170542635658914,0.1334040758577531,0.4418604651162791,0.3333333333333333
0.0968064982752865,0.2325581395348837,0.0,0.5348837209302325,0.5
0.0639256704128185,0.2170542635658914,0.3272204536591117,0.7906976744186046,0.3333333333333333
0.1541671302993212,0.2248062015503875,0.0634173476390438,0.7674418604651162,0.8333333333333333
0.0999221097140313,0.2790697674418604,0.0,0.2558139534883721,0.3333333333333333
0.175197507510849,0.4496124031007752,0.405581403785632,0.5116279069767442,0.5
0.2170357182597084,0.5193798449612402,0.0027117967694247,0.5348837209302325,0.5
0.0757761210637587,0.2403100775193798,0.1974653618601051,0.5348837209302325,0.3333333333333333
0.0150773339267831,0.0387596899224806,0.0272600573800475,0.7674418604651162,0.5
0.1856570601980638,0.4108527131782945,0.0482711917696816,0.5348837209302325,0.3333333333333333
0.7575943028819405,0.8217054263565892,1.0000000000000002,0.0930232558139534,0.1666666666666666
0.3851118281962835,0.6201550387596899,0.8287668126864928,0.3720930232558139,0.5
0.0924112607099143,0.2945736434108527,0.4451548928734464,0.7674418604651162,0.5
0.1883275842884166,0.3798449612403101,0.0372365672341184,0.3720930232558139,0.3333333333333333
0.0895181929453655,0.2093023255813953,0.2138812553472581,0.8604651162790699,0.3333333333333333
0.2493601869366863,0.5426356589147286,0.0544989524664653,0.5581395348837209,0.3333333333333333
0.1960053410481807,0.5116279069767441,0.2559942196706542,0.4418604651162791,0.1666666666666666
0.0702125292088572,0.3333333333333333,0.7987163557321095,0.6511627906976745,0.1666666666666666
0.2129186602870813,0.5581395348837209,0.0526245778878217,0.5348837209302325,0.3333333333333333
0.2386224546567263,0.5658914728682171,0.046487512735166,0.4883720930232558,0.5
0.2132524757983754,0.4961240310077519,0.0263531019387684,0.2558139534883721,0.5
0.2398464448648047,0.4341085271317829,0.1016908672610248,0.3953488372093023,0.3333333333333333
0.0971403137865806,0.2325581395348837,0.0261112471544273,0.9069767441860463,0.6666666666666666
0.2395682652720596,0.5503875968992248,0.0941933689464503,0.3953488372093023,0.5
0.2149771892733949,0.5348837209302325,0.940110709027532,0.4651162790697675,0.3333333333333333
0.2562590408367642,0.5038759689922481,0.0012304362153354,0.5348837209302325,0.1666666666666666
0.2414598865027261,0.5426356589147286,0.1025373590062187,0.6976744186046512,0.3333333333333333
0.770223656392567,0.7054263565891472,0.0777472436112547,0.627906976744186,0.1666666666666666
0.1383665294314009,0.3565891472868217,0.3099883002748075,0.627906976744186,0.6666666666666666
0.1144987203738733,0.4031007751937984,0.0989700009371873,0.1627906976744186,0.5
0.7079114276176699,0.6356589147286821,0.0693125580073584,0.2558139534883721,0.5
0.0995326582841882,0.248062015503876,0.0007164947986105,0.6976744186046512,0.5
0.4021920551908312,0.7054263565891472,0.0244787273601248,0.3953488372093023,0.5
0.1144430844553243,0.2558139534883721,0.0186137488398528,0.2558139534883721,0.5
0.219316790920218,0.4263565891472868,0.0010792769751222,0.627906976744186,0.5
0.0893512851897184,0.4108527131782945,0.0458828757743132,0.5348837209302325,0.3333333333333333
0.0432291087125848,0.2015503875968992,0.022695048325609,0.5348837209302325,0.5
0.7349504840324913,0.8449612403100775,0.3048488861075589,0.2093023255813954,0.5
0.397852453544008,0.3953488372093023,0.9804702261644552,0.5348837209302325,0.3333333333333333
0.1597307221542227,0.3178294573643411,0.4836702672797686,0.4186046511627906,0.1666666666666666
0.2389006342494714,0.4341085271317829,0.0068233281032236,0.4651162790697675,0.6666666666666666
0.1851007010125737,0.5038759689922481,0.2321412915650121,0.744186046511628,0.3333333333333333
0.2457438522310003,0.4651162790697674,0.2034814996205903,0.627906976744186,0.5
0.1111605652609324,0.2635658914728682,0.7279435994642917,0.5581395348837209,0.3333333333333333
0.0506286858796038,0.1705426356589147,0.0492386109070461,0.9302325581395348,0.3333333333333333
0.1975075108490041,0.3488372093023255,0.110216248409049,0.8604651162790699,0.3333333333333333
0.0857349504840324,0.2403100775193798,1.0000000000000002,0.4883720930232558,0.5
0.2059641704684544,0.5038759689922481,0.2414829326101875,0.813953488372093,0.5
0.2414598865027261,0.5736434108527132,0.0431620094504757,0.5348837209302325,0.5
0.0253699788583509,0.0930232558139534,0.42308564380232,0.5348837209302325,0.5
0.2676644041393123,0.5271317829457364,0.0573407461824734,0.4418604651162791,0.1666666666666666
0.1045955268721486,0.4031007751937984,0.6336806972673433,0.3488372093023256,0.3333333333333333
0.4224991654612217,0.4186046511627906,0.2061116704002999,0.2558139534883721,0.3333333333333333
0.7500278179592744,0.8914728682170542,0.0397760424697001,0.5348837209302325,0.5
0.0596417046845443,0.1162790697674418,0.1929003528056666,0.7209302325581396,0.5
0.2440747746745298,0.5503875968992248,0.0363900754889245,0.9302325581395348,0.3333333333333333
0.8382663847780126,0.8062015503875969,0.37794949467466,0.4883720930232558,0.3333333333333333
0.0559140981417603,0.1627906976744186,0.0054326630932622,0.6744186046511628,0.5
0.065928563480583,0.2170542635658914,0.1701357712295595,0.3720930232558139,0.6666666666666666
0.6924446422610436,0.6744186046511628,0.1423224710303316,0.7906976744186046,0.5
0.1714699009680649,0.5348837209302325,0.2725008087019351,0.4651162790697675,0.3333333333333333
0.1813174585512406,0.5193798449612402,0.1448619462659133,0.4651162790697675,0.5
0.0582508067208189,0.1162790697674418,0.0461247305586543,0.5348837209302325,0.3333333333333333
0.2543674196060977,0.5891472868217054,0.1777239650882619,0.5348837209302325,0.3333333333333333
0.1854345165238678,0.4573643410852712,0.3259204841932782,0.4418604651162791,0.1666666666666666
0.0722710581951708,0.2403100775193798,0.0368737850576067,0.8372093023255814,0.6666666666666666
0.3623567375097363,0.5891472868217054,0.1571360765712247,0.5348837209302325,0.5
0.0604206075442305,0.1240310077519379,0.0306157925127805,0.813953488372093,0.8333333333333333
0.1255702681651274,0.2558139534883721,0.032913412964021,0.6511627906976745,0.5
0.2225993101146099,0.4961240310077519,0.1190439480374996,0.627906976744186,0.3333333333333333
0.095137420718816,0.2713178294573644,0.0640219845998966,0.813953488372093,0.8333333333333333
0.2217091354178257,0.5503875968992248,0.153598950350236,0.6976744186046512,0.5
0.0891287415155224,0.3255813953488372,0.5228809741910714,0.883720930232558,0.3333333333333333
0.0308222988761544,0.0232558139534883,1.0000000000000002,0.5348837209302325,0.3333333333333333
0.2001223990208078,0.5348837209302325,0.23658537322728,0.6046511627906976,0.1666666666666666
0.0526315789473684,0.2015503875968992,0.0485432784020654,0.7674418604651162,0.1666666666666666
0.1724713475019472,0.5038759689922481,0.3898910746515023,0.3255813953488372,0.5
0.0500723266941137,0.2093023255813953,0.4606940627673629,0.7906976744186046,0.3333333333333333
0.8673639701791476,0.8449612403100775,0.0814657609204993,0.5348837209302325,1.0
0.4939913207967063,0.7441860465116279,1.0000000000000002,0.5348837209302325,0.1666666666666666
0.1892733949037498,0.4418604651162791,0.1751240261565949,0.4651162790697675,0.3333333333333333
0.2329475909647268,0.4418604651162791,0.2769751222122457,0.627906976744186,0.5
0.2468009346834316,0.4883720930232558,0.0217578610362872,0.5348837209302325,0.1666666666666666
0.2401246244575497,0.4651162790697674,1.0000000000000002,0.6046511627906976,0.3333333333333333
0.0709914320685434,0.1240310077519379,0.0,0.5348837209302325,0.5
0.0453432736174474,0.1472868217054263,0.1856144774273906,0.8372093023255814,0.3333333333333333
0.4350172471347502,0.7054263565891472,0.2103441291262694,0.5116279069767442,0.1666666666666666
0.062200956937799,0.2170542635658914,1.0000000000000002,0.4186046511627906,0.5
0.0465116279069767,0.1240310077519379,0.04137833041596,0.4418604651162791,0.3333333333333333
0.0400578613552909,0.2015503875968992,0.0262019426985552,0.2093023255813954,0.1666666666666666
0.230165795037276,0.4263565891472868,0.0321878486109977,0.5348837209302325,0.3333333333333333
0.1003115611438744,0.2248062015503875,0.0545896480105932,0.3953488372093023,0.1666666666666666
0.2807944809168799,0.5581395348837209,0.0686474573504203,0.9302325581395348,0.5
0.1923333704239457,0.4728682170542635,0.026383333786811,0.5348837209302325,0.5
0.3989651719149883,0.4728682170542635,0.439834087617942,0.5581395348837209,0.5
0.8481139423611883,0.8604651162790697,1.0000000000000002,0.4418604651162791,0.5
0.1901635696005341,0.3410852713178294,0.0422852858572391,0.4651162790697675,0.5
0.8123400467341715,0.8217054263565892,0.6153904292015466,0.627906976744186,0.5
0.0520195838433292,0.2170542635658914,0.0,0.883720930232558,0.5
0.16440413931234,0.3798449612403101,0.1711031903669239,0.9534883720930232,0.3333333333333333
0.2000667631022588,0.5271317829457364,0.2598336643720694,0.6046511627906976,0.3333333333333333
0.113219094247246,0.4186046511627906,0.0608174087073768,0.2558139534883721,0.5
0.2059641704684544,0.4806201550387596,0.2363737502909815,0.5581395348837209,0.1666666666666666
0.0920774451986202,0.3953488372093023,0.2969886056164727,0.627906976744186,0.5
0.0969734060309335,0.3798449612403101,0.0527757371280349,0.5348837209302325,0.3333333333333333
0.1760876822076332,0.5503875968992248,0.0162556646925269,0.5348837209302325,0.1666666666666666
0.0443418270835651,0.1472868217054263,0.3283994957327746,0.4651162790697675,0.3333333333333333
0.2198731501057082,0.5193798449612402,0.0,0.4418604651162791,0.1666666666666666
0.2215978635807277,0.3798449612403101,0.2096790284693313,0.1395348837209302,0.5
0.2431289640591966,0.5348837209302325,0.0081535294170997,0.5348837209302325,0.3333333333333333
0.2476354734616668,0.5813953488372092,0.0486339739461933,0.5348837209302325,0.5
0.2167575386669634,0.4031007751937984,0.0312204294736333,0.4883720930232558,0.6666666666666666
0.1218982975408924,0.3875968992248062,0.1786913842256263,0.3023255813953488,0.5
0.0407811282964281,0.1085271317829457,0.292272437321821,0.5348837209302325,0.3333333333333333
0.1329142094135974,0.3178294573643411,0.0794099952535998,0.5348837209302325,0.5
0.1287971514409703,0.6434108527131782,0.141868993309692,0.1860465116279069,0.5
0.0955268721486591,0.2403100775193798,0.078896053836875,0.6976744186046512,0.5
0.8486146656281295,0.6744186046511628,0.1386341855691296,0.5348837209302325,0.5
0.2159229998887281,0.4341085271317829,0.1081000190460642,0.5348837209302325,0.3333333333333333
0.0467898074997218,0.1550387596899224,0.0973374811428847,0.6511627906976745,0.3333333333333333
0.7860242572604873,0.6434108527131782,0.853284841449073,0.5348837209302325,0.3333333333333333
0.0858462223211305,0.1782945736434108,0.0874516668329418,0.3023255813953488,0.1666666666666666
0.1731946144430844,0.4728682170542635,0.0242368725757836,0.5348837209302325,0.1666666666666666
0.1065427840213641,0.3100775193798449,0.0173742430701046,0.2093023255813954,0.5
0.1896072104150439,0.5271317829457364,0.5772680688197789,0.5348837209302325,0.3333333333333333
0.0662623789918771,0.2635658914728682,0.3062395511175202,0.5348837209302325,0.5
0.1962278847223767,0.5658914728682171,0.044643370004565,0.6046511627906976,0.3333333333333333
0.2469678424390786,0.5116279069767441,0.0407736934551072,0.2325581395348837,0.3333333333333333
0.1378101702459107,0.3255813953488372,0.1318924834556211,0.2790697674418605,0.6666666666666666
0.2761210637587626,0.5348837209302325,0.0913515752304422,0.5348837209302325,0.5
0.1180037832424613,0.4806201550387596,0.0441898922839254,0.0930232558139534,0.5
0.2376210081228441,0.5348837209302325,0.0484828147059801,0.2790697674418605,0.5
0.0713808834983865,0.2093023255813953,0.1245763762293025,0.2790697674418605,0.5
0.0360520752197618,0.0697674418604651,0.2494339086454016,0.8604651162790699,0.3333333333333333
0.2206520529653944,0.5348837209302325,0.0702195134486376,0.5348837209302325,0.1666666666666666
0.2350061199510403,0.5658914728682171,0.1261786641755624,0.7209302325581396,0.1666666666666666
0.8594636697451874,0.7984496124031008,0.9416827651257494,0.6046511627906976,0.1666666666666666
0.2236563925670412,0.4806201550387596,0.022695048325609,0.3023255813953488,0.5
0.1371981751418716,0.4263565891472868,0.4648660577972471,0.5813953488372093,0.3333333333333333
0.2144764660064537,0.5891472868217054,0.0378714360430138,0.1627906976744186,0.1666666666666666
0.2470791142761766,0.6666666666666666,0.0146836085943097,0.2325581395348837,0.5
0.0907421831534438,0.2325581395348837,5.139414167248946e-05,0.6976744186046512,0.3333333333333333
0.084065872927562,0.3100775193798449,0.0278344624928577,1.0,0.5
0.1004228329809725,0.4108527131782945,0.051173449181775,0.3023255813953488,0.3333333333333333
0.0795037276065427,0.2015503875968992,0.0524129549515232,0.3488372093023256,0.1666666666666666
0.2495827306108823,0.6356589147286821,0.0145324493540965,0.5348837209302325,0.5
0.0642594859241126,0.1705426356589147,0.055194284971446,0.9767441860465116,0.3333333333333333
0.8540113497273839,0.7364341085271318,0.1880632571188444,0.7209302325581396,0.5
0.1597863580727717,0.3720930232558139,0.1368505065346139,0.5348837209302325,0.5
0.4912095248692555,0.689922480620155,0.0333064269885753,0.5348837209302325,0.3333333333333333
0.2685545788360965,0.5813953488372092,0.0171626201338061,0.3023255813953488,0.1666666666666666
0.0990875709357961,0.2325581395348837,0.5878189837866599,0.5348837209302325,0.3333333333333333
0.0177478580171358,0.0542635658914728,0.0126580747754529,0.5348837209302325,0.5
0.2131412039612774,0.5426356589147286,0.0,0.5581395348837209,0.1666666666666666
0.2729498164014687,0.5116279069767441,0.0658661273304976,0.883720930232558,0.3333333333333333
0.0563591854901524,0.1550387596899224,0.0495409293874725,0.9534883720930232,0.5
0.1792589295649271,0.5038759689922481,0.1328599025929856,0.6511627906976745,0.1666666666666666
0.1978413263602982,0.4108527131782945,0.0762658830571654,0.5348837209302325,0.5
0.2416267942583732,0.4961240310077519,0.008546543441654,0.5116279069767442,0.5
0.2340046734171581,0.4496124031007752,0.0509618262454765,0.6976744186046512,0.5
0.0909090909090909,0.2635658914728682,0.1305320502937024,0.5348837209302325,0.3333333333333333
0.208189607210415,0.4651162790697674,0.2254600531475889,0.5348837209302325,0.1666666666666666
0.2361744742405697,0.4573643410852712,0.2193229879949332,0.6511627906976745,0.3333333333333333
0.2655502392344497,0.6201550387596899,0.0306157925127805,0.5348837209302325,0.5
0.0852898631356403,0.3255813953488372,0.1118185363553088,0.5348837209302325,0.5
0.8368754868142873,0.751937984496124,1.0000000000000002,0.5348837209302325,0.1666666666666666
0.2213753199065316,0.5038759689922481,0.0291948956547764,0.4186046511627906,0.3333333333333333
0.1494937131412039,0.3953488372093023,0.3000117904207366,0.6046511627906976,0.3333333333333333
0.8380994770223655,0.813953488372093,0.0850331189895307,0.1860465116279069,0.5
0.259096472682764,0.5271317829457364,0.0273507529241755,0.7906976744186046,0.5
0.7712807388449983,0.6744186046511628,0.3031861344652137,0.744186046511628,0.3333333333333333
0.1436519416935573,0.4418604651162791,0.2617685026467983,0.2558139534883721,0.5
0.4349059752976522,0.5813953488372092,0.5354574229768092,0.3255813953488372,0.5
0.0904083676421497,0.2635658914728682,0.0566756455255353,0.6511627906976745,0.5
0.2407366195615889,0.5193798449612402,0.5339155987266346,0.5348837209302325,0.3333333333333333
0.2613219094247246,0.5348837209302325,0.0385063048519093,0.3488372093023256,0.1666666666666666
0.1961722488038277,0.5271317829457364,0.5179229511120785,0.3953488372093023,0.3333333333333333
0.7688883943473906,0.8217054263565892,0.1233973341556396,0.627906976744186,0.1666666666666666
0.0960832313341493,0.2558139534883721,0.2761588623150944,0.4883720930232558,0.5
0.2157560921330811,0.5658914728682171,0.0358156703761144,0.627906976744186,0.5
0.0831756982307777,0.2868217054263565,0.0,0.1395348837209302,0.1666666666666666
0.0854011349727384,0.2713178294573644,0.6493407945534303,0.5348837209302325,0.5
0.058417714476466,0.3023255813953488,0.3144626137851181,0.4418604651162791,0.3333333333333333
0.0981973962390119,0.2558139534883721,0.0030141152498511,0.6976744186046512,0.3333333333333333
0.2512518081673528,0.5193798449612402,0.0227252801736517,0.5348837209302325,0.5
0.0083453877823522,0.0542635658914728,0.0080326020249291,0.7209302325581396,0.5
0.0995326582841882,0.2248062015503875,0.1245159125332172,0.5348837209302325,0.3333333333333333
0.0991432068543451,0.3410852713178294,0.0498734797159415,0.5348837209302325,0.6666666666666666
0.7348948481139423,0.6666666666666666,0.2261553856525695,0.5348837209302325,0.5
0.1212863024368532,0.2790697674418604,0.0198230227615584,0.7209302325581396,0.5
0.1993434961611216,0.5736434108527132,0.0874818986809845,0.4186046511627906,0.5
0.1175586958940692,0.2868217054263565,0.13382732173035,0.2790697674418605,0.5
0.1795927450762212,0.4496124031007752,0.4132602931884623,0.5348837209302325,0.5
0.1401468788249694,0.3023255813953488,1.0000000000000002,0.813953488372093,0.5
0.0448425503505062,0.1395348837209302,0.135671464460951,0.4651162790697675,0.5
0.0480694336263491,0.2093023255813953,0.3021280197837213,0.5348837209302325,0.3333333333333333
0.4025258707021253,0.6046511627906976,0.0248112776885938,0.4883720930232558,1.0
0.1108267497496383,0.3488372093023255,0.4479059910453266,0.8604651162790699,0.5
0.2208189607210415,0.5426356589147286,0.0179486481829147,0.3023255813953488,0.1666666666666666
0.2428507844664515,0.6744186046511628,0.0414690259600879,0.5348837209302325,0.3333333333333333
0.0605875152998776,0.2015503875968992,0.409269689246834,0.883720930232558,0.3333333333333333
0.0742183153443863,0.3023255813953488,0.1178044422677514,0.5348837209302325,0.1666666666666666
0.7404584399688439,0.7441860465116279,0.4258367419742001,0.5348837209302325,0.1666666666666666
0.2182040725492378,0.3953488372093023,0.3720542843063453,0.4186046511627906,0.1666666666666666
0.0827306108823856,0.2558139534883721,0.1435922086481224,0.6976744186046512,0.6666666666666666
0.0884611104929342,0.3410852713178294,0.0,0.5348837209302325,0.5
0.2144208300879047,0.6046511627906976,0.0616034367564854,0.4186046511627906,0.1666666666666666
0.1042060754423055,0.248062015503876,0.2605592287250927,0.6744186046511628,0.0
0.2269945476799821,0.627906976744186,0.0155603321875463,0.5348837209302325,0.3333333333333333
0.1815956381439857,0.5426356589147286,0.0515664632063293,0.6046511627906976,0.5
0.0905196394792478,0.2713178294573644,0.1092185974236419,0.3255813953488372,0.3333333333333333
0.1723044397463002,0.5038759689922481,0.0851540463817012,0.5348837209302325,0.3333333333333333
0.244686769778569,0.4728682170542635,0.02453919105621,0.5581395348837209,0.3333333333333333
0.2419049738511182,0.4883720930232558,0.0385063048519093,0.5348837209302325,0.1666666666666666
0.211750305997552,0.5271317829457364,0.027894926188943,0.6046511627906976,0.5
0.208189607210415,0.4186046511627906,0.4536198103253854,0.3488372093023256,0.1666666666666666
0.2158117280516301,0.5736434108527132,0.3478385740241915,0.5348837209302325,0.3333333333333333
0.0699899855346611,0.3565891472868217,0.1202834538072478,0.3953488372093023,0.1666666666666666
0.0520195838433292,0.2713178294573644,1.0000000000000002,0.5348837209302325,0.1666666666666666
0.2135306553911205,0.5193798449612402,0.0224229616932253,0.6976744186046512,0.1666666666666666
0.2312785134082564,0.6201550387596899,0.0739077989098395,0.5348837209302325,0.3333333333333333
0.1452653833314788,0.3565891472868217,0.0560710085646825,0.9069767441860463,0.3333333333333333
0.4137086903304773,0.5813953488372092,0.1594639288705079,0.5348837209302325,0.3333333333333333
0.0968064982752865,0.2248062015503875,0.0801053277585805,0.7209302325581396,0.1666666666666666
0.219149883164571,0.5503875968992248,0.4274692617685026,0.5581395348837209,0.5
0.0428952932012907,0.1395348837209302,0.0975793359272259,0.5348837209302325,0.3333333333333333
0.0698230777790141,0.186046511627907,0.091623661862826,0.5348837209302325,0.5
0.2246578391009235,0.3410852713178294,0.3605359502020999,1.0,0.3333333333333333
0.2286079893179036,0.3798449612403101,0.2852586485759288,0.3953488372093023,0.5
0.2084677868031601,0.6124031007751938,0.0,0.5348837209302325,0.5
0.0619784132636029,0.2325581395348837,0.3457525765092494,0.627906976744186,0.5
0.8576276844330699,0.6976744186046512,0.0803774143909643,0.5348837209302325,0.1666666666666666
0.9523756537220428,0.7674418604651162,0.3973281092699915,0.5348837209302325,0.3333333333333333
0.2169800823411594,0.5891472868217054,0.0521711001671821,0.5581395348837209,0.3333333333333333
0.2476911093802158,0.5503875968992248,0.0228462075658222,0.7906976744186046,0.3333333333333333
0.7945365527984867,0.883720930232558,0.0725775975959634,0.5348837209302325,0.5
0.1915544675642594,0.4573643410852712,0.0005351037103547,1.0,0.3333333333333333
0.2526983420496272,0.5503875968992248,0.0367226258173936,0.5348837209302325,0.5
0.0866251251808167,0.248062015503876,0.0753286957678436,0.5348837209302325,0.5
0.1747524201624568,0.4418604651162791,0.237673719756815,0.5348837209302325,0.1666666666666666
0.2248247468565706,0.5658914728682171,0.2218624632305148,0.5348837209302325,0.5
0.25931901635696,0.5813953488372092,0.0462456579508248,0.5348837209302325,0.6666666666666666
0.1947813508401023,0.4651162790697674,0.0938305867699386,0.5348837209302325,0.6666666666666666
0.0519639479247802,0.1395348837209302,1.0000000000000002,0.3953488372093023,0.3333333333333333
0.1015911872705018,0.3720930232558139,0.187428388309949,0.5348837209302325,0.3333333333333333
0.2473572938689217,0.6124031007751938,0.0,0.6511627906976745,0.5
0.4907088016023144,0.4186046511627906,0.1022048086777496,0.5348837209302325,0.5
0.1710248136196728,0.3953488372093023,0.0804681099350922,0.5348837209302325,0.1666666666666666
0.2042394569934349,0.4108527131782945,0.0957654250446675,0.8604651162790699,0.1666666666666666
0.1511071547791254,0.3333333333333333,0.2014257339536908,0.5813953488372093,0.1666666666666666
0.4633359296761989,0.6744186046511628,0.4788331715929463,0.3720930232558139,0.3333333333333333
0.2018471124958273,0.5116279069767441,0.2797866840802111,0.0,0.1666666666666666
0.0406698564593301,0.0930232558139534,0.1899980953935733,0.4418604651162791,0.5
0.1122176477133637,0.2713178294573644,0.0,0.4418604651162791,0.5
0.2110270390564148,0.5193798449612402,0.1401457779712616,0.8372093023255814,0.3333333333333333
0.1160008901746967,0.3720930232558139,0.5501501011255318,0.4418604651162791,0.6666666666666666
0.0395015021698008,0.2015503875968992,0.2331087107023765,0.7674418604651162,0.1666666666666666
0.0761099365750528,0.3488372093023255,0.5567104121507844,0.7209302325581396,0.5
0.0384444197173695,0.248062015503876,0.1605220435520003,0.4186046511627906,0.5
0.390452876376989,0.4651162790697674,0.3301529429192477,0.5348837209302325,0.5
0.0966395905196394,0.2403100775193798,0.2530919622585609,0.5813953488372093,0.3333333333333333
0.4538221876043173,0.4651162790697674,0.0809518195037744,0.0930232558139534,0.1666666666666666
0.8130633136753087,0.7596899224806201,0.0837029176756546,0.6046511627906976,0.5
0.120674307332814,0.2713178294573644,0.1737333611466335,0.3255813953488372,0.3333333333333333
0.1637365082897518,0.4806201550387596,0.0851540463817012,0.627906976744186,0.3333333333333333
0.1999554912651608,0.5658914728682171,0.0,0.813953488372093,0.1666666666666666
0.748636919995549,0.813953488372093,1.0000000000000002,0.5116279069767442,0.5
0.193612996550573,0.6046511627906976,0.9443733996015444,0.8372093023255814,0.5
0.4365194169355736,0.5348837209302325,0.2296925118735583,0.5813953488372093,0.1666666666666666
0.8892288861689106,0.8682170542635659,0.3615940648835922,0.9767441860465116,0.3333333333333333
0.0835095137420718,0.2403100775193798,0.0501153345002826,0.7906976744186046,0.5
0.2242127517525314,0.5271317829457364,0.0493897701472593,0.4883720930232558,0.5
0.2412373428285301,0.6356589147286821,0.5092766425718838,0.3720930232558139,0.3333333333333333
0.0581395348837209,0.1705426356589147,0.5840702346293727,0.4186046511627906,0.1666666666666666
0.4858128407700011,0.4108527131782945,0.1401760098193042,0.0,0.1666666666666666
0.1733058862801824,0.4883720930232558,0.3687892447177404,0.4186046511627906,0.1666666666666666
0.124179370201402,0.248062015503876,0.2001257644878574,0.5348837209302325,0.3333333333333333
0.7444642261043729,0.7441860465116279,0.1598267110470196,0.5581395348837209,0.1666666666666666
0.8713141203961277,0.7906976744186046,0.1620034041060896,0.6046511627906976,0.5
0.1521086013130076,0.4031007751937984,0.0854563648621276,0.4883720930232558,0.5
0.0634805830644263,0.1705426356589147,0.0301925466401835,0.8372093023255814,0.1666666666666666
0.2873038833871147,0.5271317829457364,0.1317110923673653,0.3255813953488372,0.3333333333333333
0.2246578391009235,0.4186046511627906,0.0229369031099502,0.4186046511627906,0.1666666666666666
0.4553799933236898,0.6589147286821705,0.5151113892441131,0.5581395348837209,0.3333333333333333
0.0771670190274841,0.3720930232558139,0.0,0.4186046511627906,0.3333333333333333
0.0956381439857572,0.3255813953488372,0.0006257992544826,0.5348837209302325,0.5
0.1880494046956715,0.4341085271317829,0.0297995326156292,0.4883720930232558,0.3333333333333333
0.2031267386224546,0.4728682170542635,1.0000000000000002,0.4651162790697675,0.5
0.1612885278735951,0.3798449612403101,0.0610592634917179,0.7674418604651162,0.5
0.2112495827306108,0.5658914728682171,0.0388388551803783,0.5348837209302325,0.3333333333333333
0.8691443195727161,0.8372093023255813,0.4810400965000589,0.5116279069767442,0.3333333333333333
0.1700790030043396,0.4883720930232558,0.0403504475825102,0.5348837209302325,0.1666666666666666
0.1218982975408924,0.3178294573643411,0.007034951039522,0.813953488372093,0.6666666666666666
0.2090797819071992,0.5736434108527132,0.0556779945401282,0.3953488372093023,0.6666666666666666
0.0910759986647379,0.2635658914728682,0.3125882392064744,0.5348837209302325,0.3333333333333333
0.2148659174362968,0.4496124031007752,0.0509920580935192,0.3953488372093023,0.5
0.1174474240569711,0.3023255813953488,0.1629103595473688,0.5348837209302325,0.3333333333333333
0.0509625013908979,0.2093023255813953,0.0210020648352213,0.5348837209302325,0.5
0.1076555023923445,0.3875968992248062,0.310109227666978,0.6046511627906976,0.3333333333333333
0.0470679870924669,0.1782945736434108,0.0378109723469286,0.6976744186046512,0.1666666666666666
0.7129186602870813,0.7751937984496123,0.0653219540657301,0.5813953488372093,0.5
0.1528875041726939,0.3720930232558139,0.1489734775997122,0.627906976744186,0.3333333333333333
0.1977300545232001,0.5038759689922481,0.3059070007890512,0.3488372093023256,0.3333333333333333
0.230110159118727,0.4883720930232558,0.0383551456116961,0.5581395348837209,0.5
0.0701568932903082,0.193798449612403,0.1018117946531953,0.6511627906976745,0.5
0.3059419161010348,0.3333333333333333,0.3996257297212321,0.7906976744186046,0.5
0.259430288194058,0.5271317829457364,0.2164207305828398,0.2325581395348837,0.5
0.2487481918326471,0.5348837209302325,0.0081837612651423,0.3488372093023256,0.3333333333333333
0.0610882385668187,0.1782945736434108,0.4874190164370557,0.9069767441860463,0.1666666666666666
0.6916101034828084,0.937984496124031,0.3913119715095064,0.3255813953488372,0.3333333333333333
0.2104706798709246,0.4883720930232558,0.916167085377762,0.3488372093023256,0.5
0.029264493156782,0.1162790697674418,0.0513246084219882,0.5348837209302325,0.1666666666666666
0.0964170468454434,0.2558139534883721,0.0,0.3023255813953488,0.1666666666666666
0.1013130076777567,0.3565891472868217,0.0604546265308652,0.2558139534883721,0.3333333333333333
0.2689440302659396,0.5581395348837209,0.1245763762293025,0.1395348837209302,0.1666666666666666
0.1402025147435184,0.4961240310077519,1.0000000000000002,0.3488372093023256,0.1666666666666666
0.1227884722376766,0.4108527131782945,0.1773309510637076,0.4186046511627906,0.3333333333333333
0.2132524757983754,0.4341085271317829,0.0147138404423524,0.5348837209302325,0.5
0.2401802603760988,0.4651162790697674,0.5096091929003528,0.3488372093023256,0.5
0.0906865472348948,0.2325581395348837,0.0258996242181288,0.7906976744186046,0.6666666666666666
0.2093023255813953,0.3798449612403101,0.2178416274408438,0.3720930232558139,0.3333333333333333
0.0358851674641148,0.186046511627907,0.0601523080504388,0.813953488372093,0.1666666666666666
0.0393902303327027,0.1007751937984496,0.0418318081365995,0.7906976744186046,0.5
0.0724379659508178,0.3100775193798449,0.2496757634297427,0.5348837209302325,0.1666666666666666
0.0684878157338377,0.2558139534883721,0.0118418148783017,0.3255813953488372,0.1666666666666666
0.0892400133526204,0.3333333333333333,0.0775053888269136,0.3023255813953488,0.3333333333333333
0.7686658506731946,0.6976744186046512,0.1930817438939225,0.5348837209302325,0.5
0.208133971291866,0.4573643410852712,0.0364807710330524,0.5348837209302325,0.5
0.2498052742850784,0.5116279069767441,0.0283181720615399,0.5813953488372093,0.3333333333333333
0.1185601424279514,0.4418604651162791,0.1027792137905598,0.5348837209302325,0.5
0.2363970179147657,0.6821705426356589,0.0022583190487851,0.5348837209302325,0.5
0.2397351730277067,0.4961240310077519,0.0013815954555486,0.5348837209302325,0.6666666666666666
0.2232113052186491,0.5038759689922481,0.0495106975394298,0.7906976744186046,0.5
0.0304884833648603,0.1085271317829457,0.9433757486161372,0.5116279069767442,0.5
0.1151107154779125,0.4496124031007752,1.0000000000000002,0.5348837209302325,0.5
0.06948926226772,0.1782945736434108,0.058036078687454,0.3720930232558139,0.5
0.1123845554690108,0.3100775193798449,0.0518083179906704,0.4186046511627906,0.3333333333333333
0.171636808723712,0.4263565891472868,0.0024094782889983,0.1395348837209302,0.3333333333333333
0.1841548903972404,0.4806201550387596,1.0000000000000002,0.5348837209302325,0.3333333333333333
0.47118059419161,0.4496124031007752,0.1446805551776575,0.5348837209302325,0.5
0.0791142761766996,0.193798449612403,0.127629792881609,0.744186046511628,0.1666666666666666
0.2200956937799043,0.4573643410852712,0.0315227479540596,0.6976744186046512,0.5
0.0828975186380327,0.1705426356589147,0.1333133803136252,0.627906976744186,0.5
0.4759652831868254,0.5813953488372092,0.1565314396103719,0.5348837209302325,0.5
0.2363970179147657,0.5038759689922481,0.028560026845881,0.4186046511627906,0.3333333333333333
0.1067653276955602,0.4573643410852712,0.2010024880810939,0.5348837209302325,0.3333333333333333
0.8337042394569933,0.7906976744186046,0.0802564869987937,0.2790697674418605,0.5
0.0238121731389785,0.193798449612403,0.1443782366972311,0.6744186046511628,0.1666666666666666
0.080338266384778,0.2558139534883721,0.0034675929704907,0.5348837209302325,0.5
0.1793702014020251,0.5426356589147286,1.0000000000000002,0.3953488372093023,0.3333333333333333
0.1210081228441081,0.4728682170542635,0.3761960474881869,0.0465116279069767,0.3333333333333333
0.0737175920774452,0.2558139534883721,0.5844027849578417,0.6046511627906976,0.5
0.0843996884388561,0.248062015503876,0.0301925466401835,0.627906976744186,0.3333333333333333
0.8083342605986424,0.9302325581395348,0.069433485399529,0.4186046511627906,0.3333333333333333
0.0576388116167797,0.2403100775193798,0.9780819101690869,0.5116279069767442,0.5
0.1880494046956715,0.4806201550387596,0.4941909503986069,0.5581395348837209,0.1666666666666666
0.2101368643596305,0.5736434108527132,0.026050783458342,0.7209302325581396,0.5
0.1294647824635584,0.4961240310077519,0.1402364735153895,0.5348837209302325,0.3333333333333333
0.0737175920774452,0.2558139534883721,0.2016675887380319,0.5348837209302325,0.3333333333333333
0.0336040948036052,0.1782945736434108,0.0,0.5348837209302325,0.5
0.1172805163013241,0.1472868217054263,0.0416201852003011,0.744186046511628,0.5
0.069377990430622,0.2713178294573644,0.078896053836875,0.2093023255813954,0.5
0.1412039612774007,0.4651162790697674,0.4413456800200739,0.4651162790697675,0.5
0.2322243240235896,0.3565891472868217,0.04355502347503,0.4651162790697675,0.5
0.4902637142539223,0.5193798449612402,0.1502129833694604,0.3488372093023256,0.5
0.1759207744519862,0.3798449612403101,0.0425876043376655,0.6046511627906976,0.3333333333333333
0.0759986647379548,0.2403100775193798,0.1186207021649026,0.813953488372093,0.1666666666666666
0.087682207633248,0.3100775193798449,0.1444991640894016,0.5116279069767442,0.8333333333333333
0.0940803382663847,0.1627906976744186,0.0102092950839991,0.5348837209302325,0.3333333333333333
0.2037387337264938,0.4263565891472868,0.0387179277882077,0.6744186046511628,0.5
0.2167019027484143,0.4418604651162791,0.133162221073412,0.5348837209302325,0.6666666666666666
0.2463558473350395,0.4651162790697674,0.1150835759439138,0.3255813953488372,0.1666666666666666
0.1135529097585401,0.4961240310077519,0.4601498895025954,0.0930232558139534,0.5
0.0581951708022699,0.2558139534883721,0.8394386550455443,0.5348837209302325,0.3333333333333333
0.7801268498942917,0.8217054263565892,0.3610498916188248,0.4186046511627906,0.5
0.113386002002893,0.2790697674418604,0.0297390689195439,0.5348837209302325,0.5
0.0797819071992878,0.3488372093023255,0.0494200019953019,0.2325581395348837,0.5
0.1017024591075998,0.2403100775193798,0.1259670412392639,0.5348837209302325,0.5
0.2234894848113942,0.4418604651162791,0.1409922697164555,0.883720930232558,0.5
0.0546901079336819,0.1705426356589147,0.0543175613782095,0.5581395348837209,0.1666666666666666
0.1953933459441415,0.4263565891472868,0.3164276839078896,0.8372093023255814,0.1666666666666666
0.1955602536997885,0.4961240310077519,0.0325506307875094,0.5348837209302325,0.5
0.0704907088016023,0.3565891472868217,0.5393573313743096,0.3488372093023256,0.3333333333333333
0.0563591854901524,0.193798449612403,0.1216438869691665,0.9302325581395348,0.1666666666666666
0.1160565260932458,0.3798449612403101,0.1193764983659686,0.3720930232558139,0.1666666666666666
0.0506843217981528,0.0930232558139534,0.5454943965269653,0.5348837209302325,0.5
0.7276065427840213,0.6511627906976744,0.0633568839429585,0.4883720930232558,0.1666666666666666
0.8345944141537776,0.7054263565891472,0.0862423929112362,0.4186046511627906,0.3333333333333333
0.2362301101591187,0.4883720930232558,0.0375086538665022,0.5348837209302325,0.3333333333333333
0.4481473239123177,0.4651162790697674,0.0825541074500343,0.2558139534883721,0.3333333333333333
0.1894959385779459,0.3953488372093023,0.9424083294787728,0.5348837209302325,0.3333333333333333
0.0692667185935239,0.2248062015503875,0.0222415706049695,1.0,0.3333333333333333
0.2273283631912763,0.4728682170542635,0.0,0.6046511627906976,0.5
0.0880716590630911,0.248062015503876,0.0399272017099133,0.7906976744186046,1.0
0.0422832980972515,0.0852713178294573,0.5328272521970996,0.5348837209302325,0.5
0.1354734616668521,0.4573643410852712,0.0221811069088842,0.3023255813953488,0.5
0.2246578391009235,0.4728682170542635,0.0454596299017162,0.5348837209302325,0.3333333333333333
0.2294981640146878,0.4263565891472868,0.0611801908838885,0.5348837209302325,0.3333333333333333
0.2348392121953933,0.4728682170542635,0.003437361122448,0.7674418604651162,0.8333333333333333
0.2464671191721375,0.6511627906976744,0.0100279039957433,0.6744186046511628,0.5
0.2515856236786469,0.6124031007751938,0.0490572198187903,0.3255813953488372,0.1666666666666666
0.2608768220763325,0.5658914728682171,0.025627537585745,0.5348837209302325,0.5
0.0591409814176032,0.193798449612403,0.069433485399529,0.2790697674418605,0.1666666666666666
0.0515744964949371,0.2093023255813953,0.0507502033091781,0.627906976744186,0.3333333333333333
0.2132524757983754,0.5658914728682171,0.0308576472971216,0.5348837209302325,0.3333333333333333
0.054912651607878,0.2558139534883721,1.0000000000000002,0.5348837209302325,0.3333333333333333
0.2524201624568821,0.5348837209302325,0.0109650912850651,0.6511627906976745,0.1666666666666666
0.8498386558362078,0.6976744186046512,0.93149463233538,0.3488372093023256,0.5
0.2238233003226883,0.4496124031007752,0.0719729606351106,0.813953488372093,0.5
0.2130299321241793,0.5581395348837209,0.0125069155352397,0.6046511627906976,0.6666666666666666
0.4164904862579281,0.5426356589147286,0.093800354921896,0.5348837209302325,0.5
0.1715255368866139,0.4186046511627906,0.0334273543807459,0.5348837209302325,0.1666666666666666
0.073272504729053,0.3023255813953488,0.0816169201607125,0.3720930232558139,0.3333333333333333
0.0499054189384666,0.2635658914728682,0.0586104838002642,0.883720930232558,0.5
0.4385223100033381,0.4573643410852712,0.1163533135617047,0.5348837209302325,0.5
0.0352731723600756,0.248062015503876,0.3401899164694039,0.6046511627906976,0.1666666666666666
0.1367530877934794,0.4263565891472868,0.0951910199318574,0.3488372093023256,0.3333333333333333
0.2456882163124513,0.5813953488372092,0.1857354048195612,0.5348837209302325,0.1666666666666666
0.2240458439968843,0.4806201550387596,0.3302436384633756,0.8604651162790699,0.3333333333333333
0.2540892400133526,0.5968992248062015,0.0393830284451458,0.7906976744186046,0.3333333333333333
0.1766440413931234,0.4108527131782945,0.1292925445239542,0.6744186046511628,0.1666666666666666
0.0818404361856014,0.248062015503876,0.1278111839698649,0.6046511627906976,0.5
0.1297985979748525,0.3333333333333333,0.1943212496636707,0.5348837209302325,0.5
0.0766106598419939,0.0775193798449612,0.0598499895700124,0.5348837209302325,0.1666666666666666
0.2131412039612774,0.4186046511627906,0.0585500201041789,0.2558139534883721,0.5
0.8130076777567596,0.7829457364341085,0.1274484017933532,0.5348837209302325,0.1666666666666666
0.2024034716813174,0.5658914728682171,0.0558896174764267,0.6046511627906976,0.1666666666666666
0.3306442639367976,0.6124031007751938,1.0000000000000002,0.3023255813953488,0.3333333333333333
0.1174474240569711,0.2713178294573644,0.0175858660064031,0.3488372093023256,0.3333333333333333
0.0944141537776788,0.4496124031007752,0.0,0.7209302325581396,0.3333333333333333
0.2164793590742183,0.4883720930232558,0.2882213696841074,0.3720930232558139,0.3333333333333333
0.2021809280071214,0.4883720930232558,0.0424062132494097,0.6511627906976745,0.3333333333333333
0.0675976410370535,0.3875968992248062,0.0906864745735042,0.627906976744186,0.3333333333333333
0.2100812284410815,0.4806201550387596,0.4057023311778026,0.5348837209302325,0.3333333333333333
0.2544230555246467,0.4573643410852712,0.0698567312721259,0.5348837209302325,0.3333333333333333
0.0684321798152887,0.2558139534883721,0.4622963507136227,0.3023255813953488,0.1666666666666666
0.0856793145654834,0.3178294573643411,0.1228229290428294,0.7209302325581396,0.5
0.2459107599866473,0.6124031007751938,0.2784262509182924,0.744186046511628,0.3333333333333333
0.1965060643151218,0.3875968992248062,0.1454665832267661,0.5581395348837209,0.5
0.1088238566818738,0.3875968992248062,0.024206640727741,0.3023255813953488,0.1666666666666666
0.1195059530432847,0.2558139534883721,0.0408946208472777,0.9534883720930232,0.3333333333333333
0.2411817069099811,0.4341085271317829,0.0242973362718689,0.5348837209302325,0.3333333333333333
0.2436853232446867,0.3023255813953488,0.3547918990739985,0.5813953488372093,0.3333333333333333
0.4498720373873373,0.7131782945736433,1.0000000000000002,0.8372093023255814,0.3333333333333333
0.1720262601535551,0.4806201550387596,0.5524174897287296,0.3953488372093023,0.3333333333333333
0.0922999888728162,0.2558139534883721,0.0101790632359565,0.0,0.1666666666666666
0.1078780460665405,0.4418604651162791,0.1557454115612633,0.2558139534883721,0.5
0.1887170357182597,0.5116279069767441,0.1588290600616125,0.6511627906976745,0.5
0.1891621230666518,0.5503875968992248,0.241694555546486,0.5348837209302325,0.3333333333333333
0.0379993323689774,0.1782945736434108,0.0969444671183304,0.6976744186046512,0.3333333333333333
0.2420718816067653,0.5581395348837209,0.0396853469255722,0.5348837209302325,0.5
0.113274730165795,0.248062015503876,0.0091511804025068,0.744186046511628,0.5
0.857905864025815,0.875968992248062,1.0000000000000002,0.627906976744186,0.5
0.1664626682986536,0.3643410852713178,0.1452549602904676,0.5116279069767442,0.3333333333333333
0.0342717258261933,0.193798449612403,0.5210065996124277,0.6046511627906976,0.6666666666666666
0.0718259708467786,0.2945736434108527,0.0626917832860204,0.5116279069767442,0.3333333333333333
0.138755980861244,0.2790697674418604,0.0084256160494834,0.5581395348837209,0.5
0.2353399354623345,0.6046511627906976,0.5646009244899132,0.6976744186046512,0.1666666666666666
0.1048737064648937,0.2868217054263565,1.0000000000000002,0.6046511627906976,0.5
0.1886613997997107,0.3410852713178294,1.0000000000000002,0.5813953488372093,0.3333333333333333
0.1157783465005007,0.3798449612403101,0.0368435532095641,0.2790697674418605,0.5
0.2177033492822966,0.4418604651162791,0.0669544738600325,0.5348837209302325,0.3333333333333333
0.0637587626571714,0.1627906976744186,0.1352179867403114,0.2790697674418605,0.3333333333333333
0.0713808834983865,0.2170542635658914,0.0927724720884463,0.8604651162790699,0.3333333333333333
0.0726048737064649,0.1782945736434108,0.3605057183540572,0.2558139534883721,0.5
0.058528986313564,0.1782945736434108,0.3470525459750829,0.5813953488372093,0.5
0.0484588850561922,0.2325581395348837,0.2127324451216379,0.5813953488372093,0.3333333333333333
0.1122732836319127,0.3255813953488372,0.8611451219401591,0.4418604651162791,0.5
0.4152664960498498,0.6201550387596899,0.2853493441200567,0.3023255813953488,0.5
0.2450205852898631,0.3875968992248062,0.1290809215876557,0.7209302325581396,0.3333333333333333
0.2614331812618226,0.6434108527131782,0.0276228395565592,0.5348837209302325,0.8333333333333333
0.2412929787470791,0.3023255813953488,0.7393410061763666,0.5813953488372093,0.3333333333333333
0.1945031712473573,0.4806201550387596,0.0,0.3953488372093023,0.1666666666666666
0.0172471347501947,0.0852713178294573,0.0658358954824549,0.3720930232558139,0.3333333333333333
0.7500834538778235,0.7209302325581395,0.0585500201041789,0.5348837209302325,0.3333333333333333
0.219261155001669,0.4651162790697674,0.1403574009075601,0.4651162790697675,0.3333333333333333
0.1815400022254367,0.4186046511627906,0.0922282988236788,0.3953488372093023,0.3333333333333333
0.1851563369311227,0.4341085271317829,0.0066721688630104,0.3953488372093023,0.3333333333333333
0.7149215533548459,0.883720930232558,0.6787261508508754,0.7209302325581396,0.3333333333333333
0.4305107377322799,0.4341085271317829,1.0000000000000002,0.5348837209302325,0.5
0.0565817291643485,0.1705426356589147,0.1271763151609695,0.2325581395348837,0.3333333333333333
0.1113274730165795,0.2325581395348837,0.3709659377768103,0.627906976744186,0.6666666666666666
0.1187826861021475,0.4108527131782945,0.198735099477896,0.627906976744186,0.5
0.4365194169355736,0.4496124031007752,0.4149532766788501,0.5348837209302325,0.5
0.7899744074774674,0.8914728682170542,0.3885306414895836,0.6046511627906976,0.5
0.0686547234894848,0.3100775193798449,0.5407177645362283,0.3720930232558139,0.5
0.0288194058083898,0.0852713178294573,0.3657055962173912,0.4883720930232558,0.6666666666666666
0.0790586402581506,0.4418604651162791,0.0113883371576621,0.6046511627906976,0.3333333333333333
0.1403694224991654,0.2403100775193798,0.0190067628644071,0.5348837209302325,0.5
0.0988650272616001,0.3023255813953488,0.2458060868802849,1.0,0.5
0.2027372871926115,0.5271317829457364,0.0,0.5581395348837209,0.5
0.0534104818070546,0.248062015503876,0.0733333937970294,0.5348837209302325,0.3333333333333333
0.0554133748748191,0.2868217054263565,1.0000000000000002,0.6511627906976745,0.1666666666666666
0.1330254812506954,0.3798449612403101,0.0381435226753976,0.3255813953488372,0.1666666666666666
0.0895181929453655,0.2635658914728682,0.053682692569314,0.2325581395348837,0.3333333333333333
0.1110492934238344,0.2015503875968992,0.1658730806555474,0.5348837209302325,0.5
0.0649827528652498,0.2325581395348837,0.6887631244010315,0.6744186046511628,0.5
0.1964504283965728,0.5038759689922481,0.0450968477252046,0.6511627906976745,0.5
0.1988427728941804,0.4341085271317829,0.3383457737388028,0.6744186046511628,0.5
0.2231000333815511,0.4961240310077519,0.3485339065291722,0.5348837209302325,0.1666666666666666
0.1308556804272838,0.3565891472868217,0.7845980826961971,0.5116279069767442,0.6666666666666666
0.1756982307777901,0.4418604651162791,0.1830145384957237,0.5581395348837209,0.1666666666666666
0.1922220985868476,0.3720930232558139,0.395695589475689,0.4651162790697675,0.1666666666666666
0.1947257149215533,0.4573643410852712,0.3507105995882422,0.5348837209302325,0.5
0.0746634026927784,0.4031007751937984,0.1779960517206456,0.5813953488372093,0.5
0.1512184266162234,0.4418604651162791,0.0548012709468917,0.5348837209302325,0.3333333333333333
0.2078001557805719,0.5581395348837209,0.0493897701472593,0.4418604651162791,0.6666666666666666
0.0517970401691331,0.1705426356589147,0.3088999537452725,0.5348837209302325,0.5
0.2604873706464893,0.5038759689922481,0.171345045151265,0.6976744186046512,0.6666666666666666
0.2041838210748859,0.4728682170542635,0.0083349205053555,0.4651162790697675,0.5
0.1308556804272838,0.3255813953488372,0.0888120999948606,0.3023255813953488,0.3333333333333333
0.2174808056081006,0.5038759689922481,0.0530478237604186,0.2790697674418605,0.3333333333333333
0.1632914209413597,0.5116279069767441,0.5060720666793641,0.6511627906976745,0.5
0.2385111828196283,0.5581395348837209,0.4569453136100757,0.5813953488372093,0.1666666666666666
0.4005786135529097,0.5038759689922481,0.1876400112462475,0.5348837209302325,0.1666666666666666
0.0792811839323467,0.2868217054263565,0.0,0.5813953488372093,0.3333333333333333
0.0209191053744297,0.0852713178294573,0.0997862608343385,0.2093023255813954,0.5
0.0849560476243462,0.2558139534883721,0.0314018205618891,0.5348837209302325,0.3333333333333333
0.2221542227662178,0.6124031007751938,0.0443108196760959,0.5813953488372093,0.3333333333333333
0.1925559140981417,0.4341085271317829,0.2464107238411376,0.5116279069767442,0.5
0.2152553688661399,0.4418604651162791,0.1087953515510449,0.2093023255813954,0.3333333333333333
0.2432958718148436,0.4883720930232558,0.0346970919985367,0.3023255813953488,0.3333333333333333
0.200901301880494,0.5503875968992248,0.6116416800442595,0.5348837209302325,0.3333333333333333
0.4203293646378102,0.6046511627906976,0.0317948345864434,0.4883720930232558,0.1666666666666666
0.2287192611550016,0.4418604651162791,0.0065512414708398,0.7209302325581396,0.5
0.2307777901413152,0.5813953488372092,0.1142673160467626,0.7674418604651162,1.0
0.0408924001335262,0.1162790697674418,0.5529011992974119,0.5348837209302325,0.5
0.222988761544453,0.5891472868217054,0.0510525217896044,0.4883720930232558,0.1666666666666666
0.2236563925670412,0.4806201550387596,0.0390504781166768,0.1162790697674418,0.1666666666666666
0.2163680872371202,0.4186046511627906,0.4978187721637236,0.5348837209302325,0.3333333333333333
0.0560253699788583,0.1782945736434108,0.510516148341632,0.5116279069767442,0.5
0.3606876599532658,0.6744186046511628,0.0394434921412311,0.627906976744186,0.1666666666666666
0.0992544786914431,0.2713178294573644,0.0272298255320049,0.0,0.3333333333333333
0.2523088906197841,0.5891472868217054,0.0090000211622936,0.3255813953488372,0.5
0.0714921553354845,0.2093023255813953,0.353491929608165,0.3953488372093023,0.3333333333333333
0.2430176922220985,0.5271317829457364,0.601967488670615,0.6046511627906976,0.1666666666666666
0.0883498386558362,0.2790697674418604,0.2310227131874344,0.4883720930232558,0.5
0.0596973406030933,0.1705426356589147,0.0239043222473146,0.3255813953488372,0.1666666666666666
0.4145988650272616,0.689922480620155,1.0000000000000002,0.5348837209302325,0.3333333333333333
0.2552019583843329,0.5581395348837209,0.0219997158206284,0.3953488372093023,0.3333333333333333
0.7115277623233559,0.6589147286821705,0.133162221073412,0.1395348837209302,0.5
0.0466785356626237,0.1782945736434108,0.054105938441911,0.744186046511628,0.3333333333333333
0.2250472905307666,0.5581395348837209,0.0231485260462486,0.3255813953488372,0.1666666666666666
0.1471013686435963,0.3798449612403101,0.1404783282997306,0.6744186046511628,0.1666666666666666
0.8733726493824412,0.9224806201550388,0.0689800076788894,0.5348837209302325,0.3333333333333333
0.412317792366752,0.6434108527131782,0.1606127390961282,0.4186046511627906,0.3333333333333333
0.7296650717703349,0.7751937984496123,0.0630847973105748,0.3488372093023256,0.5
0.3732613775453433,0.5891472868217054,1.0000000000000002,0.5348837209302325,0.3333333333333333
0.0286524980527428,0.193798449612403,0.1251810131901553,0.7674418604651162,0.1666666666666666
0.0701012573717592,0.1162790697674418,0.6005768236606536,0.5813953488372093,0.1666666666666666
0.0780571937242683,0.186046511627907,0.1226717698026162,0.4186046511627906,0.5
0.1938355402247691,0.4186046511627906,0.0222718024530121,0.7906976744186046,0.3333333333333333
0.1949482585957494,0.4651162790697674,0.3041233217545355,0.5348837209302325,0.1666666666666666
0.4772449093134527,0.4186046511627906,0.129897181484807,0.5348837209302325,0.5
0.2298319795259819,0.4263565891472868,0.0764775059934639,0.813953488372093,0.5
0.0846778680316012,0.2248062015503875,0.0579756149913688,0.3953488372093023,0.5
0.3996884388561255,0.5813953488372092,0.0169812290455503,0.4418604651162791,0.3333333333333333
0.2215422276621787,0.4728682170542635,1.0000000000000002,0.3255813953488372,0.3333333333333333
0.1990096806498275,0.4651162790697674,0.6201670611922836,0.1860465116279069,0.3333333333333333
0.2016802047401802,0.5116279069767441,0.1326482796566871,0.3953488372093023,0.5
0.1809836430399466,0.5581395348837209,0.0683149070219513,0.627906976744186,0.5
0.2089128741515522,0.4108527131782945,0.0006560311025252,0.6744186046511628,0.1666666666666666
0.0867920329364637,0.2635658914728682,0.0455200935978015,0.3023255813953488,0.5
0.2199287860242572,0.5968992248062015,0.0470921496960187,0.4418604651162791,0.1666666666666666
0.0979192166462668,0.2635658914728682,0.0396853469255722,0.0697674418604651,0.5
0.069322354512073,0.193798449612403,1.0000000000000002,0.6744186046511628,0.8333333333333333
0.1786469344608879,0.4031007751937984,0.4417386940446283,0.4186046511627906,0.3333333333333333
0.1011460999221097,0.4031007751937984,0.095977047980966,1.0,0.3333333333333333
0.0887392900856793,0.3643410852713178,0.0098465129074875,0.4651162790697675,0.5
0.0961945031712473,0.2868217054263565,0.0323692396992535,0.627906976744186,0.6666666666666666
0.1577834650050072,0.4573643410852712,0.6283901238598815,0.5348837209302325,0.3333333333333333
0.2289974407477467,0.5193798449612402,0.2327459285258648,0.5348837209302325,0.3333333333333333
0.2391231779236675,0.5968992248062015,0.0099069766035728,0.5116279069767442,0.5
0.0576388116167797,0.2015503875968992,0.1193764983659686,0.813953488372093,0.3333333333333333
0.182430176922221,0.3643410852713178,1.0000000000000002,0.4186046511627906,0.5
0.0828418827194837,0.3410852713178294,1.0000000000000002,0.7674418604651162,0.1666666666666666
0.2402358962946478,0.6201550387596899,0.0265042611789816,0.4186046511627906,0.1666666666666666
0.1149438077222655,0.4961240310077519,0.3151277144420561,0.4186046511627906,0.3333333333333333
0.1091576721931679,0.2325581395348837,0.0138068850010732,0.5348837209302325,0.5
0.182763992433515,0.4728682170542635,0.0283484039095825,0.6744186046511628,0.1666666666666666
0.7395682652720595,0.6976744186046512,0.0542873295301668,0.744186046511628,0.3333333333333333
0.4036942249916546,0.5581395348837209,0.3987187742799529,0.813953488372093,0.3333333333333333
0.0814509847557583,0.1782945736434108,0.0349087149348352,0.3953488372093023,0.3333333333333333
0.7717258261933904,0.8604651162790697,0.9365433509585008,0.5813953488372093,0.5
0.1504951596750862,0.3565891472868217,0.4417386940446283,0.3953488372093023,0.5
0.237398464448648,0.4573643410852712,0.0,0.5116279069767442,0.5
0.2121397574273951,0.4186046511627906,0.0818587749450536,0.5348837209302325,0.3333333333333333
0.1982307777901413,0.5348837209302325,0.5499384781892332,0.5348837209302325,0.5
0.0462890842327806,0.1240310077519379,0.063901057207726,0.5348837209302325,0.1666666666666666
0.0458439968843885,0.2170542635658914,0.2101325061899709,0.5348837209302325,0.6666666666666666
0.0796149994436408,0.3178294573643411,0.7204763329977598,0.5581395348837209,0.5
0.2394013575164126,0.5193798449612402,0.0231787578942913,0.7209302325581396,0.5
0.058473350395015,0.2403100775193798,0.4567639225218198,0.4883720930232558,0.5
0.0807277178146211,0.3178294573643411,0.1333133803136252,0.6511627906976745,0.3333333333333333
0.0522421275175253,0.1317829457364341,0.0,0.7906976744186046,0.3333333333333333
0.0689329030822299,0.1782945736434108,0.0247205821444659,0.1860465116279069,0.1666666666666666
0.0130188049404695,0.0620155038759689,0.0593360481532875,0.5348837209302325,0.1666666666666666
0.8224657839100923,0.9224806201550388,0.1844354353537277,0.5348837209302325,0.5
0.0163569600534104,0.0387596899224806,0.0267461159633227,0.7209302325581396,0.3333333333333333
0.1893290308222988,0.5271317829457364,0.0,0.9069767441860463,0.5
0.3919550461778124,0.6666666666666666,0.6655450651042848,0.627906976744186,0.3333333333333333
0.1619561588961833,0.3953488372093023,0.0873609712888139,0.5348837209302325,0.1666666666666666
0.1738066095471236,0.4341085271317829,0.0250229006248923,0.7674418604651162,0.6666666666666666
0.2178146211193946,0.5658914728682171,0.2220438543187707,0.5581395348837209,0.3333333333333333
0.1958384332925336,0.4883720930232558,0.2305692354667949,0.7674418604651162,0.3333333333333333
0.0934127072437965,0.3178294573643411,0.1274786336413959,0.4186046511627906,0.5
0.240847891398687,0.3953488372093023,0.2025443123312685,0.2790697674418605,0.3333333333333333
0.4341270724379659,0.751937984496124,0.2994373853079265,0.5581395348837209,0.3333333333333333
0.102147546455992,0.4728682170542635,0.0639917527518539,0.5348837209302325,0.1666666666666666
0.084288416601758,0.3178294573643411,0.1223089876261046,0.3023255813953488,0.3333333333333333
0.0714921553354845,0.2868217054263565,1.0000000000000002,0.7674418604651162,0.5
0.193612996550573,0.4263565891472868,1.0000000000000002,0.4186046511627906,0.5
0.4082007343941248,0.4263565891472868,0.0157417232758021,0.5116279069767442,0.5
0.1724157115833982,0.5116279069767441,0.758145215658888,0.5813953488372093,1.0
0.1739178813842216,0.4573643410852712,0.1726752464651411,0.4883720930232558,0.1666666666666666
0.095026148881718,0.1550387596899224,0.0820401660333094,0.4883720930232558,0.5
0.193668632469122,0.5736434108527132,0.231899436780671,0.3720930232558139,0.3333333333333333
0.0165795037276065,0.1550387596899224,0.2028768626597375,0.1627906976744186,0.1666666666666666
0.208189607210415,0.4496124031007752,0.2143649649159404,0.5348837209302325,0.3333333333333333
0.2279959942138644,0.5736434108527132,0.0404109112785955,0.5813953488372093,0.5
0.383275842884166,0.627906976744186,0.7943025059178843,0.3953488372093023,0.1666666666666666
0.2383999109825303,0.4263565891472868,0.0384760730038666,0.4883720930232558,0.3333333333333333
0.2464114832535885,0.4108527131782945,0.4652590718218014,0.7674418604651162,0.5
0.1070435072883053,0.3720930232558139,0.2801494662567228,0.0697674418604651,0.1666666666666666
0.1697451874930455,0.4883720930232558,0.5558941522536331,0.3488372093023256,0.5
0.2500278179592745,0.4263565891472868,0.1436224404961651,0.6976744186046512,0.5
0.0517970401691331,0.2248062015503875,0.0005653355583973,0.5348837209302325,0.3333333333333333
0.0569711805941916,0.1550387596899224,1.0000000000000002,0.5581395348837209,0.1666666666666666
0.2383999109825303,0.5581395348837209,0.0451573114212898,0.5348837209302325,0.8333333333333333
0.452653833314788,0.6744186046511628,0.6815074808707982,0.5348837209302325,0.5
0.2064092578168465,0.5658914728682171,0.0027420286174673,0.6744186046511628,0.3333333333333333
0.1738622454656726,0.5348837209302325,0.0456410209899721,0.5348837209302325,0.3333333333333333
0.2013463892288861,0.5503875968992248,0.0498130160198562,0.3953488372093023,0.3333333333333333
0.2463002114164905,0.4883720930232558,0.256598856631507,0.813953488372093,0.5
0.1908312006231222,0.5581395348837209,0.0,0.2558139534883721,0.3333333333333333
0.1017024591075998,0.4728682170542635,0.3625614840209567,0.0930232558139534,0.5
0.2237676644041393,0.6589147286821705,0.0907167064215468,0.7209302325581396,0.1666666666666666
0.098753755424502,0.2325581395348837,0.0596988303297992,0.5348837209302325,0.5
0.0915767219316791,0.4186046511627906,0.275947239378796,0.5348837209302325,0.3333333333333333
0.2350617558695893,0.5968992248062015,0.0,0.6744186046511628,0.6666666666666666
0.1158896183375987,0.3643410852713178,0.046396817191038,0.4418604651162791,0.1666666666666666
0.6881050406142205,0.7286821705426356,1.0000000000000002,0.4186046511627906,0.1666666666666666
0.0350506286858796,0.1162790697674418,0.2903375990470921,0.2558139534883721,0.5
0.1057638811616779,0.3333333333333333,0.0281670128213267,0.1395348837209302,0.5
0.2388449983309224,0.4186046511627906,0.0,0.5348837209302325,0.8333333333333333
0.1902192055190831,0.4728682170542635,0.4526523911880209,0.6744186046511628,0.3333333333333333
0.1081562256592856,0.2790697674418604,0.0179486481829147,0.1162790697674418,0.5
0.4011349727383999,0.4418604651162791,0.1227926971947868,0.4651162790697675,0.5
0.1984533214643373,0.4418604651162791,1.0000000000000002,0.5348837209302325,0.3333333333333333
0.2861355290975854,0.5348837209302325,0.0119627422704722,0.4418604651162791,0.6666666666666666
0.1675753866696339,0.4961240310077519,0.8676147374212838,0.4651162790697675,0.5
0.0975854011349727,0.2093023255813953,0.0,0.7209302325581396,0.6666666666666666
0.2353399354623345,0.5503875968992248,0.0,0.5813953488372093,0.5
0.0682096361410927,0.193798449612403,1.0000000000000002,0.5581395348837209,0.3333333333333333
0.2178146211193946,0.5038759689922481,0.3404015394057023,0.8604651162790699,0.3333333333333333
0.0543562924223878,0.1240310077519379,1.0000000000000002,0.4883720930232558,0.5
0.1280738844998331,0.3798449612403101,0.0039210706911302,0.4651162790697675,0.5
0.1559474796928897,0.4573643410852712,0.1135719835417819,0.5116279069767442,0.3333333333333333
0.1886613997997107,0.5193798449612402,0.05008510265224,0.2558139534883721,0.5
0.1830978079448091,0.3953488372093023,0.1434108175598666,0.5813953488372093,0.3333333333333333
0.2020140202514743,0.5968992248062015,0.0106325409565961,0.6046511627906976,0.3333333333333333
0.1437075776121063,0.5193798449612402,0.4633846972431578,0.5348837209302325,0.5
0.0714365194169355,0.1627906976744186,0.1990374179583224,0.8604651162790699,0.5
0.1504951596750862,0.4186046511627906,0.1224601468663178,0.5348837209302325,0.1666666666666666
0.0709914320685434,0.3100775193798449,0.6643055593345366,0.8604651162790699,0.3333333333333333
0.0822298876154445,0.248062015503876,0.0,0.744186046511628,0.5
0.0305997552019583,0.1550387596899224,0.0699171949682112,0.3255813953488372,0.3333333333333333
0.0861244019138756,0.4651162790697674,0.2563872336952085,0.6976744186046512,0.3333333333333333
0.2094135974184933,0.5503875968992248,0.1123022459239911,0.5348837209302325,0.3333333333333333
0.0754423055524646,0.2093023255813953,0.0742101173902659,0.7209302325581396,0.5
0.080282630466229,0.2945736434108527,0.0073372695199484,0.5348837209302325,0.3333333333333333
0.1216757538666963,0.4496124031007752,0.0427689954259213,0.1395348837209302,0.3333333333333333
0.0570824524312896,0.2170542635658914,0.2199578568038286,0.627906976744186,0.1666666666666666
0.0326026482697229,0.1472868217054263,0.128053038754206,0.2093023255813954,0.5
0.0632024034716813,0.2558139534883721,0.0758124053365258,0.3488372093023256,0.3333333333333333
0.3710915767219316,0.6666666666666666,0.305755841548838,0.4418604651162791,0.3333333333333333
0.0454545454545454,0.1627906976744186,0.6178392088930005,0.6744186046511628,0.1666666666666666
0.1477133637476354,0.4263565891472868,0.0230578305021207,0.5348837209302325,0.1666666666666666
0.1777011238455547,0.3875968992248062,0.6042348772738129,0.6046511627906976,0.3333333333333333
0.0300990319350172,0.0930232558139534,0.1913585285554921,0.3488372093023256,0.1666666666666666
0.2098030488483364,0.4806201550387596,1.0000000000000002,0.4186046511627906,0.3333333333333333
0.4923778791587849,0.4418604651162791,0.4385341181521085,0.4883720930232558,0.5
0.1320240347168131,0.3953488372093023,0.0499944071081121,0.0930232558139534,0.3333333333333333
0.1859908757093579,0.4728682170542635,0.3239554140705067,0.3720930232558139,0.3333333333333333
0.21186157783465,0.4496124031007752,0.0404411431266381,0.5348837209302325,0.6666666666666666
0.113163458328697,0.1317829457364341,0.0125976110793676,0.5116279069767442,0.5
0.1575609213308111,0.4108527131782945,1.0000000000000002,0.5813953488372093,0.3333333333333333
0.0541893846667408,0.2015503875968992,0.7323272174304744,0.1395348837209302,0.5
0.7762879715144096,0.8449612403100775,0.0878144490094535,0.3953488372093023,0.1666666666666666
0.2363413819962167,0.5503875968992248,0.0246298866003379,0.5348837209302325,0.3333333333333333
0.2353399354623345,0.5271317829457364,0.5006605658797316,0.813953488372093,0.5
0.226605096250139,0.5116279069767441,0.5032605048113986,0.5581395348837209,0.5
0.0583064426393679,0.2790697674418604,0.1357016963089937,0.4418604651162791,0.1666666666666666
0.091298542338934,0.2790697674418604,0.0552547486675313,0.9534883720930232,0.8333333333333333
0.1196172248803827,0.6124031007751938,0.0,0.1860465116279069,0.5
0.1968398798264159,0.4961240310077519,1.0000000000000002,0.3953488372093023,0.1666666666666666
0.080560810058974,0.2403100775193798,0.7720820976065447,0.5348837209302325,0.1666666666666666
0.167853566262379,0.4341085271317829,0.0103604543242123,0.7674418604651162,0.3333333333333333
0.0920218092800712,0.2713178294573644,0.0281670128213267,0.813953488372093,1.0
0.2134750194725715,0.5038759689922481,0.259108100019046,0.3953488372093023,0.5
0.1068765995326583,0.2790697674418604,0.3138277449762227,0.744186046511628,0.1666666666666666
0.0646489373539557,0.2945736434108527,0.069433485399529,0.0697674418604651,0.5
0.0382218760431734,0.1162790697674418,0.0403504475825102,0.6744186046511628,0.3333333333333333
0.1813730944697897,0.5116279069767441,0.0296786052234587,0.1627906976744186,0.5
0.2395126293535106,0.5658914728682171,0.0364505391850098,0.4651162790697675,0.5
0.2431845999777456,0.5038759689922481,0.0068535599512662,0.5348837209302325,0.5
0.0225881829309001,0.1782945736434108,0.218416032553654,0.5348837209302325,0.5
0.4744631133860019,0.4186046511627906,0.1647545022779697,0.2790697674418605,0.3333333333333333
0.1664626682986536,0.5968992248062015,0.2813587401784284,0.3255813953488372,0.1666666666666666
0.0319906531656837,0.1472868217054263,0.3175462622854672,0.4883720930232558,0.3333333333333333
0.1662401246244575,0.4496124031007752,1.0000000000000002,0.5348837209302325,0.5
0.4114832535885167,0.5426356589147286,0.1421108480940331,0.5348837209302325,0.3333333333333333
0.452431289640592,0.5813953488372092,0.0940422097062371,0.4418604651162791,0.3333333333333333
0.8876154445309892,0.7209302325581395,0.6099789284019143,0.1395348837209302,0.1666666666666666
0.0502392344497607,0.1472868217054263,0.0052210401569637,0.5348837209302325,0.1666666666666666
0.536664070323801,0.4806201550387596,0.95428944575953,0.7209302325581396,0.3333333333333333
0.0539668409925447,0.2093023255813953,1.0000000000000002,0.4418604651162791,0.5
0.2231000333815511,0.5348837209302325,0.0385063048519093,0.5348837209302325,0.0
0.0573606320240347,0.2325581395348837,0.0313111250177612,0.5348837209302325,0.5
0.2620451763658618,0.5038759689922481,0.1256344909107949,0.5581395348837209,0.3333333333333333
0.0988650272616001,0.2635658914728682,0.170679944494327,0.5813953488372093,0.5
0.7648269722933125,0.7751937984496123,0.0974281766870127,0.5348837209302325,0.5
0.04406364749082,0.1317829457364341,0.3004350362933335,0.4418604651162791,0.8333333333333333
0.0909090909090909,0.3720930232558139,0.0458828757743132,0.0930232558139534,0.1666666666666666
0.2505285412262156,0.5503875968992248,0.0,0.4883720930232558,0.3333333333333333
0.2145321019250027,0.4496124031007752,0.4496594382317996,0.9767441860465116,0.5
0.0393345944141537,0.1317829457364341,0.544768832173942,0.627906976744186,0.5
0.0520752197618782,0.2170542635658914,0.0,0.8372093023255814,0.5
0.2074107043507288,0.4883720930232558,0.3742007455173727,0.5813953488372093,0.5
0.011015911872705,0.0310077519379844,0.1504246063057588,0.3953488372093023,0.3333333333333333
0.2093023255813953,0.5658914728682171,0.1752147217007228,0.5348837209302325,0.1666666666666666
0.2052409035273172,0.6356589147286821,0.7462943312261735,0.2093023255813954,0.3333333333333333
0.7652164237231556,0.8372093023255813,0.0705822956251492,0.9767441860465116,0.1666666666666666
0.1479915433403805,0.4651162790697674,0.3456921128131641,0.7906976744186046,0.5
0.2177589852008456,0.5503875968992248,0.0509315943974339,0.5348837209302325,0.1666666666666666
0.1018693668632469,0.2093023255813953,0.0162858965405696,0.7674418604651162,0.6666666666666666
0.1057638811616779,0.4418604651162791,0.2039954410373152,0.0232558139534884,0.5
0.2138088349838655,0.5426356589147286,0.0314320524099317,0.3255813953488372,0.5
0.248470012239902,0.6434108527131782,0.1146905619193595,0.6976744186046512,0.3333333333333333
0.0674863691999554,0.1395348837209302,0.0375086538665022,0.8372093023255814,0.5
0.2289974407477467,0.5271317829457364,0.0479688732892553,0.5116279069767442,0.1666666666666666
0.1988427728941804,0.5891472868217054,0.0316134434981876,0.7209302325581396,0.5
0.0802269945476799,0.3100775193798449,0.0578546875991982,0.8372093023255814,0.5
0.251919439189941,0.5736434108527132,0.0276530714046019,0.3953488372093023,0.3333333333333333
0.1464893735395571,0.3875968992248062,0.4161020869044703,0.5348837209302325,0.5
0.0889618337598753,0.2403100775193798,0.0044652439558977,0.5348837209302325,0.5
0.1239568265272059,0.2713178294573644,0.0222113387569268,0.5581395348837209,0.3333333333333333
0.0369978858350951,0.186046511627907,0.179054166402138,0.3720930232558139,0.1666666666666666
0.4404139312340047,0.7364341085271318,0.325769324953065,0.6046511627906976,0.1666666666666666
0.0540224769110938,0.2713178294573644,0.1987653313259386,0.5348837209302325,0.3333333333333333
0.1885501279626126,0.4651162790697674,0.0131720161921778,0.4883720930232558,0.5
0.065817291643485,0.1162790697674418,0.1276902565776943,0.5348837209302325,0.6666666666666666
0.0980861244019138,0.2635658914728682,0.0481804962255537,0.3953488372093023,0.5
0.0629798597974852,0.2403100775193798,0.1161114587773636,0.6976744186046512,0.1666666666666666
0.2618226326916657,0.5271317829457364,0.0,0.5348837209302325,0.1666666666666666
0.0505730499610548,0.2170542635658914,0.0355738155917733,0.5348837209302325,0.3333333333333333
0.0762768443306999,0.3178294573643411,0.2136091687148743,0.4186046511627906,0.1666666666666666
0.4056414821408701,0.4961240310077519,0.0605755539230357,0.5116279069767442,0.1666666666666666
0.741404250584177,0.7984496124031008,0.1645731111897139,0.3953488372093023,0.3333333333333333
0.2419049738511182,0.4883720930232558,0.0202160367861127,0.4418604651162791,0.5
0.0778902859686213,0.2558139534883721,0.0578244557511556,0.4186046511627906,0.5
0.0128518971848225,0.0,0.2263367767408254,0.5348837209302325,0.5
0.0447869144319572,0.1007751937984496,0.047575859264701,0.8372093023255814,0.5
0.0928563480583064,0.3100775193798449,0.0988490735450167,0.5581395348837209,0.5
0.0102370090130188,0.0387596899224806,0.0,0.744186046511628,0.1666666666666666
0.0275397796817625,0.0930232558139534,1.0000000000000002,0.4883720930232558,0.5
0.387114721264048,0.6356589147286821,0.158284886796845,0.5813953488372093,0.5
0.4218315344386336,0.5426356589147286,0.9993953630391472,0.4651162790697675,0.1666666666666666
0.0517970401691331,0.1472868217054263,0.0277135351006871,0.3023255813953488,0.5
0.1814287303883387,0.5271317829457364,0.3439386656266911,0.5348837209302325,0.5
0.2454100367197062,0.3178294573643411,0.0736357122774558,0.5813953488372093,0.5
0.0844553243574051,0.2248062015503875,0.0142603627217128,0.3023255813953488,0.5
0.2196506064315121,0.4108527131782945,0.0463363534949528,0.7209302325581396,0.5
0.0613107822410148,0.2248062015503875,0.6560220329708535,0.4883720930232558,0.3333333333333333
0.4203850005563592,0.5348837209302325,0.2215601447500884,0.6046511627906976,0.3333333333333333
0.0604206075442305,0.2093023255813953,0.0885097815144342,0.813953488372093,0.5
0.0400578613552909,0.1395348837209302,0.2393364713991601,0.5348837209302325,0.1666666666666666
0.2063536218982975,0.4263565891472868,0.6409363407975767,0.5813953488372093,0.3333333333333333
0.0469010793368198,0.1550387596899224,0.0217880928843299,0.5348837209302325,0.1666666666666666
0.0539112050739957,0.1395348837209302,0.0454596299017162,0.9302325581395348,0.1666666666666666
0.1034828085011683,0.186046511627907,0.0377505086508433,0.7906976744186046,0.6666666666666666
0.1711360854567709,0.4418604651162791,0.751705832025806,0.4186046511627906,0.3333333333333333
0.20451763658618,0.4108527131782945,0.3110161831082572,0.3023255813953488,0.3333333333333333
0.2070768888394347,0.5348837209302325,0.4489943375748616,0.5348837209302325,0.3333333333333333
0.0787248247468565,0.2325581395348837,0.1084023375264906,0.1860465116279069,0.1666666666666666
0.0889061978413263,0.2868217054263565,0.2212578262696621,0.3488372093023256,0.1666666666666666
0.1838767108044953,0.4263565891472868,0.1961049286981864,0.5348837209302325,0.1666666666666666
0.1946700790030043,0.4883720930232558,0.0249926687768496,0.1162790697674418,0.5
0.4287860242572605,0.689922480620155,0.3988094698240809,0.4186046511627906,0.1666666666666666
0.1712473572938689,0.4108527131782945,0.0182207348152985,0.6976744186046512,0.3333333333333333
0.2432958718148436,0.4496124031007752,0.1168067912823443,0.4186046511627906,0.1666666666666666
0.2268832758428841,0.5193798449612402,0.087270275744686,0.4418604651162791,0.1666666666666666
0.1551685768332035,0.4186046511627906,0.2062325977924704,0.5348837209302325,0.3333333333333333
0.0472905307666629,0.1395348837209302,0.2011234154732644,0.6046511627906976,0.1666666666666666
0.2417380660954712,0.4573643410852712,0.1671125864252956,0.2325581395348837,0.3333333333333333
0.2114721264048069,0.4883720930232558,0.1801727447797156,0.5813953488372093,0.6666666666666666
0.2135862913096695,0.5038759689922481,0.18709583798148,0.5581395348837209,0.1666666666666666
0.2423500611995104,0.3565891472868217,0.1403271690595174,0.5116279069767442,0.5
0.0578613552909758,0.2868217054263565,0.4710031229499027,0.3255813953488372,0.3333333333333333
0.1190608656948926,0.4573643410852712,0.3614731374914217,0.3720930232558139,0.1666666666666666
0.1909424724602203,0.4263565891472868,0.0325203989394667,0.627906976744186,0.1666666666666666
0.1981751418715923,0.4806201550387596,0.0150463907708214,0.5348837209302325,0.3333333333333333
0.0629798597974852,0.2015503875968992,0.037690044954758,0.2093023255813954,0.1666666666666666
0.0032825191943918,0.1007751937984496,0.1910562100750657,0.1162790697674418,0.1666666666666666
0.040169133192389,0.1627906976744186,0.0993327831136989,0.5581395348837209,0.5
0.2121397574273951,0.5193798449612402,0.0,0.744186046511628,0.3333333333333333
0.5089573828863914,0.5271317829457364,0.4929514446288587,0.0930232558139534,0.1666666666666666
0.2538110604206075,0.5193798449612402,0.2242507792258833,0.6744186046511628,0.5
0.1308556804272838,0.5271317829457364,1.0000000000000002,0.6744186046511628,0.3333333333333333
0.7115833982419049,0.7286821705426356,0.0531385193045465,0.5581395348837209,0.5
0.0778902859686213,0.3178294573643411,0.0170114608935929,0.883720930232558,0.1666666666666666
0.2281072660509625,0.5271317829457364,0.0304646332725673,0.5813953488372093,0.3333333333333333
0.2088572382330032,0.5116279069767441,0.0555570671479576,0.5813953488372093,0.1666666666666666
0.0572493601869366,0.0542635658914728,0.3117719793093232,0.5348837209302325,1.0
0.3967953710915767,0.6124031007751938,0.4581243556837385,0.5813953488372093,0.5
0.0958050517414042,0.2403100775193798,0.0816471520087551,0.5581395348837209,0.5
0.8255813953488371,0.8449612403100775,0.6187763961823223,0.3488372093023256,0.3333333333333333
0.4020807833537331,0.5736434108527132,0.411023136433307,0.5348837209302325,0.3333333333333333
0.1469344608879492,0.2248062015503875,0.3315436079292091,0.5348837209302325,0.3333333333333333
0.2506954489818627,0.6046511627906976,0.0250833643209775,0.6046511627906976,0.5
0.2241014799154334,0.5581395348837209,0.0,0.6511627906976745,0.1666666666666666
0.1025926338043841,0.3023255813953488,0.0252042917131481,0.7674418604651162,0.5
0.1740291532213196,0.4418604651162791,0.9653845339911784,0.883720930232558,0.1666666666666666
0.2524201624568821,0.5348837209302325,2.1162293629854723e-05,0.5348837209302325,0.5
0.7641037053521753,0.6666666666666666,0.4867841476281603,0.5348837209302325,0.1666666666666666
0.1583954601090464,0.2868217054263565,0.0154696366434183,0.3953488372093023,0.1666666666666666
0.3991877155891843,0.6356589147286821,0.9087300507592728,0.4186046511627906,0.5
0.0640369422499165,0.193798449612403,0.6672682804427152,0.5348837209302325,0.3333333333333333
0.1412039612774007,0.3410852713178294,0.0754193913119715,0.5348837209302325,0.1666666666666666
0.2096917770112384,0.4418604651162791,0.0363598436408819,0.6046511627906976,0.1666666666666666
0.0381106042060754,0.0620155038759689,0.2224368683433249,0.6046511627906976,0.5
0.1876599532658284,0.4496124031007752,0.8603893257390931,0.2093023255813954,0.3333333333333333
0.8617447424056971,0.7674418604651162,0.1002699704030208,0.6511627906976745,0.5
0.0611438744853677,0.248062015503876,0.0710660051938315,0.5116279069767442,0.5
0.1859352397908089,0.4263565891472868,0.0534408377849729,0.3488372093023256,0.3333333333333333
0.0857349504840324,0.3023255813953488,0.1222787557780619,0.5348837209302325,0.5
0.2286636252364526,0.4186046511627906,0.2494641404934442,0.627906976744186,0.3333333333333333
0.1968398798264159,0.3953488372093023,0.0276833032526445,0.3488372093023256,0.1666666666666666
0.2014020251474352,0.5968992248062015,0.0504781166767943,0.3953488372093023,0.1666666666666666
0.0298764882608211,0.1627906976744186,0.9780819101690869,0.5348837209302325,0.5
0.120451763658618,0.3643410852713178,0.1099743936247079,0.5348837209302325,0.3333333333333333
0.080282630466229,0.3953488372093023,0.0625103921977646,0.9302325581395348,0.5
0.1963947924780238,0.5193798449612402,0.7832678813823211,0.7906976744186046,0.5
0.8564036942249916,0.8604651162790697,0.5906003138065827,0.6976744186046512,0.5
0.1767553132302214,0.4961240310077519,0.1467363208445569,0.4186046511627906,0.1666666666666666
0.1595081784800267,0.3410852713178294,0.030827415449079,0.744186046511628,0.5
0.0867363970179147,0.2558139534883721,0.4232670348905758,0.2558139534883721,0.1666666666666666
0.7623233559586068,0.6976744186046512,1.0000000000000002,0.5813953488372093,0.5
0.2297207076888839,0.3953488372093023,0.0164068239327401,0.5348837209302325,0.6666666666666666
0.2194836986758651,0.5581395348837209,0.0167998379572945,0.5348837209302325,0.1666666666666666
0.1143318126182263,0.4573643410852712,0.0844587138767205,0.2558139534883721,0.3333333333333333
0.0114053633025481,0.1162790697674418,0.4713659051264145,0.3720930232558139,0.1666666666666666
0.45254256147769,0.5968992248062015,0.0423155177052818,0.3488372093023256,0.3333333333333333
0.0679314565483476,0.2325581395348837,0.0031955063381069,0.2093023255813954,0.3333333333333333
0.2055747190386113,0.5038759689922481,0.3643451630554724,0.627906976744186,0.3333333333333333
0.0683765438967397,0.2635658914728682,0.0,0.5348837209302325,0.5
0.1547791254033604,0.3255813953488372,0.0232996852864618,0.9534883720930232,0.3333333333333333
0.0771113831089351,0.1782945736434108,0.0011095088231648,0.1860465116279069,0.1666666666666666
0.4418604651162791,0.5658914728682171,0.9675007633541632,0.2558139534883721,0.1666666666666666
0.0910759986647379,0.2403100775193798,0.3033675255534696,0.5348837209302325,0.3333333333333333
0.2339490374986091,0.5503875968992248,0.0145626812021392,0.3488372093023256,0.5
0.1251808167352843,0.2635658914728682,0.2575965076169141,0.3255813953488372,0.3333333333333333
0.0756648492266607,0.2713178294573644,0.1027187500944745,0.4651162790697675,0.5
0.8967397351730276,0.7674418604651162,0.1269949240727136,0.5348837209302325,0.5
0.2353955713808835,0.5736434108527132,0.0089395574662083,0.5348837209302325,0.5
0.222988761544453,0.4806201550387596,0.012144133358728,0.3255813953488372,0.5
0.2254923778791587,0.6124031007751938,0.0285297949978384,0.6511627906976745,0.3333333333333333
0.1016468231890508,0.4573643410852712,0.8622939321657794,0.3023255813953488,0.1666666666666666
0.2059085345499054,0.4341085271317829,0.0935887319855975,0.3023255813953488,0.3333333333333333
0.1914431957271614,0.4496124031007752,0.0574012098785586,0.5348837209302325,0.6666666666666666
0.2094692333370424,0.4418604651162791,0.0482711917696816,0.3023255813953488,0.3333333333333333
0.1580060086792032,0.4418604651162791,0.0918352847991245,0.627906976744186,0.5
0.1391454322910871,0.5658914728682171,0.0568268047657485,0.2325581395348837,0.1666666666666666
0.1567820184711249,0.4573643410852712,0.1563500485221161,0.813953488372093,0.1666666666666666
0.2133637476354734,0.4806201550387596,0.2545733228126502,0.2790697674418605,0.1666666666666666
0.2158117280516301,0.5581395348837209,0.1075256139332541,0.5581395348837209,0.1666666666666666
0.0943028819405808,0.2558139534883721,0.659407999951629,0.5581395348837209,0.3333333333333333
0.0508512295537999,0.1472868217054263,0.091291111534357,0.8604651162790699,0.3333333333333333
0.2052965394458662,0.5891472868217054,0.0,0.6511627906976745,0.5
0.0305997552019583,0.1705426356589147,0.5933514119784629,0.744186046511628,0.1666666666666666
0.1840436185601424,0.3953488372093023,0.0447340655486929,0.744186046511628,0.5
0.1452653833314788,0.3875968992248062,0.2206834211568519,0.6511627906976745,0.1666666666666666
0.2031267386224546,0.4728682170542635,0.0265647248750669,0.2325581395348837,0.5
0.2042950929119839,0.5116279069767441,0.1812610913092506,0.5348837209302325,0.1666666666666666
0.2199844219428062,0.5813953488372092,0.0250531324729349,0.5348837209302325,0.3333333333333333
0.2964281740291532,0.4961240310077519,0.3255577020167666,0.744186046511628,0.5
0.0358851674641148,0.1705426356589147,0.1945026407519265,0.3953488372093023,0.1666666666666666
0.4677868031601201,0.5968992248062015,0.1028699093346877,0.7906976744186046,0.8333333333333333
0.1232335595860687,0.2868217054263565,0.0086372389857819,0.5116279069767442,0.5
0.1261822632691665,0.3333333333333333,0.2519129201848979,0.3953488372093023,0.3333333333333333
0.2090797819071992,0.4573643410852712,0.186672592108883,0.6511627906976745,0.3333333333333333
0.1728051630132413,0.5813953488372092,0.0341529187337692,0.5348837209302325,0.5
0.2495827306108823,0.5426356589147286,0.0040419980833008,0.627906976744186,0.8333333333333333
0.1777567597641037,0.4573643410852712,0.3666125516586703,0.7906976744186046,0.5
0.1931679092021809,0.5193798449612402,0.4576104142670137,0.3953488372093023,0.5
0.1670190274841437,0.4108527131782945,0.0617848278447413,0.5581395348837209,0.1666666666666666
0.0787804606654055,0.1782945736434108,0.0383551456116961,0.3488372093023256,0.5
0.2388449983309224,0.4263565891472868,0.5301668495693473,0.3953488372093023,0.5
0.1260153555135195,0.4961240310077519,0.044975920333034,0.1395348837209302,0.6666666666666666
0.1948369867586513,0.3875968992248062,0.5854306677912914,0.3023255813953488,0.3333333333333333
0.1094358517859129,0.248062015503876,0.04790840959317,0.744186046511628,0.5
0.0859018582396795,0.2790697674418604,0.0,0.7209302325581396,0.5
0.0815622565928563,0.193798449612403,0.3003443407492057,0.5813953488372093,0.1666666666666666
0.0594191610103482,0.186046511627907,0.068677689198463,0.6976744186046512,0.1666666666666666
0.1634026927784577,0.4806201550387596,0.3976908914465032,0.5348837209302325,0.1666666666666666
0.2063536218982975,0.5271317829457364,0.044975920333034,0.5813953488372093,0.5
0.2147546455991988,0.5658914728682171,0.3546407398337853,0.5116279069767442,0.3333333333333333
0.4830310448425504,0.5193798449612402,0.2149696018767931,0.5813953488372093,0.5
0.0948036052075219,0.2790697674418604,0.0440991967397975,0.627906976744186,0.3333333333333333
0.8042172026260153,0.9069767441860463,0.0504781166767943,0.6511627906976745,0.1666666666666666
0.2464671191721375,0.4496124031007752,0.0182811985113838,0.5348837209302325,0.1666666666666666
0.0603093357071325,0.2015503875968992,0.0379016678910565,1.0,0.3333333333333333
0.1626794258373205,0.3023255813953488,0.1142068523506773,0.3488372093023256,0.6666666666666666
0.8148992989874262,0.6744186046511628,0.0637801298155555,0.0697674418604651,0.5
0.2065761655724936,0.3875968992248062,0.0,0.813953488372093,0.3333333333333333
0.1705240903527317,0.4418604651162791,0.1672637456655088,0.5348837209302325,0.3333333333333333
0.065872927562034,0.1705426356589147,0.1123324777720337,0.5348837209302325,1.0
0.208245243128964,0.4341085271317829,0.0452177751173751,0.4186046511627906,0.5
0.1683542895293201,0.4728682170542635,0.2392457758550323,0.6511627906976745,0.3333333333333333
0.1178925114053633,0.2403100775193798,0.0433434005387315,0.5348837209302325,0.5
0.2063536218982975,0.5658914728682171,0.0,0.6976744186046512,0.3333333333333333
0.2284967174808055,0.4418604651162791,0.0,0.6511627906976745,0.5
0.0453432736174474,0.1472868217054263,0.1081302508941069,0.7906976744186046,0.5
0.0115166351396461,0.0620155038759689,0.3384667011309734,0.2558139534883721,0.5
0.2425169689551574,0.6201550387596899,0.0411667074796615,0.6511627906976745,0.1666666666666666
0.0770001112718371,0.3023255813953488,0.3628638025013831,0.4186046511627906,0.3333333333333333
0.7045176365861799,0.6666666666666666,0.4340295727937553,0.0697674418604651,0.5
0.0381106042060754,0.193798449612403,0.3333272869637248,0.3488372093023256,0.5
0.1980082341159452,0.4341085271317829,0.1497595056488208,0.2325581395348837,0.3333333333333333
0.1639590519639479,0.3953488372093023,0.0455200935978015,0.3488372093023256,0.3333333333333333
0.0990319350172471,0.4031007751937984,0.3907980300927815,0.2790697674418605,0.1666666666666666
0.2427395126293535,0.6744186046511628,0.00494895352458,0.7906976744186046,0.3333333333333333
0.2049627239345721,0.4806201550387596,0.0219694839725857,0.7674418604651162,0.3333333333333333
0.2742850784466451,0.5658914728682171,0.0408946208472777,0.7674418604651162,0.3333333333333333
0.0811171692444642,0.4186046511627906,0.0412574030237894,0.0930232558139534,0.3333333333333333
0.1797040169133192,0.3488372093023255,0.0944352237307914,0.4883720930232558,0.5
0.2473016579503727,0.3565891472868217,0.0445829063084797,0.3953488372093023,0.5
0.2442416824301769,0.3953488372093023,0.3097464454904663,0.7674418604651162,0.1666666666666666
0.0739957716701902,0.3333333333333333,0.1190439480374996,0.4651162790697675,0.5
0.2544786914431957,0.5581395348837209,0.023450844526675,0.6744186046511628,0.3333333333333333
0.105819517080227,0.4031007751937984,0.0520804046230542,0.6511627906976745,0.6666666666666666
0.0639813063313675,0.186046511627907,0.0224834253893106,0.9302325581395348,0.1666666666666666
0.0442861911650161,0.1705426356589147,0.2702636519467798,0.9069767441860463,0.3333333333333333
0.2368421052631579,0.5581395348837209,0.0367528576654362,0.4651162790697675,0.5
0.0905196394792478,0.3255813953488372,0.3673683478597363,0.3953488372093023,0.5
0.1694670079003004,0.4496124031007752,0.3587825030156268,0.627906976744186,0.1666666666666666
0.2428507844664515,0.5891472868217054,0.0067930962551809,0.6046511627906976,0.1666666666666666
0.2099699566039835,0.4883720930232558,0.0573105143344307,0.883720930232558,0.1666666666666666
0.4001891621230666,0.7286821705426356,1.0000000000000002,0.6046511627906976,0.1666666666666666
0.1552242127517525,0.3720930232558139,0.0519594772308836,0.6046511627906976,0.5
0.1823745410036719,0.5116279069767441,0.9501174507296456,0.3023255813953488,0.1666666666666666
0.0869589406921108,0.3875968992248062,0.3814866208956487,0.7209302325581396,1.0
0.0282630466228997,0.1705426356589147,0.0733333937970294,0.5116279069767442,0.1666666666666666
0.4611104929342383,0.4418604651162791,0.0992118557215284,0.5348837209302325,0.5
0.8096695226438188,0.7596899224806201,0.5185578199209739,0.6511627906976745,0.5
0.2541448759319016,0.627906976744186,0.1154161262723829,0.6744186046511628,0.3333333333333333
0.0394458662512518,0.193798449612403,0.0310088065373348,0.5348837209302325,0.1666666666666666
0.1705240903527317,0.3565891472868217,0.3626824114131273,0.5116279069767442,0.5
0.4143206854345165,0.6046511627906976,0.2062023659444278,0.813953488372093,0.3333333333333333
0.0760543006565038,0.2403100775193798,0.0913515752304422,1.0,0.5
0.2421831534438633,0.5348837209302325,0.0372063353860758,0.9302325581395348,0.5
0.2074107043507288,0.4108527131782945,0.0170114608935929,0.6046511627906976,0.5
0.0601424279514854,0.2558139534883721,0.6774866450811272,0.5348837209302325,0.3333333333333333
0.0353288082786246,0.2093023255813953,0.0740589581500527,0.5348837209302325,0.1666666666666666
0.1052075219761878,0.4728682170542635,0.1474618851975802,0.3023255813953488,0.5
0.0709357961499944,0.1782945736434108,0.0,0.8604651162790699,0.6666666666666666
0.1845999777456325,0.5891472868217054,0.0220601795167136,0.5581395348837209,0.5
0.4215533548458885,0.6589147286821705,0.0545896480105932,0.5348837209302325,0.3333333333333333
0.0843996884388561,0.3643410852713178,0.0564337907411942,0.5581395348837209,0.5
0.1730833426059864,0.5658914728682171,0.4464850941873226,0.6511627906976745,0.3333333333333333
0.1420385000556359,0.3643410852713178,0.0895981280439692,0.5116279069767442,0.5
0.5441749193279181,0.3875968992248062,0.1200415990229067,0.5348837209302325,0.5
0.8092244352954266,0.8294573643410852,0.4762030008132367,0.7674418604651162,1.0
0.0634805830644263,0.1395348837209302,0.0427387635778787,0.6976744186046512,0.3333333333333333
0.1497162568154,0.5271317829457364,0.3525547423188432,0.3255813953488372,1.0
0.0538555691554467,0.1782945736434108,0.324771673967658,0.5581395348837209,0.1666666666666666
0.1772560364971625,0.4806201550387596,0.2670288442062175,0.5581395348837209,0.8333333333333333
0.1270724379659508,0.3720930232558139,0.0776867799151694,0.3023255813953488,0.5
0.1744186046511628,0.4651162790697674,0.1362458695737612,0.5348837209302325,0.3333333333333333
0.1787582062979859,0.3333333333333333,0.9158647668973358,0.5348837209302325,0.5
0.2127517525314343,0.5426356589147286,0.2032698766842918,0.627906976744186,0.1666666666666666
0.1073773227995994,0.2635658914728682,0.1271460833129268,0.5348837209302325,0.1666666666666666
0.0801157227105819,0.1627906976744186,0.2133370820824906,0.2558139534883721,0.1666666666666666
0.8852787359519305,0.7751937984496123,0.5112417126946553,0.5581395348837209,0.3333333333333333
0.1768665850673194,0.3488372093023255,0.1334343077057957,0.883720930232558,0.5
0.0644263936797596,0.1705426356589147,0.1409318060203702,0.5348837209302325,0.5
0.1417046845443418,0.4728682170542635,0.0265647248750669,0.3953488372093023,0.1666666666666666
0.211750305997552,0.5968992248062015,0.0108139320448519,0.883720930232558,0.1666666666666666
0.2353955713808835,0.5271317829457364,0.0892655777155002,0.4418604651162791,0.3333333333333333
0.0775008345387782,0.2635658914728682,0.0119929741185148,0.0697674418604651,0.1666666666666666
0.2420718816067653,0.5193798449612402,0.1678381507783189,0.5348837209302325,0.5
0.7182597084677868,0.8682170542635659,0.1098836980805799,0.7674418604651162,0.1666666666666666
0.1275175253143429,0.3255813953488372,0.2606801561172633,0.6046511627906976,0.5
0.2002336708579058,0.4728682170542635,0.0,0.5116279069767442,0.3333333333333333
0.2426282407922554,0.5038759689922481,0.2714426940204428,0.5348837209302325,0.1666666666666666
0.2295537999332368,0.5891472868217054,0.0561919359568531,0.5348837209302325,0.3333333333333333
0.1029820852342272,0.2403100775193798,0.21917182875472,0.8604651162790699,1.0
0.0774451986202292,0.3565891472868217,0.1129975784289717,0.4883720930232558,0.1666666666666666
0.0287637698898408,0.0775193798449612,0.031159965777548,0.0,0.3333333333333333
0.0972515856236786,0.2093023255813953,0.0050698809167505,0.7209302325581396,0.6666666666666666
0.0631467675531323,0.1550387596899224,0.0317948345864434,0.1860465116279069,1.0
0.1919995549126516,0.3333333333333333,1.0000000000000002,0.4186046511627906,0.5
0.0745521308556804,0.186046511627907,0.0321273849149124,0.3255813953488372,0.3333333333333333
0.0929676198954044,0.1705426356589147,0.0772030703464872,0.5348837209302325,0.5
0.0589740736619561,0.3565891472868217,0.2083185953074125,0.6744186046511628,0.1666666666666666
0.2022921998442194,0.4186046511627906,0.872542528652234,0.5116279069767442,0.5
0.2332257705574719,0.5348837209302325,0.0335482817729165,0.3720930232558139,0.1666666666666666
0.1907755647045732,0.3875968992248062,0.2684195092161788,0.627906976744186,0.5
0.0702681651274062,0.2170542635658914,0.3751681646547372,0.7906976744186046,0.5
0.8061088238566818,0.7751937984496123,0.0830075851706739,0.1395348837209302,0.3333333333333333
0.445309892066318,0.7674418604651162,0.1478548992221345,0.3953488372093023,0.5
0.0514632246578391,0.1472868217054263,0.1178044422677514,0.8372093023255814,0.5
0.0302103037721152,0.1627906976744186,0.034757555694622,0.3953488372093023,0.3333333333333333
0.1065427840213641,0.3410852713178294,0.064324303080323,0.8604651162790699,0.5
0.2389006342494714,0.5348837209302325,0.2444758855664088,0.6976744186046512,0.5
0.2439078669188828,0.5736434108527132,8.162598971513113e-05,0.4883720930232558,0.1666666666666666
0.799488149549349,0.9612403100775194,0.9756633623256756,0.5348837209302325,0.5
0.2249916546122176,0.5038759689922481,0.0454898617497589,0.4418604651162791,0.5
0.0557471903861132,0.2170542635658914,0.050417652980709,0.8372093023255814,0.5
0.2183709803048848,0.6046511627906976,0.5026256360025032,0.4883720930232558,0.1666666666666666
0.0080115722710581,0.0310077519379844,0.4664381138954643,0.8604651162790699,0.3333333333333333
0.1027039056414821,0.2325581395348837,0.1765146911665563,0.6511627906976745,0.5
0.1384221653499499,0.3875968992248062,0.0317948345864434,0.6744186046511628,0.3333333333333333
0.4459775230889062,0.5348837209302325,0.4699450082684104,0.6046511627906976,0.5
0.2149215533548459,0.6124031007751938,0.0268972752035359,0.3255813953488372,0.3333333333333333
0.2407366195615889,0.5968992248062015,0.0754496231600141,0.813953488372093,0.5
0.8196839879826415,0.751937984496124,0.3019768605435081,0.5116279069767442,0.8333333333333333
0.2350061199510403,0.4883720930232558,0.0489060605785771,0.4418604651162791,0.1666666666666666
0.1723600756648492,0.4496124031007752,0.0359668296163276,0.6511627906976745,0.5
0.3831089351285189,0.6976744186046512,1.0000000000000002,0.5348837209302325,1.0
0.1575609213308111,0.4031007751937984,0.0080628338729718,0.1395348837209302,0.3333333333333333
0.2110826749749638,0.5503875968992248,0.0188858354722365,0.6744186046511628,0.1666666666666666
0.0627016802047401,0.2558139534883721,0.0543175613782095,0.3953488372093023,0.1666666666666666
0.1474908200734394,0.3410852713178294,0.202000139066501,0.2558139534883721,0.5
0.2072994325136308,0.5968992248062015,0.053017591912376,0.4418604651162791,0.3333333333333333
0.1990653165683765,0.4341085271317829,0.2078953494348156,0.3720930232558139,0.1666666666666666
0.1893846667408479,0.5193798449612402,0.2878888193556383,0.5348837209302325,0.1666666666666666
0.8403805496828752,0.8914728682170542,0.5367271605946,0.3488372093023256,0.5
0.043785467898075,0.1085271317829457,0.0829471214745886,0.627906976744186,0.3333333333333333
0.0463447201513297,0.2403100775193798,0.9344875852916014,0.3023255813953488,0.5
0.0967508623567375,0.248062015503876,0.0264437974828963,0.5348837209302325,0.5
0.1246244575497941,0.3798449612403101,0.0881469993379225,0.5581395348837209,0.3333333333333333
0.0108490041170579,0.0310077519379844,0.1219462054495929,0.8372093023255814,0.3333333333333333
0.0160787804606654,0.0542635658914728,0.0,0.5348837209302325,0.3333333333333333
0.3800489596083231,0.4728682170542635,1.0000000000000002,0.744186046511628,0.5
0.2152553688661399,0.2713178294573644,0.0206695145067522,0.4186046511627906,0.3333333333333333
0.1073216868810504,0.3953488372093023,0.0171323882857635,0.4186046511627906,0.5
0.5062868587960386,0.5116279069767441,0.0956142658044543,0.5348837209302325,0.5
0.1953933459441415,0.3953488372093023,0.0,0.7674418604651162,0.5
0.2425169689551574,0.5271317829457364,0.0410457800874909,0.6046511627906976,0.5
0.8187381773673083,0.7984496124031008,1.0000000000000002,0.5348837209302325,0.3333333333333333
0.0679314565483476,0.1705426356589147,0.0564035588931515,0.5581395348837209,0.3333333333333333
0.2622120841215088,0.5736434108527132,0.1080697871980216,0.7209302325581396,0.1666666666666666
0.0785022810726605,0.1240310077519379,0.0367830895134788,0.2558139534883721,0.3333333333333333
0.1640146878824969,0.4728682170542635,0.9769935636395518,0.5116279069767442,0.3333333333333333
0.0894625570268165,0.2403100775193798,1.0000000000000002,0.5581395348837209,0.3333333333333333
0.1087682207633247,0.248062015503876,0.0213648470117329,0.5348837209302325,0.5
0.1586180037832424,0.4108527131782945,0.6887631244010315,0.5581395348837209,0.5
0.0371647935907421,0.1317829457364341,0.3117115156132379,0.5813953488372093,0.1666666666666666
0.0739401357516412,0.1782945736434108,0.0746031314148202,0.5348837209302325,0.1666666666666666
0.1616223433848893,0.5348837209302325,1.0000000000000002,0.4186046511627906,0.3333333333333333
0.4800267052409036,0.5116279069767441,0.3470525459750829,0.8604651162790699,0.3333333333333333
0.0860131300767775,0.3410852713178294,0.0447340655486929,0.4651162790697675,0.5
0.3939023033270279,0.4961240310077519,0.1009653029080014,0.744186046511628,0.1666666666666666
0.1751418715923,0.4341085271317829,0.1612476079050236,0.5348837209302325,0.3333333333333333
0.8095026148881718,0.6201550387596899,0.3283390320366893,0.5348837209302325,0.3333333333333333
0.2123066651830421,0.4961240310077519,0.0886307089066047,0.5348837209302325,0.1666666666666666
0.2457994881495493,0.5348837209302325,0.0701288179045097,0.2790697674418605,0.5
0.405252030711027,0.6511627906976744,0.7367410672446997,0.9069767441860463,0.5
0.2185935239790808,0.4961240310077519,0.0303134740323541,0.5581395348837209,0.5
0.2286636252364526,0.5193798449612402,0.0159835780601432,0.3488372093023256,0.1666666666666666
0.7528652498052743,0.7984496124031008,0.1743077662594437,0.7906976744186046,0.1666666666666666
0.4105930788917325,0.627906976744186,0.4210298781354205,0.3953488372093023,0.5
0.0933014354066985,0.3798449612403101,0.1452247284424249,0.2790697674418605,0.5
0.2096917770112384,0.5038759689922481,0.024962436928807,0.627906976744186,0.1666666666666666
0.0637587626571714,0.2403100775193798,0.289763193934282,0.5348837209302325,0.1666666666666666
0.1069322354512073,0.2945736434108527,0.0574616735746439,0.813953488372093,0.3333333333333333
0.7281629019695115,0.8449612403100775,0.0726682931400913,0.5813953488372093,0.1666666666666666
0.0395571380883498,0.0465116279069767,0.1412643563488392,0.6046511627906976,0.1666666666666666
0.1619561588961833,0.3488372093023255,0.0168603016533797,0.7674418604651162,0.5
0.0090686547234894,0.0620155038759689,0.1991281135024503,0.5813953488372093,0.5
0.1750862356737509,0.4341085271317829,0.5565894847586138,0.7674418604651162,0.1666666666666666
0.2318348725937465,0.5968992248062015,0.2122487355529556,0.5348837209302325,0.1666666666666666
0.2469678424390786,0.4961240310077519,0.0353319608074322,0.5581395348837209,0.3333333333333333
0.1524424168243017,0.4651162790697674,0.0540454747458257,1.0,0.3333333333333333
0.7795148547902525,0.7674418604651162,0.8043092476199978,0.1860465116279069,0.3333333333333333
0.9024145988650272,0.8682170542635659,0.182319205990743,0.0465116279069767,0.1666666666666666
0.1695226438188494,0.4186046511627906,0.2641870504902094,0.6046511627906976,0.3333333333333333
0.0420607544230555,0.0930232558139534,0.1205555404396315,0.5348837209302325,0.1666666666666666
0.1182263269166573,0.2558139534883721,0.0425271406415802,0.6046511627906976,0.1666666666666666
0.1295760543006565,0.2868217054263565,0.223767069657201,0.5348837209302325,0.5
0.2435184154890397,0.5116279069767441,0.0189765310163645,0.5116279069767442,0.1666666666666666
0.0928007121397574,0.2713178294573644,0.0656847362422417,0.2790697674418605,0.5
0.3883943473906754,0.5891472868217054,1.0000000000000002,0.6046511627906976,0.3333333333333333
0.2242127517525314,0.4883720930232558,0.024206640727741,0.6976744186046512,0.3333333333333333
0.818126182263269,0.8604651162790697,0.0810425150479023,0.627906976744186,0.1666666666666666
0.1560587515299877,0.2868217054263565,0.8601474709547521,0.5813953488372093,0.5
0.2012351173917881,0.6124031007751938,0.0986979143048035,0.5581395348837209,0.3333333333333333
0.208245243128964,0.5503875968992248,0.0282879402134973,0.5348837209302325,0.3333333333333333
0.2533659730722154,0.4961240310077519,0.0418318081365995,0.5348837209302325,0.5
0.1029264493156782,0.2325581395348837,0.0044350121078551,0.4883720930232558,0.5
0.2476911093802158,0.4961240310077519,0.280633175825405,0.7209302325581396,0.1666666666666666
0.1960053410481807,0.3720930232558139,0.1562895848260308,0.3488372093023256,0.1666666666666666
0.0665961945031712,0.2170542635658914,0.0,0.5348837209302325,0.5
0.1864359630577501,0.5503875968992248,0.0104209180202976,0.2790697674418605,0.5
0.7498609102036274,0.883720930232558,0.2109487660871221,0.627906976744186,0.3333333333333333
0.2416267942583732,0.5271317829457364,0.0046768668921962,0.5348837209302325,0.3333333333333333
0.1334705685990875,0.3720930232558139,0.0492990746031314,0.5348837209302325,0.3333333333333333
0.1144430844553243,0.2945736434108527,0.0,0.5348837209302325,0.5
0.2492489150995883,0.5426356589147286,0.0401085927981691,0.5348837209302325,0.3333333333333333
0.0771670190274841,0.3100775193798449,0.0616336686045281,0.4651162790697675,0.5
0.8084455324357405,0.7131782945736433,0.5683194417991577,0.5348837209302325,0.3333333333333333
0.2002336708579058,0.4806201550387596,0.0,0.7209302325581396,0.3333333333333333
0.2505841771447646,0.689922480620155,0.0113581053096194,0.5348837209302325,0.6666666666666666
0.1394792478023812,0.3333333333333333,0.0302832421843114,0.813953488372093,0.1666666666666666
0.2098586847668855,0.4573643410852712,0.0,0.3255813953488372,0.6666666666666666
0.1050406142205407,0.1472868217054263,0.0306460243608231,0.5813953488372093,0.3333333333333333
0.1876043173472794,0.6201550387596899,0.0396248832294869,0.5581395348837209,0.5
0.2329475909647268,0.4883720930232558,0.0327622537238078,0.813953488372093,0.1666666666666666
0.2347835762768443,0.5271317829457364,0.0365412347291377,0.4883720930232558,0.1666666666666666
0.2248803827751196,0.5581395348837209,0.033336658836618,0.7674418604651162,0.5
0.2101925002781796,0.4806201550387596,0.409178993702706,0.6046511627906976,0.5
0.09491487704462,0.186046511627907,0.0656545043941991,0.5348837209302325,0.5
0.8094469789696227,0.8372093023255813,1.0000000000000002,0.6511627906976745,0.3333333333333333
0.1780905752753978,0.5503875968992248,0.0286204905419663,0.3720930232558139,0.6666666666666666
0.1879937687771225,0.4418604651162791,0.2127626769696805,0.883720930232558,0.3333333333333333
0.4242238789362412,0.6744186046511628,0.3050605090438573,0.4651162790697675,0.5
0.0581395348837209,0.2248062015503875,0.031915761978614,0.744186046511628,0.3333333333333333
0.1651830421720262,0.5116279069767441,0.1060744852272074,0.5348837209302325,0.5
0.2395126293535106,0.5736434108527132,0.0,0.5348837209302325,0.3333333333333333
0.0482363413819962,0.2170542635658914,0.0494502338433446,0.813953488372093,0.1666666666666666
0.438244130410593,0.7131782945736433,0.2244019384660965,0.0930232558139534,0.3333333333333333
0.0981973962390119,0.2790697674418604,1.0000000000000002,0.744186046511628,0.6666666666666666
0.2164793590742183,0.4263565891472868,0.0208206737469654,0.7906976744186046,0.1666666666666666
0.1660732168688105,0.4651162790697674,0.0364505391850098,0.9534883720930232,0.1666666666666666
0.0828418827194837,0.2248062015503875,0.0,0.4418604651162791,0.3333333333333333
0.2546455991988428,0.4573643410852712,0.0160138099081858,0.4186046511627906,0.5
0.0533548458885056,0.1007751937984496,0.066077750266796,0.5348837209302325,0.3333333333333333
0.2202069656170023,0.5736434108527132,0.0307669517529937,0.813953488372093,0.5
0.1699120952486925,0.4883720930232558,1.0000000000000002,0.5348837209302325,0.6666666666666666
0.1014799154334038,0.3178294573643411,0.0302832421843114,0.7209302325581396,0.5
0.251696895515745,0.5348837209302325,0.062480160349722,0.5813953488372093,0.1666666666666666
0.2452431289640592,0.4108527131782945,0.0460038031664837,0.627906976744186,0.3333333333333333
0.2243240235896294,0.4651162790697674,0.439834087617942,0.1627906976744186,0.6666666666666666
0.1952820741070435,0.5736434108527132,0.0446736018526076,0.3720930232558139,0.1666666666666666
0.1805941916101034,0.4883720930232558,0.6331062921545332,0.4883720930232558,0.5
0.0605875152998776,0.2170542635658914,0.3244088917911463,0.813953488372093,0.1666666666666666
0.1067653276955602,0.4108527131782945,0.2901864398068789,0.883720930232558,0.5
0.1822076332480249,0.4186046511627906,1.0000000000000002,0.5348837209302325,0.3333333333333333
0.1931679092021809,0.4263565891472868,0.1350365956520556,0.8372093023255814,0.6666666666666666
0.1341938355402247,0.3333333333333333,0.0320064575227419,0.5813953488372093,0.1666666666666666
0.1551685768332035,0.4108527131782945,0.3795820144689625,0.5116279069767442,0.3333333333333333
0.113441637921442,0.3410852713178294,0.006369850382584,0.3953488372093023,0.3333333333333333
0.2167575386669634,0.5426356589147286,0.0381737545234402,0.3720930232558139,0.5
0.1728051630132413,0.4496124031007752,0.243871248605556,0.5348837209302325,0.5
0.0523533993546233,0.1162790697674418,0.2680567270396672,0.5348837209302325,0.3333333333333333
0.1232335595860687,0.2403100775193798,0.0677707337571838,0.3488372093023256,0.3333333333333333
0.1310782241014799,0.3798449612403101,0.0196416316733025,0.4651162790697675,0.5
0.2345610326026482,0.5581395348837209,0.1461921475797894,0.5348837209302325,0.3333333333333333
0.0784466451541115,0.186046511627907,0.04790840959317,0.2093023255813954,0.1666666666666666
0.0454545454545454,0.1240310077519379,0.2882818333801927,0.9069767441860463,0.3333333333333333
0.0762768443306999,0.3488372093023255,0.0673172560365442,0.3255813953488372,0.1666666666666666
0.0300433960164682,0.1395348837209302,0.1078883961097658,0.5348837209302325,0.3333333333333333
0.2157560921330811,0.4418604651162791,0.0325506307875094,0.4186046511627906,0.3333333333333333
0.0469010793368198,0.2015503875968992,0.0213043833156477,0.5348837209302325,0.6666666666666666
0.043952375653722,0.1627906976744186,0.0244484955120821,0.5581395348837209,0.5
0.0781128296428174,0.1782945736434108,0.0940422097062371,0.3953488372093023,0.5
0.0824524312896406,0.2170542635658914,0.0081535294170997,0.5348837209302325,0.5
0.0416713029932124,0.1085271317829457,0.0,0.3953488372093023,0.5
0.197284967174808,0.5503875968992248,0.2138510234992155,0.5581395348837209,0.3333333333333333
0.0924112607099143,0.3720930232558139,0.0309785746892921,0.5348837209302325,0.5
0.1253477244909313,0.4031007751937984,0.3125580073584318,0.4651162790697675,0.5
0.1093245799488149,0.3255813953488372,0.0814959927685419,0.5348837209302325,0.5
0.230110159118727,0.4031007751937984,0.0469409904558055,0.6046511627906976,0.6666666666666666
0.1975075108490041,0.3953488372093023,0.3700589823355312,0.4883720930232558,0.3333333333333333
0.0460665405585846,0.1472868217054263,0.0203671960263258,0.6046511627906976,0.1666666666666666
0.0688772671636808,0.2170542635658914,0.1187416295570732,0.627906976744186,0.3333333333333333
0.1101034828085011,0.4031007751937984,0.2442944944781529,0.8604651162790699,0.3333333333333333
0.7627684433069989,0.7596899224806201,0.2513385150720878,0.744186046511628,0.5
0.0781128296428174,0.2713178294573644,0.2020303709145436,0.5348837209302325,0.5
0.3924557694447535,0.5116279069767441,0.9327643699531708,0.0697674418604651,0.3333333333333333
0.2802381217313898,0.5968992248062015,0.3130719487751567,0.6744186046511628,0.1666666666666666
0.2203738733726493,0.5658914728682171,0.026806579659408,0.5348837209302325,0.5
0.0935239790808946,0.2170542635658914,0.0087581663779525,0.1860465116279069,0.3333333333333333
0.0795037276065427,0.3023255813953488,0.0,0.5348837209302325,0.5
0.0653722042950929,0.2635658914728682,0.0236322356149309,0.4186046511627906,0.3333333333333333
0.0654278402136419,0.186046511627907,0.0450968477252046,0.1162790697674418,0.1666666666666666
0.8795482363413819,0.883720930232558,0.2051442512629354,0.5348837209302325,0.5
0.1039835317681094,0.2790697674418604,0.0034071292744054,0.8372093023255814,0.5
0.2474685657060198,0.5968992248062015,0.0051908083089211,0.6046511627906976,0.5
0.105986424835874,0.2403100775193798,0.2006397059045822,0.5348837209302325,0.5
0.215366640703238,0.5193798449612402,0.0071861102797352,0.5348837209302325,0.5
0.1305775008345387,0.2325581395348837,0.0288018816302221,0.4186046511627906,0.5
0.4877600979192166,0.6356589147286821,0.1513013298989954,0.6511627906976745,0.3333333333333333
0.244742405697118,0.3255813953488372,0.652636065990078,0.4883720930232558,0.5
0.211639034160454,0.5658914728682171,0.1944119452077986,0.5348837209302325,0.5
0.1188383220206965,0.2248062015503875,0.0032257381861495,0.6046511627906976,0.5
0.2492489150995883,0.5813953488372092,0.1514524891392086,0.5813953488372093,0.5
0.0270390564148214,0.1240310077519379,0.0442503559800107,0.7209302325581396,0.5
0.1906642928674752,0.5426356589147286,1.0000000000000002,0.627906976744186,0.3333333333333333
0.208078335373317,0.5813953488372092,0.0217276291882446,0.3953488372093023,0.3333333333333333
0.7951485479025258,0.7441860465116279,0.0578546875991982,0.5348837209302325,0.3333333333333333
0.2387337264938244,0.4806201550387596,0.0349994104789631,0.6511627906976745,0.3333333333333333
0.2211527762323356,0.5813953488372092,1.0000000000000002,0.4186046511627906,0.3333333333333333
0.9014131523311448,0.875968992248062,1.0000000000000002,0.6744186046511628,0.1666666666666666
0.0792811839323467,0.2403100775193798,0.0,0.5348837209302325,0.1666666666666666
0.2753977968176254,0.4108527131782945,0.209951115101715,0.627906976744186,0.6666666666666666
0.2182040725492378,0.6356589147286821,0.0,0.3720930232558139,0.3333333333333333
0.0119060865694892,0.0465116279069767,0.0,0.8604651162790699,0.3333333333333333
0.2183709803048848,0.4496124031007752,0.8742657439906645,0.3488372093023256,1.0
0.1302436853232446,0.3023255813953488,0.0125069155352397,0.9069767441860463,0.6666666666666666
0.0843440525203071,0.3023255813953488,0.0720938880272812,0.0232558139534884,0.1666666666666666
0.7852453544008011,0.7829457364341085,0.0818890067930962,0.5348837209302325,0.1666666666666666
0.0790030043396016,0.2015503875968992,1.0000000000000002,0.627906976744186,0.1666666666666666
0.7609324579948814,0.7209302325581395,0.0467595993675497,0.744186046511628,0.5
0.0425058417714476,0.1705426356589147,0.0545896480105932,0.6511627906976745,0.3333333333333333
0.0672081896072104,0.2093023255813953,0.0740891899980954,0.5813953488372093,0.3333333333333333
0.0465116279069767,0.1550387596899224,0.0297088370715013,0.3488372093023256,0.1666666666666666
0.2181484366306887,0.4418604651162791,0.0557082263881708,0.5813953488372093,0.3333333333333333
0.1956158896183376,0.5891472868217054,0.0170114608935929,0.4883720930232558,0.6666666666666666
0.1723044397463002,0.3798449612403101,0.1727961738573117,0.4418604651162791,0.1666666666666666
0.0507399577167019,0.1550387596899224,0.3360481532875623,0.9302325581395348,0.1666666666666666
0.2440747746745298,0.6666666666666666,0.0,0.4418604651162791,0.3333333333333333
0.1940580838989651,0.4651162790697674,0.3696659683109768,1.0,0.3333333333333333
0.244742405697118,0.3100775193798449,0.3625917158689993,0.813953488372093,0.8333333333333333
0.1201735840658729,0.3100775193798449,0.0566454136774927,0.5348837209302325,0.5
0.2558139534883721,0.5968992248062015,0.0259298560661714,0.4883720930232558,0.5
0.2819628352064092,0.6124031007751938,0.0389295507245062,0.4418604651162791,0.5
0.1919439189941026,0.5348837209302325,0.0236926993110161,0.6976744186046512,0.5
0.7910314899298987,0.6976744186046512,0.4195182857332886,0.4883720930232558,0.5
0.0368866139979971,0.1705426356589147,0.0292553593508617,0.6511627906976745,0.5
0.1851007010125737,0.4263565891472868,0.1522687490363598,0.2558139534883721,0.1666666666666666
0.0358295315455658,0.0930232558139534,0.0,0.7906976744186046,0.6666666666666666
0.1341938355402247,0.4728682170542635,1.0000000000000002,0.3953488372093023,0.5
0.2183153443863358,0.4418604651162791,0.0086372389857819,0.6744186046511628,0.5
0.1146656281295204,0.2635658914728682,0.0400178972540412,0.5348837209302325,0.5
0.1519973294759096,0.4108527131782945,0.2144556604600682,0.6511627906976745,0.3333333333333333
0.1274618893957939,0.5348837209302325,0.0119929741185148,0.5348837209302325,0.8333333333333333
0.0516857683320351,0.1240310077519379,0.0216369336441167,0.7906976744186046,0.3333333333333333
0.0487927005674863,0.1627906976744186,0.035513351895688,0.5348837209302325,0.3333333333333333
0.7504729053076665,0.8449612403100775,0.0614825093643149,0.4186046511627906,0.1666666666666666
0.2376766440413931,0.6046511627906976,0.0940422097062371,0.5581395348837209,0.3333333333333333
0.2158117280516301,0.5193798449612402,0.0218485565804152,0.2325581395348837,1.0
0.8231334149326804,0.7829457364341085,0.4974862218352546,0.0697674418604651,0.5
0.0225325470123511,0.1472868217054263,0.3932770416322779,0.2558139534883721,0.5
0.4398575720485145,0.6434108527131782,1.0000000000000002,0.7674418604651162,0.5
0.2318348725937465,0.3720930232558139,0.3014326872787407,0.5348837209302325,0.5
0.2325025036163346,0.4573643410852712,0.1196183531503097,0.5348837209302325,0.6666666666666666
0.065928563480583,0.2945736434108527,0.0348784830867926,0.2558139534883721,0.1666666666666666
0.1019250027817959,0.3178294573643411,0.355759318211363,0.1627906976744186,0.5
0.2046845443418271,0.5891472868217054,0.1843447398095998,0.2558139534883721,0.8333333333333333
0.1883275842884166,0.5968992248062015,0.3944258518578982,0.3023255813953488,0.3333333333333333
0.1892177589852008,0.5426356589147286,0.014411521961926,0.4186046511627906,0.3333333333333333
0.0742183153443863,0.2093023255813953,0.1084628012225759,0.5813953488372093,0.5
0.0098475575831756,0.0542635658914728,0.0658358954824549,0.813953488372093,0.6666666666666666
0.0905752753977968,0.2403100775193798,0.0038908388430876,0.4186046511627906,0.5
0.2416267942583732,0.5813953488372092,0.3182113629424053,0.6976744186046512,0.5
0.0828418827194837,0.2945736434108527,0.0625103921977646,0.5348837209302325,0.1666666666666666
0.109825303215756,0.3488372093023255,0.0452177751173751,0.4186046511627906,0.5
0.4227773450539668,0.4961240310077519,0.1913887604035347,0.4418604651162791,0.5
0.4056971180594191,0.6046511627906976,0.0997257971382532,0.7209302325581396,0.1666666666666666
0.0506843217981528,0.186046511627907,0.6815074808707982,0.3488372093023256,0.3333333333333333
0.2353399354623345,0.4418604651162791,0.0836122221315266,0.5348837209302325,0.3333333333333333
0.3996328029375764,0.4651162790697674,0.1446805551776575,0.5348837209302325,0.3333333333333333
0.0589740736619561,0.1627906976744186,0.1254833316705817,0.5116279069767442,0.5
0.1804272838544564,0.4108527131782945,0.0336389773170444,0.6046511627906976,0.6666666666666666
0.2243240235896294,0.5193798449612402,0.1377876938239358,0.6046511627906976,0.3333333333333333
0.1002559252253254,0.193798449612403,0.0068837917993089,0.5348837209302325,0.3333333333333333
0.040280405029487,0.186046511627907,0.2918189596011815,0.3488372093023256,0.5
0.0705463447201513,0.2325581395348837,0.1191346435816275,0.7674418604651162,0.5
0.23728719261155,0.5736434108527132,0.5077045864736666,0.5116279069767442,0.6666666666666666
0.1851563369311227,0.4418604651162791,0.1597662473509343,1.0,0.1666666666666666
0.0771670190274841,0.193798449612403,0.005614054181518,0.5348837209302325,0.3333333333333333
0.2135306553911205,0.5891472868217054,0.0296786052234587,0.744186046511628,0.5
0.2501390897963725,0.5116279069767441,0.0264437974828963,0.5348837209302325,0.5
0.2213196839879826,0.5736434108527132,0.0,0.7209302325581396,0.1666666666666666
0.2199287860242572,0.4728682170542635,0.0,0.5348837209302325,0.6666666666666666
0.4309001891621231,0.5891472868217054,0.5664752990685568,0.5348837209302325,0.5
0.1166685211972849,0.2635658914728682,0.0128696977117514,0.3488372093023256,0.3333333333333333
0.113274730165795,0.2325581395348837,0.0,0.1627906976744186,0.3333333333333333
0.0737732279959942,0.2015503875968992,0.321083388506456,0.627906976744186,0.5
0.1763658618003783,0.5503875968992248,0.4918026344032384,0.3953488372093023,0.3333333333333333
0.2133081117169244,0.4496124031007752,0.0418318081365995,0.6744186046511628,0.5
0.1761989540447312,0.3488372093023255,0.6798144973804104,0.7674418604651162,0.3333333333333333
0.1676866585067319,0.4573643410852712,0.0491781472109608,0.5116279069767442,0.1666666666666666
0.4682875264270613,0.7209302325581395,0.4348156008428639,0.5581395348837209,0.5
0.113274730165795,0.4031007751937984,0.1155370536645534,0.3488372093023256,0.5
0.0931345276510515,0.3333333333333333,0.0,0.7906976744186046,0.3333333333333333
0.2178702570379437,0.6046511627906976,0.0,0.5348837209302325,0.3333333333333333
0.0471236230110159,0.1240310077519379,0.442010780677012,0.4651162790697675,0.5
0.2294981640146878,0.5581395348837209,0.0338506002533428,0.3953488372093023,0.3333333333333333
0.1656281295204184,0.4573643410852712,0.0978514225596096,0.5348837209302325,0.5
0.1007010125737175,0.3178294573643411,0.3070255791666288,0.4418604651162791,0.3333333333333333
0.0813953488372093,0.3100775193798449,0.0487246694903212,0.5348837209302325,0.6666666666666666
0.0435629242238789,0.1705426356589147,1.0000000000000002,0.5813953488372093,0.1666666666666666
0.478190719928786,0.7286821705426356,0.6141811552798411,0.6046511627906976,0.3333333333333333
0.0781684655613664,0.2093023255813953,0.2076837264985171,0.627906976744186,0.1666666666666666
0.0894069211082674,0.2945736434108527,0.6124579399414107,0.8604651162790699,0.1666666666666666
0.3961833759875375,0.627906976744186,0.1058930941389516,0.5348837209302325,0.1666666666666666
0.0919105374429731,0.2015503875968992,0.1140254612624215,0.883720930232558,0.3333333333333333
0.2346166685211972,0.5116279069767441,0.2045396143020827,0.7209302325581396,0.1666666666666666
0.0392233225770557,0.2713178294573644,1.0000000000000002,0.2558139534883721,0.3333333333333333
0.1290196951151663,0.2635658914728682,0.093800354921896,0.7906976744186046,0.1666666666666666
0.1882163124513185,0.5503875968992248,0.9088509781514434,0.6511627906976745,0.5
0.4144875931901635,0.7906976744186046,0.1131789695172276,0.9534883720930232,0.5
0.2439078669188828,0.6124031007751938,0.0265647248750669,0.4186046511627906,0.1666666666666666
0.0288194058083898,0.1240310077519379,1.0000000000000002,0.2093023255813954,0.1666666666666666
0.8781017024591076,0.8527131782945736,0.4902608101530639,0.627906976744186,0.5
0.7820741070435072,0.8527131782945736,0.0780797939397237,0.6744186046511628,0.3333333333333333
0.2503616334705686,0.5813953488372092,0.1851307678587084,0.6046511627906976,0.1666666666666666
0.2224880382775119,0.5426356589147286,0.0,0.4651162790697675,0.3333333333333333
0.4831979525981973,0.4883720930232558,0.124032202964535,0.7209302325581396,0.5
0.2547568710359408,0.4728682170542635,0.0412574030237894,0.2558139534883721,0.1666666666666666
0.2126404806943362,0.5271317829457364,0.0,0.3255813953488372,0.5
0.2420162456882163,0.4496124031007752,0.0002327852299283,0.3953488372093023,0.3333333333333333
0.1924446422610437,0.5271317829457364,0.746838504490941,0.5348837209302325,1.0
0.4554356292422388,0.4806201550387596,0.3936095919607469,0.9069767441860463,0.3333333333333333
0.0572493601869366,0.2170542635658914,0.0394132602931884,0.3255813953488372,0.1666666666666666
0.1529987760097919,0.4108527131782945,1.0000000000000002,0.5581395348837209,0.3333333333333333
0.4228329809725158,0.7984496124031008,0.3034582210975974,0.3488372093023256,0.5
0.2220429509291198,0.4418604651162791,0.0382946819156108,0.627906976744186,0.5
0.1189495938577946,0.2403100775193798,0.0444922107643518,0.4651162790697675,0.5
0.0489039724045844,0.186046511627907,0.083914540611953,0.4883720930232558,0.1666666666666666
0.226326916657394,0.4651162790697674,0.0150463907708214,0.5348837209302325,0.5
0.1839879826415934,0.4651162790697674,0.2486176487482503,0.4186046511627906,0.1666666666666666
0.2411817069099811,0.6046511627906976,0.0716404103066416,0.883720930232558,0.6666666666666666
0.2188717035718259,0.5968992248062015,0.060303467290652,0.1860465116279069,0.3333333333333333
0.248525648158451,0.6046511627906976,0.025294987257276,0.2790697674418605,0.3333333333333333
0.1363080004450873,0.4263565891472868,0.1312576146467257,0.3255813953488372,0.5
0.0469010793368198,0.1085271317829457,0.0503571892846237,0.4883720930232558,0.5
0.2041838210748859,0.5581395348837209,0.0757217097923979,0.5581395348837209,0.3333333333333333
0.0783353733170134,0.3953488372093023,0.4690078209790886,0.883720930232558,0.3333333333333333
0.0999221097140313,0.2248062015503875,0.0447945292447782,0.627906976744186,0.6666666666666666
0.0740514075887393,0.2790697674418604,0.0545291843145079,0.2558139534883721,0.3333333333333333
0.1995660398353176,0.5271317829457364,0.1663567902242296,0.883720930232558,0.3333333333333333
0.095193056637365,0.2325581395348837,0.2174788452643321,0.2093023255813954,0.3333333333333333
0.2315010570824524,0.6434108527131782,0.0624196966536367,0.5813953488372093,0.1666666666666666
0.0568599087570935,0.2635658914728682,0.1220671328417635,0.8372093023255814,0.5
0.1126627350617558,0.2635658914728682,0.554563950939757,0.4186046511627906,0.5
0.2536997885835095,0.3100775193798449,0.1797797307551613,0.4418604651162791,0.3333333333333333
0.2197618782686102,0.4031007751937984,0.120434613047461,0.1162790697674418,0.5
0.2403471681317458,0.5581395348837209,0.0203369641782832,0.5813953488372093,0.1666666666666666
0.2247134750194725,0.4496124031007752,0.0034675929704907,0.2558139534883721,0.5
0.1318571269611661,0.4573643410852712,0.0343947735181104,0.3023255813953488,0.3333333333333333
0.0733837765661511,0.248062015503876,0.2989839075872869,0.5116279069767442,0.5
0.2385668187381773,0.5813953488372092,0.0140789716334569,0.7209302325581396,0.1666666666666666
0.2170913541782574,0.6201550387596899,0.1165951683460458,0.4186046511627906,0.1666666666666666
0.1840992544786914,0.3953488372093023,0.4675264604249993,0.3488372093023256,0.5
0.073161232891955,0.1627906976744186,0.047152613392104,0.4651162790697675,0.3333333333333333
0.2021252920885723,0.4263565891472868,0.0265042611789816,0.627906976744186,0.1666666666666666
0.0993657505285412,0.2790697674418604,0.1258158819990507,0.1162790697674418,0.1666666666666666
0.1892733949037498,0.4806201550387596,0.1212206410965696,0.6046511627906976,0.5
0.2708912874151552,0.6356589147286821,0.0572198187903028,0.5813953488372093,0.3333333333333333
0.6891064871481027,0.6976744186046512,0.7304830746998734,0.2790697674418605,0.5
0.1042617113608545,0.3953488372093023,0.0333064269885753,0.3488372093023256,0.3333333333333333
0.0181929453655279,0.0387596899224806,0.721383288439039,0.5813953488372093,0.3333333333333333
0.2115833982419049,0.4031007751937984,0.0164370557807828,0.5348837209302325,0.5
0.711750305997552,0.6356589147286821,0.9041650417048344,0.5813953488372093,0.5
0.1541114943807722,0.4651162790697674,0.3123463844221333,0.5348837209302325,0.1666666666666666
0.8472237676644041,0.8217054263565892,0.940110709027532,0.2558139534883721,0.1666666666666666
0.2075776121063758,0.5193798449612402,0.0041326936274287,0.6744186046511628,0.3333333333333333
0.2063536218982975,0.4573643410852712,0.0297088370715013,0.7209302325581396,0.8333333333333333
0.2160342717258262,0.4806201550387596,0.0162858965405696,0.5348837209302325,0.6666666666666666
0.0846222321130521,0.3333333333333333,0.2282716150155543,0.4186046511627906,0.5
0.1659619450317124,0.4263565891472868,0.0423155177052818,0.6744186046511628,0.8333333333333333
0.0871814843663068,0.3953488372093023,0.012234828902856,0.2093023255813954,0.3333333333333333
0.1074329587181484,0.2093023255813953,0.093377109049299,0.5348837209302325,0.5
0.7912540336040947,0.813953488372093,0.5642079104653589,0.2558139534883721,0.3333333333333333
0.3991877155891843,0.627906976744186,0.2875260371791267,0.5348837209302325,0.5
0.0573606320240347,0.2093023255813953,0.0440387330437122,0.9767441860465116,0.5
0.4835874040280405,0.5426356589147286,0.1335250032499237,0.5581395348837209,0.3333333333333333
0.8193501724713474,0.7829457364341085,0.4040698113835,0.5348837209302325,0.3333333333333333
0.1770334928229665,0.4496124031007752,0.0198834864576436,0.4883720930232558,0.1666666666666666
0.1014242795148548,0.3565891472868217,0.1763635319263431,0.6511627906976745,0.5
0.1943918994102592,0.4573643410852712,0.0022885508968277,0.5116279069767442,0.6666666666666666
0.1185601424279514,0.2325581395348837,0.0,0.1162790697674418,0.1666666666666666
0.2393457215978636,0.5193798449612402,0.0203067323302406,0.627906976744186,0.3333333333333333
0.1780905752753978,0.4186046511627906,0.1061047170752501,0.6046511627906976,0.1666666666666666
0.3851118281962835,0.4186046511627906,0.915411289176696,0.1860465116279069,0.3333333333333333
0.7775119617224879,0.7441860465116279,0.5013558983847124,0.5348837209302325,0.3333333333333333
0.055023923444976,0.1627906976744186,0.148822318359499,0.2093023255813954,0.3333333333333333
0.1600089017469678,0.3333333333333333,0.1319227153036638,0.4651162790697675,0.6666666666666666
0.7200400578613553,0.751937984496124,0.4460013846186403,0.4418604651162791,0.3333333333333333
0.069544898186269,0.2325581395348837,0.2681776544318378,0.5813953488372093,0.5
0.0929119839768554,0.2790697674418604,0.0012002043672927,0.3488372093023256,0.3333333333333333
0.0521308556804272,0.1550387596899224,0.1390574314417266,0.7906976744186046,0.3333333333333333
0.2840770001112718,0.4883720930232558,0.0484223510098948,0.2790697674418605,0.1666666666666666
0.2115833982419049,0.5813953488372092,0.072275279115537,0.5581395348837209,0.3333333333333333
0.2404028040502948,0.5503875968992248,0.4973652944430839,0.3953488372093023,0.3333333333333333
0.2354512072994325,0.6201550387596899,0.0593058163052449,0.3488372093023256,0.1666666666666666
0.3992433515077334,0.6124031007751938,1.0000000000000002,0.5813953488372093,0.5
0.4019695115166351,0.4961240310077519,0.0252647554092334,0.5348837209302325,0.5
0.7015689329030822,0.627906976744186,0.3732333263800083,0.9302325581395348,0.5
0.3967397351730277,0.6434108527131782,0.9106346571859592,0.4651162790697675,0.1666666666666666
0.4675642594859241,0.689922480620155,0.3121952251819201,0.7674418604651162,0.5
0.4316234561032602,0.4883720930232558,0.040289983886425,0.6046511627906976,0.1666666666666666
0.2278847223767664,0.5658914728682171,0.0528966645202054,0.5348837209302325,0.3333333333333333
0.7911983976855457,0.8527131782945736,0.0873609712888139,0.2558139534883721,0.1666666666666666
0.2163680872371202,0.4806201550387596,0.2186578873379951,0.5348837209302325,0.1666666666666666
0.2344497607655502,0.3875968992248062,0.038445841155824,0.5348837209302325,0.5
0.7525870702125291,0.8527131782945736,0.0600011488102256,0.5348837209302325,0.5
0.0301546678535662,0.1705426356589147,0.0562221678048957,0.5348837209302325,0.6666666666666666
0.1633470568599087,0.3565891472868217,0.130229731813276,0.5348837209302325,0.3333333333333333
0.2232113052186491,0.5658914728682171,0.0059163726619444,0.8372093023255814,0.5
0.0391120507399577,0.1782945736434108,0.2990141394353295,0.5348837209302325,0.3333333333333333
0.2418493379325692,0.5503875968992248,0.1236391889399807,0.813953488372093,0.3333333333333333
0.1632357850228107,0.4728682170542635,0.6305063532228662,0.744186046511628,0.3333333333333333
0.0741070435072883,0.3565891472868217,0.4465153260353652,0.813953488372093,0.3333333333333333
0.208245243128964,0.5658914728682171,0.0411667074796615,0.5348837209302325,0.3333333333333333
0.0838433292533659,0.2558139534883721,0.0042233891715566,0.5348837209302325,0.3333333333333333
0.0627573161232891,0.2403100775193798,0.0510222899415618,0.3720930232558139,0.3333333333333333
0.0352731723600756,0.0930232558139534,0.0836726858276119,0.6744186046511628,0.1666666666666666
0.211639034160454,0.5581395348837209,0.0,0.5348837209302325,0.8333333333333333
0.2476354734616668,0.5271317829457364,0.0053721993971769,0.2790697674418605,0.5
0.0697674418604651,0.2170542635658914,0.1238508118762792,0.3255813953488372,0.3333333333333333
0.0854011349727384,0.3333333333333333,0.1004513614912766,0.2325581395348837,0.3333333333333333
0.3801045955268721,0.5891472868217054,0.0229973668060354,0.5116279069767442,0.3333333333333333
0.1943918994102592,0.5891472868217054,1.0000000000000002,0.3488372093023256,0.1666666666666666
0.2163680872371202,0.4651162790697674,0.0319459938266566,0.7906976744186046,0.5
0.0489039724045844,0.1782945736434108,0.0053721993971769,0.9534883720930232,0.3333333333333333
0.4219984421942806,0.5503875968992248,1.0000000000000002,0.5116279069767442,0.3333333333333333
0.2269945476799821,0.4573643410852712,0.0830680488667592,0.627906976744186,0.5
0.1181706909981083,0.3178294573643411,0.1624871136747718,0.3255813953488372,0.3333333333333333
0.2002336708579058,0.4651162790697674,0.0462758897988675,0.3953488372093023,0.5
0.0961388672526983,0.2015503875968992,0.3486850657693854,0.6046511627906976,0.5
0.204573272504729,0.5891472868217054,0.1031419959670714,0.5348837209302325,0.1666666666666666
0.2052409035273172,0.5736434108527132,0.0160138099081858,0.4651162790697675,0.5
0.5391676866585067,0.3798449612403101,0.918857719853557,0.1162790697674418,0.1666666666666666
0.2293312562590408,0.4418604651162791,0.3985676150397397,0.4651162790697675,0.5
0.0948036052075219,0.2558139534883721,0.0011699725192501,0.6511627906976745,0.5
0.1070991432068543,0.4108527131782945,0.0636592024233849,0.0232558139534884,0.5
0.1872148659174363,0.3875968992248062,0.1587685963655272,0.5348837209302325,0.6666666666666666
0.7971514409702903,0.7751937984496123,0.7670938426795092,0.7906976744186046,0.5
0.4105374429731834,0.6821705426356589,1.0000000000000002,0.7674418604651162,0.5
0.0797819071992878,0.2015503875968992,0.0,0.5348837209302325,0.3333333333333333
0.0216423723155669,0.1395348837209302,0.1050466023937577,0.5348837209302325,0.6666666666666666
0.1714142650495159,0.3798449612403101,0.0069744873434368,0.2558139534883721,0.1666666666666666
0.1613997997106932,0.5271317829457364,0.1418387614616494,0.4651162790697675,0.3333333333333333
0.1147212640480694,0.4263565891472868,0.0499641752600694,0.5348837209302325,0.1666666666666666
0.0708245243128964,0.1782945736434108,0.1174416600912397,0.4883720930232558,0.5
0.23389340158006,0.6434108527131782,0.0359063659202423,0.4186046511627906,0.5
0.1232891955046177,0.3643410852713178,0.0554663716038297,0.2093023255813954,0.3333333333333333
0.2261600089017469,0.3875968992248062,0.0405016068227234,0.5348837209302325,0.8333333333333333
0.1014799154334038,0.3953488372093023,0.023874090399272,0.4651162790697675,0.3333333333333333
0.2163680872371202,0.6046511627906976,0.0434340960828594,0.6046511627906976,0.3333333333333333
0.1063758762657171,0.2790697674418604,0.0447038337006502,0.3953488372093023,0.3333333333333333
0.1905530210303772,0.5193798449612402,0.0224834253893106,0.5348837209302325,0.5
0.0776677422944252,0.2248062015503875,1.0000000000000002,0.6046511627906976,0.1666666666666666
0.0589184377434071,0.2248062015503875,0.127629792881609,0.5813953488372093,0.5
0.4849226660732168,0.5813953488372092,0.0881167674898799,0.5348837209302325,0.5
0.0845665961945031,0.2093023255813953,0.0,0.6511627906976745,0.5
0.0333815511294091,0.0852713178294573,0.0758426371845684,0.7209302325581396,0.5
0.0756648492266607,0.193798449612403,0.0943445281866635,0.5348837209302325,0.5
0.058640258150662,0.2403100775193798,0.069433485399529,0.2558139534883721,0.3333333333333333
0.4169355736063202,0.5581395348837209,0.1336459306420942,0.883720930232558,1.0
0.029320129075331,0.0310077519379844,0.0481804962255537,0.7209302325581396,0.1666666666666666
0.2258261933904529,0.5503875968992248,0.0422248221611539,0.5581395348837209,0.6666666666666666
0.1901079336819851,0.4883720930232558,0.0996955652902106,0.4186046511627906,0.3333333333333333
0.2256036497162568,0.4263565891472868,0.0190067628644071,0.4651162790697675,0.5
0.0678758206297986,0.2015503875968992,0.0296786052234587,0.9534883720930232,0.3333333333333333
0.065817291643485,0.2093023255813953,0.8170670874939915,0.7674418604651162,0.1666666666666666
0.0681540002225436,0.2558139534883721,0.2473479111304595,0.4651162790697675,0.5
0.8312562590408367,0.9069767441860463,0.0885097815144342,0.5348837209302325,0.3333333333333333
0.128018248581284,0.3255813953488372,0.1004815933393192,0.5348837209302325,0.5
0.2047401802603761,0.4961240310077519,0.3749263098703961,0.5348837209302325,0.5
0.2013463892288861,0.4728682170542635,0.1447107870257001,0.4651162790697675,0.1666666666666666
0.2214309558250806,0.4341085271317829,0.0764472741454212,0.1860465116279069,0.1666666666666666
0.1178925114053633,0.3953488372093023,0.0091511804025068,0.0465116279069767,0.3333333333333333
0.222654946033159,0.5193798449612402,0.0,0.6976744186046512,0.1666666666666666
0.1772004005786135,0.5038759689922481,0.1268135329844578,0.3023255813953488,0.3333333333333333
0.0243128964059196,0.0775193798449612,0.0,0.1627906976744186,0.3333333333333333
0.226605096250139,0.5271317829457364,0.157952336468376,0.9302325581395348,0.5
0.2078001557805719,0.5116279069767441,0.3593266762803943,0.4651162790697675,0.1666666666666666
0.09152108601313,0.2945736434108527,0.0270786662917917,0.3953488372093023,0.3333333333333333
0.1984533214643373,0.6201550387596899,0.4785610849605626,0.5348837209302325,0.3333333333333333
0.131745855124068,0.4263565891472868,0.259531345891643,0.5348837209302325,0.1666666666666666
0.1285189718482252,0.4031007751937984,0.1326180478086445,0.1860465116279069,0.3333333333333333
0.1200623122287748,0.3178294573643411,0.060636017619121,0.3255813953488372,0.3333333333333333
0.0327695560253699,0.1317829457364341,0.2396085580315439,0.5813953488372093,0.1666666666666666
0.2064648937353955,0.5658914728682171,0.4000187437457864,0.3953488372093023,0.5
0.0703238010459552,0.2093023255813953,0.0969746989663731,0.7209302325581396,0.3333333333333333
0.0532992099699566,0.1550387596899224,0.0197625590654731,0.7906976744186046,0.3333333333333333
0.0723823300322688,0.2248062015503875,0.0073675013679911,0.5348837209302325,0.5
0.4256147768999666,0.6356589147286821,0.3992931793927631,0.627906976744186,0.6666666666666666
0.1965060643151218,0.5271317829457364,0.4258669738222428,0.5348837209302325,0.1666666666666666
0.0756092133081117,0.2868217054263565,0.0428899228180919,0.5348837209302325,1.0
0.102314454211639,0.248062015503876,0.0077302835445027,0.6511627906976745,0.5
0.1774229442528096,0.4418604651162791,0.3773146258657645,0.3953488372093023,0.1666666666666666
0.0645933014354067,0.1317829457364341,0.8745680624710909,0.5348837209302325,0.3333333333333333
0.0815622565928563,0.2635658914728682,0.0187951399281086,0.5348837209302325,0.5
0.0351619005229776,0.1395348837209302,0.108039555349979,0.5348837209302325,0.1666666666666666
0.1627350617558695,0.3720930232558139,0.2499478500621264,0.6744186046511628,0.5
0.0565260932457994,0.2713178294573644,0.1212811047926548,0.883720930232558,0.3333333333333333
0.2272170913541782,0.5891472868217054,0.0,0.5813953488372093,0.5
0.1897184822521419,0.5736434108527132,0.7387061373674711,0.5348837209302325,0.3333333333333333
0.1074885946366974,0.4031007751937984,0.0952212517799,0.0930232558139534,0.5
0.2200956937799043,0.5813953488372092,0.0621778418692956,0.6744186046511628,0.3333333333333333
0.2282741738066095,0.4806201550387596,0.0539245473536551,0.7209302325581396,0.3333333333333333
0.2395682652720596,0.5503875968992248,0.0732426982529015,0.7906976744186046,0.5
0.1649604984978302,0.3255813953488372,0.8128950924641073,0.5813953488372093,0.1666666666666666
0.4083120062312229,0.6046511627906976,0.3000117904207366,0.4883720930232558,0.3333333333333333
0.0154111494380772,0.0852713178294573,0.3387387877633572,0.3255813953488372,0.3333333333333333
0.1983976855457883,0.5503875968992248,0.2129440680579363,0.5348837209302325,0.1666666666666666
0.0713808834983865,0.1782945736434108,0.1733705789701219,0.0930232558139534,0.1666666666666666
0.1252364526538333,0.3643410852713178,0.7970838359378071,0.5581395348837209,0.3333333333333333
0.2027372871926115,0.3875968992248062,0.2390039210706911,0.9534883720930232,0.1666666666666666
0.1177812395682652,0.4108527131782945,0.2115534030479749,0.2093023255813954,1.0
0.2158117280516301,0.4806201550387596,0.0477270185049142,0.4883720930232558,0.1666666666666666
0.0396127740068988,0.1007751937984496,0.6106440290588524,0.5348837209302325,0.5
0.1962278847223767,0.4806201550387596,0.1060140215311221,0.7906976744186046,0.5
0.2267720040057861,0.5348837209302325,0.0957049613485823,0.8372093023255814,0.5
0.2416824301769222,0.4961240310077519,0.0420736629209407,0.5348837209302325,0.5
0.2433515077333927,0.5348837209302325,0.0030141152498511,0.5348837209302325,0.3333333333333333
0.2458551240680983,0.3953488372093023,0.0239345540953572,0.883720930232558,0.1666666666666666
0.1652943140091242,0.3178294573643411,0.272682199790191,0.6976744186046512,0.3333333333333333
0.164237231556693,0.3953488372093023,0.043131777602433,0.4418604651162791,0.1666666666666666
0.6874930455101813,0.8372093023255813,0.0870586528083875,0.5116279069767442,0.5
0.2294425280961388,0.6356589147286821,0.001593218391847,0.4186046511627906,0.3333333333333333
0.2221542227662178,0.4573643410852712,0.2341365935358263,0.5813953488372093,0.5
0.2243240235896294,0.6046511627906976,0.0,0.813953488372093,0.1666666666666666
0.1089351285189718,0.2558139534883721,0.050840898853306,0.5813953488372093,0.3333333333333333
0.8565149660620897,0.7829457364341085,0.2088930004202227,0.2325581395348837,0.1666666666666666
0.19717369533771,0.4496124031007752,0.2799983070165096,0.5348837209302325,0.5
0.1698008234115945,0.4806201550387596,0.1125743325563748,0.7674418604651162,0.5
0.0673194614443084,0.2325581395348837,0.0884795496663915,0.3488372093023256,0.3333333333333333
0.0373317013463892,0.1550387596899224,0.4795889677940123,0.6744186046511628,0.3333333333333333
0.2306665183042172,0.4031007751937984,0.0398365061657854,0.3720930232558139,0.6666666666666666
0.2126961166128853,0.4651162790697674,1.0000000000000002,0.9302325581395348,0.3333333333333333
0.0474018026037609,0.1782945736434108,0.0271088981398343,0.5348837209302325,0.5
0.2177033492822966,0.4108527131782945,0.0740891899980954,0.6046511627906976,0.5
0.0738288639145432,0.2093023255813953,0.5060720666793641,0.4883720930232558,0.5
0.0481250695448981,0.1550387596899224,0.0318552982825287,0.9767441860465116,0.5
0.069377990430622,0.193798449612403,0.0413480985679173,0.5116279069767442,0.1666666666666666
0.1104929342383442,0.2403100775193798,0.1012978532364705,0.7906976744186046,0.6666666666666666
0.2125292088572382,0.4806201550387596,0.1422317754862037,0.6511627906976745,0.3333333333333333
0.2209858684766885,0.4961240310077519,0.0,0.3488372093023256,0.3333333333333333
0.2062979859797485,0.4186046511627906,0.0366319302732656,0.7209302325581396,0.3333333333333333
0.1961166128852787,0.5426356589147286,0.012567379231325,0.7209302325581396,0.5
0.0464003560698787,0.2093023255813953,0.0648987081931331,0.813953488372093,0.3333333333333333
0.0527984867030154,0.193798449612403,0.0047070987402388,0.5348837209302325,0.8333333333333333
0.0565817291643485,0.193798449612403,0.1428061805990138,0.3255813953488372,0.1666666666666666
0.1923890063424947,0.3643410852713178,0.0159231143640579,0.5581395348837209,0.1666666666666666
0.18982975408924,0.5038759689922481,0.023874090399272,0.8372093023255814,0.3333333333333333
0.2105819517080226,0.4651162790697674,0.1506966929381426,0.3023255813953488,0.5
0.1991209524869255,0.4883720930232558,0.0,0.3488372093023256,0.5
0.080616445977523,0.3565891472868217,0.0373877264743316,0.9302325581395348,0.1666666666666666
0.2680538555691554,0.5271317829457364,0.1856144774273906,0.5116279069767442,0.5
0.113441637921442,0.3565891472868217,0.0,0.3720930232558139,0.3333333333333333
0.8010459552687215,0.6976744186046512,0.1851307678587084,0.4883720930232558,0.1666666666666666
0.1529431400912429,0.5426356589147286,0.0886004770585621,0.0,0.5
0.0980304884833648,0.248062015503876,0.122943856435,0.5348837209302325,0.5
0.0380549682875264,0.1550387596899224,0.0364505391850098,0.9767441860465116,0.1666666666666666
0.0542450205852898,0.1240310077519379,0.0222113387569268,0.7209302325581396,0.3333333333333333
0.018582396795371,0.1085271317829457,0.0,0.7674418604651162,0.5
0.2113052186491598,0.5038759689922481,0.146222379427832,0.5348837209302325,0.1666666666666666
0.1076555023923445,0.2248062015503875,0.0,0.5348837209302325,0.3333333333333333
0.0845665961945031,0.2713178294573644,0.5008117251199449,0.5116279069767442,0.3333333333333333
0.2203738733726493,0.5426356589147286,0.0199741820017715,0.4883720930232558,0.1666666666666666
0.1008679203293646,0.2868217054263565,0.0260205516102993,0.0465116279069767,0.1666666666666666
0.0553577389562701,0.1627906976744186,0.0696451083358274,0.5348837209302325,0.5
0.419828641370869,0.6589147286821705,0.4915607796188973,0.5348837209302325,0.5
0.6616779793034382,0.8527131782945736,0.1295343993082953,0.3953488372093023,0.5
0.8342605986424835,0.7984496124031008,0.0861516973671083,0.813953488372093,0.3333333333333333
0.2213196839879826,0.6356589147286821,0.0555570671479576,0.5348837209302325,0.5
0.2382886391454323,0.4728682170542635,0.0030443470978937,0.5116279069767442,0.5
0.2001780349393568,0.4806201550387596,0.0241764088796984,0.7906976744186046,0.5
0.2290530766662957,0.5193798449612402,0.0743310447824365,0.5813953488372093,0.5
0.0889618337598753,0.2635658914728682,0.179054166402138,0.5348837209302325,0.3333333333333333
0.3771558918437743,0.5038759689922481,0.0490874516668329,0.6511627906976745,0.5
0.0624235006119951,0.248062015503876,0.0692218624632305,0.627906976744186,0.5
0.0894625570268165,0.1782945736434108,0.7597777354531905,0.3488372093023256,0.3333333333333333
0.1026482697229331,0.2868217054263565,0.0,0.2558139534883721,0.5
0.1941693557360632,0.5348837209302325,0.0281670128213267,0.5348837209302325,0.3333333333333333
0.1033159007455213,0.2403100775193798,0.0505688122209222,0.5348837209302325,0.3333333333333333
0.1890508512295537,0.5426356589147286,0.0789262856849176,0.883720930232558,0.5
0.2245465672638255,0.6124031007751938,0.1153556625762976,0.6976744186046512,0.5
0.1769222209858684,0.5116279069767441,0.2473176792824169,0.6976744186046512,0.3333333333333333
0.2308890619784132,0.5348837209302325,0.7859887477061586,0.6744186046511628,0.6666666666666666
0.2281072660509625,0.4263565891472868,0.0212136877715197,0.3720930232558139,0.1666666666666666
0.1923890063424947,0.5503875968992248,0.0208509055950081,0.4186046511627906,0.1666666666666666
0.7390675420051185,0.9069767441860463,0.2845330842229054,0.2325581395348837,0.3333333333333333
0.0682652720596417,0.2170542635658914,1.0000000000000002,0.7209302325581396,0.5
0.040169133192389,0.186046511627907,0.0978514225596096,0.5116279069767442,0.6666666666666666
0.084065872927562,0.2403100775193798,0.2575965076169141,0.3023255813953488,0.3333333333333333
0.2499165461221764,0.3875968992248062,0.6308086717032926,0.5813953488372093,0.5
0.1675197507510849,0.3720930232558139,0.0146836085943097,0.3953488372093023,0.3333333333333333
0.0907421831534438,0.3488372093023255,0.0467898312155923,0.883720930232558,0.3333333333333333
0.8426616223433848,0.883720930232558,0.0648987081931331,0.0,0.3333333333333333
0.0492377879158784,0.2093023255813953,0.3140695997605637,0.9534883720930232,0.5
0.0562479136530544,0.1472868217054263,0.3656149006732632,0.744186046511628,0.1666666666666666
0.2225436741960609,0.6046511627906976,0.0399876654059986,0.5348837209302325,0.3333333333333333
0.2403471681317458,0.5348837209302325,0.0,0.6976744186046512,0.5
0.1492711694670078,0.4573643410852712,0.892979257929058,0.5581395348837209,0.3333333333333333
0.1093802158673639,0.248062015503876,0.0453689343575883,0.4883720930232558,0.3333333333333333
0.211805941916101,0.5503875968992248,0.0540454747458257,0.4883720930232558,0.1666666666666666
0.8530099031935017,0.9302325581395348,0.0822215571215653,0.5348837209302325,0.3333333333333333
0.4283965728274174,0.6976744186046512,0.2236763741130732,0.3255813953488372,0.3333333333333333
0.2203738733726493,0.4728682170542635,0.0079419064808012,0.6046511627906976,0.1666666666666666
0.0488483364860353,0.193798449612403,0.407425546516233,0.8372093023255814,0.1666666666666666
0.8344275063981306,0.6589147286821705,0.335987689591477,0.5348837209302325,0.1666666666666666
0.1247913653054411,0.2558139534883721,0.0399876654059986,0.5348837209302325,0.5
0.2445198620229219,0.6124031007751938,0.022785743869737,0.5348837209302325,0.5
0.1838210748859463,0.4806201550387596,0.7780680035189872,0.5348837209302325,0.5
0.1796483809947702,0.3488372093023255,0.0999071882265091,0.5581395348837209,0.1666666666666666
0.2356737509736285,0.4883720930232558,0.3889538873621805,0.5348837209302325,0.3333333333333333
0.2218760431734728,0.4883720930232558,0.3147951641135871,0.5116279069767442,0.5
0.2304996105485701,0.5038759689922481,0.0242671044238263,0.5348837209302325,0.5
0.120674307332814,0.4573643410852712,0.0935585001375549,0.0697674418604651,0.5
0.1992878602425726,0.5193798449612402,0.7107719097760727,0.4651162790697675,0.5
0.2131968398798264,0.5581395348837209,0.0075186606082043,0.744186046511628,0.3333333333333333
0.2153110047846889,0.3643410852713178,0.0219090202765004,0.0232558139534884,0.3333333333333333
0.2509736285746077,0.5736434108527132,0.1039884877122653,0.5348837209302325,0.5
0.2619895404473127,0.5891472868217054,0.0506595077650501,0.4418604651162791,0.5
0.4335150773339268,0.5503875968992248,0.439834087617942,0.2558139534883721,0.5
0.0786135529097585,0.3023255813953488,0.4414363755642019,0.3023255813953488,0.3333333333333333
0.7627684433069989,0.7596899224806201,0.0479386414412126,0.4883720930232558,0.5
0.0393345944141537,0.0775193798449612,0.1480362903103904,0.5348837209302325,0.3333333333333333
0.0852342272170913,0.2325581395348837,0.1090372063353861,0.4883720930232558,0.3333333333333333
0.2078557916991209,0.5503875968992248,0.2963839686556199,0.5348837209302325,0.3333333333333333
0.3968510070101257,0.5813953488372092,0.0875121305290271,0.7674418604651162,0.3333333333333333
0.201068209636141,0.5968992248062015,0.2028466308116949,0.6046511627906976,0.5
0.1007566484922666,0.2015503875968992,0.032580862635552,0.5348837209302325,0.3333333333333333
0.058528986313564,0.2558139534883721,0.4363271932449958,0.5581395348837209,1.0
0.2006231222877489,0.6046511627906976,0.0411364756316188,0.7906976744186046,0.3333333333333333
0.080338266384778,0.2790697674418604,0.7019442101476221,0.5348837209302325,0.5
0.2220429509291198,0.4186046511627906,0.1153556625762976,0.5348837209302325,0.5
0.0594191610103482,0.1550387596899224,0.2770960496044162,0.5348837209302325,0.3333333333333333
0.1220095693779904,0.3410852713178294,0.0184625895996396,0.744186046511628,0.6666666666666666
0.1004784688995215,0.2558139534883721,0.0836122221315266,0.3953488372093023,0.5
0.0701012573717592,0.2868217054263565,0.0433434005387315,0.8604651162790699,0.3333333333333333
0.073105596973406,0.2170542635658914,0.1063163400115485,0.3720930232558139,0.8333333333333333
0.1428730388338711,0.3720930232558139,0.0872098120486007,0.3720930232558139,0.3333333333333333
0.3894514298431067,0.6124031007751938,0.1667498042487839,0.3255813953488372,0.3333333333333333
0.0490708801602314,0.2170542635658914,0.0884493178183489,0.7209302325581396,0.5
0.1773673083342606,0.4263565891472868,0.214062646435514,0.5348837209302325,0.1666666666666666
0.255480137977078,0.4573643410852712,0.0542268658340815,0.5348837209302325,0.3333333333333333
0.2133081117169244,0.5038759689922481,0.0299809237038851,0.5116279069767442,0.1666666666666666
0.1469344608879492,0.5271317829457364,0.035180801567219,0.5348837209302325,0.3333333333333333
0.1796483809947702,0.3333333333333333,0.0939515141621092,0.5348837209302325,0.1666666666666666
0.2283854456437075,0.5581395348837209,0.0369644806017347,0.627906976744186,0.3333333333333333
0.1801491042617113,0.4031007751937984,1.0000000000000002,0.4418604651162791,0.5
0.1293535106264604,0.3643410852713178,0.128808834955272,0.4186046511627906,0.3333333333333333
0.0828418827194837,0.3100775193798449,0.0353017289593895,0.2558139534883721,0.5
0.1624012462445755,0.5271317829457364,0.852529045248007,0.4651162790697675,0.3333333333333333
0.1203404918215199,0.2558139534883721,0.0340319913415987,0.7209302325581396,0.5
0.1029820852342272,0.248062015503876,0.0510827536376471,0.5348837209302325,0.1666666666666666
0.1989540447312785,0.4031007751937984,0.246047941664626,0.3488372093023256,0.1666666666666666
0.218927339490375,0.5271317829457364,0.0,0.3488372093023256,0.5
0.0321575609213308,0.1240310077519379,0.3003745725972483,0.8372093023255814,0.0
0.0615333259152108,0.3100775193798449,1.0000000000000002,0.7209302325581396,0.1666666666666666
0.1647935907421831,0.3178294573643411,0.3480804288085326,0.3953488372093023,0.1666666666666666
0.091354178257483,0.3100775193798449,0.0061884592943282,0.0,0.5
0.1141649048625792,0.2015503875968992,0.0645359260166214,0.6976744186046512,0.3333333333333333
0.204628908423278,0.5348837209302325,0.12947393561221,0.7209302325581396,0.1666666666666666
0.2244352954267274,0.5503875968992248,0.1013280850845131,0.5348837209302325,0.5
0.0826193390452876,0.2248062015503875,0.3268576714826001,0.5348837209302325,0.5
0.0525759430288194,0.186046511627907,0.2972909240968991,0.6976744186046512,0.5
0.2528096138867253,0.4883720930232558,0.2210159714853209,0.4418604651162791,0.1666666666666666
0.2065205296539445,0.3953488372093023,0.0226345846295238,0.5348837209302325,0.3333333333333333
0.0984755758317569,0.3023255813953488,0.0958863524368381,0.0930232558139534,0.1666666666666666
0.0568042728385445,0.2945736434108527,1.0000000000000002,0.4418604651162791,0.3333333333333333
0.0924668966284633,0.1782945736434108,0.2480130117873975,0.5348837209302325,0.5
0.2035718259708467,0.4806201550387596,0.2301459895941979,0.5581395348837209,1.0
0.1519973294759096,0.4961240310077519,0.3033977574015122,0.5813953488372093,0.5
0.4399132079670635,0.4806201550387596,1.0000000000000002,0.5813953488372093,0.3333333333333333
0.0936908868365416,0.3333333333333333,0.1055605438104826,0.813953488372093,0.1666666666666666
0.2440747746745298,0.5658914728682171,0.0057652134217312,0.627906976744186,0.5
0.1018693668632469,0.3643410852713178,0.1104883350414327,0.5348837209302325,0.1666666666666666
0.2129742962056303,0.4883720930232558,0.1861586506921581,0.5348837209302325,0.8333333333333333
0.0922999888728162,0.3023255813953488,0.0112069460694062,0.6046511627906976,0.5
0.3679203293646378,0.6511627906976744,0.1512408662029101,0.627906976744186,0.1666666666666666
0.1588961833759875,0.5581395348837209,0.0258996242181288,0.5348837209302325,0.5
0.0873483921219539,0.3100775193798449,0.1599476384391901,0.2325581395348837,0.3333333333333333
0.2513630800044508,0.5426356589147286,0.2078651175867729,0.4418604651162791,0.5
0.3902859686213419,0.6976744186046512,0.1833773206722354,0.3720930232558139,0.5
0.1626237899187715,0.4496124031007752,0.1385737218730444,0.5348837209302325,0.1666666666666666
0.2120284855902971,0.5658914728682171,0.0,0.5348837209302325,0.3333333333333333
0.0886836541671303,0.2325581395348837,0.0077000516964601,0.5348837209302325,0.5
0.1847668855012796,0.4496124031007752,0.326192570825662,0.4186046511627906,0.3333333333333333
0.032936463781017,0.1627906976744186,0.5684403691913283,0.3488372093023256,0.5
0.0426171136085456,0.0852713178294573,0.0576732965109424,0.9302325581395348,0.5
0.1700233670857905,0.5116279069767441,0.3439084337786484,0.8372093023255814,0.1666666666666666
0.1817069099810838,0.5736434108527132,0.0781100257877663,0.3488372093023256,0.5
0.1422054078112829,0.3953488372093023,0.1786611523775837,0.8604651162790699,0.3333333333333333
0.2050183598531211,0.6124031007751938,0.215483543293518,0.5116279069767442,0.5
0.2436853232446867,0.4263565891472868,0.0588825704326479,0.7209302325581396,0.1666666666666666
0.0106264604428619,0.0697674418604651,0.0303437058803967,0.3953488372093023,0.5
0.040280405029487,0.1007751937984496,1.0000000000000002,0.627906976744186,0.5
0.4347947034605541,0.3410852713178294,0.2571127980482319,0.5348837209302325,0.5
0.03671970624235,0.1007751937984496,0.0437364145632858,0.6511627906976745,0.1666666666666666
0.2302770668743741,0.6124031007751938,0.2368272280116211,0.7906976744186046,0.6666666666666666
0.0568042728385445,0.1627906976744186,0.0333064269885753,0.4651162790697675,0.3333333333333333
0.0465672638255257,0.1317829457364341,0.231476190908074,0.5348837209302325,0.3333333333333333
0.1141092689440302,0.3953488372093023,0.004525707651983,0.3953488372093023,0.3333333333333333
0.2207633248024925,0.5193798449612402,0.023450844526675,0.9767441860465116,0.1666666666666666
0.0260376098809391,0.0465116279069767,0.0288623453263074,0.5348837209302325,0.1666666666666666
0.2032936463781017,0.4341085271317829,0.0055535904854327,0.5348837209302325,0.5
0.0888505619227773,0.2325581395348837,0.0269577388996212,0.5348837209302325,0.3333333333333333
0.0965283186825414,0.2403100775193798,0.0414992578081305,0.5348837209302325,0.3333333333333333
0.4086458217425169,0.5581395348837209,0.3313622168409533,0.2790697674418605,0.8333333333333333
0.0599755201958384,0.193798449612403,0.11206039113965,0.5348837209302325,0.3333333333333333
0.2123623011015911,0.4341085271317829,0.0561617041088104,0.744186046511628,0.5
0.2378435517970401,0.4341085271317829,0.3249228332078712,0.883720930232558,0.5
0.1630688772671636,0.3488372093023255,0.3416712770234931,0.5348837209302325,0.5
0.3940135751641259,0.6666666666666666,0.4114463823059039,0.4418604651162791,0.5
0.7404584399688439,0.8062015503875969,0.2593801866514298,0.5813953488372093,0.5
0.4103705352175364,0.6511627906976744,0.1883051119031855,0.627906976744186,0.5
0.2552575943028819,0.5348837209302325,0.017676561550531,0.3953488372093023,0.5
0.1640703238010459,0.3333333333333333,0.1251507813421127,0.5348837209302325,0.3333333333333333
0.2339490374986091,0.5891472868217054,0.3628033388052978,0.5348837209302325,0.1666666666666666
0.7385668187381773,0.8294573643410852,0.3840865598273157,0.2325581395348837,0.3333333333333333
0.200790030043396,0.4651162790697674,0.139692300250622,0.4418604651162791,0.5
0.8473350395015021,0.8527131782945736,0.4677078515132551,0.5581395348837209,0.3333333333333333
0.5015021698008233,0.5426356589147286,0.290851540463817,0.5348837209302325,0.5
0.2062979859797485,0.4341085271317829,0.9363014961741596,0.9069767441860463,0.5
0.1995104039167686,0.5116279069767441,0.0377505086508433,0.5348837209302325,0.5
0.0744408590185824,0.3023255813953488,0.4213926603119322,0.6976744186046512,0.6666666666666666
0.1240680983643039,0.4031007751937984,0.0508106670052633,0.0930232558139534,0.5
0.06214532101925,0.3410852713178294,0.0570686595500896,0.627906976744186,0.5
0.2729498164014687,0.5581395348837209,0.0073372695199484,0.5348837209302325,0.6666666666666666
0.2224880382775119,0.4883720930232558,0.0208811374430507,0.7674418604651162,0.5
0.1123845554690108,0.2558139534883721,0.0019862324164013,0.5813953488372093,0.5
0.1072104150439523,0.2403100775193798,0.0072163421277779,0.3720930232558139,0.3333333333333333
0.2511405363302548,0.5503875968992248,0.0310995020814627,0.5581395348837209,0.1666666666666666
0.3916212306665182,0.5193798449612402,0.4286785356902082,0.5348837209302325,0.1666666666666666
0.2208745966395905,0.5426356589147286,0.0333064269885753,0.7906976744186046,0.5
0.0611995104039167,0.3023255813953488,0.011811583030259,0.1627906976744186,0.1666666666666666
0.1985089573828864,0.4651162790697674,0.0358156703761144,0.5116279069767442,0.1666666666666666
0.0906309113163458,0.4651162790697674,0.0012304362153354,0.7906976744186046,0.5
0.2058528986313564,0.5736434108527132,0.0234206126786324,1.0,0.8333333333333333
0.0525203071102703,0.1550387596899224,0.0324901670914241,0.744186046511628,0.1666666666666666
0.1089907644375208,0.186046511627907,0.0133534072804336,0.5348837209302325,0.3333333333333333
0.069322354512073,0.248062015503876,0.0170719245896782,0.2558139534883721,0.5
0.2440747746745298,0.4728682170542635,0.0433736323867741,0.5116279069767442,0.1666666666666666
0.0690441749193279,0.2945736434108527,0.9802888350761996,0.6511627906976745,0.3333333333333333
0.0616445977523088,0.2868217054263565,0.1523896764285304,0.9767441860465116,0.1666666666666666
0.0781684655613664,0.2635658914728682,0.0949491651475163,0.3953488372093023,0.5
0.2183153443863358,0.4883720930232558,0.0,0.2790697674418605,0.1666666666666666
0.1007010125737175,0.3643410852713178,0.0309483428412495,0.1627906976744186,0.1666666666666666
0.0754979414710136,0.2713178294573644,0.0,0.4186046511627906,0.5
0.1617892511405363,0.5271317829457364,0.3260111797374062,0.6046511627906976,0.5
0.0434516523867809,0.1317829457364341,0.0245996547522953,0.5348837209302325,0.6666666666666666
0.2388449983309224,0.4806201550387596,0.0098767447555301,0.6046511627906976,0.6666666666666666
0.7853566262378991,0.6744186046511628,1.0000000000000002,0.4186046511627906,0.3333333333333333
0.1684099254478691,0.4883720930232558,0.6646683415110483,0.4418604651162791,0.3333333333333333
0.1941137198175141,0.6666666666666666,0.5179229511120785,0.3488372093023256,0.1666666666666666
0.0642594859241126,0.2713178294573644,0.5723705094368714,0.5348837209302325,0.5
0.0543562924223878,0.1782945736434108,0.0343645416700677,0.3023255813953488,0.1666666666666666
0.0812840770001112,0.3565891472868217,0.1194974257581391,0.5348837209302325,0.3333333333333333
0.4190497385111828,0.5813953488372092,0.0314622842579744,0.5348837209302325,0.3333333333333333
0.0418938466674084,0.1317829457364341,0.1974653618601051,0.5581395348837209,0.3333333333333333
0.0389451429843106,0.1162790697674418,0.0394434921412311,0.5348837209302325,0.3333333333333333
0.0751084900411705,0.2015503875968992,0.043887573803499,0.9534883720930232,0.5
0.0605318793813285,0.2325581395348837,0.0,0.5348837209302325,0.5
0.0724936018693668,0.3255813953488372,0.535729509609193,0.8604651162790699,0.3333333333333333
0.0604762434627795,0.1627906976744186,0.0831587444108871,1.0,0.5
0.8931234004673416,0.6511627906976744,0.1133905924535261,0.5813953488372093,0.1666666666666666
0.0614776899966618,0.2015503875968992,0.031159965777548,0.1627906976744186,0.3333333333333333
0.0812284410815622,0.2790697674418604,0.001593218391847,0.5581395348837209,0.3333333333333333
0.1865472348948481,0.4573643410852712,1.0000000000000002,0.5581395348837209,0.1666666666666666
0.7066874374095916,0.751937984496124,0.0590337296728611,0.4418604651162791,0.3333333333333333
0.1883832202069656,0.4263565891472868,0.1256949546068801,0.5116279069767442,0.3333333333333333
0.1970067875820629,0.4263565891472868,0.0654731133059433,0.4186046511627906,0.3333333333333333
0.2236563925670412,0.4573643410852712,0.0054931267893475,0.3953488372093023,0.3333333333333333
0.7474685657060197,0.751937984496124,0.1920538610604727,0.6976744186046512,0.5
0.2164793590742183,0.4883720930232558,0.0,0.5348837209302325,0.5
0.1982307777901413,0.4573643410852712,0.0613011182760591,0.8604651162790699,0.0
0.230165795037276,0.5891472868217054,0.0275623758604739,0.4418604651162791,0.3333333333333333
0.2424056971180594,0.4418604651162791,0.0357249748319865,0.5348837209302325,0.5
0.1359741849337932,0.248062015503876,0.0661382139628813,0.5348837209302325,0.5
0.2421831534438633,0.3565891472868217,1.0000000000000002,0.4883720930232558,0.5
0.1383108935128519,0.4031007751937984,0.7422734954365026,0.7674418604651162,0.3333333333333333
0.0935796149994436,0.2015503875968992,0.0241461770316557,0.0,0.6666666666666666
0.2175920774451986,0.4961240310077519,0.1631824461797525,0.5348837209302325,0.3333333333333333
0.1084900411705797,0.4728682170542635,0.0504478848287517,0.0465116279069767,0.5
0.2037387337264938,0.5736434108527132,0.588725939227939,0.5813953488372093,0.3333333333333333
0.2238233003226883,0.4263565891472868,0.0160742736042711,0.5348837209302325,0.5
0.2217647713363748,0.5193798449612402,0.0082442249612276,0.3488372093023256,0.1666666666666666
0.0634805830644263,0.248062015503876,0.0,0.5348837209302325,0.5
0.2496383665294314,0.5736434108527132,0.4829144710787025,0.5348837209302325,0.5
0.2035161900522977,0.4728682170542635,0.3093534314659121,0.4418604651162791,0.1666666666666666
0.1984533214643373,0.4651162790697674,0.0994537105058695,0.5348837209302325,0.1666666666666666
0.2199844219428062,0.5658914728682171,0.0586407156483068,0.7906976744186046,0.3333333333333333
0.1686881050406142,0.3643410852713178,0.0884795496663915,0.627906976744186,0.1666666666666666
0.412595971959497,0.5658914728682171,0.923543656300166,0.5813953488372093,0.5
0.1966729720707689,0.5271317829457364,0.0346366283024515,0.3720930232558139,0.5
0.1867141426504951,0.4418604651162791,0.3639521490309181,0.4883720930232558,0.5
0.0568599087570935,0.1085271317829457,0.123276406763469,0.7674418604651162,0.3333333333333333
0.0917992656058751,0.3410852713178294,0.1011466939962573,0.5348837209302325,0.3333333333333333
0.2052409035273172,0.4883720930232558,0.4857562647947107,0.3720930232558139,0.5
0.7717258261933904,0.813953488372093,0.0614522775162722,0.6046511627906976,0.3333333333333333
0.0190831200623122,0.0155038759689922,1.0000000000000002,0.5348837209302325,0.1666666666666666
0.2060198063870034,0.4961240310077519,0.115990531385193,0.6511627906976745,0.5
0.1787582062979859,0.3720930232558139,0.1760309815978741,0.8604651162790699,0.1666666666666666
0.1012017358406587,0.4573643410852712,1.0000000000000002,0.2558139534883721,0.5
0.1947257149215533,0.5038759689922481,0.1224601468663178,0.7209302325581396,1.0
0.1126070991432068,0.3255813953488372,0.0,0.2093023255813954,0.3333333333333333
0.0756648492266607,0.3178294573643411,0.0336087454690017,0.5348837209302325,0.5
0.2340603093357071,0.5658914728682171,0.0246903502964232,0.5116279069767442,0.3333333333333333
0.0510181373094469,0.1162790697674418,0.7954815479915472,0.4651162790697675,0.5
0.1118281962835206,0.3953488372093023,0.1895748495209764,0.4418604651162791,0.1666666666666666
0.0809502614888171,0.3023255813953488,0.0142905945697554,0.3488372093023256,0.5
0.0821186157783465,0.2015503875968992,0.3170927845648276,0.2790697674418605,0.1666666666666666
0.1086569489262267,0.2170542635658914,0.0738473352137542,0.6511627906976745,0.3333333333333333
0.2064648937353955,0.4418604651162791,0.2483757939639092,0.5581395348837209,0.5
0.0181373094469789,0.0620155038759689,0.1212508729446122,0.5581395348837209,0.5
0.2488594636697452,0.2325581395348837,0.8434594908352153,0.3953488372093023,0.3333333333333333
0.2012351173917881,0.4728682170542635,0.0635987387272996,0.5348837209302325,0.3333333333333333
0.4875931901635695,0.4263565891472868,0.1071325999086998,0.6046511627906976,0.5
0.1931679092021809,0.4496124031007752,0.4383829589118953,0.6744186046511628,0.5
0.2370090130188049,0.4031007751937984,0.0878749127055388,0.3023255813953488,0.1666666666666666
0.4532658284188272,0.6821705426356589,1.0000000000000002,0.5348837209302325,0.3333333333333333
0.0725492377879158,0.1627906976744186,0.0623894648055941,0.4883720930232558,0.1666666666666666
0.1212306665183042,0.3643410852713178,0.0265949567231095,0.2790697674418605,0.5
0.1895515744964949,0.4728682170542635,0.0269577388996212,0.4186046511627906,0.3333333333333333
0.1162790697674418,0.3875968992248062,0.1248786947097289,0.6976744186046512,0.3333333333333333
0.1913875598086124,0.5581395348837209,0.0067930962551809,0.1162790697674418,0.5
0.1958384332925336,0.5891472868217054,0.0310390383853774,0.6744186046511628,0.1666666666666666
0.2307221542227662,0.5271317829457364,0.4603312805908512,0.2790697674418605,0.0
0.2466896628463336,0.5271317829457364,0.0255973057377024,0.5348837209302325,0.8333333333333333
0.2231000333815511,0.5038759689922481,0.9474268162538508,0.5348837209302325,0.5
0.197118059419161,0.4651162790697674,0.3114998926769394,0.6744186046511628,0.3333333333333333
0.1414821408701457,0.3100775193798449,0.0185835169918101,0.3255813953488372,0.3333333333333333
0.2222098586847669,0.5503875968992248,0.1188625569492437,0.5348837209302325,0.5
0.1418159563814398,0.3100775193798449,0.0072163421277779,0.1860465116279069,0.3333333333333333
0.1657950372760654,0.4031007751937984,0.315641655858781,0.5348837209302325,0.5
0.1158896183375987,0.2945736434108527,0.0130813206480498,0.5348837209302325,0.5
0.0956381439857572,0.2635658914728682,0.477351811038857,0.3953488372093023,0.3333333333333333
0.2167575386669634,0.4961240310077519,0.0891748821713722,0.4651162790697675,0.5
0.0797262712807388,0.2868217054263565,0.0179184163348721,0.8372093023255814,0.3333333333333333
0.1434293980193613,0.4263565891472868,0.153598950350236,0.4651162790697675,0.1666666666666666
0.1366974518749304,0.5426356589147286,0.250824573655363,0.1627906976744186,0.5
0.2401246244575497,0.6046511627906976,0.0894167369557134,0.5348837209302325,1.0
0.1007566484922666,0.2713178294573644,0.0383853774597387,0.5348837209302325,0.5
0.3767108044953822,0.6589147286821705,1.0000000000000002,0.4883720930232558,0.3333333333333333
0.0784466451541115,0.2790697674418604,0.0284995631497957,0.627906976744186,1.0
0.0226994547679982,0.0310077519379844,0.3238647185263788,0.7906976744186046,0.5
0.0887949260042283,0.3565891472868217,0.8377456715551566,0.5348837209302325,0.5
0.05875152998776,0.2015503875968992,0.0410760119355336,0.7906976744186046,0.6666666666666666
0.2583732057416268,0.5426356589147286,0.0444619789163091,0.4186046511627906,0.3333333333333333
0.0663736508289751,0.3333333333333333,0.3691822587422946,0.5116279069767442,0.5
0.0748303104484255,0.2248062015503875,0.0536524607212714,0.9534883720930232,0.5
0.88360965839546,0.8217054263565892,1.0000000000000002,0.6046511627906976,0.3333333333333333
0.084121508846111,0.3255813953488372,1.0000000000000002,0.3488372093023256,0.3333333333333333
0.2597084677868032,0.5348837209302325,0.0564035588931515,0.3720930232558139,0.1666666666666666
0.2363970179147657,0.5503875968992248,0.1716473636316914,0.6744186046511628,0.5
0.2236563925670412,0.4961240310077519,0.6665427160896918,0.744186046511628,0.6666666666666666
0.1524424168243017,0.4108527131782945,1.0000000000000002,0.5813953488372093,0.5
0.0369978858350951,0.2403100775193798,0.2093162462928196,0.883720930232558,0.1666666666666666
0.4073661956158896,0.4883720930232558,0.439834087617942,0.5348837209302325,0.5
0.0817848002670524,0.2713178294573644,0.2751612113296873,0.4883720930232558,0.6666666666666666
0.2528652498052743,0.4496124031007752,0.0245996547522953,0.3255813953488372,0.1666666666666666
0.1010348280850116,0.1627906976744186,0.0067628644071383,0.2558139534883721,0.3333333333333333
0.4500945810615333,0.6511627906976744,0.325436774624596,0.3720930232558139,0.3333333333333333
0.8327584288416601,0.7674418604651162,0.1048047476094166,0.7906976744186046,0.5
0.1211750305997552,0.6046511627906976,0.2196857701714448,1.0,0.1666666666666666
0.452431289640592,0.5193798449612402,0.0807401965674759,0.2558139534883721,0.3333333333333333
0.1909981083787693,0.4186046511627906,0.1789332390099674,0.5813953488372093,0.1666666666666666
0.1196728607989318,0.3720930232558139,0.122611306106531,0.3953488372093023,0.1666666666666666
0.1848781573383776,0.4186046511627906,0.0220904113647563,0.4651162790697675,0.3333333333333333
0.1691888283075553,0.4496124031007752,0.5067976310323874,0.7209302325581396,0.1666666666666666
0.2112495827306108,0.4341085271317829,0.0520804046230542,0.6046511627906976,0.3333333333333333
0.7273283631912763,0.7751937984496123,0.0570686595500896,0.3720930232558139,0.5
0.1112718370980304,0.2635658914728682,0.0222415706049695,0.0,0.5
0.1234561032602648,0.2170542635658914,0.0067930962551809,0.5348837209302325,0.5
0.4287303883387114,0.5426356589147286,0.1732496515779513,0.9534883720930232,0.5
0.0755535773895627,0.2325581395348837,1.0000000000000002,0.5348837209302325,0.3333333333333333
0.0906309113163458,0.2945736434108527,0.6227065364278653,0.6976744186046512,0.5
0.0467341715811728,0.1705426356589147,1.0000000000000002,0.4651162790697675,0.3333333333333333
0.4756314676755312,0.6976744186046512,0.8749308446476025,0.6046511627906976,0.1666666666666666
0.3987982641593413,0.6434108527131782,0.169259047636323,0.6976744186046512,0.1666666666666666
0.0458996328029375,0.1007751937984496,0.0421643584650686,0.8372093023255814,0.3333333333333333
0.7031267386224546,0.8604651162790697,0.0592755844572022,0.1162790697674418,0.1666666666666666
0.157004562145321,0.3875968992248062,0.046487512735166,0.5348837209302325,0.5
0.0417269389117614,0.1705426356589147,0.0457014846860573,0.3023255813953488,0.3333333333333333
0.2481361967286079,0.5813953488372092,0.0440689648917548,0.5348837209302325,0.5
0.1931122732836319,0.5116279069767441,0.1742170707153157,0.6046511627906976,0.5
0.1939468120618671,0.4263565891472868,0.3055442186125395,0.6046511627906976,0.3333333333333333
0.259207744519862,0.5581395348837209,0.1745496210437848,0.627906976744186,0.1666666666666666
0.1035384444197173,0.2713178294573644,0.0080930657210144,0.4651162790697675,0.5
0.2088016023144542,0.4031007751937984,0.6259413441684277,0.5348837209302325,0.5
0.7633248024924891,0.7364341085271318,0.0597895258739271,0.4186046511627906,1.0
0.0971403137865806,0.2325581395348837,0.0610592634917179,0.1395348837209302,0.3333333333333333
0.1993434961611216,0.5193798449612402,0.0938608186179813,0.5116279069767442,0.8333333333333333
0.0701568932903082,0.2093023255813953,0.148399072486902,0.7906976744186046,0.3333333333333333
0.2037387337264938,0.4651162790697674,0.0046466350441536,0.4418604651162791,1.0
0.1319683987982641,0.4496124031007752,0.0,0.2790697674418605,0.5
0.2016245688216312,0.4806201550387596,0.3157928150989942,0.5348837209302325,0.5
0.091409814176032,0.2403100775193798,0.689639847994268,0.8604651162790699,0.6666666666666666
0.4576610659841993,0.6744186046511628,1.0000000000000002,0.5581395348837209,0.3333333333333333
0.1982864137086903,0.4806201550387596,0.1122720140759484,1.0,0.3333333333333333
0.7676644041393123,0.883720930232558,0.0600011488102256,0.3023255813953488,0.1666666666666666
0.1682430176922221,0.4651162790697674,0.1720101458082031,0.6046511627906976,0.3333333333333333
0.062256592856348,0.1705426356589147,1.0000000000000002,0.5348837209302325,0.5
0.2075219761878268,0.4883720930232558,0.206353525184641,0.6046511627906976,0.5
0.1710804495382218,0.4496124031007752,0.032913412964021,0.5116279069767442,0.3333333333333333
0.7622677200400578,0.7829457364341085,0.2451107543753042,0.5813953488372093,0.1666666666666666
0.1844887059085345,0.4728682170542635,0.0249926687768496,0.3255813953488372,0.5
0.0348837209302325,0.1550387596899224,0.3159137424911648,0.5348837209302325,0.3333333333333333
0.8749304551018137,0.6511627906976744,0.0670754012522031,0.1395348837209302,0.5
0.0904083676421497,0.2945736434108527,0.4346342097546081,0.6511627906976745,0.3333333333333333
0.9226104372983196,0.7829457364341085,0.0824331800578637,0.5116279069767442,0.5
0.1638477801268499,0.4806201550387596,0.4593940933015294,0.2558139534883721,0.3333333333333333
0.0360520752197618,0.1627906976744186,0.4412247526279034,0.6511627906976745,0.5
0.4335150773339268,0.5271317829457364,0.3108952557160866,0.2093023255813954,0.3333333333333333
0.2273283631912763,0.5581395348837209,0.0065210096227972,0.5348837209302325,0.1666666666666666
0.1188383220206965,0.3023255813953488,0.2340458979916983,0.3488372093023256,0.5
0.803493935684878,0.8372093023255813,0.0995444060499974,0.5348837209302325,0.1666666666666666
0.1213975742739512,0.1472868217054263,0.0452782388134604,0.8604651162790699,0.5
0.1001446533882274,0.3643410852713178,0.2437805530614281,0.627906976744186,0.3333333333333333
0.2308334260598642,0.5116279069767441,0.1573779313555658,0.6046511627906976,0.1666666666666666
0.5540224769110937,0.4341085271317829,0.4856958010986254,0.6046511627906976,0.5
0.2302770668743741,0.6046511627906976,0.0343040779739824,0.3488372093023256,0.3333333333333333
0.1760876822076332,0.3798449612403101,0.2426619746838504,0.5348837209302325,0.3333333333333333
0.0980304884833648,0.3643410852713178,0.0378412041949712,0.5348837209302325,0.5
0.1294091465450094,0.2403100775193798,0.6935397563917685,0.5813953488372093,0.3333333333333333
0.116891064871481,0.3178294573643411,0.0803774143909643,0.627906976744186,0.8333333333333333
0.2040169133192389,0.4341085271317829,0.0738473352137542,0.7209302325581396,0.1666666666666666
0.120451763658618,0.2093023255813953,0.0615429730604002,0.627906976744186,0.3333333333333333
0.0687103594080338,0.2403100775193798,0.0047373305882815,0.6511627906976745,0.1666666666666666
0.1955602536997885,0.4883720930232558,0.1106697261296885,0.5581395348837209,0.1666666666666666
0.4080338266384778,0.4186046511627906,0.0794099952535998,0.2325581395348837,0.3333333333333333
0.0851785912985423,0.3643410852713178,0.0379621315871418,0.2558139534883721,0.5
0.4303994658951819,0.3798449612403101,0.1240624348125776,0.5581395348837209,0.5
0.7396239011906086,0.7751937984496123,0.2371597783400902,0.0465116279069767,0.3333333333333333
0.854400801157227,0.7209302325581395,0.0749659135913319,0.5348837209302325,0.1666666666666666
0.0244241682430176,0.1317829457364341,0.4081208790212137,0.744186046511628,0.3333333333333333
0.248470012239902,0.5348837209302325,0.0233903808305898,0.5348837209302325,0.6666666666666666
0.2099143206854345,0.4573643410852712,0.1378783893680637,0.4418604651162791,0.5
0.175197507510849,0.4341085271317829,0.0280460854291562,0.5348837209302325,0.5
0.2176477133637476,0.4651162790697674,0.1631219824836672,0.8372093023255814,0.5
0.2705574719038611,0.5968992248062015,0.0908980975098026,0.0930232558139534,0.3333333333333333
0.2415155224212751,0.4961240310077519,0.0472735407842746,0.6976744186046512,0.3333333333333333
0.208300879047513,0.5813953488372092,0.0341529187337692,0.5581395348837209,0.3333333333333333
0.1910537442973183,0.4806201550387596,0.3510129180686686,0.5348837209302325,0.5
0.1528318682541448,0.3333333333333333,0.0756310142482699,0.1627906976744186,0.3333333333333333
0.0571380883498386,0.3023255813953488,0.2357086496340435,0.5116279069767442,0.5
0.2553688661399799,0.5348837209302325,0.1824703652309562,0.5348837209302325,0.3333333333333333
0.08417714476466,0.2170542635658914,0.0836424539795693,0.813953488372093,0.1666666666666666
0.2168688105040614,0.5426356589147286,0.2274251232703604,0.7674418604651162,0.5
0.2246022031823745,0.4883720930232558,0.015076622618864,0.1860465116279069,0.3333333333333333
0.3495604762434627,0.3875968992248062,0.2308110902511359,0.4651162790697675,0.5
0.2714476466006453,0.5736434108527132,0.1450433373541691,0.4186046511627906,0.5
0.2259931011460999,0.5503875968992248,0.0580663105354967,0.5348837209302325,0.5
0.1821519973294759,0.4961240310077519,0.110881349065987,0.6046511627906976,0.5
0.843440525203071,0.8217054263565892,0.0710660051938315,0.0,0.5
0.1999554912651608,0.5348837209302325,0.0482711917696816,0.6511627906976745,0.3333333333333333
0.8338155112940914,0.6356589147286821,0.0801657914546658,0.6976744186046512,0.3333333333333333
0.2195393345944141,0.5038759689922481,0.0910794885980585,0.5348837209302325,1.0
0.2002336708579058,0.4728682170542635,0.8542522605864374,0.7906976744186046,0.3333333333333333
0.1885501279626126,0.4496124031007752,0.408513893045768,0.627906976744186,0.8333333333333333
0.200901301880494,0.5581395348837209,0.0639615209038113,0.5348837209302325,0.3333333333333333
0.1518860576388116,0.2170542635658914,0.1325273522645166,0.5348837209302325,0.5
0.2478023812173139,0.5736434108527132,0.0332157314444474,0.5348837209302325,0.1666666666666666
0.1950038945142984,0.5193798449612402,0.0678311974532691,0.5813953488372093,0.3333333333333333
0.4258929564927117,0.5968992248062015,0.2913957137285845,0.5348837209302325,0.5
0.1492155335484588,0.3953488372093023,0.1115766815709677,0.6744186046511628,0.5
0.4603872259931011,0.7829457364341085,0.0313715887138464,0.5581395348837209,0.1666666666666666
0.0978635807277178,0.248062015503876,0.1965281745707833,0.5348837209302325,0.5
0.2415155224212751,0.5736434108527132,0.0178881844868295,0.7209302325581396,0.6666666666666666
0.0192500278179592,0.0620155038759689,0.0551035894273181,0.2558139534883721,0.3333333333333333
0.2511961722488038,0.4651162790697674,0.0186439806878954,0.4418604651162791,0.1666666666666666
0.0532992099699566,0.2635658914728682,0.1720101458082031,0.6046511627906976,0.5
0.1657950372760654,0.4341085271317829,0.0803471825429216,0.5813953488372093,0.5
0.1220095693779904,0.3565891472868217,0.0041629254754713,0.1860465116279069,0.3333333333333333
0.2423500611995104,0.5503875968992248,0.1217043506652518,0.5348837209302325,0.3333333333333333
0.0964170468454434,0.3875968992248062,1.0000000000000002,0.4186046511627906,0.5
0.3974073661956159,0.6589147286821705,0.5927770068656527,0.6744186046511628,0.5
0.0813397129186602,0.2170542635658914,0.1307739050780435,0.2790697674418605,0.5
0.1437632135306553,0.3565891472868217,0.4084231975016401,0.813953488372093,0.3333333333333333
0.1945588071659063,0.5581395348837209,0.0202160367861127,0.5348837209302325,0.1666666666666666
0.2700011127183709,0.5116279069767441,0.02236249799714,0.5348837209302325,0.1666666666666666
0.2322799599421386,0.5116279069767441,0.2600150554603252,0.5813953488372093,0.5
0.2386780905752754,0.3333333333333333,0.917346127451425,0.6744186046511628,0.1666666666666666
0.1408701457661066,0.3488372093023255,0.1988862587181092,0.5581395348837209,0.5
0.1697451874930455,0.4883720930232558,0.1032024596631567,0.6976744186046512,0.5
0.1394236118838322,0.5813953488372092,0.067921892997397,0.5348837209302325,0.3333333333333333
0.0495716034271725,0.1550387596899224,0.0337901365572576,0.5348837209302325,0.3333333333333333
0.3704239456993435,0.6046511627906976,1.0000000000000002,0.4418604651162791,0.1666666666666666
0.4620006676310226,0.6046511627906976,0.2839284472620527,0.5348837209302325,0.1666666666666666
0.06214532101925,0.1240310077519379,0.0368737850576067,0.744186046511628,0.3333333333333333
0.1148325358851674,0.2558139534883721,0.0313413568658038,0.8604651162790699,0.0
0.0991432068543451,0.3023255813953488,0.0510525217896044,0.5348837209302325,0.1666666666666666
0.0574162679425837,0.0465116279069767,0.1488827820555843,0.627906976744186,0.5
0.1630132413486146,0.2790697674418604,0.0261414790024699,0.7209302325581396,0.5
0.0263714253922332,0.1085271317829457,0.6984675476227187,0.6511627906976745,0.6666666666666666
0.2070212529208857,0.3875968992248062,0.7840841412794723,0.4186046511627906,0.3333333333333333
0.1082674974963836,0.4573643410852712,0.1437433678883356,0.2790697674418605,0.5
0.4429731834872594,0.5426356589147286,1.0000000000000002,0.5581395348837209,0.3333333333333333
0.0526315789473684,0.2635658914728682,0.2680869588877098,0.6744186046511628,0.1666666666666666
0.1287415155224212,0.2558139534883721,0.0115697282459179,0.3023255813953488,0.3333333333333333
0.1649048625792812,0.3875968992248062,0.0101488313879139,0.5813953488372093,0.1666666666666666
0.0482919773005452,0.1317829457364341,0.0316739071942728,0.9069767441860463,0.5
0.9369088683654166,0.813953488372093,0.8902281597571778,0.6744186046511628,0.3333333333333333
0.0603093357071325,0.2868217054263565,0.0710357733457888,0.6511627906976745,0.5
0.0176365861800378,0.0852713178294573,0.1048954431535445,0.5813953488372093,0.6666666666666666
0.2794592188717035,0.5813953488372092,0.057703528358985,0.3720930232558139,0.3333333333333333
0.2167019027484143,0.3488372093023255,0.0577639920550703,0.5348837209302325,0.1666666666666666
0.1817625458996328,0.5038759689922481,0.0307064880569084,0.5348837209302325,0.1666666666666666
0.1911650161344164,0.4883720930232558,0.0497827841718136,0.9069767441860463,0.8333333333333333
0.0733281406476021,0.2170542635658914,0.8643799296807215,0.5348837209302325,0.3333333333333333
0.080616445977523,0.248062015503876,1.0000000000000002,0.5348837209302325,0.3333333333333333
0.2315010570824524,0.4573643410852712,0.0159231143640579,0.6976744186046512,0.5
0.722877489707355,0.7906976744186046,0.1446805551776575,0.5581395348837209,0.1666666666666666
0.1770334928229665,0.5348837209302325,0.4902608101530639,0.5348837209302325,0.5
0.0606431512184266,0.2713178294573644,0.0411969393277041,0.5348837209302325,0.5
0.0640925781684655,0.1705426356589147,0.0128696977117514,0.2093023255813954,0.1666666666666666
0.2017358406587292,0.4418604651162791,0.0046768668921962,0.4186046511627906,0.3333333333333333
0.2193724268387671,0.5736434108527132,0.2232531282404762,0.3720930232558139,0.5
0.0799488149549349,0.1395348837209302,0.0037094477548318,0.4883720930232558,0.5
0.2073550684321798,0.5348837209302325,0.0378109723469286,0.2790697674418605,0.1666666666666666
0.0645376655168576,0.2093023255813953,0.0146533767462671,0.3720930232558139,0.3333333333333333
0.2540336040948036,0.5736434108527132,0.0453689343575883,0.3255813953488372,0.1666666666666666
0.0611995104039167,0.2558139534883721,0.471154282190116,0.5348837209302325,0.5
0.6996216757538666,1.0,1.0000000000000002,0.4651162790697675,0.6666666666666666
0.2106932235451207,0.4496124031007752,0.3757425697675473,0.5348837209302325,0.3333333333333333
0.1785912985423389,0.6124031007751938,0.0907469382695894,0.6511627906976745,0.5
0.3881161677979303,0.4186046511627906,1.0000000000000002,0.2093023255813954,0.3333333333333333
0.0254256147768999,0.1085271317829457,0.0548919664910196,0.4418604651162791,0.3333333333333333
0.4592745076221208,0.5736434108527132,0.8355387466480438,0.5581395348837209,0.3333333333333333
0.2094135974184933,0.4186046511627906,0.668961263933103,0.883720930232558,0.5
0.1078224101479915,0.2325581395348837,0.0078512109366733,0.3488372093023256,0.3333333333333333
0.2394013575164126,0.5891472868217054,0.0529268963682481,0.4418604651162791,0.5
0.2286636252364526,0.5503875968992248,0.0433736323867741,0.5348837209302325,0.1666666666666666
0.2070212529208857,0.4496124031007752,0.9129322776371998,0.6744186046511628,0.5
0.3941248470012239,0.4573643410852712,1.0000000000000002,0.4418604651162791,0.1666666666666666
0.4584956047624346,0.6511627906976744,0.3662497694821587,0.4883720930232558,0.1666666666666666
0.1681873817736731,0.3643410852713178,0.8281017120295547,0.5348837209302325,0.3333333333333333
0.0741626794258373,0.3023255813953488,0.0,0.9534883720930232,0.5
0.226493824413041,0.3875968992248062,0.1009048392119162,0.4883720930232558,0.3333333333333333
0.1988427728941804,0.5348837209302325,0.0105418454124682,0.5348837209302325,0.5
0.4998887281629019,0.3953488372093023,0.1146300982232743,0.5116279069767442,0.6666666666666666
0.0971959497051296,0.2945736434108527,0.0439480374995843,0.5348837209302325,0.3333333333333333
0.7762879715144096,0.6511627906976744,0.4245972362044519,0.813953488372093,0.5
0.1847112495827306,0.5581395348837209,0.552810503753284,0.5813953488372093,0.3333333333333333
0.1112162011794814,0.2790697674418604,0.0466991356714644,0.5348837209302325,0.5
0.1208412150884611,0.4186046511627906,0.2943886666848058,0.6046511627906976,0.5
0.0349949927673305,0.2248062015503875,0.0391411736608047,0.5581395348837209,0.3333333333333333
0.2173695337710025,0.5193798449612402,0.1124231733161616,0.627906976744186,0.3333333333333333
0.1042617113608545,0.3255813953488372,0.3216577936192661,0.4883720930232558,0.1666666666666666
0.1768109491487704,0.4263565891472868,0.2845633160709481,0.5348837209302325,0.5
0.0889618337598753,0.2868217054263565,0.2947514488613174,0.4883720930232558,0.3333333333333333
0.2329475909647268,0.5038759689922481,0.0705822956251492,0.5813953488372093,0.1666666666666666
0.2151997329475909,0.5503875968992248,0.0358761340721997,0.7209302325581396,0.3333333333333333
0.0536886613997997,0.1317829457364341,0.0189160673202792,0.9767441860465116,0.1666666666666666
0.4495938577945921,0.689922480620155,0.4726356427442053,0.5348837209302325,0.8333333333333333
0.2253254701235117,0.5503875968992248,0.098153741040036,0.5348837209302325,0.5
0.2511961722488038,0.5736434108527132,0.0652010266735595,0.5348837209302325,0.5
0.2074107043507288,0.3488372093023255,0.1943212496636707,0.7209302325581396,0.5
0.2391231779236675,0.4186046511627906,0.0030141152498511,0.7209302325581396,0.6666666666666666
0.0685990875709358,0.1317829457364341,0.0715497147625137,0.8372093023255814,0.5
0.1234561032602648,0.2713178294573644,0.0051908083089211,0.5348837209302325,0.5
0.1977856904417491,0.5116279069767441,0.0469107586077629,0.6046511627906976,0.1666666666666666
0.0660954712362301,0.2558139534883721,0.512360291072233,0.5348837209302325,0.5
0.1902192055190831,0.4418604651162791,0.035845902224157,0.4418604651162791,0.5
0.1677422944252809,0.5348837209302325,0.1176532830275382,0.744186046511628,0.3333333333333333
0.1915544675642594,0.4263565891472868,0.1397225320986646,0.6511627906976745,0.5
0.0843996884388561,0.3023255813953488,0.2250065754269493,0.5348837209302325,0.1666666666666666
0.1685211972849671,0.3643410852713178,0.0106325409565961,0.5116279069767442,0.5
0.2360075664849226,0.5736434108527132,0.054771039098849,0.744186046511628,1.0
0.2149771892733949,0.5038759689922481,0.0318552982825287,0.627906976744186,0.5
0.7571492155335484,0.6744186046511628,0.1641196334690743,0.5348837209302325,0.3333333333333333
0.1487148102815177,0.4573643410852712,0.5611242619650096,0.5813953488372093,0.1666666666666666
0.1883832202069656,0.4418604651162791,0.0155905640355889,0.2325581395348837,0.1666666666666666
0.1894403026593969,0.4341085271317829,0.0390807099647194,0.4883720930232558,0.3333333333333333
0.0167464114832535,0.1317829457364341,0.2138510234992155,0.744186046511628,0.1666666666666666
0.1881050406142205,0.4573643410852712,0.1569244536349262,0.4418604651162791,0.1666666666666666
0.1909424724602203,0.5736434108527132,0.2008815606889233,0.5348837209302325,0.5
0.1996216757538667,0.4961240310077519,0.2139114871953007,0.5348837209302325,0.3333333333333333
0.2585401134972738,0.4806201550387596,0.2977444018175387,0.5813953488372093,0.3333333333333333
0.2158673639701791,0.5581395348837209,0.0478781777451273,0.7906976744186046,0.1666666666666666
0.1190608656948926,0.2558139534883721,0.0122045970548133,0.7906976744186046,0.5
0.215477912540336,0.5038759689922481,0.0194602405850467,0.6976744186046512,0.3333333333333333
0.098586847668855,0.2170542635658914,0.7206577240860157,0.5348837209302325,0.3333333333333333
0.1574496494937131,0.3875968992248062,0.1406597193879865,0.5581395348837209,0.3333333333333333
0.4411928340936908,0.7131782945736433,0.2307203947070081,0.9534883720930232,0.1666666666666666
0.2225436741960609,0.5348837209302325,0.3909491893329947,0.627906976744186,0.5
0.0560253699788583,0.1782945736434108,0.0135952620647747,0.4186046511627906,0.5
0.7882496940024479,0.8914728682170542,0.4380504085834263,0.9302325581395348,0.5
0.2251585623678647,0.4728682170542635,0.038778391484293,0.5348837209302325,0.5
0.2070212529208857,0.4031007751937984,0.4733612070972286,0.8604651162790699,0.5
0.2005674863691999,0.4806201550387596,0.1099743936247079,0.5813953488372093,0.5
0.1092689440302659,0.3178294573643411,0.3529779881914401,0.813953488372093,0.8333333333333333
0.2267720040057861,0.4806201550387596,0.0473642363284025,0.5348837209302325,0.1666666666666666
0.058528986313564,0.1782945736434108,0.2399713402080555,0.8372093023255814,0.1666666666666666
0.2239345721597863,0.5581395348837209,0.0014420591516338,0.2093023255813954,0.1666666666666666
0.1521086013130076,0.3720930232558139,0.1737031292985909,0.6511627906976745,0.1666666666666666
0.2521976187826861,0.3333333333333333,0.2026350078753964,0.9534883720930232,1.0
0.2288305329920997,0.5736434108527132,0.276612340035734,0.5348837209302325,0.5
0.0975854011349727,0.2868217054263565,0.0050094172206652,0.4651162790697675,0.5
0.2466340269277845,0.4651162790697674,0.0323994715472962,0.6744186046511628,0.5
0.226271280738845,0.5503875968992248,0.0434340960828594,0.5348837209302325,0.6666666666666666
0.0761655724936018,0.186046511627907,0.5610033345728391,0.4651162790697675,0.5
0.0460665405585846,0.1550387596899224,0.0236624674629735,0.5348837209302325,0.5
0.781183932346723,0.7364341085271318,0.3200252738249636,0.1395348837209302,0.5
0.1582285523533993,0.5116279069767441,0.6124277080933681,0.5116279069767442,0.5
0.1138310893512851,0.3023255813953488,0.0192486176487482,0.4883720930232558,0.3333333333333333
0.1123289195504617,0.4728682170542635,0.7133113850116544,0.0465116279069767,0.3333333333333333
0.2195949705129631,0.5348837209302325,0.0,0.9302325581395348,0.3333333333333333
0.430844553243574,0.5038759689922481,0.0597895258739271,0.6744186046511628,0.5
0.215422276621787,0.5581395348837209,0.0193393131928761,0.5348837209302325,0.5
0.1929453655279848,0.6124031007751938,0.296293273111492,0.5348837209302325,0.1666666666666666
0.1605096250139089,0.4651162790697674,0.0904446197891631,0.6511627906976745,0.3333333333333333
0.0544119283409369,0.1240310077519379,0.2273948914223178,0.3953488372093023,0.3333333333333333
0.222654946033159,0.5503875968992248,0.081737847552883,0.5348837209302325,0.6666666666666666
0.0609769667297207,0.1782945736434108,0.3450572440042687,0.3720930232558139,0.3333333333333333
0.2382886391454323,0.6046511627906976,0.0957956568927102,0.6511627906976745,0.5
0.1661288527873595,0.3720930232558139,0.0616034367564854,0.744186046511628,0.1666666666666666
0.1494937131412039,0.3100775193798449,0.0330948040522769,0.5581395348837209,0.1666666666666666
0.0582508067208189,0.3023255813953488,0.1189834843414143,0.6046511627906976,0.5
0.1667408478913986,0.4496124031007752,0.0954933384122838,0.813953488372093,0.5
0.1082674974963836,0.2713178294573644,0.0236322356149309,0.5581395348837209,0.3333333333333333
0.0671525536886614,0.1627906976744186,0.0,0.2790697674418605,0.3333333333333333
0.2209302325581395,0.5581395348837209,0.0289228090223927,0.4883720930232558,0.3333333333333333
0.211639034160454,0.4961240310077519,0.0372063353860758,0.3488372093023256,1.0
0.2183153443863358,0.5503875968992248,0.1414759792851377,0.5581395348837209,0.1666666666666666
0.2326137754534327,0.4108527131782945,0.4974862218352546,0.2325581395348837,0.3333333333333333
0.3749304551018137,0.5891472868217054,0.0165579831729533,0.5348837209302325,0.1666666666666666
0.0566373650828975,0.1162790697674418,0.0705822956251492,0.5581395348837209,0.5
0.2099143206854345,0.5116279069767441,0.0,0.4883720930232558,0.1666666666666666
0.0279848670301546,0.1395348837209302,0.808148692321413,0.4651162790697675,0.5
0.1859908757093579,0.4573643410852712,0.0336994410131296,0.7209302325581396,1.0
0.0736619561588961,0.3798449612403101,0.0107837001968093,0.883720930232558,0.5
0.1542784021364192,0.3565891472868217,0.6178996725890857,0.627906976744186,0.1666666666666666
0.0416156670746634,0.1007751937984496,0.114146388654592,0.4418604651162791,0.1666666666666666
0.0336040948036052,0.186046511627907,0.2110696934792927,1.0,0.3333333333333333
0.3922888616891065,0.627906976744186,0.1923561795408991,0.6744186046511628,0.1666666666666666
0.3582953154556582,0.5736434108527132,0.1987955631739812,0.5348837209302325,0.5
0.2125848447757872,0.6124031007751938,0.000928117734909,0.3023255813953488,0.5
0.1175586958940692,0.4961240310077519,0.0200044138498142,0.5348837209302325,0.5
0.1195059530432847,0.2558139534883721,0.0,0.4883720930232558,0.5
0.2027929231111605,0.4496124031007752,0.1412643563488392,0.5348837209302325,0.5
0.2352286636252364,0.3333333333333333,0.3727798486593687,0.7906976744186046,0.3333333333333333
0.076666295760543,0.2248062015503875,0.0711567007379594,0.1627906976744186,0.3333333333333333
0.0610882385668187,0.1550387596899224,0.0419829673768127,0.1395348837209302,0.3333333333333333
0.1795371091576721,0.4883720930232558,0.508339455282562,0.5348837209302325,0.3333333333333333
0.1852676087682207,0.4806201550387596,0.0331552677483622,0.5348837209302325,0.3333333333333333
0.1143318126182263,0.3333333333333333,0.136427260662017,0.3953488372093023,0.1666666666666666
0.0909647268276399,0.2403100775193798,0.0,0.6046511627906976,0.5
0.8206297985979748,0.813953488372093,0.4412247526279034,0.3023255813953488,0.1666666666666666
0.0509625013908979,0.1472868217054263,0.1369109702306992,0.5348837209302325,0.3333333333333333
0.0313786580616445,0.1627906976744186,0.0606662494671636,0.7906976744186046,0.1666666666666666
0.1455991988427729,0.3178294573643411,1.0000000000000002,0.5116279069767442,0.5
0.2844664515411149,0.6511627906976744,0.6167508623634654,0.3255813953488372,0.5
0.2103037721152776,0.4883720930232558,0.0112674097654915,0.4186046511627906,1.0
0.0464559919884277,0.1395348837209302,0.021697397340202,0.6046511627906976,0.5
0.7737843551797039,0.6976744186046512,0.2437805530614281,0.7906976744186046,0.3333333333333333
0.7149215533548459,0.6744186046511628,0.7252529649884968,0.5348837209302325,0.5
0.2131968398798264,0.4883720930232558,0.0338203684053002,0.6976744186046512,0.5
0.2470791142761766,0.5813953488372092,0.0175858660064031,0.5348837209302325,0.3333333333333333
0.0724936018693668,0.2170542635658914,0.0390807099647194,0.3023255813953488,0.1666666666666666
0.2274396350283743,0.4728682170542635,0.0155603321875463,0.3255813953488372,0.1666666666666666
0.4330143540669856,0.4108527131782945,0.4031628559422209,0.3488372093023256,0.5
0.0688216312451318,0.1627906976744186,0.491077070050215,0.3953488372093023,0.3333333333333333
0.1038166240124624,0.3488372093023255,1.0000000000000002,0.5813953488372093,0.5
0.0555246467119172,0.1550387596899224,0.2666055983336205,0.883720930232558,0.5
0.2498052742850784,0.5813953488372092,0.005281503853049,0.3255813953488372,0.3333333333333333
0.251752531434294,0.5116279069767441,0.0,0.5581395348837209,0.5
0.2385668187381773,0.4883720930232558,0.0038303751470023,0.5348837209302325,0.5
0.2212084121508846,0.6434108527131782,0.0437061827152432,0.4418604651162791,0.5
0.2238789362412373,0.5658914728682171,0.3683659988451434,0.7674418604651162,0.5
0.233615221987315,0.5968992248062015,0.0501153345002826,0.6744186046511628,0.5
0.2490263714253922,0.5426356589147286,0.0097860492114022,0.3953488372093023,0.3333333333333333
0.0830644263936797,0.2868217054263565,0.0356342792878585,0.3953488372093023,0.5
0.2140870145766106,0.6124031007751938,0.0407736934551072,0.0930232558139534,0.3333333333333333
0.7287748970735506,0.7596899224806201,0.3514059320932229,0.9534883720930232,0.3333333333333333
0.080616445977523,0.3100775193798449,0.6555987870982566,0.5348837209302325,0.5
0.1138867252698342,0.4418604651162791,0.0,0.0,0.1666666666666666
0.2434071436519417,0.4961240310077519,0.0357552066800291,0.5581395348837209,0.1666666666666666
0.095193056637365,0.3643410852713178,0.1460409883395762,0.5348837209302325,0.3333333333333333
0.23728719261155,0.5271317829457364,0.2009722562330513,0.6976744186046512,0.1666666666666666
0.0426171136085456,0.1162790697674418,0.0831285125628444,0.7674418604651162,0.3333333333333333
0.0469567152553688,0.1395348837209302,0.0542873295301668,0.4186046511627906,0.1666666666666666
0.2310003338155112,0.4651162790697674,0.0472433089362319,0.4651162790697675,0.1666666666666666
0.222766217870257,0.4651162790697674,0.2966258234399611,0.6511627906976745,0.3333333333333333
0.2363413819962167,0.4186046511627906,0.0236624674629735,0.0697674418604651,0.1666666666666666
0.4042505841771447,0.6821705426356589,0.1038675603200948,0.4418604651162791,0.1666666666666666
0.2183153443863358,0.4573643410852712,0.0167998379572945,0.5348837209302325,0.3333333333333333
0.1540558584622232,0.4341085271317829,0.1065884266439323,0.3255813953488372,0.3333333333333333
0.2051852676087682,0.5193798449612402,0.0642033756881524,0.5348837209302325,0.5
0.1926115500166907,0.4418604651162791,0.0622987692614661,0.4883720930232558,0.5
0.1747524201624568,0.4573643410852712,0.2749495883933889,0.4651162790697675,0.3333333333333333
0.1829865361077111,0.5813953488372092,0.0836122221315266,0.4418604651162791,0.5
0.1567263825525759,0.5426356589147286,0.2260949219564843,0.2790697674418605,0.3333333333333333
0.0102370090130188,0.0155038759689922,0.0502362618924532,0.1395348837209302,0.5
0.0526315789473684,0.1317829457364341,0.1459502927954483,0.6976744186046512,0.5
0.8827751196172248,0.883720930232558,0.171345045151265,0.5348837209302325,0.5
0.1961166128852787,0.4961240310077519,0.0297693007675866,0.6976744186046512,0.1666666666666666
0.460109046400356,0.5891472868217054,0.7634660209143925,0.5348837209302325,0.3333333333333333
0.0357182597084677,0.1395348837209302,0.2559337559745689,0.6511627906976745,0.5
0.0735506843217981,0.3023255813953488,0.0890539547792017,0.7209302325581396,0.5
0.2030711027039056,0.4651162790697674,0.1556547160171354,0.3255813953488372,0.5
0.4095916323578502,0.7209302325581395,0.6815074808707982,0.3023255813953488,0.3333333333333333
0.8800489596083231,0.883720930232558,0.182319205990743,0.9767441860465116,0.5
0.1703015466785356,0.3720930232558139,0.1022652723738349,0.3488372093023256,0.1666666666666666
0.1472682763992433,0.5116279069767441,0.3568174328928553,0.6046511627906976,0.3333333333333333
0.7292199844219427,0.7364341085271318,0.1886981259277398,0.3255813953488372,0.3333333333333333
0.6957271614554356,0.7286821705426356,0.6064418021809256,0.6744186046511628,0.5
0.0606431512184266,0.1705426356589147,0.1312878464947684,0.4186046511627906,0.3333333333333333
0.4263380438411038,0.627906976744186,1.0000000000000002,0.744186046511628,0.5
0.4274507622120841,0.4806201550387596,0.4003815259222981,0.4651162790697675,0.5
0.4678980749972182,0.7364341085271318,0.2550570323813324,0.2790697674418605,0.3333333333333333
0.1489929898742628,0.4728682170542635,0.0988188416969741,0.5348837209302325,0.3333333333333333
0.2618226326916657,0.5968992248062015,0.0166789105651239,0.744186046511628,0.3333333333333333
0.3703683097807945,0.627906976744186,1.0000000000000002,0.4186046511627906,0.1666666666666666
0.0790030043396016,0.2945736434108527,0.0291344319586912,0.5116279069767442,0.5
0.0924112607099143,0.193798449612403,0.4075162420603609,0.2790697674418605,0.3333333333333333
0.0603093357071325,0.2558139534883721,1.0000000000000002,0.4186046511627906,0.5
0.237342828530099,0.5813953488372092,0.0353621926554748,0.6744186046511628,0.3333333333333333
0.5014465338822743,0.7364341085271318,0.2193532198429758,0.4186046511627906,0.5
0.0763324802492489,0.2248062015503875,0.5942885992677847,0.744186046511628,0.3333333333333333
0.2195393345944141,0.4651162790697674,0.0339110639494281,0.5348837209302325,0.1666666666666666
0.2291643485033938,0.5193798449612402,0.0226043527814811,0.5813953488372093,0.5
0.0328251919439189,0.1472868217054263,0.0851842782297439,0.5581395348837209,0.3333333333333333
0.251863803271392,0.5736434108527132,0.0399272017099133,0.5348837209302325,0.3333333333333333
0.091465450094581,0.3953488372093023,0.3169416253246144,0.2790697674418605,0.1666666666666666
0.2529208857238233,0.5503875968992248,0.0122650607508986,0.6046511627906976,0.5
0.7618782686102147,0.6666666666666666,1.0000000000000002,0.4186046511627906,0.5
0.266607321686881,0.4651162790697674,0.2962630412634494,0.5116279069767442,0.3333333333333333
0.7905307666629575,0.813953488372093,0.184163348721344,0.4651162790697675,0.5
0.7966507177033492,0.6201550387596899,0.2477409251550138,0.5348837209302325,0.5
0.1246800934683431,0.2868217054263565,0.1740356796270599,0.3953488372093023,0.3333333333333333
0.0753866696339156,0.248062015503876,0.0665312279874356,0.9069767441860463,0.8333333333333333
0.0574719038611327,0.193798449612403,0.0411062437835762,0.5348837209302325,0.3333333333333333
0.0297095805051741,0.1395348837209302,0.3300320155270771,0.3953488372093023,0.3333333333333333
0.1804829197730054,0.5193798449612402,0.966503112368756,0.3023255813953488,0.5
0.5079559363525091,0.4651162790697674,0.091291111534357,0.3953488372093023,0.5
0.0575831756982307,0.0852713178294573,0.0450968477252046,0.5348837209302325,0.1666666666666666
0.1896072104150439,0.4961240310077519,0.0296181415273734,0.9302325581395348,0.1666666666666666
0.007399577167019,0.0465116279069767,0.3151277144420561,0.5348837209302325,0.5
0.3830532992099699,0.6976744186046512,0.439834087617942,0.5581395348837209,0.5
0.2194836986758651,0.5813953488372092,0.0710962370418741,0.7209302325581396,0.1666666666666666
0.2455213085568042,0.6124031007751938,0.0639312890557687,0.7209302325581396,0.3333333333333333
0.186213419383554,0.4573643410852712,0.0298902281597571,0.4418604651162791,0.5
0.2084121508846111,0.4651162790697674,0.12512054949407,0.9534883720930232,0.1666666666666666
0.7246022031823744,0.7286821705426356,1.0000000000000002,0.4186046511627906,0.3333333333333333
0.1681873817736731,0.4883720930232558,0.2209857396372783,0.6976744186046512,0.5
0.2293868921775898,0.5736434108527132,0.1270856196168416,0.5348837209302325,0.3333333333333333
0.1014242795148548,0.3178294573643411,0.9232715696677822,0.4186046511627906,0.5
0.733670857905864,0.7131782945736433,0.0765379696895491,0.627906976744186,0.5
0.2149771892733949,0.5116279069767441,0.1193764983659686,0.4883720930232558,0.1666666666666666
0.1842661622343384,0.3100775193798449,0.1058930941389516,0.4651162790697675,0.1666666666666666
0.262990986981195,0.5116279069767441,0.0358156703761144,0.5813953488372093,0.1666666666666666
0.1296316902192055,0.4108527131782945,0.2536059036752858,0.3953488372093023,0.3333333333333333
0.1782018471124958,0.4263565891472868,0.4132602931884623,0.7906976744186046,0.3333333333333333
0.0689329030822299,0.2403100775193798,0.069433485399529,0.5116279069767442,0.1666666666666666
0.200901301880494,0.5658914728682171,0.0422550540091965,0.5348837209302325,0.1666666666666666
0.8964059196617336,0.689922480620155,0.1431084990794402,0.3953488372093023,0.1666666666666666
0.2421275175253143,0.5193798449612402,0.3176671896776378,0.5813953488372093,0.3333333333333333
0.10960275954156,0.2868217054263565,0.0358761340721997,0.3255813953488372,0.3333333333333333
0.4068654723489485,0.5968992248062015,0.4578522690513549,0.5581395348837209,0.5
0.1849894291754756,0.3875968992248062,0.0356947429839438,0.4418604651162791,0.5
0.1260153555135195,0.1782945736434108,0.0123859881430692,0.5348837209302325,0.5
0.2304996105485701,0.4728682170542635,0.1749728669163817,0.3255813953488372,0.1666666666666666
0.1922777345053966,0.5193798449612402,0.2830214918207735,0.5581395348837209,0.3333333333333333
0.3863358184043619,0.5503875968992248,1.0000000000000002,0.5813953488372093,0.3333333333333333
0.1236786469344609,0.4728682170542635,0.4503547707367804,0.2558139534883721,0.1666666666666666
0.1759207744519862,0.4186046511627906,0.0219694839725857,0.5348837209302325,0.5
0.0824524312896406,0.2790697674418604,0.1219159736015503,0.5348837209302325,0.5
0.0703794369645042,0.3488372093023255,0.1032024596631567,0.4418604651162791,0.1666666666666666
0.2159786358072771,0.4496124031007752,0.4140160893895283,0.2558139534883721,0.1666666666666666
0.0748303104484255,0.3023255813953488,0.0858191470386393,0.5348837209302325,0.1666666666666666
0.3988539000778903,0.4186046511627906,0.178721616073669,0.5348837209302325,0.5
0.2197062423500612,0.4263565891472868,0.0,0.5348837209302325,0.3333333333333333
0.1069878713697563,0.2403100775193798,0.1454665832267661,0.6511627906976745,0.1666666666666666
0.2290530766662957,0.4496124031007752,0.0474549318725304,0.5348837209302325,0.5
0.3824969400244798,0.6201550387596899,0.4081208790212137,0.3023255813953488,0.3333333333333333
0.1904973851118282,0.4961240310077519,0.8494151648996152,0.5348837209302325,0.1666666666666666
0.1116056526093245,0.2015503875968992,0.1744891573476995,0.7674418604651162,0.6666666666666666
0.0543006565038388,0.1705426356589147,0.5037744462281235,0.5348837209302325,0.5
0.1443195727161455,0.4651162790697674,0.0356342792878585,0.5581395348837209,0.1666666666666666
0.2357293868921776,0.627906976744186,0.0322785441551256,0.4651162790697675,0.5
0.2353955713808835,0.6046511627906976,0.0723659746596649,0.5348837209302325,0.5
0.189941025926338,0.5581395348837209,0.5821656282026865,0.5581395348837209,0.1666666666666666
0.0791699120952486,0.2945736434108527,0.1628196640032408,0.3488372093023256,0.1666666666666666
0.7911427617669967,0.8372093023255813,0.0962793664613924,0.3488372093023256,0.3333333333333333
0.0881272949816401,0.2868217054263565,0.0098465129074875,0.5348837209302325,0.3333333333333333
0.1656837654389674,0.5426356589147286,0.3072069702548847,0.6744186046511628,0.1666666666666666
0.2279959942138644,0.3953488372093023,0.0484223510098948,0.5348837209302325,0.1666666666666666
0.1993991320796706,0.5193798449612402,0.0343040779739824,0.5348837209302325,0.1666666666666666
0.0499054189384666,0.2558139534883721,0.0629336380703616,0.5348837209302325,0.3333333333333333
0.0902970958050517,0.2635658914728682,0.0312808931697185,0.627906976744186,0.6666666666666666
0.4025258707021253,0.4186046511627906,0.4395317691375156,0.1627906976744186,0.1666666666666666
0.0626460442861911,0.2015503875968992,0.0325203989394667,0.5116279069767442,0.5
0.7939801936129964,0.9302325581395348,0.4774122747349423,0.4186046511627906,0.5
0.2221542227662178,0.6201550387596899,0.2057186563757456,0.4186046511627906,0.3333333333333333
0.2615444530989206,0.5658914728682171,0.0326110944835946,0.4186046511627906,0.3333333333333333
0.1779793034382997,0.4341085271317829,0.8836073850358399,0.5348837209302325,0.3333333333333333
0.2039056414821408,0.4108527131782945,0.3001629496609498,0.5813953488372093,0.5
0.2369533771002559,0.7131782945736433,0.1195578894542244,0.3488372093023256,0.5
0.2311116056526093,0.5193798449612402,0.0,0.6744186046511628,0.3333333333333333
0.1541671302993212,0.4108527131782945,0.4107812816489659,0.5348837209302325,0.3333333333333333
0.0642594859241126,0.2015503875968992,0.0570988913981322,0.3488372093023256,0.3333333333333333
0.0500166907755647,0.3023255813953488,0.0616639004525707,0.5348837209302325,0.1666666666666666
0.215533548458885,0.5426356589147286,0.032248312307083,0.5813953488372093,0.3333333333333333
0.1901635696005341,0.5038759689922481,0.1288995304993999,0.4186046511627906,0.5
0.1923333704239457,0.4806201550387596,0.1015699398688542,0.6976744186046512,0.5
0.2426282407922554,0.5348837209302325,0.0580663105354967,0.8604651162790699,0.5
0.4434182708356515,0.4728682170542635,1.0000000000000002,0.813953488372093,0.3333333333333333
0.3716479359074218,0.6434108527131782,0.9597311784072048,0.5813953488372093,0.1666666666666666
0.1566151107154779,0.5116279069767441,0.0895981280439692,0.5581395348837209,0.5
0.1313007677756759,0.3100775193798449,0.1011164621482146,1.0,0.1666666666666666
0.2406809836430399,0.4961240310077519,0.48941431840787,0.8604651162790699,0.3333333333333333
0.0733837765661511,0.2403100775193798,0.0655335770020285,0.5348837209302325,0.5
0.2241014799154334,0.5891472868217054,0.1390876632897692,0.5348837209302325,0.1666666666666666
0.3717592077445198,0.5581395348837209,0.5856725225756325,0.6511627906976745,0.5
0.2459663959051963,0.5503875968992248,0.0974584085350553,0.0465116279069767,0.1666666666666666
0.0594747969288973,0.2325581395348837,0.7711146784691801,0.4418604651162791,0.1666666666666666
0.0348837209302325,0.1317829457364341,0.1349761319559703,0.6744186046511628,0.5
0.0579169912095248,0.1705426356589147,0.1389667358975987,0.9302325581395348,0.5
0.0363858907310559,0.193798449612403,0.3882585548571999,0.4883720930232558,0.5
0.2188717035718259,0.5658914728682171,0.0554361397557871,0.5348837209302325,0.5
0.2019583843329253,0.4496124031007752,0.028983272718478,0.3953488372093023,0.3333333333333333
0.0785579169912095,0.2945736434108527,0.5797168485112326,0.5348837209302325,0.5
0.0774451986202292,0.193798449612403,0.0031955063381069,0.7209302325581396,0.5
0.072994325136308,0.1782945736434108,0.0353621926554748,0.0,0.1666666666666666
0.0173027706687437,0.0620155038759689,0.0096953536672743,0.7906976744186046,0.3333333333333333
0.7489150995882942,0.8217054263565892,1.0000000000000002,0.5348837209302325,0.3333333333333333
0.2048514520974741,0.4883720930232558,1.0000000000000002,0.5348837209302325,0.5
0.1010904640035607,0.2170542635658914,0.0461247305586543,0.6511627906976745,0.5
0.8878936241237342,0.813953488372093,0.066500996139393,0.7674418604651162,0.5
0.1647379548236341,0.4108527131782945,0.0265344930270242,0.5348837209302325,0.1666666666666666
0.2451874930455101,0.5271317829457364,0.028560026845881,0.6976744186046512,0.1666666666666666
0.2545343273617447,0.5271317829457364,0.0264135656348537,0.744186046511628,0.3333333333333333
0.0541337487481918,0.2015503875968992,0.01365572576086,0.2093023255813954,0.3333333333333333
0.2057416267942583,0.4418604651162791,0.0,0.0465116279069767,0.5
0.2495827306108823,0.3488372093023255,0.0918655166471671,0.5348837209302325,0.5
0.7171469900968064,0.7286821705426356,0.1824401333829136,0.5348837209302325,0.1666666666666666
0.1848781573383776,0.4728682170542635,0.1841935805693866,0.1395348837209302,0.1666666666666666
0.2047958161789251,0.6201550387596899,0.0106023091085535,0.627906976744186,0.5
0.1698008234115945,0.4961240310077519,0.0414085622640026,0.5813953488372093,0.5
0.1392567041281851,0.5271317829457364,0.477593665823198,0.5348837209302325,0.1666666666666666
0.0539112050739957,0.1472868217054263,0.1678381507783189,0.2325581395348837,0.5
0.1974518749304551,0.5426356589147286,0.4654706947580999,0.883720930232558,0.5
0.2109157672193168,0.4186046511627906,0.0084256160494834,0.5116279069767442,0.3333333333333333
0.1438188494492044,0.4031007751937984,0.1442573093050605,0.744186046511628,0.5
0.0960832313341493,0.1782945736434108,0.289007397733216,0.5348837209302325,0.1666666666666666
0.0456214532101925,0.1705426356589147,1.0000000000000002,0.4418604651162791,0.3333333333333333
0.2205407811282964,0.4108527131782945,0.0,0.4651162790697675,0.1666666666666666
0.211694670079003,0.5813953488372092,0.0342738461259398,0.5348837209302325,0.3333333333333333
0.4122065205296539,0.5813953488372092,1.0000000000000002,0.5348837209302325,0.5
0.1067653276955602,0.5193798449612402,0.1545663694876004,0.5348837209302325,0.3333333333333333
0.0683209079781907,0.1705426356589147,0.0312808931697185,0.3720930232558139,0.5
0.1048737064648937,0.2713178294573644,0.51771132817578,0.3720930232558139,0.3333333333333333
0.1857126961166129,0.4496124031007752,0.4166764920172805,0.5348837209302325,0.5
0.1474908200734394,0.4263565891472868,0.0259600879142141,0.5116279069767442,0.5
0.2431289640591966,0.5348837209302325,0.0025001738331262,0.5813953488372093,0.1666666666666666
0.18248581284077,0.5813953488372092,0.0015629865438044,0.5348837209302325,0.1666666666666666
0.2095805051741404,0.5426356589147286,0.0476665548088289,0.5348837209302325,0.3333333333333333
0.211805941916101,0.4806201550387596,0.0496618567796431,0.5348837209302325,0.6666666666666666
0.0393902303327027,0.0620155038759689,1.0000000000000002,0.7209302325581396,0.5
0.1738622454656726,0.4031007751937984,0.0433434005387315,0.5116279069767442,0.5
0.5152998776009792,0.4728682170542635,0.3692124905903373,0.4186046511627906,0.3333333333333333
0.219149883164571,0.5891472868217054,0.5267506507405292,0.3720930232558139,0.3333333333333333
0.1160565260932458,0.2945736434108527,0.0884190859703062,0.3488372093023256,0.3333333333333333
0.0426171136085456,0.0852713178294573,0.2567197840236775,0.5348837209302325,0.3333333333333333
0.208245243128964,0.4883720930232558,0.1760007497498315,0.4418604651162791,0.5
0.2024591075998664,0.4341085271317829,0.0516269269024146,0.4883720930232558,0.1666666666666666
0.2122510292644931,0.5891472868217054,0.0821006297293947,0.6976744186046512,0.5
0.0629242238789362,0.2713178294573644,0.0246298866003379,0.4418604651162791,0.3333333333333333
0.8954601090464003,0.7751937984496123,0.312709166598645,0.3023255813953488,0.3333333333333333
0.2323355958606876,0.4186046511627906,0.0441898922839254,0.627906976744186,0.5
0.821408701457661,0.7596899224806201,1.0000000000000002,0.8372093023255814,0.3333333333333333
0.1526093245799488,0.4031007751937984,0.0176160978544457,0.4651162790697675,0.3333333333333333
0.1814843663068877,0.4961240310077519,0.0567965729177058,0.4418604651162791,0.5
0.1247357293868921,0.2558139534883721,0.0382342182195255,0.0697674418604651,0.1666666666666666
0.0423389340158006,0.1085271317829457,0.0725775975959634,0.2558139534883721,0.5
0.2240458439968843,0.4341085271317829,0.0226648164775664,0.5348837209302325,0.5
0.2255480137977077,0.4263565891472868,0.2323529145013106,0.4883720930232558,0.3333333333333333
0.7933125625904083,0.8449612403100775,0.3889841192102232,0.1860465116279069,0.1666666666666666
0.2378991877155891,0.5813953488372092,0.3042442491467061,0.1860465116279069,0.3333333333333333
0.2024034716813174,0.3410852713178294,0.0040419980833008,0.5348837209302325,0.5
0.2178146211193946,0.5348837209302325,0.0,0.5116279069767442,0.5
0.0650383887837988,0.2248062015503875,0.0,0.5348837209302325,0.1666666666666666
0.4085901858239679,0.6124031007751938,1.0000000000000002,0.4651162790697675,0.5
0.1888283075553577,0.5116279069767441,0.0258693923700861,0.6511627906976745,0.5
0.1690219205519083,0.4573643410852712,0.1186207021649026,0.4186046511627906,0.1666666666666666
0.2292199844219428,0.4961240310077519,0.3744426003017138,0.6046511627906976,0.5
0.2050739957716701,0.4728682170542635,0.0,0.8604651162790699,0.5
0.2487481918326471,0.5581395348837209,0.0023792464409556,0.813953488372093,0.5
0.1136641815956381,0.3953488372093023,0.127720488425737,0.2325581395348837,0.1666666666666666
0.0993101146099922,0.3178294573643411,0.0,0.6046511627906976,0.5
0.3877267163680872,0.5658914728682171,0.0951910199318574,0.5348837209302325,0.1666666666666666
0.1112718370980304,0.2170542635658914,0.0093930351868479,0.5581395348837209,0.3333333333333333
0.0956381439857572,0.3643410852713178,0.0219090202765004,0.5348837209302325,0.3333333333333333
0.803327027929231,0.8062015503875969,0.2136998642590023,0.4883720930232558,0.1666666666666666
0.0520752197618782,0.0930232558139534,0.049752552323771,0.5348837209302325,0.3333333333333333
0.175364415266496,0.5503875968992248,0.960547438304356,0.744186046511628,0.3333333333333333
0.7819628352064092,0.8527131782945736,0.0564035588931515,0.5116279069767442,0.3333333333333333
0.0825637031267386,0.3643410852713178,0.6253971709036602,0.5348837209302325,0.1666666666666666
0.1943362634917102,0.4961240310077519,0.266817221269919,0.4883720930232558,0.3333333333333333
0.2388449983309224,0.4806201550387596,0.0247810458405511,0.7674418604651162,0.5
0.2090241459886502,0.5503875968992248,0.0271088981398343,0.5581395348837209,0.5
0.1812618226326916,0.3798449612403101,0.2645800645147637,0.3953488372093023,0.3333333333333333
0.4171024813619672,0.6666666666666666,1.0000000000000002,0.5348837209302325,0.5
0.1650717703349282,0.3875968992248062,0.1203741493513757,0.5348837209302325,0.5
0.0935239790808946,0.3178294573643411,0.0,0.5348837209302325,0.3333333333333333
0.1963391565594748,0.5503875968992248,0.0537431562653993,0.4186046511627906,0.5
0.2069656170023367,0.6434108527131782,0.0752380002237156,0.3255813953488372,0.5
0.0554133748748191,0.1782945736434108,0.2923026691698637,0.3953488372093023,0.5
0.0812840770001112,0.2713178294573644,0.0148649996825655,0.5348837209302325,0.5
0.1227328363191276,0.4108527131782945,0.0076395880003748,0.2790697674418605,0.3333333333333333
0.1312451318571269,0.2558139534883721,0.1789937027060527,0.8604651162790699,1.0
0.215477912540336,0.5581395348837209,0.0708846141055756,0.6744186046511628,0.5
0.1590630911316345,0.3798449612403101,0.3478688058722342,0.627906976744186,0.5
0.1894959385779459,0.5348837209302325,0.0,0.5581395348837209,0.5
0.2928674752420162,0.5736434108527132,0.0195811679772172,0.7906976744186046,0.3333333333333333
0.0845665961945031,0.3720930232558139,0.2193834516910184,0.627906976744186,0.1666666666666666
0.0673750973628574,0.3565891472868217,0.4533779555410442,0.4651162790697675,0.8333333333333333
0.2367864693446089,0.5968992248062015,0.0415899533522584,0.3720930232558139,0.3333333333333333
0.1990096806498275,0.5891472868217054,0.0052210401569637,0.744186046511628,0.1666666666666666
0.7466340269277845,0.6666666666666666,0.5937746578510598,0.5348837209302325,0.3333333333333333
0.2218760431734728,0.5813953488372092,0.0352412652633042,0.8372093023255814,0.3333333333333333
0.1156114387448536,0.2945736434108527,0.7188135813554147,0.5348837209302325,0.1666666666666666
0.1984533214643373,0.5038759689922481,0.0528362008241201,0.6976744186046512,0.1666666666666666
0.2405140758873928,0.5581395348837209,0.0904446197891631,0.7674418604651162,0.5
0.065817291643485,0.2093023255813953,0.0,0.3953488372093023,0.5
0.7619339045287638,0.7131782945736433,0.0662289095070092,0.6976744186046512,0.3333333333333333
0.7783465005007232,0.7441860465116279,0.3306366524879299,0.7209302325581396,0.5
0.0413931234004673,0.193798449612403,0.0,0.744186046511628,0.1666666666666666
0.0857349504840324,0.1627906976744186,0.0683149070219513,0.5348837209302325,0.3333333333333333
0.777790141315233,0.6821705426356589,0.970856498486896,0.6744186046511628,0.1666666666666666
0.058473350395015,0.1240310077519379,0.337076036121012,0.2093023255813954,0.5
0.0741626794258373,0.2635658914728682,0.0,0.6744186046511628,0.6666666666666666
0.0273728719261155,0.0852713178294573,0.1348249727157571,0.4186046511627906,0.1666666666666666
0.1813174585512406,0.5116279069767441,0.4293738681951889,0.6511627906976745,0.3333333333333333
0.2303327027929231,0.4651162790697674,0.3762565111842721,0.7209302325581396,0.3333333333333333
0.2479136530544119,0.5271317829457364,0.055194284971446,0.5581395348837209,0.6666666666666666
0.0561922777345054,0.2015503875968992,0.0827354985382901,0.6046511627906976,0.1666666666666666
0.1066540558584622,0.3178294573643411,1.0000000000000002,0.3953488372093023,0.5
0.1976744186046511,0.4961240310077519,0.2621615166713526,0.5348837209302325,0.5
0.1355847335039501,0.5968992248062015,0.071942728787068,0.2325581395348837,0.1666666666666666
0.1020919105374429,0.1782945736434108,0.0076395880003748,0.4186046511627906,0.5
0.1851563369311227,0.4341085271317829,0.170679944494327,0.5348837209302325,0.1666666666666666
0.2177033492822966,0.4496124031007752,0.0386876959401651,0.4883720930232558,0.3333333333333333
0.1112718370980304,0.3643410852713178,0.0515362313582867,0.2093023255813954,0.5
0.1761989540447312,0.4341085271317829,0.254089613243968,0.7209302325581396,0.5
0.8479470346055412,0.751937984496124,0.1652079799986093,0.3255813953488372,0.3333333333333333
0.1692444642261043,0.4496124031007752,0.0629034062223189,0.4418604651162791,0.1666666666666666
0.0775564704573272,0.2403100775193798,0.0544687206184226,0.5116279069767442,0.5
0.2061310782241014,0.5348837209302325,0.0,0.4418604651162791,0.1666666666666666
0.4006342494714587,0.5426356589147286,1.0000000000000002,0.744186046511628,0.5
0.1074329587181484,0.3720930232558139,0.0392016373568899,0.5348837209302325,0.5
0.0692110826749749,0.2713178294573644,0.2685102047603068,0.3255813953488372,0.5
0.4067542005118504,0.6744186046511628,0.4689473572830034,0.3023255813953488,0.1666666666666666
0.1614554356292422,0.4651162790697674,0.1919933973643875,0.6744186046511628,0.1666666666666666
0.1153888950706576,0.4341085271317829,0.6865864313419615,0.5348837209302325,0.5
0.0825080672081896,0.2403100775193798,0.3278553224680071,0.3255813953488372,0.3333333333333333
0.1148325358851674,0.4263565891472868,0.6706542474234908,0.3023255813953488,0.3333333333333333
0.0421163903416045,0.1317829457364341,0.0,0.744186046511628,0.3333333333333333
0.0855124068098364,0.2790697674418604,0.4911979974423857,0.5348837209302325,0.1666666666666666
0.2311116056526093,0.3875968992248062,0.1454061195306808,0.5348837209302325,0.5
0.1962278847223767,0.5968992248062015,1.0000000000000002,0.7674418604651162,0.3333333333333333
0.2174808056081006,0.4496124031007752,0.0232996852864618,0.5116279069767442,0.5
0.1965617002336708,0.3643410852713178,0.9861538135964716,0.5581395348837209,0.1666666666666666
0.0495159675086235,0.1627906976744186,0.2492827494051884,0.5348837209302325,0.1666666666666666
0.2489150995882942,0.5813953488372092,0.0279553898850282,0.6976744186046512,0.1666666666666666
0.0956381439857572,0.193798449612403,0.0129906251039219,0.5348837209302325,0.5
0.1395348837209302,0.5426356589147286,0.0471828452401466,0.5348837209302325,0.3333333333333333
0.0990875709357961,0.3565891472868217,0.7537918295407481,0.3255813953488372,0.3333333333333333
0.1087682207633247,0.3410852713178294,0.0445526744604371,0.8604651162790699,0.0
0.1020362746188939,0.2945736434108527,0.0873307394407713,0.0465116279069767,0.5
0.0526315789473684,0.2248062015503875,0.0341831505818119,0.6976744186046512,0.3333333333333333
0.2114721264048069,0.4651162790697674,0.0171323882857635,0.5116279069767442,0.5
0.3634138199621676,0.5813953488372092,0.3914933625977622,0.5581395348837209,0.5
0.1408701457661066,0.4341085271317829,0.2664846709414499,0.2093023255813954,0.1666666666666666
0.2203182374541003,0.3720930232558139,0.0722450472674944,0.5348837209302325,0.5
0.0665961945031712,0.2403100775193798,0.0,0.6976744186046512,0.1666666666666666
0.1273506175586959,0.3023255813953488,0.0078209790886307,0.8604651162790699,0.6666666666666666
0.4539890953599644,0.4961240310077519,0.1969514204433803,0.6744186046511628,0.6666666666666666
0.2533659730722154,0.5426356589147286,0.003437361122448,0.5116279069767442,0.8333333333333333
0.0196951151663513,0.0775193798449612,0.0317948345864434,0.9069767441860463,0.3333333333333333
0.1230666518304217,0.2713178294573644,0.0050396490687079,0.4883720930232558,0.5
0.0528541226215644,0.1705426356589147,0.0301320829440982,0.3953488372093023,0.3333333333333333
0.160565260932458,0.4108527131782945,0.2694171602015859,0.5348837209302325,0.5
0.1229553799933236,0.2945736434108527,0.0504478848287517,0.2325581395348837,0.5
0.2358962946478246,0.6124031007751938,0.0480898006814258,0.9302325581395348,0.5
0.0940803382663847,0.2248062015503875,0.0465177445832086,0.5348837209302325,0.5
0.0886836541671303,0.2635658914728682,0.023874090399272,0.6976744186046512,0.1666666666666666
0.1558362078557917,0.5736434108527132,0.6895793842981828,0.6046511627906976,0.3333333333333333
0.0195838433292533,0.0697674418604651,0.0668940101639473,0.5348837209302325,0.1666666666666666
0.1883275842884166,0.5038759689922481,0.0906864745735042,0.3255813953488372,0.3333333333333333
0.2400133526204517,0.5658914728682171,0.0,0.5348837209302325,0.6666666666666666
0.1297985979748525,0.248062015503876,0.0005351037103547,0.3953488372093023,0.5
0.2084121508846111,0.5271317829457364,0.00277226046551,0.5581395348837209,0.6666666666666666
0.109714031378658,0.3643410852713178,0.1271763151609695,0.0232558139534884,0.3333333333333333
0.241126070991432,0.5658914728682171,0.194714263688225,0.5348837209302325,0.1666666666666666
0.2469678424390786,0.5116279069767441,0.2743751832805787,0.6744186046511628,0.3333333333333333
0.0228107266050962,0.0620155038759689,0.1748519395242112,0.5813953488372093,0.1666666666666666
0.8179592745076221,0.883720930232558,0.182319205990743,0.7906976744186046,0.1666666666666666
0.2067430733281406,0.6356589147286821,0.0964305257016056,0.7674418604651162,0.5
0.7579281183932346,0.883720930232558,0.1610359849687251,0.7906976744186046,0.3333333333333333
0.193501724713475,0.4496124031007752,0.1454363513787234,0.7674418604651162,0.1666666666666666
0.1119951040391676,0.2713178294573644,0.023874090399272,0.5348837209302325,0.5
0.1139423611883832,0.2170542635658914,0.0833703673471855,0.5116279069767442,0.5
0.2037943696450428,0.5426356589147286,0.1313785420388963,0.3255813953488372,0.3333333333333333
0.2030711027039056,0.5736434108527132,0.136427260662017,0.5581395348837209,0.5
0.0692667185935239,0.2713178294573644,0.2302669169863685,0.9302325581395348,0.3333333333333333
0.1268498942917547,0.2093023255813953,0.0070047191914794,0.6976744186046512,0.5
0.2172582619339045,0.5193798449612402,0.0,0.3488372093023256,0.3333333333333333
0.0599198842772894,0.2170542635658914,0.016164969148399,0.7209302325581396,0.3333333333333333
0.762935351062646,0.7209302325581395,0.2243112429219686,0.5348837209302325,0.6666666666666666
0.2255480137977077,0.5581395348837209,0.0122650607508986,0.6976744186046512,0.5
0.222988761544453,0.5503875968992248,0.0,0.9767441860465116,0.5
0.040447312785134,0.1705426356589147,0.0782309531799369,0.5116279069767442,0.3333333333333333
0.2084121508846111,0.4651162790697674,0.0230578305021207,0.7906976744186046,1.0
0.379603872259931,0.627906976744186,0.0942840644905782,0.5348837209302325,0.5
0.0719928786024257,0.2403100775193798,0.5738518699909607,0.3488372093023256,0.1666666666666666
0.0844553243574051,0.2558139534883721,0.5350946408002974,0.5813953488372093,0.3333333333333333
0.2497496383665294,0.5658914728682171,0.0482711917696816,0.7674418604651162,0.5
0.1605096250139089,0.4108527131782945,0.6520616608772678,0.5813953488372093,0.3333333333333333
0.1025926338043841,0.3100775193798449,0.0148347678345229,0.7906976744186046,0.3333333333333333
0.1393123400467341,0.3720930232558139,0.1446805551776575,0.3488372093023256,0.5
0.2475798375431178,0.5193798449612402,0.0550128938831901,0.5348837209302325,0.3333333333333333
0.7140870145766106,0.7441860465116279,0.083249439955015,0.5348837209302325,0.5
0.1625681540002225,0.3023255813953488,0.0183718940555117,0.4418604651162791,0.1666666666666666
0.120396127740069,0.4418604651162791,0.1214020321848254,0.2093023255813954,0.5
0.2098586847668855,0.5581395348837209,0.053350142240845,0.5348837209302325,0.5
0.1187826861021475,0.3875968992248062,0.0076093561523322,0.2790697674418605,0.3333333333333333
0.1792032936463781,0.4573643410852712,0.9896304761213748,0.5348837209302325,0.3333333333333333
0.2456882163124513,0.6201550387596899,0.0411969393277041,0.5348837209302325,0.3333333333333333
0.1051518860576388,0.2403100775193798,0.0785937353564486,0.3953488372093023,0.5
0.2113608545677089,0.5348837209302325,0.0246903502964232,0.4651162790697675,0.5
0.2295537999332368,0.627906976744186,0.1810494683729522,0.9069767441860463,0.1666666666666666
0.1774785801713586,0.4031007751937984,0.2081069723711141,0.5348837209302325,0.3333333333333333
0.2020140202514743,0.4263565891472868,0.1373946797993814,0.3720930232558139,0.5
0.2430176922220985,0.4728682170542635,0.0640824482959818,0.0,0.1666666666666666
0.832647157004562,0.8294573643410852,0.0775356206749562,0.627906976744186,0.3333333333333333
0.1807054634472015,0.4263565891472868,0.1701055393815168,0.5348837209302325,0.5
0.1905530210303772,0.4341085271317829,0.1689264973078539,0.7209302325581396,0.5
0.218927339490375,0.6124031007751938,0.0431922412985183,0.1860465116279069,0.3333333333333333
0.2283298097251585,0.5116279069767441,1.0000000000000002,0.5813953488372093,0.5
0.2000667631022588,0.5813953488372092,0.6636706905256412,0.4883720930232558,0.5
0.182430176922221,0.4651162790697674,0.6090719729606351,0.5116279069767442,0.5
0.2282741738066095,0.5813953488372092,0.0563430951970663,0.813953488372093,0.3333333333333333
0.1247913653054411,0.2713178294573644,0.1123627096200763,0.4883720930232558,0.6666666666666666
0.189774118170691,0.4961240310077519,0.5656288073233628,0.6511627906976745,0.3333333333333333
0.2359519305663736,0.5658914728682171,0.0272600573800475,0.6511627906976745,0.5
0.2465783910092355,0.5116279069767441,0.3581174023586888,0.9534883720930232,0.1666666666666666
0.0797819071992878,0.248062015503876,0.0169812290455503,0.3720930232558139,0.1666666666666666
0.2306665183042172,0.5426356589147286,0.0044350121078551,0.5813953488372093,0.3333333333333333
0.1698564593301435,0.4883720930232558,0.3528268289512269,0.4883720930232558,0.3333333333333333
0.0822298876154445,0.2015503875968992,0.0547408072508064,0.3488372093023256,0.3333333333333333
0.1265160787804606,0.3023255813953488,0.0106023091085535,0.4418604651162791,0.5
0.1253477244909313,0.3178294573643411,0.0524431867995658,0.8604651162790699,0.5
0.0096250139089796,0.0542635658914728,0.050417652980709,0.627906976744186,0.5
0.2583175698230778,0.5193798449612402,0.1911771374672362,0.4186046511627906,0.1666666666666666
0.0434516523867809,0.1782945736434108,0.2061116704002999,0.7209302325581396,0.1666666666666666
0.2224880382775119,0.4651162790697674,0.0452782388134604,0.5348837209302325,0.5
0.2021809280071214,0.4186046511627906,0.0480595688333832,0.6046511627906976,0.3333333333333333
0.1945031712473573,0.4496124031007752,0.0434945597789447,0.6511627906976745,0.1666666666666666
0.2449649493713141,0.5581395348837209,0.0,0.5348837209302325,0.5
0.0432847446311338,0.1472868217054263,0.4611475404880025,0.6976744186046512,0.1666666666666666
0.4801379770780016,0.4186046511627906,0.6815074808707982,0.3488372093023256,0.3333333333333333
0.4150995882942027,0.5736434108527132,0.2393969350952454,0.3720930232558139,0.3333333333333333
0.2326694113719817,0.5891472868217054,0.0350598741750484,0.8372093023255814,0.1666666666666666
0.0808946255702681,0.2635658914728682,0.2607103879653059,0.627906976744186,0.3333333333333333
0.0679870924668966,0.2248062015503875,0.1484293043349447,0.5116279069767442,0.5
0.2271058195170802,0.4418604651162791,0.0115394963978753,0.3488372093023256,0.3333333333333333
0.2209858684766885,0.4418604651162791,0.0,0.5348837209302325,0.5
0.1852676087682207,0.4573643410852712,0.0463665853429954,0.3023255813953488,0.1666666666666666
0.0542450205852898,0.2170542635658914,0.6681450040359518,0.4883720930232558,0.5
0.1868254144875931,0.4341085271317829,0.3908282619408242,0.744186046511628,0.5
0.2501390897963725,0.5271317829457364,0.0400178972540412,0.4883720930232558,0.5
0.2352842995437855,0.6046511627906976,0.0403202157344676,0.2790697674418605,0.5
0.2690553021030377,0.5736434108527132,0.0,0.4651162790697675,0.3333333333333333
0.1231222877489707,0.4341085271317829,0.1522989808844025,0.2093023255813954,0.5
0.0956381439857572,0.2093023255813953,0.2293901933931319,0.3255813953488372,0.3333333333333333
0.2135862913096695,0.4573643410852712,0.0314018205618891,0.4651162790697675,0.3333333333333333
0.1018693668632469,0.2558139534883721,0.0034978248185333,0.3720930232558139,0.3333333333333333
0.1608990764437521,0.5038759689922481,0.8882630896344063,0.4418604651162791,0.5
0.200845665961945,0.5271317829457364,0.0106930046526814,0.5581395348837209,1.0
0.0563591854901524,0.2325581395348837,0.2916678003609683,0.7906976744186046,0.5
0.2498609102036274,0.4341085271317829,0.0755100868560994,0.5813953488372093,0.5
0.0433960164682318,0.2170542635658914,0.1229136245869574,0.883720930232558,0.3333333333333333
0.0590853454990541,0.3643410852713178,0.0703102089927655,0.5348837209302325,0.3333333333333333
0.1048737064648937,0.3643410852713178,0.0950700925396868,0.1162790697674418,0.1666666666666666
0.2046845443418271,0.4961240310077519,0.035845902224157,0.4883720930232558,0.3333333333333333
0.0349949927673305,0.1550387596899224,0.0575523691187718,0.5348837209302325,0.5
0.2188717035718259,0.4806201550387596,0.1600685658313607,0.3720930232558139,0.3333333333333333
0.2610437298319795,0.6046511627906976,0.013323175432391,0.2325581395348837,0.5
0.0751641259597196,0.2790697674418604,0.2855005033602699,0.9767441860465116,0.8333333333333333
0.1219539334594414,0.1705426356589147,0.0179184163348721,0.5348837209302325,0.5
0.0712139757427395,0.1627906976744186,0.0248112776885938,0.0930232558139534,0.5
0.2243240235896294,0.4883720930232558,0.011055786829193,0.7906976744186046,0.3333333333333333
0.7691109380215867,0.6744186046511628,0.2516106017044716,0.1627906976744186,0.5
0.7629909869811949,0.8294573643410852,0.1415666748292656,0.5348837209302325,0.1666666666666666
0.1927784577723378,0.4108527131782945,1.0000000000000002,0.9767441860465116,0.1666666666666666
0.076944475353288,0.0387596899224806,0.0057349815736886,0.5348837209302325,0.5
0.1815956381439857,0.4108527131782945,0.3712682562572367,0.4418604651162791,0.5
0.1556693001001446,0.4806201550387596,0.0,0.7209302325581396,0.5
0.2306108823856681,0.6589147286821705,0.0016536820879323,0.5581395348837209,0.3333333333333333
0.0663180149104261,0.2093023255813953,0.0177974889427015,0.7209302325581396,0.3333333333333333
0.7846889952153109,0.7441860465116279,0.193293366830221,0.4418604651162791,0.3333333333333333
0.0347168131745855,0.1240310077519379,0.0001118578377577,0.0465116279069767,0.3333333333333333
0.0701568932903082,0.186046511627907,0.0614522775162722,0.3023255813953488,0.5
0.1000890174696784,0.4728682170542635,0.593925817091273,0.5348837209302325,0.1666666666666666
0.1313007677756759,0.3023255813953488,0.0151068544669067,0.6976744186046512,0.5
0.0536886613997997,0.1317829457364341,0.1696218298128346,0.3488372093023256,0.5
0.0565260932457994,0.2635658914728682,0.0411969393277041,0.5348837209302325,0.5
0.2223767664404139,0.5891472868217054,0.0392621010529752,0.813953488372093,0.5
0.1756425948592411,0.4341085271317829,0.1953793643451631,0.5348837209302325,0.3333333333333333
0.2158673639701791,0.5116279069767441,0.0444015152202239,0.1395348837209302,0.5
0.2306108823856681,0.4496124031007752,0.0356040474398159,0.9302325581395348,0.3333333333333333
0.2405140758873928,0.5426356589147286,0.1048349794574592,0.813953488372093,0.1666666666666666
0.2208189607210415,0.4728682170542635,0.0295274459832455,0.9302325581395348,0.5
0.0893512851897184,0.2170542635658914,0.0,0.5348837209302325,0.6666666666666666
0.0975854011349727,0.2248062015503875,0.0,0.3023255813953488,0.3333333333333333
0.1117725603649716,0.2015503875968992,0.0457317165341,0.744186046511628,0.3333333333333333
0.7323912317792366,0.7054263565891472,0.117502123787325,0.3023255813953488,0.3333333333333333
0.0684878157338377,0.1317829457364341,0.0255368420416171,0.744186046511628,0.3333333333333333
0.0570824524312896,0.2635658914728682,0.006037300054115,0.813953488372093,0.3333333333333333
0.2091910537442973,0.5116279069767441,0.0246903502964232,0.4651162790697675,0.3333333333333333
0.2002893067764548,0.4728682170542635,0.018764908080066,0.3953488372093023,0.3333333333333333
0.215589184377434,0.4728682170542635,0.014744072290395,0.4883720930232558,0.5
0.0651496606208968,0.1705426356589147,0.0502664937404958,0.5348837209302325,0.3333333333333333
0.0609769667297207,0.1550387596899224,0.3808215202387107,0.8372093023255814,0.3333333333333333
0.0764993880048959,0.2248062015503875,0.6781517457380652,0.744186046511628,0.0
0.1122176477133637,0.2170542635658914,0.0,0.3953488372093023,0.5
0.1943362634917102,0.4186046511627906,0.1286274438670161,0.6744186046511628,0.3333333333333333
0.2244352954267274,0.6124031007751938,0.1532361681737243,0.5348837209302325,0.1666666666666666
0.2134193835540224,0.6201550387596899,0.3023094108719772,0.4418604651162791,0.3333333333333333
0.0499610548570156,0.1395348837209302,0.1354900733726952,0.744186046511628,0.3333333333333333
0.1994547679982196,0.4418604651162791,0.2799378433204243,0.8604651162790699,0.5
0.1073216868810504,0.2713178294573644,0.3018257013032949,0.3720930232558139,0.3333333333333333
0.229887615444531,0.5271317829457364,0.0349994104789631,0.5581395348837209,0.1666666666666666
0.1865472348948481,0.4573643410852712,0.0374179583223743,0.9069767441860463,0.5
0.1893846667408479,0.4651162790697674,0.0564035588931515,0.4418604651162791,0.1666666666666666
0.2282741738066095,0.5891472868217054,0.0505990440689649,0.4883720930232558,0.3333333333333333
0.0456214532101925,0.186046511627907,0.5183461969846755,0.4418604651162791,0.3333333333333333
0.0835095137420718,0.248062015503876,0.1324971204164739,0.3488372093023256,0.3333333333333333
0.3971848225214198,0.7054263565891472,0.0288018816302221,0.5348837209302325,0.3333333333333333
0.4640591966173361,0.6046511627906976,0.0272600573800475,0.7906976744186046,0.5
0.7581506620674306,0.8217054263565892,0.0653521859137727,0.5348837209302325,0.3333333333333333
0.4311783687548681,0.3410852713178294,0.192114324756558,0.5348837209302325,0.5
0.0969177701123845,0.3178294573643411,0.0035280566665759,0.2558139534883721,0.3333333333333333
0.0398909535996439,0.1085271317829457,0.2992862260677132,0.3488372093023256,0.3333333333333333
0.7694447535328808,0.8062015503875969,0.0768705200180182,0.627906976744186,0.5
0.0680427283854456,0.3410852713178294,1.0000000000000002,0.5348837209302325,0.3333333333333333
0.4221097140313786,0.6046511627906976,0.0315227479540596,0.3953488372093023,0.8333333333333333
0.0792811839323467,0.2868217054263565,0.065412649609858,0.5348837209302325,0.8333333333333333
0.1734171581172805,0.3953488372093023,0.0809215876557318,0.5348837209302325,0.5
0.2588739290085679,0.4883720930232558,0.0127487703195808,0.6511627906976745,0.1666666666666666
0.1748080560810058,0.4186046511627906,0.0410760119355336,0.5348837209302325,0.1666666666666666
0.2391231779236675,0.5658914728682171,0.0338203684053002,0.627906976744186,0.6666666666666666
0.0645376655168576,0.1550387596899224,0.0527152734319496,0.3023255813953488,0.1666666666666666
0.4512072994325136,0.4418604651162791,0.2024536167871406,0.5348837209302325,0.5
0.544341827083565,0.3953488372093023,0.2705659704272062,0.2790697674418605,0.3333333333333333
0.1505507955936352,0.5193798449612402,0.0243275681199116,0.0,0.3333333333333333
0.2436853232446867,0.4108527131782945,0.0,0.6976744186046512,0.3333333333333333
0.4703460554133749,0.5116279069767441,1.0000000000000002,0.6046511627906976,0.5
0.0406698564593301,0.2790697674418604,0.0411969393277041,0.5116279069767442,0.5
0.1418715922999888,0.3565891472868217,0.0004746400142694,0.9069767441860463,0.1666666666666666
0.0431178368754868,0.1472868217054263,0.0531082874565039,0.4883720930232558,0.5
0.117002336708579,0.2403100775193798,0.0124464518391544,0.5116279069767442,0.3333333333333333
0.7470234783576276,0.8527131782945736,0.1709520311267107,0.3488372093023256,0.1666666666666666
0.1092133081117169,0.3023255813953488,0.0067326325590957,0.4883720930232558,0.5
0.2279403582953154,0.5658914728682171,0.0616639004525707,0.6511627906976745,0.3333333333333333
0.2511405363302548,0.4573643410852712,0.0768100563219329,0.5348837209302325,0.3333333333333333
0.0828418827194837,0.2635658914728682,0.3519501053579904,0.3953488372093023,0.3333333333333333
0.2412373428285301,0.5426356589147286,0.0081232975690571,0.7209302325581396,0.5
0.2334483142316679,0.5736434108527132,0.0488455968824918,0.9302325581395348,0.8333333333333333
0.0864582174251697,0.2790697674418604,0.034001759493556,0.2093023255813954,0.1666666666666666
0.1107154779125403,0.2635658914728682,0.0,0.2790697674418605,0.3333333333333333
0.2650495159675086,0.4341085271317829,0.5694380201767354,0.5348837209302325,0.5
0.0655947479692889,0.248062015503876,1.0000000000000002,0.3023255813953488,0.3333333333333333
0.138867252698342,0.5658914728682171,0.1741868388672731,0.5348837209302325,0.5
0.1468788249694002,0.3798449612403101,0.0386574640921225,1.0,0.1666666666666666
0.1467675531323022,0.4031007751937984,0.1758495905096183,0.5116279069767442,0.5
0.0444530989206631,0.2170542635658914,0.1095209159040683,0.5348837209302325,0.3333333333333333
0.1958940692110826,0.5581395348837209,0.3618963833640187,0.6744186046511628,0.3333333333333333
0.1813174585512406,0.4883720930232558,0.0,0.813953488372093,0.1666666666666666
0.7252141982864136,0.7906976744186046,0.9973093655242052,0.5348837209302325,0.3333333333333333
0.8234672304439745,0.7596899224806201,0.9102114113133624,0.5348837209302325,0.5
0.1981195059530432,0.4186046511627906,0.3553663041868086,0.2790697674418605,0.3333333333333333
0.2318905085122955,0.5658914728682171,0.1771797918234944,0.6744186046511628,0.1666666666666666
0.2385668187381773,0.5581395348837209,0.3761960474881869,0.0,0.5
0.6712473572938689,0.689922480620155,0.0772937658906151,0.5348837209302325,0.3333333333333333
0.3710359408033826,0.6434108527131782,0.2986815891068605,0.5116279069767442,0.3333333333333333
0.2064092578168465,0.4961240310077519,0.0554361397557871,0.744186046511628,0.5
0.7840770001112718,0.7984496124031008,0.7101068091191347,0.6744186046511628,0.1666666666666666
0.0975854011349727,0.2248062015503875,0.014411521961926,0.5348837209302325,0.5
0.8760431734727939,0.7829457364341085,0.405158157913035,0.4883720930232558,0.5
0.0831200623122287,0.1162790697674418,0.0,0.5348837209302325,0.5
0.1538333147880271,0.3875968992248062,0.4680404018417242,0.5813953488372093,0.3333333333333333
0.2277178146211194,0.5968992248062015,0.0918352847991245,0.5348837209302325,0.1666666666666666
0.0442305552464671,0.1085271317829457,0.0016839139359749,0.5348837209302325,0.3333333333333333
0.7535328808278624,0.7364341085271318,0.0728496842283472,0.0232558139534884,0.5
0.2234338488928452,0.5581395348837209,0.0574919054226866,0.5348837209302325,0.1666666666666666
0.386892177589852,0.4341085271317829,0.3722961390906865,0.3953488372093023,0.5
0.2332257705574719,0.5736434108527132,0.0,0.4186046511627906,0.3333333333333333
0.0376655168576833,0.2325581395348837,1.0000000000000002,0.6511627906976745,0.5
0.4103705352175364,0.4186046511627906,0.1057117030506958,0.4418604651162791,0.5
0.2208745966395905,0.5116279069767441,0.1210090181602711,1.0,0.3333333333333333
0.2211527762323356,0.5813953488372092,0.0,0.5348837209302325,0.5
0.1553911205073996,0.4341085271317829,0.3633475120700653,0.813953488372093,0.6666666666666666
0.2021252920885723,0.4728682170542635,0.0330645722042342,0.5581395348837209,0.3333333333333333
0.219316790920218,0.6124031007751938,0.0685265299582498,0.744186046511628,0.1666666666666666
0.0360520752197618,0.248062015503876,0.1114255223307545,0.5348837209302325,0.5
0.7430733281406475,0.6821705426356589,0.2796355248399979,0.5348837209302325,0.1666666666666666
0.2368977411817069,0.5426356589147286,0.0086372389857819,0.4651162790697675,0.3333333333333333
0.0929119839768554,0.1782945736434108,0.0184021259035543,0.0,0.3333333333333333
0.2391788138422165,0.4728682170542635,0.2984095024744768,0.2558139534883721,0.5
0.0995882942027372,0.2713178294573644,0.5137509560821943,0.5348837209302325,0.3333333333333333
0.1976187826861021,0.4263565891472868,0.2505222551749366,0.0465116279069767,0.5
0.1511071547791254,0.4108527131782945,0.8498988744682974,0.744186046511628,0.1666666666666666
0.1113274730165795,0.3565891472868217,0.149910664889034,0.627906976744186,0.6666666666666666
0.095081784800267,0.3023255813953488,0.0057349815736886,0.4418604651162791,0.5
0.1222321130521864,0.3178294573643411,0.0196718635213452,0.5348837209302325,0.5
0.2721152776232335,0.6434108527131782,0.0005653355583973,0.5348837209302325,0.3333333333333333
0.1588405474574385,0.4108527131782945,0.1025373590062187,0.9302325581395348,0.5
0.1018137309446979,0.2015503875968992,0.034092455037684,0.5348837209302325,0.5
0.9240569711805942,0.883720930232558,0.1493967234723091,0.5581395348837209,0.1666666666666666
0.2486925559140981,0.5271317829457364,0.0405620705188087,0.5348837209302325,0.5
0.0169689551574496,0.0852713178294573,0.0,0.744186046511628,0.3333333333333333
0.0217536441526649,0.193798449612403,0.0331854995964048,0.7674418604651162,0.5
0.7391788138422165,0.8604651162790697,0.9266273048005153,0.5116279069767442,0.5
0.0493490597529765,0.1782945736434108,0.1742473025633584,0.5581395348837209,0.3333333333333333
0.8236897741181706,0.883720930232558,0.0757519416404405,0.627906976744186,0.3333333333333333
0.7062423500611994,0.6744186046511628,0.4997838422864952,0.5348837209302325,0.3333333333333333
0.4286747524201624,0.7674418604651162,0.0219997158206284,0.5348837209302325,0.1666666666666666
0.1102147546455992,0.2558139534883721,0.1081302508941069,0.1860465116279069,0.5
0.1494937131412039,0.4651162790697674,0.1000583474667223,0.627906976744186,0.1666666666666666
0.2554245020585289,0.5116279069767441,0.0253856828014039,0.3720930232558139,0.5
0.1163903416045399,0.2558139534883721,0.0382946819156108,0.5348837209302325,0.5
0.9727940358295316,0.8217054263565892,0.0698869631201686,0.627906976744186,0.5
0.1083787693334817,0.2403100775193798,0.414288176021912,0.4883720930232558,0.0
0.8308111716924446,0.7131782945736433,0.0774146932827856,0.5348837209302325,0.5
0.1054300656503838,0.3488372093023255,0.407758096844702,0.5348837209302325,0.1666666666666666
0.0713252475798375,0.1472868217054263,0.2597732006759841,0.5348837209302325,0.3333333333333333
0.2406809836430399,0.5658914728682171,0.2920003506894373,0.9302325581395348,0.1666666666666666
0.0449538221876043,0.1395348837209302,0.6316551634484865,0.5813953488372093,0.5
0.0857349504840324,0.2015503875968992,0.0834308310432708,0.5813953488372093,0.1666666666666666
0.1937799043062201,0.4883720930232558,0.4224507749934246,0.5348837209302325,0.8333333333333333
0.1942806275731612,0.4418604651162791,0.1219159736015503,0.6511627906976745,0.5
0.2163680872371202,0.5426356589147286,0.0242368725757836,0.3023255813953488,0.5
0.0869589406921108,0.2945736434108527,0.0471828452401466,0.6976744186046512,0.1666666666666666
0.0560810058974073,0.2015503875968992,0.0242368725757836,0.6976744186046512,0.5
0.3734282853009903,0.6434108527131782,0.3209624611142854,0.5813953488372093,0.3333333333333333
0.1048737064648937,0.4031007751937984,0.128385589082675,0.5348837209302325,0.3333333333333333
0.0500166907755647,0.2248062015503875,1.0000000000000002,0.5348837209302325,0.5
0.1084900411705797,0.2248062015503875,0.2213485218137899,0.883720930232558,0.8333333333333333
0.0757761210637587,0.3798449612403101,0.596767610807281,0.5348837209302325,0.1666666666666666
0.2347835762768443,0.6124031007751938,0.026383333786811,0.5348837209302325,0.5
0.2547012351173918,0.4728682170542635,0.1048652113055019,0.5116279069767442,0.3333333333333333
0.0979748525648158,0.2015503875968992,0.0849424234454028,0.627906976744186,0.6666666666666666
0.1918882830755535,0.4728682170542635,0.0401388246462118,0.1395348837209302,0.5
0.0489039724045844,0.1705426356589147,0.0394132602931884,0.6046511627906976,0.3333333333333333
0.2496383665294314,0.6124031007751938,0.0224531935412679,0.4186046511627906,0.5
0.0930788917325025,0.3875968992248062,1.0000000000000002,0.5348837209302325,0.5
0.1947257149215533,0.3798449612403101,0.0401085927981691,0.7209302325581396,0.1666666666666666
0.0272616000890174,0.0620155038759689,0.3631358891337669,0.4883720930232558,0.5
0.2258261933904529,0.5581395348837209,0.1207066996798447,0.6744186046511628,0.3333333333333333
0.1070435072883053,0.2713178294573644,0.0139278123932437,0.6511627906976745,0.5
0.0772226549460331,0.2015503875968992,0.2959909546310656,0.3953488372093023,0.5
0.058528986313564,0.2635658914728682,0.130229731813276,0.2558139534883721,0.5
0.2363413819962167,0.4418604651162791,0.0515664632063293,0.5348837209302325,0.5
0.2536441526649605,0.5503875968992248,0.0528059689760775,0.744186046511628,0.3333333333333333
0.2164237231556693,0.3875968992248062,0.0356342792878585,0.2558139534883721,0.1666666666666666
0.2624902637142539,0.5193798449612402,0.0223322661490974,0.8372093023255814,0.3333333333333333
0.2093023255813953,0.4728682170542635,0.071942728787068,0.5348837209302325,0.1666666666666666
0.0899076443752086,0.2713178294573644,0.0055838223334754,0.2093023255813954,0.3333333333333333
0.8325915210860131,0.6511627906976744,0.2532431214987741,0.3488372093023256,0.5
0.1015355513519528,0.2325581395348837,0.1065581947958896,0.5348837209302325,0.5
0.2162011794814732,0.4496124031007752,0.0256880012818303,0.3720930232558139,0.1666666666666666
0.1541114943807722,0.5271317829457364,0.8832748347073709,0.813953488372093,0.1666666666666666
0.704573272504729,0.5891472868217054,1.0000000000000002,0.3953488372093023,0.5
0.2032380104595527,0.4883720930232558,0.0295576778312881,0.4186046511627906,0.1666666666666666
0.1894403026593969,0.5116279069767441,0.1883051119031855,0.813953488372093,0.5
0.0719928786024257,0.1705426356589147,1.0000000000000002,0.5348837209302325,0.3333333333333333
0.1323022143095582,0.2248062015503875,0.0144417538099686,0.5348837209302325,0.3333333333333333
0.0793924557694447,0.3178294573643411,0.5430758486835542,0.5581395348837209,0.5
0.2181484366306887,0.5581395348837209,0.2374923286685592,0.4418604651162791,0.5
0.1073216868810504,0.2558139534883721,0.0,0.5348837209302325,0.5
0.0381662401246244,0.1550387596899224,0.1919631655163448,0.3720930232558139,0.3333333333333333
0.4005229776343607,0.6124031007751938,0.048996756122705,0.744186046511628,0.3333333333333333
0.1149994436408145,0.3643410852713178,0.071186932586002,0.5348837209302325,0.3333333333333333
0.0722710581951708,0.1007751937984496,0.3875329905041765,0.813953488372093,0.5
0.200790030043396,0.4883720930232558,0.0398969698618707,0.5348837209302325,0.5
0.1136641815956381,0.3798449612403101,0.0461549624066969,0.2093023255813954,0.1666666666666666
0.401635696005341,0.6744186046511628,0.1549896153601973,0.5348837209302325,0.5
0.1913319238900634,0.4728682170542635,0.8572754453907013,0.5348837209302325,0.3333333333333333
0.1840992544786914,0.5116279069767441,0.5848260308304386,0.7906976744186046,0.3333333333333333
0.1990653165683765,0.5736434108527132,0.7324481448226449,0.5348837209302325,0.5
0.0713252475798375,0.2945736434108527,0.5421991250903176,0.4883720930232558,0.3333333333333333
0.3409925447869144,0.4728682170542635,0.070431136384936,0.1860465116279069,0.3333333333333333
0.200790030043396,0.5503875968992248,0.0480595688333832,0.6744186046511628,0.5
0.5179147657727828,0.4961240310077519,0.2073511761700481,0.627906976744186,0.6666666666666666
0.1300767775675976,0.3565891472868217,1.0000000000000002,0.7209302325581396,0.1666666666666666
0.1927228218537888,0.3565891472868217,0.0151068544669067,0.7209302325581396,0.6666666666666666
0.0324357405140758,0.0930232558139534,0.0,0.8372093023255814,0.1666666666666666
0.2055747190386113,0.5658914728682171,0.1186207021649026,0.813953488372093,0.5
0.6743629687326137,0.6976744186046512,0.0762658830571654,0.5348837209302325,0.1666666666666666
0.2052409035273172,0.4418604651162791,0.3377411367779501,0.6046511627906976,0.5
0.0604762434627795,0.2248062015503875,0.1896655450651043,0.3953488372093023,0.5
0.0923556247913653,0.3178294573643411,0.1300785725730628,0.7906976744186046,0.1666666666666666
0.2121953933459441,0.6124031007751938,0.0023187827448704,0.5581395348837209,0.5
0.0897407366195615,0.3565891472868217,0.0348482512387499,0.813953488372093,0.1666666666666666
0.2050739957716701,0.4728682170542635,0.0386574640921225,0.2558139534883721,0.5
0.0938021586736397,0.193798449612403,0.0103604543242123,0.5116279069767442,0.5
0.876154445309892,0.813953488372093,0.6733751137473283,0.5348837209302325,0.5
0.0981973962390119,0.3720930232558139,0.0807099647194333,0.5348837209302325,0.5
0.1466562812952042,0.4341085271317829,1.0000000000000002,0.5348837209302325,0.3333333333333333
0.1950038945142984,0.5116279069767441,0.0601825398984814,0.1860465116279069,0.5
0.2272170913541782,0.5891472868217054,0.0116604237900458,0.5348837209302325,0.5
0.0465116279069767,0.1550387596899224,0.0334273543807459,0.813953488372093,0.1666666666666666
0.2397908089462557,0.4961240310077519,0.0410457800874909,0.5348837209302325,0.1666666666666666
0.2011794814732391,0.4728682170542635,0.0215764699480314,0.1395348837209302,0.8333333333333333
0.2089685100701012,0.4108527131782945,0.3624405566287861,0.5348837209302325,0.5
0.4326249026371425,0.4263565891472868,0.102507127158176,0.0,0.1666666666666666
0.0514632246578391,0.2170542635658914,0.0512339128778603,0.6046511627906976,0.3333333333333333
0.7262156448202959,0.6744186046511628,0.2885236881645338,0.1395348837209302,0.5
0.2308890619784132,0.5968992248062015,0.0,0.6744186046511628,0.3333333333333333
0.0445087348392121,0.1240310077519379,0.1139347657182936,0.3720930232558139,0.3333333333333333
0.2599310114609992,0.5271317829457364,0.0220904113647563,0.3488372093023256,0.1666666666666666
0.1271280738844998,0.3488372093023255,0.467889242601511,0.2558139534883721,0.3333333333333333
0.2075219761878268,0.4573643410852712,0.0214253107078182,0.7209302325581396,0.1666666666666666
0.0492377879158784,0.2248062015503875,0.0239950177914425,0.7906976744186046,0.5
0.7617669967731167,0.8062015503875969,1.0000000000000002,0.2093023255813954,0.3333333333333333
0.1137754534327361,0.4031007751937984,0.9031673907194272,0.3255813953488372,0.1666666666666666
0.1127183709803048,0.2713178294573644,0.0061279955982429,0.5348837209302325,0.5
0.1954489818626905,0.4108527131782945,0.0243275681199116,0.4883720930232558,0.1666666666666666
0.0650383887837988,0.1472868217054263,0.0985165232165477,0.4418604651162791,0.5
0.2449093134527651,0.5581395348837209,0.1011466939962573,0.5348837209302325,0.6666666666666666
0.2406809836430399,0.4496124031007752,0.123699652636066,0.3720930232558139,0.5
0.0327695560253699,0.2248062015503875,0.192114324756558,0.5348837209302325,0.3333333333333333
0.6957827973739846,0.8372093023255813,0.4279529713371849,0.813953488372093,0.1666666666666666
0.2240458439968843,0.3875968992248062,0.0129603932558793,0.5348837209302325,0.3333333333333333
0.3633581840436186,0.6589147286821705,0.2440526396938118,0.4186046511627906,0.5
0.1874930455101813,0.4418604651162791,0.1873679246138637,1.0,0.5
0.2136975631467675,0.5348837209302325,0.5414735607372944,0.7674418604651162,0.3333333333333333
0.2172026260153555,0.5193798449612402,0.0469409904558055,0.3023255813953488,0.5
0.2379548236341382,0.6124031007751938,0.0360877570084981,0.5348837209302325,0.6666666666666666
0.2499165461221764,0.5271317829457364,0.568138050710902,0.4883720930232558,0.1666666666666666
0.2442416824301769,0.6124031007751938,0.2253391257554183,0.5813953488372093,0.5
0.1148325358851674,0.4806201550387596,1.0000000000000002,0.5348837209302325,0.1666666666666666
0.0733281406476021,0.2713178294573644,0.3610801234668674,0.5348837209302325,0.5
0.4898186269055302,0.6124031007751938,1.0000000000000002,0.5813953488372093,0.5
0.2352842995437855,0.5891472868217054,0.0310088065373348,0.627906976744186,0.5
0.2552019583843329,0.5193798449612402,0.0496316249316004,0.4418604651162791,0.1666666666666666
0.2159229998887281,0.5813953488372092,0.0507502033091781,0.5348837209302325,0.3333333333333333
0.0218649159897629,0.1472868217054263,0.3256786294089371,0.5348837209302325,0.1666666666666666
0.2435184154890397,0.6201550387596899,0.0437061827152432,0.6976744186046512,0.5
0.2238233003226883,0.5348837209302325,0.0492688427550887,0.5348837209302325,0.5
0.6904417491932792,0.9457364341085271,1.0000000000000002,0.5348837209302325,0.5
0.2163680872371202,0.5271317829457364,0.0648987081931331,0.6511627906976745,0.3333333333333333
0.4004117057972627,0.689922480620155,1.0000000000000002,0.6511627906976745,0.1666666666666666
0.2136419272282185,0.5116279069767441,0.4628102921303476,0.627906976744186,0.3333333333333333
0.3838322020696562,0.6124031007751938,0.6192601057510044,0.5348837209302325,0.5
0.4094247246022032,0.5116279069767441,0.0899306783724382,0.4883720930232558,0.5
0.2381773673083342,0.7054263565891472,0.0573105143344307,0.6744186046511628,0.3333333333333333
0.0116835428952932,0.1007751937984496,0.3092929677698268,0.6511627906976745,0.5
0.2134750194725715,0.4341085271317829,0.2006094740565396,0.5348837209302325,0.1666666666666666
0.1947813508401023,0.4496124031007752,0.0285297949978384,0.3023255813953488,0.1666666666666666
0.0462334483142316,0.2093023255813953,0.6842888108907209,0.5348837209302325,0.5
0.0938021586736397,0.2868217054263565,0.0571291232461749,0.3953488372093023,0.5
0.2027929231111605,0.5813953488372092,0.007458196912119,0.5116279069767442,0.6666666666666666
0.2393457215978636,0.5348837209302325,0.0294065185910749,0.5116279069767442,0.6666666666666666
0.0785022810726605,0.2403100775193798,0.0029234197057231,0.3488372093023256,0.5
0.4082007343941248,0.4108527131782945,0.5409898511686121,0.5348837209302325,0.5
0.7355068432179814,0.6666666666666666,0.1743984618035716,0.2558139534883721,0.1666666666666666
0.2078557916991209,0.5271317829457364,0.1375760708876373,0.5348837209302325,0.1666666666666666
0.2283854456437075,0.3023255813953488,1.0000000000000002,0.7674418604651162,0.5
0.1674084789139868,0.4651162790697674,0.4730891204648448,0.4651162790697675,0.1666666666666666
0.1878268610214754,0.5503875968992248,0.5089743240914574,0.5116279069767442,0.3333333333333333
0.105930788917325,0.1395348837209302,0.2697194786820123,0.4651162790697675,0.5
0.07683320351619,0.186046511627907,1.0000000000000002,0.5348837209302325,0.3333333333333333
0.0679870924668966,0.193798449612403,0.0201253412419847,0.5581395348837209,0.1666666666666666
0.39039724045844,0.3720930232558139,0.2444456537183661,0.7209302325581396,0.5
0.2340603093357071,0.4651162790697674,0.0455805572938868,0.5581395348837209,0.1666666666666666
0.4533771002559252,0.5503875968992248,1.0000000000000002,0.5348837209302325,0.5
0.2025147435184154,0.5038759689922481,0.0158626506679726,0.5348837209302325,0.1666666666666666
0.8080004450873484,0.8062015503875969,1.0000000000000002,0.6744186046511628,0.5
0.0817291643485034,0.2093023255813953,0.0110255549811504,0.5813953488372093,0.3333333333333333
0.0588071659063091,0.248062015503876,0.0384760730038666,0.5348837209302325,0.5
0.0313230221430955,0.0852713178294573,0.3429107827932414,0.3255813953488372,0.5
0.2239345721597863,0.5038759689922481,0.090112069460694,0.4418604651162791,0.5
0.1917213753199065,0.4728682170542635,0.0797123137340262,0.3953488372093023,0.5
0.2100812284410815,0.5891472868217054,0.0269275070515785,0.4418604651162791,0.5
0.0581395348837209,0.1472868217054263,0.0218787884284578,0.3720930232558139,0.5
0.7910314899298987,0.8992248062015503,0.1221578283858914,0.3488372093023256,0.5
0.0870145766106598,0.5503875968992248,0.0154696366434183,0.5348837209302325,0.3333333333333333
0.2225993101146099,0.5116279069767441,0.2274855869664457,0.9767441860465116,0.3333333333333333
0.149827528652498,0.3410852713178294,0.2197160020194874,0.627906976744186,0.5
0.1836541671302993,0.3953488372093023,1.0000000000000002,0.3488372093023256,0.3333333333333333
0.263046622899744,0.5581395348837209,0.0626615514379778,0.5116279069767442,0.1666666666666666
0.3946812061867141,0.5968992248062015,0.5426223709629147,0.6046511627906976,0.5
0.073161232891955,0.3178294573643411,0.0315227479540596,0.627906976744186,0.5
0.1513853343718705,0.2868217054263565,0.8716658050589975,0.813953488372093,0.5
0.0832869700678758,0.2790697674418604,0.3101999232111059,0.2558139534883721,0.3333333333333333
0.1228997440747746,0.2015503875968992,0.0085163115936114,0.8604651162790699,1.0
0.0802269945476799,0.2248062015503875,0.0780495620916811,0.5348837209302325,0.3333333333333333
0.1160008901746967,0.1627906976744186,0.0258089286740009,0.5348837209302325,0.3333333333333333
0.2385111828196283,0.6046511627906976,0.0003234807740562,0.5116279069767442,0.3333333333333333
0.0213085568042728,0.0930232558139534,0.0272298255320049,0.7209302325581396,0.3333333333333333
0.8309224435295426,0.8372093023255813,0.196558406418826,0.5348837209302325,0.3333333333333333
0.0807277178146211,0.1705426356589147,0.2232531282404762,0.4883720930232558,0.5
0.4034160453989095,0.5736434108527132,0.4551616345755599,0.5813953488372093,1.0
0.2596528318682541,0.4341085271317829,0.0473944681764451,0.6976744186046512,0.1666666666666666
0.1106598419939913,0.2170542635658914,0.0220601795167136,0.6511627906976745,0.3333333333333333
0.0575275397796817,0.2713178294573644,0.0429806183622198,0.627906976744186,0.5
0.0772782908645821,0.1782945736434108,0.3611405871629526,0.3488372093023256,0.5
0.1710248136196728,0.3643410852713178,0.1716171317836488,0.6744186046511628,0.1666666666666666
0.1014799154334038,0.3953488372093023,0.0149859270747361,0.5348837209302325,0.1666666666666666
0.1903861132747301,0.4031007751937984,0.0,0.4651162790697675,0.3333333333333333
0.1951708022699455,0.4573643410852712,0.0038001432989597,1.0,0.3333333333333333
0.2109714031378658,0.4961240310077519,0.043464327930902,0.627906976744186,0.1666666666666666
0.0765550239234449,0.4341085271317829,0.0135952620647747,0.2790697674418605,0.5
0.0654834761321909,0.2170542635658914,0.0,0.5813953488372093,0.5
0.2705018359853121,0.5038759689922481,0.0476665548088289,0.4418604651162791,0.5
0.251919439189941,0.5891472868217054,0.0342738461259398,0.5348837209302325,0.1666666666666666
0.1251251808167353,0.4263565891472868,1.0000000000000002,0.2093023255813954,0.5
0.153555135195282,0.4108527131782945,0.2246437932504376,0.8604651162790699,0.3333333333333333
0.2490263714253922,0.6046511627906976,0.2342272890799542,0.5348837209302325,0.3333333333333333
0.3822187604317347,0.5116279069767441,0.1005722888834471,0.5348837209302325,0.1666666666666666
0.2135306553911205,0.4108527131782945,0.0032862018822348,0.3953488372093023,0.5
0.0581395348837209,0.2713178294573644,0.0182207348152985,0.5348837209302325,0.5
0.8887837988205185,0.7286821705426356,0.7255552834689232,0.5348837209302325,0.1666666666666666
0.0740514075887393,0.2248062015503875,0.2752519068738153,0.5348837209302325,0.3333333333333333
0.1469344608879492,0.4418604651162791,0.3768611481451249,0.5348837209302325,0.1666666666666666
0.2198731501057082,0.6046511627906976,0.149487419016437,0.6976744186046512,0.5
0.2503616334705686,0.6046511627906976,0.4954606880163977,0.7209302325581396,0.5
0.1822076332480249,0.4496124031007752,0.7406409756422001,0.5348837209302325,0.1666666666666666
0.2252141982864137,0.3875968992248062,0.0137161894569453,0.3953488372093023,0.5
0.0880160231445421,0.248062015503876,0.0,0.5348837209302325,0.5
0.2350061199510403,0.6666666666666666,0.119678816846395,0.6511627906976745,0.3333333333333333
0.2432958718148436,0.4728682170542635,0.0524431867995658,0.5348837209302325,0.1666666666666666
0.2030154667853566,0.4418604651162791,0.0253252191053187,0.3255813953488372,0.5
0.080338266384778,0.2713178294573644,0.0134441028245615,0.5348837209302325,0.5
0.24463113386002,0.3333333333333333,0.0655940406981138,0.6511627906976745,0.5
0.4918771558918437,0.4573643410852712,0.3765588296646985,0.2093023255813954,0.3333333333333333
0.051351952820741,0.1782945736434108,0.4373248442304029,0.7906976744186046,0.1666666666666666
0.2135306553911205,0.6201550387596899,0.1249996221018995,0.5348837209302325,0.3333333333333333
0.2065205296539445,0.5038759689922481,0.0,0.9767441860465116,0.5
0.255480137977078,0.5658914728682171,0.0,0.5581395348837209,0.1666666666666666
0.0630911316345832,0.2713178294573644,0.1600383339833181,0.2325581395348837,0.3333333333333333
0.2673305886280182,0.5581395348837209,0.0785332716603633,0.6046511627906976,0.6666666666666666
0.6676310225881829,0.6666666666666666,0.078140257635809,0.5348837209302325,0.5
0.1639590519639479,0.4341085271317829,0.6951118124899858,0.4883720930232558,0.5
0.7796817625458996,0.7441860465116279,0.3342644742530466,0.0697674418604651,0.3333333333333333
0.0379993323689774,0.193798449612403,0.2140928782835566,0.5581395348837209,0.5
0.240959163235785,0.5426356589147286,0.8157671180281579,0.3720930232558139,0.5
0.3887837988205185,0.6201550387596899,0.28607490847308,0.6744186046511628,0.3333333333333333
0.2016802047401802,0.4728682170542635,0.1484293043349447,0.6046511627906976,0.5
0.1009235562479136,0.4418604651162791,0.1292925445239542,0.2790697674418605,0.3333333333333333
0.7072437965950817,0.7906976744186046,0.0678009656052265,0.8372093023255814,0.5
0.1881050406142205,0.5503875968992248,0.0419829673768127,0.3488372093023256,0.3333333333333333
0.1508289751863803,0.4341085271317829,0.2075023354102613,0.3953488372093023,0.3333333333333333
0.1167241571158339,0.2713178294573644,0.067589342668928,0.6744186046511628,0.3333333333333333
0.0308779347947034,0.1395348837209302,0.0648382444970478,0.6744186046511628,0.3333333333333333
0.127795704907088,0.3875968992248062,0.0471223815440614,0.2093023255813954,0.5
0.2057416267942583,0.4573643410852712,0.0386272322440798,0.9302325581395348,0.5
0.2622677200400579,0.5813953488372092,0.0206695145067522,0.8372093023255814,0.1666666666666666
0.1805941916101034,0.4418604651162791,1.0000000000000002,0.5348837209302325,0.5
0.2573717592077445,0.5116279069767441,0.0,0.3488372093023256,0.5
0.2326137754534327,0.6356589147286821,0.0360575251604555,0.5116279069767442,0.5
0.0984199399132079,0.3100775193798449,0.01147903270179,0.5348837209302325,0.5
0.2458551240680983,0.3410852713178294,0.0373272627782463,0.5813953488372093,0.5
0.1186714142650495,0.4806201550387596,0.3355946755669227,0.2093023255813954,0.5
0.2064092578168465,0.4728682170542635,0.100330434099106,0.4883720930232558,0.5
0.0514632246578391,0.1162790697674418,0.2178718592888865,0.5348837209302325,0.5
0.2223767664404139,0.6434108527131782,0.051173449181775,0.627906976744186,0.8333333333333333
0.2292756203404918,0.5116279069767441,0.8147996988907935,0.5581395348837209,0.5
0.1357516412595971,0.3953488372093023,0.5137207242341517,0.8604651162790699,0.3333333333333333
0.0482919773005452,0.1550387596899224,1.0000000000000002,0.5348837209302325,0.5
0.4206075442305552,0.5503875968992248,0.653966267303954,0.744186046511628,0.3333333333333333
0.1909424724602203,0.4573643410852712,0.0894167369557134,0.5348837209302325,0.3333333333333333
0.1190608656948926,0.4263565891472868,0.6671775848985873,0.1395348837209302,0.1666666666666666
0.2268276399243351,0.6356589147286821,0.0247205821444659,0.4651162790697675,0.3333333333333333
0.0525203071102703,0.193798449612403,0.0687986165906335,0.4651162790697675,0.5
0.0398353176810949,0.1162790697674418,0.7077789568198515,0.6046511627906976,0.5
0.0663736508289751,0.2945736434108527,0.067589342668928,0.5348837209302325,0.5
0.4285634805830644,0.5891472868217054,0.182319205990743,0.5581395348837209,0.1666666666666666
0.1362523645265383,0.3720930232558139,0.29478168070936,0.5348837209302325,0.5
0.0741070435072883,0.2015503875968992,0.1119092318994368,0.2093023255813954,0.6666666666666666
0.2111939468120618,0.4883720930232558,0.0105116135644255,0.5116279069767442,0.5
0.0488483364860353,0.2403100775193798,0.0510222899415618,0.5581395348837209,0.1666666666666666
0.0851785912985423,0.2713178294573644,0.2575965076169141,0.744186046511628,0.5
0.2104706798709246,0.4341085271317829,0.0879656082496667,0.5348837209302325,0.3333333333333333
0.2088572382330032,0.5038759689922481,0.0567965729177058,0.4883720930232558,0.8333333333333333
0.9195504617781238,0.8682170542635659,0.1081604827421495,0.3953488372093023,0.1666666666666666
0.1332480249248915,0.3565891472868217,0.0240857133355704,0.1627906976744186,0.5
0.2425169689551574,0.4883720930232558,0.0,0.5348837209302325,0.5
0.3777678869478135,0.5193798449612402,0.2575965076169141,0.5813953488372093,0.5
0.182597084677868,0.5271317829457364,0.0338506002533428,0.4883720930232558,0.5
0.8582953154556581,0.8449612403100775,0.1524501401246157,0.627906976744186,0.5
0.0593078891732502,0.186046511627907,0.2075023354102613,0.6744186046511628,0.3333333333333333
0.419828641370869,0.6124031007751938,0.2182044096173555,0.0,0.1666666666666666
0.7140870145766106,0.8062015503875969,0.2351040126731907,0.6744186046511628,0.3333333333333333
0.0847335039501502,0.3565891472868217,0.2974420833371123,0.3953488372093023,0.3333333333333333
0.7492489150995882,0.9069767441860463,0.47039848598905,0.6744186046511628,0.5
0.0627016802047401,0.0930232558139534,0.1028396774866451,0.5348837209302325,0.1666666666666666
0.2686658506731946,0.5891472868217054,0.0241764088796984,0.5581395348837209,0.6666666666666666
0.0400578613552909,0.186046511627907,1.0000000000000002,0.5348837209302325,0.1666666666666666
0.8268610214754645,0.6744186046511628,0.3474757918476798,0.5348837209302325,0.1666666666666666
0.080449538221876,0.4108527131782945,0.316730002388316,0.7906976744186046,0.3333333333333333
0.2359519305663736,0.5813953488372092,0.1297762540926364,0.7209302325581396,0.5
0.7605986424835873,0.8992248062015503,0.4252321050133473,0.3023255813953488,0.1666666666666666
0.2092466896628463,0.6046511627906976,0.0415899533522584,0.7674418604651162,0.8333333333333333
0.2362301101591187,0.5813953488372092,0.022785743869737,0.7674418604651162,0.5
0.1883275842884166,0.4728682170542635,0.1002095067069355,0.5348837209302325,0.3333333333333333
0.4086458217425169,0.5503875968992248,0.2828703325805603,0.7674418604651162,0.1666666666666666
0.1779793034382997,0.4186046511627906,0.0250531324729349,0.813953488372093,0.5
0.2567597641037053,0.5968992248062015,0.0473944681764451,0.5348837209302325,0.5
0.051351952820741,0.2325581395348837,0.0411667074796615,0.8604651162790699,0.1666666666666666
0.1478802715032825,0.4883720930232558,0.7593544895805936,0.3953488372093023,0.5
0.1665739401357516,0.3875968992248062,0.2937537978759104,0.3488372093023256,0.5
0.1746967842439078,0.5426356589147286,0.5439223404287481,0.5348837209302325,0.3333333333333333
0.1833759875375542,0.3953488372093023,0.0387481596362504,0.6046511627906976,0.5
0.1372538110604206,0.2790697674418604,0.1847982175302394,0.4883720930232558,0.5
0.105819517080227,0.2170542635658914,0.1242740577488761,0.9767441860465116,0.1666666666666666
0.229998887281629,0.5813953488372092,0.109793002536452,0.3953488372093023,0.1666666666666666
0.2024034716813174,0.4728682170542635,0.0199137183056863,0.4651162790697675,0.3333333333333333
0.2609324579948815,0.6124031007751938,0.0,0.3953488372093023,0.3333333333333333
0.2042950929119839,0.5813953488372092,0.1069814406684866,0.5116279069767442,0.1666666666666666
0.1847668855012796,0.2713178294573644,0.0596988303297992,0.3720930232558139,0.1666666666666666
0.1193390452876377,0.4031007751937984,0.1166556320421311,0.1860465116279069,0.5
0.21920551908312,0.4031007751937984,0.0445224426123944,0.5813953488372093,0.3333333333333333
0.2150884611104929,0.5891472868217054,0.3311203620566121,0.4883720930232558,0.5
0.1050406142205407,0.2093023255813953,0.1805355269562273,0.5116279069767442,0.5
0.8118393234672304,0.6589147286821705,0.1432294264716108,0.4186046511627906,0.1666666666666666
0.0596417046845443,0.2868217054263565,0.5032605048113986,0.5348837209302325,0.3333333333333333
0.0708245243128964,0.2558139534883721,0.3717519658259189,0.5348837209302325,0.5
0.0976410370535217,0.2403100775193798,0.0469107586077629,0.5348837209302325,0.3333333333333333
0.1874374095916323,0.6589147286821705,0.0465479764312512,0.2790697674418605,0.6666666666666666
0.2489707355068432,0.5968992248062015,0.149487419016437,0.627906976744186,0.1666666666666666
0.211972849671748,0.5813953488372092,0.0426782998817934,0.5348837209302325,0.1666666666666666
0.0343273617447424,0.1472868217054263,0.2662125843090662,0.5348837209302325,0.5
0.0716034271725826,0.2635658914728682,0.2097697240134592,0.6744186046511628,0.6666666666666666
0.2046845443418271,0.5658914728682171,0.0199137183056863,0.627906976744186,0.3333333333333333
0.3872259931011461,0.5581395348837209,0.3273111492032396,0.5348837209302325,0.8333333333333333
0.4288972960943585,0.5736434108527132,0.0786844309005765,0.7906976744186046,0.6666666666666666
0.2291087125848447,0.4883720930232558,0.0301018510960556,0.6046511627906976,0.5
0.6994547679982196,0.6356589147286821,0.2510361965916614,0.6744186046511628,0.1666666666666666
0.0505730499610548,0.1550387596899224,0.4238716718514286,0.627906976744186,0.3333333333333333
0.1539445866251251,0.4418604651162791,0.1044721972809476,0.5813953488372093,0.5
0.193557360632024,0.4031007751937984,0.010723236500724,0.5581395348837209,0.1666666666666666
0.2055190831200623,0.4108527131782945,0.0306460243608231,0.1395348837209302,0.1666666666666666
0.0457327250472905,0.1085271317829457,0.0609987997956327,0.7209302325581396,0.5
0.2433515077333927,0.5426356589147286,0.0313111250177612,0.6744186046511628,0.8333333333333333
0.2350617558695893,0.5658914728682171,0.1563500485221161,0.627906976744186,0.3333333333333333
0.0672081896072104,0.2093023255813953,0.038445841155824,0.1162790697674418,0.1666666666666666
0.1180594191610103,0.3410852713178294,0.2250065754269493,0.5813953488372093,0.5
0.2387893624123734,0.5813953488372092,0.0180393437270426,0.5348837209302325,0.3333333333333333
0.073105596973406,0.3023255813953488,0.0709450778016609,0.5813953488372093,0.5
0.0505730499610548,0.2015503875968992,0.0418015762885569,0.7209302325581396,0.5
0.1966173361522198,0.4341085271317829,0.0915027344706554,0.5348837209302325,0.5
0.0415043952375653,0.0852713178294573,0.0444922107643518,0.6976744186046512,0.3333333333333333
0.0675976410370535,0.1472868217054263,0.2008513288408807,0.1627906976744186,0.5
0.4038054968287526,0.5658914728682171,0.025294987257276,0.6046511627906976,0.3333333333333333
0.1613997997106932,0.4496124031007752,0.7535802066044496,0.7209302325581396,0.3333333333333333
0.1897184822521419,0.5813953488372092,0.5115137993270391,0.5116279069767442,0.5
0.2261043729831979,0.5503875968992248,0.0037396796028744,0.7906976744186046,0.1666666666666666
0.2129186602870813,0.5503875968992248,0.0744217403265644,0.4651162790697675,0.3333333333333333
0.0620340491821519,0.186046511627907,0.3878050771365602,0.5116279069767442,0.5
0.237342828530099,0.6201550387596899,0.0,0.6744186046511628,0.3333333333333333
0.0687659953265828,0.1395348837209302,0.6993442712159552,0.5348837209302325,0.3333333333333333
0.2273839991098253,0.5193798449612402,0.0060977637502002,0.5348837209302325,0.1666666666666666
0.1980638700344942,0.4418604651162791,0.6980443017501217,0.5348837209302325,0.5
0.2130299321241793,0.5891472868217054,0.0663196050511371,0.6511627906976745,0.1666666666666666
0.1117169244464226,0.4418604651162791,0.2398201809678423,0.2790697674418605,0.3333333333333333
0.8172916434850339,0.8372093023255813,0.0693730217034437,0.7906976744186046,0.5
0.0396127740068988,0.2093023255813953,0.3879260045287308,0.744186046511628,0.5
0.0615333259152108,0.1705426356589147,0.1347040453235866,1.0,1.0
0.1333592967619895,0.2713178294573644,0.0557082263881708,0.3720930232558139,0.3333333333333333
0.0872371202848559,0.4031007751937984,0.3466897637985712,0.4186046511627906,0.5
0.2218760431734728,0.4186046511627906,0.0557686900842561,0.5116279069767442,0.5
0.1603427172582619,0.5891472868217054,0.0408643889992351,0.5348837209302325,0.5
0.0635918549015244,0.2635658914728682,0.1118790000513941,0.6976744186046512,0.5
0.0378324246133303,0.2790697674418604,0.0341831505818119,0.3953488372093023,0.1666666666666666
0.7086346945588071,0.751937984496124,1.0000000000000002,0.7209302325581396,1.0
0.1811505507955936,0.5658914728682171,0.0057652134217312,0.6046511627906976,0.3333333333333333
0.0994770223656392,0.2713178294573644,0.0139580442412864,0.5581395348837209,0.3333333333333333
0.2079114276176699,0.5503875968992248,0.1964374790266554,1.0,0.3333333333333333
0.0970846778680316,0.2945736434108527,0.0628429425262337,0.0,0.5
0.1917213753199065,0.4961240310077519,0.2925445239542047,0.5116279069767442,0.3333333333333333
0.0407811282964281,0.1472868217054263,0.0524734186476085,0.5348837209302325,0.1666666666666666
0.2335039501502169,0.6046511627906976,0.0,0.5348837209302325,0.6666666666666666
0.1162790697674418,0.2635658914728682,0.209951115101715,0.6046511627906976,0.5
0.0922999888728162,0.2170542635658914,0.2207438848529372,0.2790697674418605,0.1666666666666666
0.737398464448648,0.7286821705426356,0.2737100826236407,0.5348837209302325,0.3333333333333333
0.7992099699566039,0.751937984496124,0.8200600404502127,0.5348837209302325,0.5
0.0482363413819962,0.3023255813953488,0.0164370557807828,0.7674418604651162,0.3333333333333333
0.2170913541782574,0.5968992248062015,0.2293599615450893,0.7209302325581396,0.3333333333333333
0.3951262935351062,0.5581395348837209,0.1446805551776575,0.4651162790697675,0.3333333333333333
0.1651274062534772,0.4186046511627906,0.0315832116501449,0.2325581395348837,0.5
0.1499944364081451,0.3410852713178294,0.403404710726562,0.6744186046511628,0.3333333333333333
0.0397796817625459,0.186046511627907,0.1450131055061265,0.6046511627906976,0.6666666666666666
0.2975965283186825,0.5581395348837209,0.1119394637474794,0.1395348837209302,0.3333333333333333
0.0652052965394458,0.2248062015503875,0.0383249137636534,0.6976744186046512,0.5
0.0894625570268165,0.4186046511627906,0.0,0.7674418604651162,0.3333333333333333
0.2136975631467675,0.4961240310077519,0.0492990746031314,0.5348837209302325,0.8333333333333333
0.2105263157894736,0.4418604651162791,0.1736426656025056,0.5813953488372093,0.6666666666666666
0.1077111383108935,0.2868217054263565,0.2550268005332898,0.3953488372093023,0.5
0.4614443084455324,0.7829457364341085,0.0351203378711337,0.5581395348837209,0.5
0.2176477133637476,0.4651162790697674,0.3319970856498487,0.4883720930232558,0.5
0.1795927450762212,0.5193798449612402,0.042466676945495,0.6046511627906976,0.1666666666666666
0.2174251696895515,0.5426356589147286,0.028227476517412,0.6511627906976745,0.5
0.2267163680872371,0.5271317829457364,0.0590034978248185,0.5116279069767442,0.5
0.1343607432958718,0.2403100775193798,0.0513548402700308,0.5348837209302325,0.3333333333333333
0.7405140758873928,0.689922480620155,0.3923398543429561,0.5348837209302325,0.8333333333333333
0.142316679648381,0.5193798449612402,0.1947747273843103,0.5813953488372093,0.5
0.4414153777678869,0.4496124031007752,1.0000000000000002,0.5348837209302325,0.5
0.2474129297874708,0.5271317829457364,0.0114185690057047,0.6744186046511628,0.5
0.4185490152442416,0.6511627906976744,0.2016978205860746,0.4883720930232558,0.5
0.1140536330254812,0.4806201550387596,0.4072743872760198,0.5348837209302325,0.5
0.0,0.1085271317829457,0.0589128022806906,0.5348837209302325,0.5
0.2385111828196283,0.4263565891472868,0.0148952315306082,0.6744186046511628,0.3333333333333333
0.22994325136308,0.5116279069767441,0.0099069766035728,0.813953488372093,0.8333333333333333
0.2136419272282185,0.5658914728682171,0.5570731943272961,0.5348837209302325,0.1666666666666666
0.2165349949927673,0.4186046511627906,0.2031791811401639,0.6511627906976745,0.1666666666666666
0.2052965394458662,0.5658914728682171,0.2090441596604359,0.744186046511628,0.3333333333333333
0.1848225214198286,0.5968992248062015,0.0,0.5348837209302325,0.5
0.0537442973183487,0.2093023255813953,0.1394806773143235,0.627906976744186,0.6666666666666666
0.2487481918326471,0.6201550387596899,0.0391714055088473,0.3488372093023256,0.5
0.0398353176810949,0.1782945736434108,0.0,0.9767441860465116,0.1666666666666666
0.7861911650161344,0.6589147286821705,0.2529408030183477,0.7906976744186046,0.1666666666666666
0.2366195615889618,0.5116279069767441,0.0823727163617785,0.5116279069767442,0.1666666666666666
0.2130299321241793,0.5736434108527132,0.0469712223038482,0.6046511627906976,0.5
0.0974741292978747,0.2868217054263565,0.0365412347291377,0.5116279069767442,0.5
0.2059085345499054,0.4186046511627906,0.0,0.6744186046511628,0.3333333333333333
0.7552019583843329,0.627906976744186,0.277035585908331,0.6976744186046512,0.3333333333333333
0.1045398909535996,0.2558139534883721,0.0072163421277779,0.5348837209302325,0.1666666666666666
0.8083342605986424,0.8527131782945736,0.8492942375074446,0.5813953488372093,0.1666666666666666
0.0551351952820741,0.2713178294573644,0.0544082569223374,0.1395348837209302,0.1666666666666666
0.0474018026037609,0.1085271317829457,0.0296786052234587,0.3953488372093023,0.5
0.2029041949482586,0.3720930232558139,0.0321878486109977,0.4883720930232558,0.5
0.2473016579503727,0.5271317829457364,0.0357552066800291,0.5348837209302325,0.1666666666666666
0.799543785467898,0.7674418604651162,0.0651707948255169,0.5581395348837209,0.5
0.0790586402581506,0.2945736434108527,0.228543701647938,0.5348837209302325,0.3333333333333333
0.2319461444308445,0.5813953488372092,0.0020769279605293,0.5348837209302325,0.1666666666666666
0.1983420496272393,0.5038759689922481,0.4525012319478077,0.7209302325581396,0.3333333333333333
0.1965060643151218,0.5813953488372092,0.0549826620351475,0.6046511627906976,0.5
0.109658395460109,0.248062015503876,0.347959501416362,0.5348837209302325,0.5
0.2357293868921776,0.4883720930232558,0.0485432784020654,0.627906976744186,0.1666666666666666
0.0504617781239568,0.193798449612403,0.0,1.0,0.3333333333333333
0.1750305997552019,0.6046511627906976,0.4432200545987175,0.5348837209302325,0.1666666666666666
0.040502948703683,0.1550387596899224,0.030827415449079,0.6511627906976745,0.3333333333333333
0.2084121508846111,0.4573643410852712,0.0836424539795693,0.3720930232558139,0.3333333333333333
0.0655391120507399,0.2713178294573644,0.2422991925073388,0.5581395348837209,0.1666666666666666
0.2320017803493935,0.5968992248062015,0.0667126190756914,0.5813953488372093,0.3333333333333333
0.2085790586402581,0.5658914728682171,0.0347877875426647,0.5348837209302325,0.3333333333333333
0.1442639367975965,0.4263565891472868,0.75965680806102,0.883720930232558,0.5
0.2001223990208078,0.5581395348837209,0.0180393437270426,0.3255813953488372,0.6666666666666666
0.1798152887504172,0.5038759689922481,0.9088509781514434,0.5813953488372093,0.5
0.0815066206743073,0.3023255813953488,0.1231554793712985,0.9302325581395348,0.5
0.0751641259597196,0.3178294573643411,0.0158626506679726,0.5581395348837209,0.3333333333333333
0.1994547679982196,0.4263565891472868,0.0236926993110161,0.4186046511627906,0.1666666666666666
0.1992878602425726,0.4961240310077519,0.0191276902565777,0.5348837209302325,0.1666666666666666
0.4493156782018471,0.3720930232558139,0.1071325999086998,0.5348837209302325,0.5
0.2040169133192389,0.4496124031007752,0.0385970003960372,0.1627906976744186,0.3333333333333333
0.4103148992989874,0.5813953488372092,1.0000000000000002,0.1162790697674418,0.3333333333333333
0.0480137977078001,0.193798449612403,0.3964211538287124,0.5581395348837209,0.5
0.2130855680427283,0.5116279069767441,0.0300413873999703,0.5348837209302325,0.5
0.0984199399132079,0.3565891472868217,0.0640219845998966,0.9767441860465116,0.1666666666666666
0.0743852231000333,0.2248062015503875,0.0301320829440982,0.3488372093023256,0.3333333333333333
0.2237120284855903,0.5193798449612402,0.0230880623501634,0.6046511627906976,0.3333333333333333
0.0386113274730165,0.1395348837209302,0.024962436928807,0.4418604651162791,0.5
0.2052965394458662,0.4418604651162791,0.0544687206184226,0.5348837209302325,0.1666666666666666
0.8856125514632246,0.875968992248062,1.0000000000000002,0.5116279069767442,0.3333333333333333
0.3901746967842439,0.6201550387596899,0.8237785577594573,0.4418604651162791,0.1666666666666666
0.2250472905307666,0.5116279069767441,0.0442805878280533,0.9302325581395348,0.8333333333333333
0.4122065205296539,0.6046511627906976,0.1542338191591314,0.5348837209302325,0.3333333333333333
0.2024591075998664,0.5348837209302325,0.0373877264743316,0.5348837209302325,0.3333333333333333
0.1740847891398687,0.5116279069767441,1.0000000000000002,0.5348837209302325,0.5
0.2185935239790808,0.4263565891472868,0.009967440299658,0.4186046511627906,0.3333333333333333
0.4592745076221208,0.7364341085271318,1.0000000000000002,0.5348837209302325,0.3333333333333333
0.1380883498386558,0.4806201550387596,0.0207904418989228,0.5348837209302325,0.1666666666666666
0.0200289306776454,0.1085271317829457,0.0998769563784664,0.5348837209302325,0.3333333333333333
0.0786691888283075,0.2945736434108527,0.0597895258739271,0.7209302325581396,0.1666666666666666
0.2134750194725715,0.6046511627906976,0.0130510888000072,0.3023255813953488,0.5
0.1795927450762212,0.4108527131782945,0.0539850110497404,0.2093023255813954,0.3333333333333333
0.0583620785579169,0.2635658914728682,0.2056884245277029,0.5348837209302325,0.5
0.1782574830310448,0.3565891472868217,0.0030745789459363,0.8372093023255814,0.1666666666666666
0.8717592077445198,0.7364341085271318,0.1158393721449798,0.7674418604651162,0.5
0.1872148659174363,0.5038759689922481,0.0174951704622751,0.3720930232558139,0.5
0.6722488038277511,0.689922480620155,0.689639847994268,0.3023255813953488,0.1666666666666666
0.05875152998776,0.2093023255813953,0.2091953189006491,0.4651162790697675,0.5
0.1805941916101034,0.4651162790697674,0.0665614598354782,0.7674418604651162,0.1666666666666666
0.1110492934238344,0.2790697674418604,0.0164975194768681,0.5348837209302325,0.5
0.0888505619227773,0.2248062015503875,0.1196485849983523,0.813953488372093,0.6666666666666666
0.2468009346834316,0.5038759689922481,0.0653521859137727,0.5581395348837209,0.3333333333333333
0.1256259040836764,0.4496124031007752,0.3002838770531204,0.5348837209302325,0.1666666666666666
0.7466896628463335,0.7906976744186046,0.0674381834287148,0.6744186046511628,0.3333333333333333
0.0535217536441526,0.2945736434108527,0.7455989987211928,0.6744186046511628,0.3333333333333333
0.069377990430622,0.1782945736434108,0.0412271711757468,0.8604651162790699,1.0
0.2493601869366863,0.5193798449612402,0.0221508750608416,0.2558139534883721,0.5
0.2106932235451207,0.6046511627906976,0.0464270490390807,0.6976744186046512,0.3333333333333333
0.2352286636252364,0.5581395348837209,0.1530245452374258,0.4186046511627906,0.1666666666666666
0.1092133081117169,0.1782945736434108,0.0737264078215837,0.0697674418604651,0.5
0.0491265160787804,0.2170542635658914,0.3981141373191001,0.5348837209302325,0.3333333333333333
0.4386892177589852,0.4031007751937984,0.1161719224734489,0.5348837209302325,0.5
0.0603093357071325,0.2713178294573644,0.2193229879949332,0.6511627906976745,0.1666666666666666
0.2089128741515522,0.5968992248062015,0.0320971530668698,0.5348837209302325,0.3333333333333333
0.2430176922220985,0.5736434108527132,0.0102092950839991,0.3255813953488372,0.1666666666666666
0.1993434961611216,0.4883720930232558,0.0,0.2790697674418605,0.3333333333333333
0.102370090130188,0.3488372093023255,1.0000000000000002,0.3953488372093023,0.5
0.040502948703683,0.1395348837209302,0.0181300392711706,0.5348837209302325,0.5
0.4020251474351841,0.5736434108527132,0.2053256423511913,0.4651162790697675,0.3333333333333333
0.1567820184711249,0.3953488372093023,0.6109161156912362,0.3488372093023256,0.1666666666666666
0.2173695337710025,0.5736434108527132,0.0515362313582867,0.5348837209302325,0.6666666666666666
0.0530210303772115,0.2325581395348837,0.2594708821955577,0.3488372093023256,0.1666666666666666
0.7758428841660175,0.6666666666666666,0.6815074808707982,0.5348837209302325,0.3333333333333333
0.2285523533993546,0.3875968992248062,0.3239856459185493,1.0,0.6666666666666666
0.4414153777678869,0.5503875968992248,0.0726380612920487,0.4883720930232558,0.5
0.084288416601758,0.2015503875968992,0.1753356490928934,0.5348837209302325,0.1666666666666666
0.2079114276176699,0.5736434108527132,0.0,0.3953488372093023,0.3333333333333333
0.1235673750973628,0.2248062015503875,0.0,0.1627906976744186,0.5
0.2288305329920997,0.4263565891472868,0.0176463297024883,0.9767441860465116,0.5
0.2915322131968398,0.4883720930232558,0.0137766531530305,0.744186046511628,0.5
0.7015132969845331,0.7286821705426356,0.5962536693905562,0.4186046511627906,0.3333333333333333
0.4070880160231445,0.5193798449612402,1.0000000000000002,0.5348837209302325,0.3333333333333333
0.4006898853900077,0.4883720930232558,0.073696175973541,0.3255813953488372,0.5
0.2151997329475909,0.5891472868217054,0.2313552635159035,0.744186046511628,0.3333333333333333
0.2817959274507622,0.4883720930232558,0.0107837001968093,0.627906976744186,0.3333333333333333
0.1731946144430844,0.4108527131782945,0.0323994715472962,0.5813953488372093,0.1666666666666666
0.1819850895738288,0.3953488372093023,0.0216671654921593,0.3720930232558139,0.5
0.069433626349171,0.3178294573643411,0.3357458348071359,0.3720930232558139,0.5
0.2094692333370424,0.4728682170542635,0.02236249799714,0.5348837209302325,0.3333333333333333
0.0718259708467786,0.2635658914728682,0.1325878159606018,0.3023255813953488,0.6666666666666666
0.0487927005674863,0.186046511627907,0.0233903808305898,0.7906976744186046,0.1666666666666666
0.1004228329809725,0.3023255813953488,0.151754807619635,0.4883720930232558,0.5
0.0531323022143095,0.186046511627907,0.1553221656886664,0.5348837209302325,0.6666666666666666
0.1107711138310893,0.2015503875968992,0.1020838812855791,0.3255813953488372,0.5
0.040224769110938,0.193798449612403,0.0527152734319496,0.8372093023255814,0.1666666666666666
0.237342828530099,0.5581395348837209,0.0,0.3023255813953488,0.3333333333333333
0.1622899744074774,0.4806201550387596,0.3641335401191739,0.5348837209302325,0.3333333333333333
0.2139201068209636,0.5968992248062015,0.0185230532957249,0.5348837209302325,0.1666666666666666
0.0503505062868588,0.2713178294573644,0.0221508750608416,0.3023255813953488,0.5
0.2137531990653165,0.5581395348837209,0.456582531433564,0.9302325581395348,0.3333333333333333
0.2035718259708467,0.4961240310077519,0.0254159146494466,0.5348837209302325,0.3333333333333333
0.0782797373984644,0.1782945736434108,0.4642311889883517,0.744186046511628,0.5
0.4202180928007121,0.4806201550387596,0.0336087454690017,0.5813953488372093,0.3333333333333333
0.0491821519973294,0.193798449612403,0.6492198671612597,0.5581395348837209,0.3333333333333333
0.2320017803493935,0.4418604651162791,0.0019560005683587,0.3255813953488372,0.1666666666666666
0.2095805051741404,0.6124031007751938,0.3093231996178694,0.3953488372093023,0.5
0.3572938689217759,0.5968992248062015,1.0000000000000002,0.3488372093023256,0.3333333333333333
0.2316123289195504,0.4883720930232558,0.054771039098849,0.3488372093023256,1.0
0.058640258150662,0.2713178294573644,0.2957490998467245,0.4883720930232558,0.1666666666666666
0.0751084900411705,0.2868217054263565,0.8786795938048897,0.5581395348837209,0.1666666666666666
0.2454100367197062,0.6201550387596899,0.0482107280735964,0.5348837209302325,0.6666666666666666
0.0552464671191721,0.186046511627907,0.2526989482340065,0.5348837209302325,0.1666666666666666
0.0665961945031712,0.3565891472868217,0.179386716730607,0.5348837209302325,0.5
0.1111605652609324,0.3023255813953488,0.2197764657155727,0.8372093023255814,0.6666666666666666
0.0815066206743073,0.2325581395348837,0.0,0.0930232558139534,0.1666666666666666
0.1869923222432402,0.5968992248062015,0.0203369641782832,0.627906976744186,0.5
0.4462557026816512,0.5193798449612402,0.6444130033224801,0.5348837209302325,0.5
0.1409814176032046,0.627906976744186,0.0,0.3488372093023256,0.5
0.4658395460109046,0.5658914728682171,0.1350365956520556,0.6976744186046512,0.3333333333333333
0.2341159452542561,0.5503875968992248,0.1012978532364705,0.4186046511627906,0.3333333333333333
0.0643707577612106,0.2868217054263565,0.1876702430942901,0.5348837209302325,0.1666666666666666
0.1943918994102592,0.5116279069767441,0.0046768668921962,0.5348837209302325,0.5
0.2258818293090019,0.5581395348837209,0.0054931267893475,0.4883720930232558,0.5
0.1784800267052409,0.5038759689922481,0.0158626506679726,0.5348837209302325,0.3333333333333333
0.1002002893067764,0.3643410852713178,0.0182811985113838,0.7209302325581396,0.1666666666666666
0.032936463781017,0.1317829457364341,0.0782309531799369,0.6046511627906976,0.6666666666666666
0.1473239123177923,0.4728682170542635,0.1614289989932794,0.744186046511628,0.3333333333333333
0.1466006453766551,0.4108527131782945,0.9578568038285612,0.6046511627906976,0.3333333333333333
0.1121620117948147,0.3410852713178294,0.3443921433473307,0.5348837209302325,0.3333333333333333
0.1333592967619895,0.3875968992248062,0.0457619483821426,0.5348837209302325,0.5
0.0569155446756425,0.248062015503876,0.0302832421843114,0.5348837209302325,0.3333333333333333
0.2178702570379437,0.627906976744186,0.0057954452697739,0.2325581395348837,0.3333333333333333
0.1002559252253254,0.2093023255813953,0.0844587138767205,0.7674418604651162,0.6666666666666666
0.8380438411038166,0.689922480620155,0.3618963833640187,0.3255813953488372,0.5
0.415934127072438,0.6046511627906976,0.1611569123608957,0.5348837209302325,0.3333333333333333
0.069322354512073,0.1782945736434108,0.4796494314900975,0.6976744186046512,0.3333333333333333
0.4188271948369867,0.6201550387596899,0.5852795085510782,0.3953488372093023,0.3333333333333333
0.204406364749082,0.3953488372093023,0.0653521859137727,0.3720930232558139,0.6666666666666666
0.0779459218871703,0.3488372093023255,0.6263645900410246,0.3488372093023256,0.3333333333333333
0.2030154667853566,0.4573643410852712,0.0385063048519093,0.5348837209302325,0.5
0.2197618782686102,0.5813953488372092,0.0906260108774189,0.5348837209302325,0.5
0.0832313341493268,0.3255813953488372,0.1867632876530109,0.6744186046511628,0.3333333333333333
0.2043507288305329,0.4418604651162791,0.1062558763154633,0.5348837209302325,0.3333333333333333
0.1154445309892066,0.5038759689922481,0.1914794559476626,0.0,0.1666666666666666
0.2476911093802158,0.4651162790697674,0.0190672265604924,0.2558139534883721,0.5
0.394291754756871,0.4728682170542635,0.0800146322144526,0.8604651162790699,0.0
0.7608211861577834,0.6821705426356589,1.0000000000000002,0.2093023255813954,0.5
0.766607321686881,0.7984496124031008,0.2136696324109596,0.6046511627906976,0.3333333333333333
0.2266607321686881,0.5736434108527132,0.6104324061225539,0.5348837209302325,0.5
0.2101368643596305,0.5426356589147286,0.0,0.5813953488372093,0.1666666666666666
0.2291643485033938,0.5116279069767441,0.2452014499194321,0.5348837209302325,0.1666666666666666
0.0108490041170579,0.0697674418604651,0.0,0.627906976744186,0.5
0.2285523533993546,0.6511627906976744,0.0247508139925085,0.3953488372093023,0.3333333333333333
0.1212863024368532,0.2558139534883721,0.098909537241102,0.6511627906976745,0.5
0.784911538889507,0.6976744186046512,0.0605755539230357,0.5348837209302325,0.5
0.2261600089017469,0.5271317829457364,0.0714892510664284,0.7906976744186046,0.1666666666666666
0.8077222654946032,0.883720930232558,0.2695078557457139,0.5348837209302325,0.5
0.2358962946478246,0.4806201550387596,0.009634889971189,0.744186046511628,0.5
0.1306331367530878,0.4728682170542635,0.0907167064215468,0.3488372093023256,0.1666666666666666
0.2031267386224546,0.4961240310077519,0.2116743304401455,0.627906976744186,0.6666666666666666
0.2493045510181373,0.5271317829457364,0.0,0.627906976744186,0.3333333333333333
0.0862913096695226,0.2170542635658914,0.0465782082792939,0.3488372093023256,0.3333333333333333
0.8145654834761321,0.7286821705426356,1.0000000000000002,0.4418604651162791,0.3333333333333333
0.2085234227217091,0.4496124031007752,0.2665149027894926,0.0,0.1666666666666666
0.763157894736842,0.8217054263565892,0.1370621294709124,0.4418604651162791,0.5
0.1508846111049293,0.5891472868217054,0.0684056025660792,0.3488372093023256,0.3333333333333333
0.1085456770891287,0.4496124031007752,0.2687822913926905,0.2790697674418605,0.1666666666666666
0.1943362634917102,0.4418604651162791,0.0669847057080752,0.3488372093023256,0.3333333333333333
0.3695894069211082,0.5736434108527132,0.1139347657182936,0.627906976744186,0.3333333333333333
0.1901635696005341,0.4573643410852712,0.0076093561523322,0.3488372093023256,0.8333333333333333
0.0925781684655613,0.2248062015503875,0.0727589886842192,0.5348837209302325,0.5
0.2457994881495493,0.5736434108527132,0.0,0.6046511627906976,0.3333333333333333
0.0624235006119951,0.2015503875968992,0.0,0.627906976744186,0.1666666666666666
0.2542561477689997,0.5813953488372092,0.5228507423430288,0.5348837209302325,0.3333333333333333
0.0595860687659953,0.186046511627907,0.0137161894569453,0.9767441860465116,0.5
0.0347168131745855,0.1627906976744186,0.4081208790212137,0.6511627906976745,0.5
0.0716034271725826,0.193798449612403,1.0000000000000002,0.5348837209302325,0.3333333333333333
0.0989762990986981,0.3023255813953488,0.0334273543807459,0.2093023255813954,0.5
0.7383442750639813,0.7441860465116279,1.0000000000000002,0.3255813953488372,0.6666666666666666
0.2237120284855903,0.5503875968992248,0.0437666464113284,0.5348837209302325,0.5
0.0509068654723489,0.1317829457364341,0.0934980364414696,0.744186046511628,0.3333333333333333
0.109769667297207,0.4961240310077519,0.0819797023372241,0.5348837209302325,0.3333333333333333
0.1365861800378324,0.3178294573643411,0.4202740819343545,0.4186046511627906,0.1666666666666666
0.2233225770557472,0.4418604651162791,0.0447038337006502,0.3023255813953488,0.1666666666666666
0.7546455991988427,0.7906976744186046,0.5385410714771584,0.5348837209302325,0.5
0.0531323022143095,0.1627906976744186,0.3134347309516683,0.3023255813953488,0.5
0.2171469900968065,0.4573643410852712,0.5343690764472742,0.3255813953488372,0.1666666666666666
0.0617002336708579,0.2015503875968992,0.0870284209603449,0.5813953488372093,0.5
0.2180928007121397,0.4806201550387596,0.0833401354991429,0.5813953488372093,1.0
0.0350506286858796,0.2325581395348837,0.0999676519225943,0.627906976744186,0.1666666666666666
0.1630688772671636,0.4341085271317829,0.043131777602433,0.7906976744186046,0.5
0.1921664626682986,0.5116279069767441,0.0897190554361397,0.5116279069767442,0.6666666666666666
0.2549237787915878,0.6589147286821705,0.021697397340202,0.5348837209302325,0.5
0.1844330699899855,0.5116279069767441,0.6013023880136769,0.744186046511628,0.3333333333333333
0.0464559919884277,0.186046511627907,0.966412416824628,0.3720930232558139,0.5
0.0993101146099922,0.4108527131782945,0.3248019058157006,0.5348837209302325,0.3333333333333333
0.7925336597307221,0.875968992248062,0.800862816943137,0.5348837209302325,0.5
0.2110270390564148,0.5193798449612402,1.0000000000000002,0.883720930232558,0.5
0.4651719149883164,0.6744186046511628,1.0000000000000002,0.2093023255813954,0.1666666666666666
0.0486257928118393,0.2015503875968992,0.6087091907841234,0.4883720930232558,0.1666666666666666
0.1849894291754756,0.5271317829457364,0.5298342992408783,0.5348837209302325,0.5
0.7312228774897073,0.7984496124031008,0.914836884063886,0.4883720930232558,0.3333333333333333
0.0719928786024257,0.2170542635658914,0.0323692396992535,0.5348837209302325,0.1666666666666666
0.0741626794258373,0.2558139534883721,0.6818097993512245,0.2790697674418605,0.1666666666666666
0.2509179926560587,0.5038759689922481,0.0374179583223743,0.5348837209302325,0.1666666666666666
0.0652052965394458,0.2635658914728682,0.2760379349229239,0.5348837209302325,0.3333333333333333
0.7000111271837097,0.7131782945736433,0.2069581621454938,0.7209302325581396,0.1666666666666666
0.1378101702459107,0.4883720930232558,0.0,0.5813953488372093,0.5
0.2286636252364526,0.4651162790697674,0.5635730416564635,0.627906976744186,0.3333333333333333
0.2756203404918215,0.6821705426356589,0.0305250969686525,0.744186046511628,0.1666666666666666
0.0460109046400356,0.2635658914728682,0.700281458505277,0.2325581395348837,0.3333333333333333
0.2297763436074329,0.5813953488372092,0.0375086538665022,0.5348837209302325,0.5
0.1733058862801824,0.5813953488372092,0.0172835475259767,0.0,0.5
0.0536886613997997,0.1627906976744186,0.0474247000244878,0.6511627906976745,0.3333333333333333
0.1979525981973962,0.4883720930232558,0.0066117051669251,0.813953488372093,0.1666666666666666
0.1149994436408145,0.2248062015503875,0.0472433089362319,0.4651162790697675,0.5
0.1062089685100701,0.3023255813953488,0.0011699725192501,0.5348837209302325,0.3333333333333333
0.0534661177256036,0.2093023255813953,0.0787146627486191,0.2093023255813954,0.1666666666666666
0.2244352954267274,0.5426356589147286,1.0000000000000002,0.5813953488372093,0.5
0.2013463892288861,0.4806201550387596,0.1249089265577715,0.5348837209302325,0.1666666666666666
0.0632024034716813,0.2248062015503875,0.3165788431481028,0.5116279069767442,0.3333333333333333
0.1682430176922221,0.3333333333333333,0.0494804656913872,0.4651162790697675,0.5
0.0609213308111716,0.2558139534883721,0.0634475794870864,0.3720930232558139,0.1666666666666666
0.0433403805496828,0.1782945736434108,0.1158998358410651,0.5348837209302325,0.5
0.0652052965394458,0.2248062015503875,0.4903212738491491,0.4883720930232558,0.0
0.8427172582619339,0.8062015503875969,0.5000256970708362,0.4883720930232558,0.1666666666666666
0.2765105151886057,0.3720930232558139,0.0735450167333278,0.5348837209302325,0.5
0.1977856904417491,0.5348837209302325,0.0646870852568346,0.9069767441860463,0.3333333333333333
0.3886168910648714,0.6744186046511628,0.0545896480105932,0.5348837209302325,0.1666666666666666
0.6713029932124178,0.7209302325581395,0.1591918422381242,0.6511627906976745,0.5
0.0502392344497607,0.2093023255813953,0.6201972930403263,0.744186046511628,0.6666666666666666
0.1503838878379882,0.3255813953488372,0.2452619136155174,0.5348837209302325,0.3333333333333333
0.2075219761878268,0.4418604651162791,0.2118557215284013,0.5581395348837209,0.3333333333333333
0.1417046845443418,0.3410852713178294,0.082916889626546,0.5581395348837209,0.6666666666666666
0.1784800267052409,0.4341085271317829,0.4261692923026692,0.5581395348837209,0.3333333333333333
0.0971959497051296,0.3178294573643411,0.032580862635552,0.4883720930232558,0.5
0.1819850895738288,0.4341085271317829,0.6789982374832592,0.6511627906976745,0.1666666666666666
0.0672638255257594,0.2713178294573644,0.0353319608074322,0.0,1.0
0.0399465895181929,0.1240310077519379,0.266061425068853,0.5813953488372093,0.1666666666666666
0.087682207633248,0.2868217054263565,0.0065210096227972,0.4883720930232558,0.5
0.2214309558250806,0.4496124031007752,0.1519664305559334,0.5348837209302325,0.3333333333333333
0.4399132079670635,0.6589147286821705,0.1333133803136252,0.3023255813953488,0.1666666666666666
0.1364192722821853,0.3410852713178294,0.160461579855915,0.0232558139534884,0.3333333333333333
0.2403471681317458,0.5968992248062015,0.0056745178776033,0.8372093023255814,0.1666666666666666
0.1529431400912429,0.4263565891472868,1.0000000000000002,0.5348837209302325,0.5
0.1967286079893179,0.3643410852713178,0.0829471214745886,0.5348837209302325,0.3333333333333333
0.2088572382330032,0.5503875968992248,0.020941601139136,0.5116279069767442,0.1666666666666666
0.0137420718816067,0.0775193798449612,0.0536222288732287,0.5348837209302325,0.3333333333333333
0.8307555357738956,0.8914728682170542,0.4178857659389861,0.1860465116279069,0.3333333333333333
0.8745966395905196,0.7829457364341085,0.2874958053310841,0.6976744186046512,0.1666666666666666
0.2068543451652386,0.5658914728682171,1.0000000000000002,0.4418604651162791,0.5
0.1589518192945365,0.4341085271317829,0.0918050529510818,0.3488372093023256,0.1666666666666666
0.3951819294536552,0.6201550387596899,0.1843749716576425,0.4418604651162791,0.1666666666666666
0.2317792366751975,0.5271317829457364,0.0366923939693509,0.5348837209302325,0.8333333333333333
0.2363970179147657,0.4651162790697674,0.9165600994023164,0.5348837209302325,0.3333333333333333
0.8817736730833425,0.7829457364341085,0.2679357996474966,0.6511627906976745,0.5
0.2061867141426505,0.4728682170542635,0.0055535904854327,0.3488372093023256,0.5
0.2671080449538222,0.5503875968992248,0.0431922412985183,0.6046511627906976,0.5
0.1846556136641816,0.4806201550387596,0.0394132602931884,0.7674418604651162,0.3333333333333333
0.1175030599755201,0.4651162790697674,0.0017141457840176,0.5348837209302325,0.5
0.1083787693334817,0.2635658914728682,0.0878749127055388,0.6744186046511628,0.8333333333333333
0.0864582174251697,0.1782945736434108,0.0386574640921225,0.5348837209302325,0.5
0.1550573049961054,0.3410852713178294,0.33934342472421,0.5813953488372093,0.5
0.2017358406587292,0.4263565891472868,0.0640824482959818,0.4651162790697675,0.1666666666666666
0.0474018026037609,0.1627906976744186,1.0000000000000002,0.6744186046511628,0.3333333333333333
0.1119394681206186,0.248062015503876,0.0152277818590772,0.6744186046511628,0.5
0.1677422944252809,0.4108527131782945,0.0410760119355336,0.3488372093023256,0.1666666666666666
0.0748303104484255,0.1472868217054263,0.1971328115316361,0.5348837209302325,0.5
0.2235451207299432,0.5038759689922481,0.0326110944835946,0.6744186046511628,0.5
0.102203182374541,0.2713178294573644,0.0114488008537473,0.9069767441860463,0.1666666666666666
0.087682207633248,0.2635658914728682,0.3223531261242469,0.744186046511628,0.3333333333333333
0.149883164571047,0.4186046511627906,0.6490082442249613,0.5348837209302325,0.3333333333333333
0.0359964393012128,0.186046511627907,0.0776263162190841,0.5348837209302325,0.1666666666666666
0.1004228329809725,0.2558139534883721,0.413290525036505,0.5581395348837209,0.3333333333333333
0.157282741738066,0.4573643410852712,0.3428200872491134,0.4883720930232558,0.5
0.1839879826415934,0.5503875968992248,0.1331017573773267,0.3488372093023256,0.5
0.8716479359074217,0.8682170542635659,1.0000000000000002,0.6046511627906976,0.1666666666666666
0.4182708356514966,0.5193798449612402,0.0301925466401835,0.3255813953488372,0.5
0.7742294425280961,0.5968992248062015,0.4040395795354574,0.744186046511628,0.1666666666666666
0.1833759875375542,0.5116279069767441,1.0000000000000002,0.5813953488372093,0.3333333333333333
0.1119951040391676,0.4728682170542635,0.1085837286147465,0.1627906976744186,0.3333333333333333
0.0702125292088572,0.3255813953488372,0.0953421791720706,0.4883720930232558,0.3333333333333333
0.1103260264826972,0.248062015503876,0.0,0.2790697674418605,0.3333333333333333
0.2634360743295871,0.5426356589147286,0.001260668063378,0.3255813953488372,0.1666666666666666
0.2341715811728051,0.4883720930232558,0.0055233586373901,0.5348837209302325,0.3333333333333333
0.1300211416490486,0.3953488372093023,0.0056745178776033,0.3953488372093023,0.5
0.2235451207299432,0.5503875968992248,0.0513246084219882,0.813953488372093,0.3333333333333333
0.1980638700344942,0.4728682170542635,0.047485163720573,0.9534883720930232,0.5
0.0774451986202292,0.1395348837209302,0.2898236576303672,0.5813953488372093,0.3333333333333333
0.1349171024813619,0.4031007751937984,0.1016304035649395,0.2790697674418605,0.5
0.4068654723489485,0.6434108527131782,0.1315901649751948,0.5116279069767442,1.0
0.1225102926449315,0.4186046511627906,0.1149324167037006,0.0,0.5
0.2287192611550016,0.4728682170542635,0.0696753401838701,0.6744186046511628,0.5
0.2004005786135529,0.5426356589147286,0.2322622189571826,0.2790697674418605,0.1666666666666666
0.2327250472905307,0.4341085271317829,0.0148952315306082,0.4418604651162791,0.5
0.4285078446645154,0.6976744186046512,1.0000000000000002,0.6744186046511628,0.5
0.2054634472015133,0.4883720930232558,0.0044047802598125,0.8604651162790699,0.5
0.0660398353176811,0.2868217054263565,0.7457803898094487,0.4186046511627906,0.6666666666666666
0.1368643596305775,0.5116279069767441,0.3959374442600302,0.6511627906976745,0.5
0.2539779681762545,0.4728682170542635,0.0219392521245431,0.2325581395348837,0.5
0.2320017803493935,0.5968992248062015,0.2580499853375537,0.5116279069767442,0.6666666666666666
0.2457438522310003,0.4883720930232558,0.0024397101370409,0.6511627906976745,0.3333333333333333
0.3994102592633804,0.5736434108527132,0.1444991640894016,0.5348837209302325,0.3333333333333333
0.255591409814176,0.5581395348837209,0.0264135656348537,0.5348837209302325,0.6666666666666666
0.0640369422499165,0.193798449612403,0.2296018163294304,0.8604651162790699,0.1666666666666666
0.0955825080672082,0.2093023255813953,0.4511710306339316,0.4418604651162791,0.3333333333333333
0.1094358517859129,0.3023255813953488,0.4382922633677674,0.3953488372093023,0.1666666666666666
0.200956937799043,0.4651162790697674,0.5121486681359345,0.6976744186046512,0.3333333333333333
0.211805941916101,0.4496124031007752,0.0264437974828963,0.3255813953488372,0.3333333333333333
0.1112162011794814,0.2868217054263565,0.0058559089658591,0.6046511627906976,0.5
0.2624902637142539,0.3953488372093023,0.0030141152498511,0.5813953488372093,0.1666666666666666
0.1002002893067764,0.3720930232558139,0.1296250948524232,0.5581395348837209,0.5
0.9451429843106708,0.7829457364341085,0.4984234091245764,0.627906976744186,0.5
0.1154445309892066,0.2945736434108527,0.2749495883933889,0.8372093023255814,0.8333333333333333
0.1928897296094358,0.5658914728682171,0.027471680316346,0.5348837209302325,0.1666666666666666
0.427061310782241,0.6434108527131782,0.0849726552934454,0.6976744186046512,0.5
0.0580282630466229,0.2170542635658914,0.1186207021649026,0.7209302325581396,0.3333333333333333
0.2608211861577834,0.5038759689922481,0.1752147217007228,0.4186046511627906,0.1666666666666666
0.1113274730165795,0.3488372093023255,0.0247810458405511,0.3953488372093023,0.5
0.21186157783465,0.4961240310077519,0.0741798855422233,0.5348837209302325,0.5
0.2072437965950817,0.4883720930232558,0.044643370004565,0.6511627906976745,0.3333333333333333
0.1547234894848114,0.4031007751937984,0.3157323514029089,0.4186046511627906,0.5
0.0703794369645042,0.248062015503876,0.4906235923295755,0.3720930232558139,0.3333333333333333
0.0923556247913653,0.4108527131782945,0.0374481901704169,0.5348837209302325,0.5
0.2498609102036274,0.5581395348837209,0.0590034978248185,0.4186046511627906,0.3333333333333333
0.1998998553466117,0.5193798449612402,0.0235113082227603,0.5348837209302325,0.5
0.7401802603760987,0.5503875968992248,0.2927259150424606,0.5348837209302325,0.3333333333333333
0.2074663402692778,0.5271317829457364,0.044220124131968,0.4186046511627906,0.1666666666666666
0.2214865917436297,0.5038759689922481,0.0440991967397975,0.3720930232558139,0.3333333333333333
0.2353955713808835,0.5891472868217054,0.020609050810667,0.3023255813953488,0.3333333333333333
0.9025258707021252,0.8217054263565892,0.2575965076169141,0.3488372093023256,0.1666666666666666
0.8392121953933459,0.8062015503875969,0.2575965076169141,0.4186046511627906,0.3333333333333333
0.2383442750639813,0.6046511627906976,0.0434038642348168,0.3023255813953488,0.3333333333333333
0.1057638811616779,0.2403100775193798,0.1712241177590945,0.0,0.5
0.9004673417158117,0.8217054263565892,0.0644149986244509,0.4186046511627906,0.5
0.0813397129186602,0.2403100775193798,0.0238438585512293,0.5348837209302325,0.3333333333333333
0.2109157672193168,0.4728682170542635,0.2405759771689084,0.5348837209302325,0.5
0.2224880382775119,0.5348837209302325,0.1167160957382164,0.813953488372093,0.3333333333333333
0.0416156670746634,0.1782945736434108,0.0403806794305529,0.813953488372093,0.1666666666666666
0.25197507510849,0.5581395348837209,0.0333064269885753,0.4418604651162791,0.5
0.1563369311227328,0.3488372093023255,0.3066930288381598,0.4186046511627906,0.1666666666666666
0.2214865917436297,0.4263565891472868,0.0372365672341184,0.6976744186046512,0.6666666666666666
0.1344720151329698,0.4883720930232558,0.253666367371371,0.3720930232558139,0.3333333333333333
0.3693668632469122,0.5891472868217054,0.5006907977277744,0.5348837209302325,0.3333333333333333
0.2476911093802158,0.4806201550387596,0.1971025796835935,0.5813953488372093,0.5
0.0520752197618782,0.2093023255813953,0.2363435184429389,0.6744186046511628,0.1666666666666666
0.0932457994881495,0.3798449612403101,0.0,0.2325581395348837,0.5
0.1008122844108156,0.4263565891472868,0.1317110923673653,0.1860465116279069,0.5
0.03671970624235,0.1085271317829457,0.350982686220626,0.5116279069767442,0.5
0.0482363413819962,0.1705426356589147,0.0893562732596281,0.3720930232558139,0.3333333333333333
0.1161677979303438,0.3798449612403101,0.0,0.3255813953488372,0.5
0.0181929453655279,0.0620155038759689,0.8027674233698232,0.1860465116279069,0.3333333333333333
0.1751418715923,0.4651162790697674,0.0993932468097842,0.3023255813953488,0.1666666666666666
0.4317903638589073,0.6511627906976744,0.998246552813527,0.5348837209302325,0.1666666666666666
0.2362857460776677,0.5038759689922481,0.0123859881430692,0.9534883720930232,0.5
0.2011238455546901,0.5581395348837209,0.4013187132116199,0.4651162790697675,0.6666666666666666
0.2564259485924112,0.5658914728682171,0.0471828452401466,0.5348837209302325,0.5
0.160676532769556,0.4418604651162791,0.5391457084380111,0.7209302325581396,0.1666666666666666
0.1792589295649271,0.4728682170542635,0.1310459917104272,0.5348837209302325,0.5
0.0189162123066651,0.0930232558139534,0.0,0.5348837209302325,0.1666666666666666
0.2000111271837098,0.4883720930232558,0.0303134740323541,0.2093023255813954,0.1666666666666666
0.0459552687214865,0.2170542635658914,0.1241228985086629,0.5116279069767442,0.3333333333333333
0.1775898520084566,0.4186046511627906,0.3649195681682826,0.6046511627906976,0.5
0.0576388116167797,0.193798449612403,0.0611197271878032,0.5813953488372093,0.3333333333333333
0.240792255480138,0.4728682170542635,0.0118418148783017,0.4651162790697675,0.1666666666666666
0.2076332480249249,0.4651162790697674,0.0,0.7906976744186046,0.5
0.2072994325136308,0.5658914728682171,0.0,0.5581395348837209,0.3333333333333333
0.2345053966840992,0.4108527131782945,0.0392621010529752,0.744186046511628,0.1666666666666666
0.3918437743407144,0.7286821705426356,0.2069279302974511,0.9767441860465116,0.5
0.0691554467564259,0.3023255813953488,0.2193532198429758,0.4883720930232558,0.1666666666666666
0.0672638255257594,0.1317829457364341,0.0335482817729165,0.9069767441860463,0.3333333333333333
0.0640369422499165,0.1705426356589147,0.0473944681764451,1.0,0.5
0.157282741738066,0.4263565891472868,0.0599709169621829,0.5348837209302325,0.5
0.0601980638700345,0.1705426356589147,0.1414155155890524,0.4186046511627906,0.5
0.2188160676532769,0.5038759689922481,0.1212206410965696,0.6046511627906976,0.5
0.1715255368866139,0.3178294573643411,0.0804681099350922,1.0,0.3333333333333333
0.4554912651607878,0.4031007751937984,0.0867261024799185,0.3023255813953488,0.3333333333333333
0.200678758206298,0.5116279069767441,0.0509315943974339,0.5348837209302325,0.5
0.1235117391788138,0.2945736434108527,0.0,0.2093023255813954,0.5
0.1502726160008901,0.4573643410852712,0.1690474247000245,0.7906976744186046,0.3333333333333333
0.2677200400578614,0.5348837209302325,0.0673777197326295,0.6511627906976745,0.5
0.2533103371536664,0.5658914728682171,0.1734612745142498,0.813953488372093,0.1666666666666666
0.0387782352286636,0.0852713178294573,0.3939723741372586,0.5581395348837209,0.1666666666666666
0.2057416267942583,0.4573643410852712,0.0955538021083691,0.9534883720930232,0.1666666666666666
0.0785022810726605,0.2558139534883721,0.1502129833694604,0.1162790697674418,0.5
0.2176477133637476,0.5116279069767441,0.1305925139897877,0.5581395348837209,0.3333333333333333
0.2110270390564148,0.5426356589147286,0.1429875716872697,0.3720930232558139,0.3333333333333333
0.062256592856348,0.2558139534883721,0.1456479743150219,0.7209302325581396,0.6666666666666666
0.0590853454990541,0.3643410852713178,0.0452782388134604,0.5348837209302325,0.1666666666666666
0.2407366195615889,0.4961240310077519,0.0323692396992535,0.3720930232558139,0.5
0.1695226438188494,0.4186046511627906,0.1267833011364152,0.6976744186046512,0.5
0.8369867586513853,0.689922480620155,0.386323716582471,0.3953488372093023,0.5
0.1996773116724157,0.4883720930232558,0.029648373375416,0.627906976744186,0.5
0.3110047846889952,0.3953488372093023,0.4426758813339501,0.5348837209302325,0.3333333333333333
0.3230777790141315,0.5193798449612402,0.0955235702603264,0.1860465116279069,0.3333333333333333
0.2075776121063758,0.4806201550387596,0.0042536210195993,0.7209302325581396,0.3333333333333333
0.0309892066318014,0.1007751937984496,0.0855168285582129,0.5348837209302325,0.5
0.0965283186825414,0.2868217054263565,0.0258996242181288,0.5348837209302325,0.1666666666666666
0.1772560364971625,0.5581395348837209,0.0278646943409003,0.4186046511627906,0.1666666666666666
0.219038611327473,0.4728682170542635,0.0,0.5348837209302325,0.5
0.2088572382330032,0.4108527131782945,0.1418387614616494,0.6046511627906976,0.1666666666666666
0.2488594636697452,0.5736434108527132,0.0289228090223927,0.7674418604651162,0.3333333333333333
0.1983420496272393,0.4728682170542635,0.0,0.6976744186046512,0.5
0.2681094914877044,0.5581395348837209,0.047485163720573,0.2093023255813954,0.3333333333333333
0.124179370201402,0.3023255813953488,0.0904446197891631,0.2558139534883721,0.3333333333333333
0.0529097585401135,0.2558139534883721,1.0000000000000002,0.7209302325581396,0.6666666666666666
0.0985312117503059,0.3488372093023255,0.0107837001968093,0.5348837209302325,0.5
0.2187604317347279,0.5813953488372092,0.0342133824298545,0.5116279069767442,0.5
0.2365082897518637,0.689922480620155,0.0299506918558424,0.7674418604651162,0.5
0.0757761210637587,0.3178294573643411,0.0749961454393745,0.5348837209302325,0.3333333333333333
0.2452987648826082,0.5658914728682171,0.0,0.5348837209302325,0.1666666666666666
0.2049070880160231,0.5348837209302325,0.0337599047092149,0.5116279069767442,0.3333333333333333
0.9209969956603984,0.8217054263565892,0.0877842171614108,0.1627906976744186,0.1666666666666666
0.1116056526093245,0.248062015503876,0.053682692569314,0.2093023255813954,0.1666666666666666
0.0508512295537999,0.2093023255813953,0.0545291843145079,0.5813953488372093,0.3333333333333333
0.1787025703794369,0.4806201550387596,1.0000000000000002,0.6511627906976745,0.5
0.0965839546010904,0.2635658914728682,0.235829577026214,0.5348837209302325,0.3333333333333333
0.3640258150662067,0.4573643410852712,0.601211692469549,0.6511627906976745,0.3333333333333333
0.8080004450873484,0.6821705426356589,1.0000000000000002,0.5348837209302325,0.1666666666666666
0.0576944475353288,0.1550387596899224,0.0520804046230542,0.6976744186046512,0.6666666666666666
0.0713252475798375,0.2015503875968992,0.2189904376664641,0.5348837209302325,0.3333333333333333
0.0762212084121508,0.2093023255813953,0.2159067891661149,0.6046511627906976,0.5
0.2270501835985311,0.5813953488372092,0.0134743346726042,0.4651162790697675,0.6666666666666666
0.1802047401802603,0.3798449612403101,0.3847214286362111,0.5348837209302325,0.1666666666666666
0.2331144987203738,0.6356589147286821,0.0,0.627906976744186,0.5
0.4349616112162012,0.6511627906976744,0.3403108438615744,0.4418604651162791,0.1666666666666666
0.682597084677868,0.7209302325581395,0.383723777650804,0.5116279069767442,0.5
0.3800489596083231,0.5348837209302325,0.2153323840533048,0.6046511627906976,0.5
0.1973962390119061,0.5658914728682171,0.0342133824298545,0.5348837209302325,0.5
0.0416156670746634,0.1085271317829457,0.2504617914788513,0.5581395348837209,0.5
0.6995104039167686,0.6434108527131782,1.0000000000000002,0.3488372093023256,0.1666666666666666
0.1151107154779125,0.3178294573643411,0.2222857091031117,0.5348837209302325,0.5
0.1124958273061088,0.2945736434108527,0.3117417474612806,0.5581395348837209,0.3333333333333333
0.0701568932903082,0.2868217054263565,0.0064605459267119,0.5813953488372093,0.5
0.0570268165127406,0.2170542635658914,0.7775238302542197,0.5348837209302325,0.5
0.8758206297985979,0.7906976744186046,0.0671358649482884,0.4883720930232558,0.3333333333333333
0.1247913653054411,0.2945736434108527,0.4060348815062716,0.3488372093023256,0.5
0.2302214309558251,0.5426356589147286,0.0514153039661161,0.3023255813953488,0.0
0.2204851452097474,0.4418604651162791,0.0428596909700493,0.5348837209302325,0.5
0.2402358962946478,0.5581395348837209,0.1769984007352385,0.3488372093023256,0.1666666666666666
0.0675976410370535,0.2403100775193798,0.0359970614643702,0.5348837209302325,0.3333333333333333
0.1410926894403026,0.3565891472868217,0.051505999510244,0.3023255813953488,0.5
0.2284967174808055,0.5348837209302325,0.0,0.6046511627906976,0.3333333333333333
0.1908868365416713,0.4728682170542635,1.0000000000000002,0.6976744186046512,0.5
0.2141426504951596,0.5348837209302325,0.0233601489825471,0.2325581395348837,0.5
0.2267720040057861,0.6124031007751938,0.6416921369986426,0.6744186046511628,0.3333333333333333
0.2317236007566485,0.6046511627906976,0.0533199103928024,0.6744186046511628,0.5
0.2280516301324134,0.5116279069767441,0.0269275070515785,0.6511627906976745,0.1666666666666666
0.0572493601869366,0.193798449612403,0.0514757676622014,0.8372093023255814,0.1666666666666666
0.051240680983643,0.1317829457364341,0.0946166148190472,0.6046511627906976,0.1666666666666666
0.2276065427840213,0.4263565891472868,0.3279762498601777,0.2558139534883721,0.1666666666666666
0.0892956492711694,0.3798449612403101,0.0240554814875278,0.1627906976744186,0.3333333333333333
0.1104372983197952,0.2790697674418604,0.7662171190862727,0.2325581395348837,0.1666666666666666
0.1157783465005007,0.3643410852713178,0.0861516973671083,0.3255813953488372,0.1666666666666666
0.1223433848892845,0.3410852713178294,0.002349014592913,0.5348837209302325,0.5
0.0100701012573717,0.0387596899224806,1.0000000000000002,0.5116279069767442,0.6666666666666666
0.2054634472015133,0.5116279069767441,0.2314459590600314,0.2093023255813954,0.5
0.1677422944252809,0.5271317829457364,0.5735495515105343,0.9069767441860463,0.3333333333333333
0.2205407811282964,0.3720930232558139,0.008546543441654,0.6511627906976745,0.8333333333333333
0.2064092578168465,0.4341085271317829,0.1213415684887401,0.744186046511628,0.1666666666666666
0.2498609102036274,0.6046511627906976,0.0802262551507511,0.5116279069767442,0.1666666666666666
0.2001780349393568,0.4651162790697674,0.0388388551803783,0.6744186046511628,0.5
0.1085456770891287,0.3410852713178294,0.0551035894273181,0.1395348837209302,0.1666666666666666
0.2174251696895515,0.4496124031007752,0.0050396490687079,0.2558139534883721,0.3333333333333333
0.2266607321686881,0.4651162790697674,0.0362086844006687,0.3720930232558139,0.1666666666666666
0.36157783465005,0.5581395348837209,0.6536034851274424,0.5348837209302325,0.1666666666666666
0.0629242238789362,0.1705426356589147,0.0598197577219698,0.3953488372093023,0.6666666666666666
0.4609992210971403,0.6511627906976744,0.4039488839913295,0.5348837209302325,0.3333333333333333
0.1962278847223767,0.4961240310077519,0.1563802803701587,0.5581395348837209,0.5
0.1356960053410481,0.4651162790697674,1.0000000000000002,0.3720930232558139,0.3333333333333333
0.7735618115055078,0.6821705426356589,0.0929236313286595,0.5348837209302325,0.3333333333333333
0.0754979414710136,0.186046511627907,0.0985165232165477,0.5348837209302325,0.3333333333333333
0.0590297095805051,0.186046511627907,0.0592755844572022,0.3953488372093023,0.3333333333333333
0.2108601313007677,0.4496124031007752,0.0,0.4186046511627906,0.5
0.1067653276955602,0.3100775193798449,0.4248088591407504,0.4651162790697675,0.5
0.4377990430622009,0.7441860465116279,0.4950072102957582,0.627906976744186,0.5
0.0901301880494047,0.2945736434108527,0.0077605153925454,0.7674418604651162,0.5
0.0883498386558362,0.1627906976744186,0.0273809847722181,0.627906976744186,0.6666666666666666
0.0902414598865027,0.2093023255813953,0.0304948651206099,0.6511627906976745,0.5
0.0854011349727384,0.2248062015503875,0.0353319608074322,0.5348837209302325,0.5
0.2177033492822966,0.4263565891472868,0.0055838223334754,0.5348837209302325,0.5
0.1757538666963391,0.4418604651162791,0.0825843392980769,0.7674418604651162,0.3333333333333333
0.0295983086680761,0.1007751937984496,0.2536965992194137,0.3488372093023256,0.5
0.4404139312340047,0.7131782945736433,0.0175556341583604,0.3953488372093023,0.1666666666666666
0.0517970401691331,0.2558139534883721,0.1176532830275382,0.4651162790697675,0.5
0.1192277734505396,0.2790697674418604,0.0443108196760959,0.3255813953488372,0.3333333333333333
0.0530766662957605,0.1705426356589147,0.0206392826587096,0.5348837209302325,0.5
0.1077667742294425,0.2868217054263565,0.027471680316346,0.5348837209302325,0.5
0.0939134305107377,0.248062015503876,1.0000000000000002,0.3255813953488372,0.3333333333333333
0.0648714810281517,0.2015503875968992,0.8333318217409312,0.6046511627906976,0.3333333333333333
0.1040948036052075,0.2325581395348837,0.3208113018740722,0.4883720930232558,0.5
0.8147323912317792,0.689922480620155,1.0000000000000002,0.627906976744186,0.5
0.2242683876710804,0.3875968992248062,0.0205485871145817,0.3720930232558139,0.5
0.1809836430399466,0.4961240310077519,0.0,0.7674418604651162,0.1666666666666666
0.2315566930010014,0.4341085271317829,0.0553454442116592,0.3023255813953488,0.1666666666666666
0.1269611661288527,0.3178294573643411,0.3177276533737231,0.5348837209302325,0.5
0.2441860465116279,0.4496124031007752,0.0354528881996027,0.7674418604651162,0.5
0.0502948703683097,0.2325581395348837,0.0934980364414696,0.3023255813953488,0.1666666666666666
0.4183264715700456,0.5503875968992248,0.7557871315115622,0.4883720930232558,0.3333333333333333
0.1911650161344164,0.4108527131782945,0.1001792748588928,0.5348837209302325,0.5
0.0870145766106598,0.2945736434108527,0.0525338823436937,0.5348837209302325,0.3333333333333333
0.7065205296539445,0.7054263565891472,0.374261209213458,0.4651162790697675,0.1666666666666666
0.4642261043729832,0.6356589147286821,0.2161184121024134,0.3255813953488372,0.1666666666666666
0.095137420718816,0.3100775193798449,0.0017141457840176,0.5348837209302325,0.1666666666666666
0.7929787470791142,0.689922480620155,0.0504781166767943,0.4651162790697675,0.3333333333333333
0.2015689329030822,0.5271317829457364,0.0029536515537658,0.7906976744186046,0.3333333333333333
0.1522755090686547,0.4573643410852712,0.040955084543363,0.5581395348837209,0.3333333333333333
0.0999777456325803,0.2713178294573644,0.0253856828014039,0.744186046511628,0.3333333333333333
0.2431289640591966,0.5193798449612402,0.0,0.6976744186046512,0.1666666666666666
0.1211193946812062,0.2403100775193798,0.0143812901138833,0.5116279069767442,0.5
0.4248915099588294,0.5503875968992248,0.8025255685854821,0.5348837209302325,0.3333333333333333
0.1856570601980638,0.4263565891472868,0.0372063353860758,0.3953488372093023,1.0
0.160787804606654,0.4418604651162791,0.0114488008537473,0.4418604651162791,0.5
0.2222098586847669,0.6201550387596899,0.1401457779712616,0.5116279069767442,0.5
0.2346166685211972,0.5658914728682171,0.0365110028810951,0.4186046511627906,1.0
0.2248247468565706,0.4263565891472868,0.0,0.5348837209302325,0.1666666666666666
0.0775564704573272,0.2868217054263565,0.0,0.5348837209302325,0.1666666666666666
0.2277734505396684,0.4651162790697674,0.1828331474074679,0.5813953488372093,0.3333333333333333
0.2036274618893958,0.5426356589147286,0.1234880296997675,0.4186046511627906,0.1666666666666666
0.2260487370646489,0.6434108527131782,0.0,0.8372093023255814,0.3333333333333333
0.0733281406476021,0.2635658914728682,0.1331319892253693,0.5348837209302325,0.5
0.0520195838433292,0.2325581395348837,0.1452851921385102,0.5348837209302325,0.3333333333333333
0.0507399577167019,0.1240310077519379,0.3265553530021737,0.627906976744186,0.1666666666666666
0.2065205296539445,0.5038759689922481,0.7684240439933853,0.4883720930232558,0.5
0.0669856459330143,0.1705426356589147,0.054771039098849,0.5348837209302325,0.5
0.1997329475909647,0.4418604651162791,0.3212345477466692,0.5581395348837209,0.1666666666666666
0.0864025815066206,0.2945736434108527,0.86023816649888,0.5813953488372093,0.3333333333333333
0.1977300545232001,0.4341085271317829,0.0391714055088473,0.7906976744186046,0.3333333333333333
0.2090241459886502,0.5038759689922481,0.0599104532660977,0.4651162790697675,0.5
0.4472571492155335,0.4883720930232558,0.689307297665799,0.5348837209302325,0.3333333333333333
0.2230443974630021,0.5116279069767441,0.0113883371576621,0.5116279069767442,0.6666666666666666
0.1872705018359853,0.3488372093023255,0.2206531893088093,0.6976744186046512,0.5
0.2455769444753532,0.5503875968992248,0.0052512720050063,0.627906976744186,0.5
0.0979192166462668,0.2790697674418604,0.1952584369529925,0.6046511627906976,0.5
0.2320574162679425,0.4961240310077519,0.2224066364952823,0.5348837209302325,0.1666666666666666
0.2224880382775119,0.4728682170542635,0.0477874822009994,0.5348837209302325,0.3333333333333333
0.0541893846667408,0.1782945736434108,0.3501059626273894,0.5348837209302325,0.3333333333333333
0.032936463781017,0.1317829457364341,0.6433851204890304,0.5348837209302325,0.5
0.2385668187381773,0.5891472868217054,0.0233299171345045,0.8604651162790699,0.1666666666666666
0.1590074552130855,0.4186046511627906,1.0000000000000002,0.4651162790697675,0.3333333333333333
0.0390564148214087,0.1782945736434108,0.182319205990743,0.7906976744186046,0.3333333333333333
0.0775008345387782,0.2325581395348837,0.2771867451485442,0.4883720930232558,0.5
0.222654946033159,0.5658914728682171,0.0492990746031314,0.7906976744186046,0.3333333333333333
0.4652275509068654,0.5891472868217054,1.0000000000000002,0.5348837209302325,0.3333333333333333
0.193390452876377,0.5426356589147286,0.1427457169029286,0.7209302325581396,0.3333333333333333
0.7964838099477022,0.689922480620155,0.3716310384337484,0.5813953488372093,0.5
0.2293868921775898,0.4961240310077519,0.0176160978544457,0.7209302325581396,0.5
0.2357293868921776,0.5426356589147286,0.0366923939693509,0.5813953488372093,0.8333333333333333
0.0680983643039946,0.193798449612403,0.0494200019953019,0.5581395348837209,0.1666666666666666
0.1050406142205407,0.3953488372093023,0.2284530061038101,0.3488372093023256,0.3333333333333333
0.0895181929453655,0.3255813953488372,0.0153789410992904,0.5813953488372093,0.6666666666666666
0.2569266718593524,0.4961240310077519,0.0330948040522769,0.2325581395348837,0.5
0.2314454211639034,0.5193798449612402,0.0180393437270426,0.3488372093023256,0.3333333333333333
0.2195393345944141,0.5348837209302325,0.1183486155325189,0.6976744186046512,0.1666666666666666
0.0717703349282296,0.2403100775193798,0.4055511719375894,0.0232558139534884,0.5
0.0455101813730944,0.1782945736434108,0.0327320218757652,0.5348837209302325,0.5
0.372538110604206,0.5891472868217054,0.2954165495182555,0.5348837209302325,0.1666666666666666
0.2654946033159007,0.5426356589147286,0.0219392521245431,0.5581395348837209,0.5
0.0599198842772894,0.248062015503876,0.0,0.6511627906976745,0.5
0.2026260153555135,0.5193798449612402,0.0028024923135526,0.5348837209302325,0.5
0.0982530321575609,0.1705426356589147,0.2352551719134039,0.3023255813953488,0.3333333333333333
0.0565817291643485,0.3643410852713178,0.4411642889318181,0.6511627906976745,0.5
0.1108267497496383,0.2945736434108527,0.0913213433823996,0.1860465116279069,0.1666666666666666
0.0589184377434071,0.2248062015503875,0.0362389162487113,0.5348837209302325,0.3333333333333333
0.0682096361410927,0.2945736434108527,0.7389782239998549,0.6976744186046512,0.1666666666666666
0.1761433181261822,0.2868217054263565,0.807302200576219,0.4418604651162791,0.1666666666666666
0.7525314342939802,0.689922480620155,1.0000000000000002,0.4186046511627906,0.5
0.1452097474129297,0.2790697674418604,0.0141092034814996,0.5348837209302325,0.5
0.2291643485033938,0.3720930232558139,0.0401085927981691,0.3953488372093023,0.5
0.1990096806498275,0.4341085271317829,0.0283181720615399,0.5581395348837209,0.3333333333333333
0.4128185156336931,0.627906976744186,0.867010100460431,0.5348837209302325,0.1666666666666666
0.0337710025592522,0.1472868217054263,0.0,0.3255813953488372,0.3333333333333333
0.8172916434850339,0.8992248062015503,0.9777191279925752,0.3255813953488372,0.5
0.0971959497051296,0.3410852713178294,0.0857284514945114,0.3255813953488372,0.5
0.0395571380883498,0.2403100775193798,0.0640219845998966,0.627906976744186,0.3333333333333333
0.0195838433292533,0.0232558139534883,0.1640894016210317,0.3023255813953488,0.5
0.1109936575052854,0.2558139534883721,0.1479455947662624,0.3720930232558139,0.3333333333333333
0.1227884722376766,0.2790697674418604,0.0559198493244693,0.813953488372093,0.6666666666666666
0.0605318793813285,0.2248062015503875,0.0738171033657116,0.5348837209302325,0.1666666666666666
0.0956381439857572,0.2325581395348837,0.0,0.883720930232558,1.0
0.4694002447980416,0.6434108527131782,0.1191648754296701,0.5581395348837209,0.5
0.1587849115388895,0.3953488372093023,0.3451781713964393,0.5348837209302325,0.3333333333333333
0.4325136308000445,0.5193798449612402,0.144801482569828,0.7906976744186046,0.1666666666666666
0.1977300545232001,0.5193798449612402,0.1254833316705817,0.5348837209302325,0.3333333333333333
0.2047401802603761,0.5968992248062015,0.6719542168893242,0.4651162790697675,0.3333333333333333
0.2320574162679425,0.4728682170542635,0.0126580747754529,0.8372093023255814,0.3333333333333333
0.0774451986202292,0.2713178294573644,0.223434519328732,0.4186046511627906,0.1666666666666666
0.0773339267831312,0.1395348837209302,0.1616103900815353,0.5581395348837209,0.3333333333333333
0.0383887837988205,0.2015503875968992,0.5233646837597535,0.7209302325581396,0.5
0.197284967174808,0.4418604651162791,0.0362086844006687,0.627906976744186,0.1666666666666666
0.2405140758873928,0.5503875968992248,0.0201555730900274,0.5581395348837209,0.3333333333333333
0.7918660287081339,0.8604651162790697,0.3245600510313595,0.7209302325581396,0.5
0.1780349393568487,0.4651162790697674,0.1273879380972679,0.5116279069767442,0.5
0.0750528541226215,0.1782945736434108,0.5347620904718284,0.5348837209302325,0.3333333333333333
0.1033159007455213,0.3100775193798449,0.0295879096793307,0.6046511627906976,0.5
0.0344942695003894,0.1395348837209302,0.0491781472109608,0.627906976744186,0.3333333333333333
0.0602536997885835,0.2790697674418604,0.3638312216387475,0.6976744186046512,0.5
0.2498052742850784,0.5348837209302325,0.0095744262751037,0.4418604651162791,0.5
0.0905752753977968,0.2558139534883721,0.7644032082037143,0.5348837209302325,0.3333333333333333
0.0793924557694447,0.3643410852713178,0.0460340350145264,1.0,0.5
0.832368977411817,0.813953488372093,0.1602499569196165,0.2093023255813954,0.1666666666666666
0.1146099922109714,0.3023255813953488,0.0386876959401651,0.1860465116279069,0.3333333333333333
0.0670969177701123,0.1472868217054263,0.2024536167871406,0.5813953488372093,0.1666666666666666
0.4010793368198508,0.5891472868217054,0.0317948345864434,0.5348837209302325,0.3333333333333333
0.1062646044286191,0.3100775193798449,0.0816169201607125,0.1395348837209302,0.1666666666666666
0.751808167352843,0.7441860465116279,0.2644591371225931,0.6046511627906976,0.3333333333333333
0.1150550795593635,0.248062015503876,0.0204276597224111,0.813953488372093,0.8333333333333333
0.2382330032268833,0.4263565891472868,0.1796890352110334,0.6046511627906976,0.3333333333333333
0.0922999888728162,0.2945736434108527,0.0039513025391729,0.3720930232558139,0.3333333333333333
0.2247691109380216,0.5271317829457364,0.0697358038799554,0.6511627906976745,0.5
0.182819628352064,0.4961240310077519,0.1322854974801754,0.4651162790697675,0.1666666666666666
0.0308779347947034,0.1317829457364341,0.0467595993675497,0.5116279069767442,0.5
0.0172471347501947,0.1162790697674418,0.2523663979055375,0.5116279069767442,0.5
0.6664626682986535,0.6744186046511628,0.1402364735153895,0.0,0.5
0.255535773895627,0.6511627906976744,0.1219159736015503,0.3488372093023256,0.3333333333333333
0.0424502058528986,0.1782945736434108,0.3465688364064007,0.7209302325581396,0.1666666666666666
0.1143874485367753,0.3023255813953488,0.4909561426580445,0.5581395348837209,0.3333333333333333
0.1338043841103816,0.3100775193798449,0.0212136877715197,0.4651162790697675,0.5
0.0979192166462668,0.2325581395348837,0.1083116419823627,0.5348837209302325,0.3333333333333333
0.0383331478802715,0.1705426356589147,0.0230578305021207,0.7674418604651162,0.5
0.401357516412596,0.5348837209302325,0.4146811900464663,0.5116279069767442,0.1666666666666666
0.1858796038722599,0.5038759689922481,0.3582080979028167,0.744186046511628,0.1666666666666666
0.0625904083676421,0.1627906976744186,0.815011321827092,0.4418604651162791,0.1666666666666666
0.2162011794814732,0.5271317829457364,0.0350598741750484,0.5348837209302325,0.3333333333333333
0.7915878491153888,0.7984496124031008,1.0000000000000002,0.5116279069767442,0.5
0.2234338488928452,0.6589147286821705,0.0541361702899536,0.6511627906976745,0.6666666666666666
0.8217981528875041,0.6976744186046512,0.6815074808707982,0.6976744186046512,0.3333333333333333
0.1689106487148103,0.4263565891472868,0.1331924529214546,0.813953488372093,0.5
0.233782129742962,0.5116279069767441,0.1030513004229435,0.5348837209302325,0.1666666666666666
0.8414932680538555,0.8217054263565892,0.2593499548033872,0.5348837209302325,0.3333333333333333
0.0544675642594859,0.2945736434108527,0.1029606048788156,0.6046511627906976,0.5
0.2205964170468454,0.4341085271317829,0.0461549624066969,0.1860465116279069,0.1666666666666666
0.1309669522643818,0.2093023255813953,0.0965212212457335,0.0930232558139534,0.5
0.1690775564704573,0.4263565891472868,0.005281503853049,0.6046511627906976,0.5
0.091409814176032,0.193798449612403,0.0,0.4883720930232558,0.3333333333333333
0.0974184933793257,0.3565891472868217,0.0202765004821979,0.0465116279069767,0.5
0.0405585846222321,0.1782945736434108,0.231808741236543,0.6511627906976745,0.5
0.2184266162234338,0.5658914728682171,0.1067698177321881,0.5116279069767442,1.0
0.0682096361410927,0.248062015503876,0.0218787884284578,0.5348837209302325,0.5
0.142316679648381,0.3333333333333333,0.0301925466401835,0.5813953488372093,0.5
0.208245243128964,0.5426356589147286,0.2962025775673641,0.5348837209302325,0.3333333333333333
0.1292422387893624,0.4651162790697674,0.1636963875964774,0.6976744186046512,0.5
0.0358295315455658,0.1782945736434108,0.0375388857145448,0.6744186046511628,0.1666666666666666
0.2090797819071992,0.5503875968992248,0.0600918443543535,0.7906976744186046,0.1666666666666666
0.233782129742962,0.5736434108527132,0.0626010877418925,0.5348837209302325,0.1666666666666666
0.1987315010570824,0.4961240310077519,0.197646752948361,0.9302325581395348,0.1666666666666666
0.2166462668298653,0.6434108527131782,0.0343040779739824,0.6976744186046512,0.6666666666666666
0.2225993101146099,0.5116279069767441,0.0,0.5348837209302325,0.5
0.2451874930455101,0.4883720930232558,0.0182509666633411,0.5348837209302325,1.0
0.1920551908312006,0.4031007751937984,0.0535617651771435,0.5348837209302325,0.1666666666666666
0.2281072660509625,0.5271317829457364,0.0569779640059617,0.0930232558139534,0.3333333333333333
0.8172360075664848,0.6666666666666666,0.0709148459536183,0.6511627906976745,0.5
0.0425614776899966,0.1627906976744186,0.0213648470117329,0.8604651162790699,0.3333333333333333
0.2451874930455101,0.5503875968992248,0.0378412041949712,0.3488372093023256,0.5
0.1543340380549683,0.4263565891472868,1.0000000000000002,0.5348837209302325,0.1666666666666666
0.4295649271169467,0.6821705426356589,0.951931361612204,0.6744186046511628,0.1666666666666666
0.02203182374541,0.0930232558139534,0.081405297224414,0.4651162790697675,0.5
0.1851563369311227,0.3875968992248062,0.0062489229904134,0.6744186046511628,0.5
0.0336040948036052,0.1317829457364341,0.1398736913388778,0.7906976744186046,0.1666666666666666
0.2208745966395905,0.4651162790697674,0.0401388246462118,0.3720930232558139,0.1666666666666666
0.2108601313007677,0.4418604651162791,0.0,0.3023255813953488,0.1666666666666666
0.0601980638700345,0.193798449612403,1.0000000000000002,0.5813953488372093,0.6666666666666666
0.5604206075442305,0.5038759689922481,0.28825160153215,0.4883720930232558,0.3333333333333333
0.8672526983420495,0.9147286821705426,0.8576684594152556,0.5348837209302325,0.3333333333333333
0.211639034160454,0.5503875968992248,0.0716706421546842,0.3720930232558139,0.1666666666666666
0.2481361967286079,0.5968992248062015,0.0,0.744186046511628,0.3333333333333333
0.7385111828196282,0.6046511627906976,0.4295854911314873,0.5348837209302325,0.1666666666666666
0.4201068209636141,0.6821705426356589,0.035090106023091,0.7209302325581396,0.3333333333333333
0.4670079003004339,0.7054263565891472,0.153931500678705,0.4186046511627906,0.3333333333333333
0.1868254144875931,0.5426356589147286,0.0,0.5348837209302325,0.5
0.0834538778235228,0.2558139534883721,0.1929608165017519,0.2325581395348837,0.3333333333333333
0.1015911872705018,0.2790697674418604,0.0,0.3255813953488372,0.5
0.1144430844553243,0.4651162790697674,0.6092231322008483,0.0,0.5
0.2412373428285301,0.5736434108527132,0.1193462665179259,0.8604651162790699,0.5
0.0758317569823077,0.3255813953488372,0.6092835958969336,0.6511627906976745,0.5
0.1073773227995994,0.2945736434108527,0.0262624063946405,0.2790697674418605,0.3333333333333333
0.2313897852453544,0.6434108527131782,0.040622534214894,0.5348837209302325,0.5
0.1215088461110492,0.3953488372093023,0.2771565133005015,0.6511627906976745,0.3333333333333333
0.4025258707021253,0.5658914728682171,1.0000000000000002,0.5116279069767442,0.3333333333333333
0.1901079336819851,0.4496124031007752,1.0000000000000002,0.627906976744186,0.3333333333333333
0.8730388338711471,0.8294573643410852,0.1208276270720153,0.627906976744186,0.5
0.4520974741292978,0.4961240310077519,0.859391674753686,0.6046511627906976,0.5
0.2141982864137087,0.5271317829457364,0.0328529492679358,0.5348837209302325,0.5
0.0526315789473684,0.1550387596899224,0.2582616082738522,0.5348837209302325,0.3333333333333333
0.1947257149215533,0.5116279069767441,0.5229716697351993,0.4651162790697675,0.5
0.0262601535551351,0.0930232558139534,0.0570081958540043,0.0465116279069767,0.1666666666666666
0.2133637476354734,0.4806201550387596,0.0622383055653809,0.5116279069767442,0.3333333333333333
0.1116056526093245,0.3798449612403101,0.0297693007675866,0.6744186046511628,0.6666666666666666
0.146044286191165,0.2248062015503875,0.2046605416942532,0.2790697674418605,0.3333333333333333
0.7383442750639813,0.7131782945736433,1.0000000000000002,0.2325581395348837,0.6666666666666666
0.2356181150550795,0.4573643410852712,1.0000000000000002,0.5348837209302325,0.5
0.4110938021586736,0.5348837209302325,0.0252345235611907,0.1395348837209302,0.3333333333333333
0.0955825080672082,0.2248062015503875,0.1639382423808185,0.3488372093023256,0.1666666666666666
0.0674863691999554,0.3178294573643411,0.0869679572642596,0.9302325581395348,0.5
0.2047958161789251,0.5426356589147286,0.053017591912376,0.744186046511628,0.3333333333333333
0.208078335373317,0.5503875968992248,0.0668637783159046,0.4883720930232558,0.5
0.8115611438744853,0.813953488372093,0.2517012972485995,0.1395348837209302,0.5
0.0607544230555246,0.2325581395348837,0.0792890678614293,0.2558139534883721,0.5
0.0378880605318793,0.1395348837209302,0.3424573050726018,0.8604651162790699,0.1666666666666666
0.1114943807722265,0.1705426356589147,0.6528779207744191,0.3720930232558139,0.3333333333333333
0.0896851007010125,0.2790697674418604,0.1182276881403483,0.5348837209302325,0.5
0.1809280071213975,0.4883720930232558,0.2483153302678239,0.6976744186046512,0.3333333333333333
0.175253143429398,0.3798449612403101,1.0000000000000002,0.4418604651162791,0.1666666666666666
0.226382552575943,0.4883720930232558,0.2557825967343557,0.744186046511628,0.5
0.3935684878157338,0.5813953488372092,0.5109998579103142,0.6046511627906976,0.3333333333333333
0.1465450094581061,0.4031007751937984,0.0694032535514863,0.3953488372093023,0.1666666666666666
0.0430065650383887,0.1395348837209302,0.0185835169918101,0.5581395348837209,0.5
0.1902192055190831,0.4341085271317829,0.3625010203248714,0.3255813953488372,0.3333333333333333
0.4131523311449872,0.5116279069767441,1.0000000000000002,0.5348837209302325,0.3333333333333333
0.2480805608100589,0.5736434108527132,0.1717380591758193,0.6976744186046512,0.5
0.7985423389340157,0.7674418604651162,0.861568367812756,0.3953488372093023,0.1666666666666666
0.3811060420607544,0.5581395348837209,1.0000000000000002,0.5348837209302325,0.1666666666666666
0.2607099143206854,0.6356589147286821,0.0232089897423339,0.3023255813953488,0.5
0.1537776788694781,0.4573643410852712,0.3309692028163989,0.4186046511627906,0.3333333333333333
0.398019361299655,0.4961240310077519,0.5309226457704134,0.5116279069767442,0.3333333333333333
0.0946923333704239,0.2558139534883721,0.0053419675491343,0.5348837209302325,0.5
0.0738288639145432,0.2868217054263565,0.069433485399529,0.3953488372093023,0.5
0.704851452097474,0.8682170542635659,0.0611499590358459,0.5581395348837209,0.5
0.2752865249805274,0.5736434108527132,0.0163463602366549,0.4651162790697675,0.3333333333333333
0.8809391343051073,0.8372093023255813,0.0805588054792201,0.6511627906976745,0.1666666666666666
0.2137531990653165,0.4341085271317829,0.0305855606647378,0.4883720930232558,0.5
0.2445198620229219,0.5426356589147286,0.0568268047657485,0.7209302325581396,0.3333333333333333
0.2553132302214309,0.5426356589147286,0.0,0.2093023255813954,0.5
0.2362857460776677,0.5503875968992248,0.0374481901704169,0.5348837209302325,0.1666666666666666
0.1162234338488928,0.2868217054263565,0.4415270711083298,0.3953488372093023,0.3333333333333333
0.109769667297207,0.3100775193798449,0.0548012709468917,0.627906976744186,0.1666666666666666
0.124179370201402,0.3720930232558139,8.162598971513113e-05,0.9069767441860463,0.5
0.0482919773005452,0.2093023255813953,0.0158626506679726,0.0,0.5
0.0598086124401913,0.1705426356589147,0.0,0.3023255813953488,0.5
0.1986202292199844,0.4806201550387596,0.1861284188441155,0.5348837209302325,0.5
0.7790141315233113,0.813953488372093,0.2198973931077432,0.4651162790697675,0.1666666666666666
0.1449315678201847,0.4573643410852712,0.059124425216989,0.3720930232558139,0.3333333333333333
0.4841437632135306,0.4728682170542635,0.5934118756745481,0.5348837209302325,0.5
0.3877823522866362,0.5736434108527132,0.0289530408704353,0.5813953488372093,0.3333333333333333
0.1820963614109269,0.4651162790697674,0.7376177908379362,0.4186046511627906,0.1666666666666666
0.2059641704684544,0.5038759689922481,0.1923864113889418,0.4186046511627906,0.3333333333333333
0.2074107043507288,0.5813953488372092,1.0000000000000002,0.3720930232558139,0.5
0.0596417046845443,0.2170542635658914,0.6079533945830575,0.4651162790697675,0.3333333333333333
0.2316679648380994,0.5813953488372092,0.2232531282404762,0.4418604651162791,0.3333333333333333
0.8440525203071102,0.6666666666666666,0.3482618198967884,0.2093023255813954,0.5
0.1650717703349282,0.5271317829457364,0.0517478542945851,0.627906976744186,0.3333333333333333
0.2405697118059419,0.5426356589147286,0.1166858638901737,0.627906976744186,0.5
0.1666295760543006,0.3875968992248062,0.6982256928383775,0.3023255813953488,0.1666666666666666
0.4093134527651051,0.5038759689922481,0.6516384150046708,0.5348837209302325,0.5
0.0540224769110938,0.0775193798449612,0.8906514056297747,0.744186046511628,0.3333333333333333
0.1508289751863803,0.4496124031007752,0.2835052013894557,0.5348837209302325,0.5
0.1479915433403805,0.3643410852713178,0.4808284735637604,0.5116279069767442,0.1666666666666666
0.0498497830199176,0.1395348837209302,0.0412271711757468,0.2558139534883721,0.1666666666666666
0.7853009903193501,0.813953488372093,0.4051279260649924,0.6744186046511628,0.1666666666666666
0.0481250695448981,0.1782945736434108,0.1734612745142498,0.5581395348837209,0.5
0.084121508846111,0.3798449612403101,0.0583383971678804,0.6976744186046512,0.1666666666666666
0.0455658172916434,0.1240310077519379,0.2007001696006675,0.5813953488372093,0.3333333333333333
0.2389006342494714,0.3643410852713178,0.4041302750795853,0.4651162790697675,0.5
0.2557026816512741,0.4961240310077519,0.0262019426985552,0.5813953488372093,0.5
0.0579726271280738,0.1705426356589147,0.35240358307863,0.627906976744186,0.6666666666666666
0.0775008345387782,0.2248062015503875,0.0450666158771619,0.744186046511628,0.1666666666666666
0.0388338711472126,0.2170542635658914,0.3320877811939766,0.813953488372093,0.5
0.1530544119283409,0.4186046511627906,1.0000000000000002,0.9302325581395348,0.5
0.2202626015355513,0.5426356589147286,0.0261414790024699,0.5116279069767442,0.3333333333333333
0.4687326137754534,0.5968992248062015,0.0902329968528646,0.5116279069767442,0.5
0.1859908757093579,0.5116279069767441,0.0104209180202976,0.3023255813953488,0.3333333333333333
0.0944141537776788,0.2325581395348837,0.2572941891364877,0.5116279069767442,0.5
0.1142761766996773,0.3565891472868217,0.3534314659120797,0.4883720930232558,0.1666666666666666
0.2310559697340602,0.5813953488372092,0.0298902281597571,0.5581395348837209,0.5
0.222654946033159,0.5426356589147286,0.0366319302732656,0.5348837209302325,0.5
0.0836207855791699,0.1705426356589147,0.5331900343736112,0.6744186046511628,0.3333333333333333
0.1997329475909647,0.5348837209302325,0.6026930530236383,0.5116279069767442,0.5
0.0496272393457215,0.1782945736434108,0.2022722256988847,0.5348837209302325,0.5
0.1725826193390452,0.3798449612403101,0.0512036810298176,0.5581395348837209,0.3333333333333333
0.0978635807277178,0.2248062015503875,0.0599406851141403,0.5348837209302325,0.3333333333333333
0.1697451874930455,0.4806201550387596,0.0,0.3255813953488372,0.5
0.0744964949371314,0.3565891472868217,0.2247949524906508,0.4883720930232558,0.5
0.8387114721264047,0.813953488372093,0.1661149354398885,0.0232558139534884,0.5
0.2452431289640592,0.5503875968992248,0.0298599963117145,0.5348837209302325,1.0
0.2293868921775898,0.5348837209302325,0.0240857133355704,0.5348837209302325,0.6666666666666666
0.4028040502948704,0.5581395348837209,1.0000000000000002,0.4651162790697675,0.1666666666666666
0.2322243240235896,0.5503875968992248,0.0498130160198562,0.4418604651162791,0.5
0.0624791365305441,0.1705426356589147,0.0712473962820873,0.2790697674418605,0.3333333333333333
0.2075219761878268,0.4108527131782945,0.2701427245546093,0.5348837209302325,0.3333333333333333
0.4163235785022811,0.4728682170542635,0.0852749737738718,0.2790697674418605,0.3333333333333333
0.0902970958050517,0.3410852713178294,0.0616639004525707,0.3488372093023256,0.5
0.2636586180037832,0.5503875968992248,0.0,0.3720930232558139,0.5
0.0459552687214865,0.1007751937984496,0.0635080431831717,0.813953488372093,0.1666666666666666
0.4534327361744742,0.3720930232558139,0.4291320134108478,0.9534883720930232,0.8333333333333333
0.2448536775342161,0.5581395348837209,0.0365412347291377,0.2325581395348837,0.3333333333333333
0.4219428062757316,0.6666666666666666,0.561184725661095,0.4418604651162791,0.1666666666666666
0.2248803827751196,0.5503875968992248,0.2291181067607482,0.7209302325581396,0.5
0.2560364971625681,0.5581395348837209,0.0087279345299098,0.7906976744186046,0.5
0.0934127072437965,0.2093023255813953,0.213971950891386,0.8372093023255814,0.6666666666666666
0.2003449426950038,0.4031007751937984,0.0,0.6046511627906976,0.5
0.0647602091910537,0.248062015503876,0.0,0.5348837209302325,0.5
0.0683765438967397,0.193798449612403,0.1698334527491331,0.3255813953488372,0.1666666666666666
0.2251585623678647,0.6511627906976744,0.0379923634351844,0.5348837209302325,0.1666666666666666
0.2734505396684099,0.3875968992248062,1.0000000000000002,0.5348837209302325,0.5
0.06214532101925,0.1317829457364341,0.2297227437216009,0.5348837209302325,0.1666666666666666
0.1918882830755535,0.3798449612403101,0.0,0.2093023255813954,0.3333333333333333
0.0979748525648158,0.3875968992248062,0.0667730827717767,0.3255813953488372,1.0
0.1874374095916323,0.5116279069767441,0.0918957484952097,0.5116279069767442,0.3333333333333333
0.2436853232446867,0.3953488372093023,0.0019257687203161,0.5116279069767442,0.3333333333333333
0.2579281183932346,0.6046511627906976,0.1112743630905413,0.7906976744186046,1.0
0.087793479470346,0.2093023255813953,0.038778391484293,0.9534883720930232,0.3333333333333333
0.1634583286970068,0.7209302325581395,0.2545128591165649,0.2558139534883721,0.3333333333333333
0.0994770223656392,0.2945736434108527,0.0802262551507511,0.627906976744186,0.1666666666666666
0.2001780349393568,0.5581395348837209,0.3470223141270402,0.2790697674418605,0.1666666666666666
0.1655168576833203,0.4806201550387596,0.040955084543363,0.5116279069767442,0.5
0.1259040836764215,0.4031007751937984,0.2260646901084416,0.6511627906976745,0.3333333333333333
0.0684878157338377,0.1317829457364341,0.1761821408380873,0.4651162790697675,0.5
0.2012351173917881,0.4651162790697674,0.1748821713722538,0.6046511627906976,0.5
0.2529208857238233,0.5813953488372092,0.0059768363580297,0.4418604651162791,0.3333333333333333
0.0525203071102703,0.1472868217054263,0.5113324082387832,0.6046511627906976,0.5
0.1089907644375208,0.4418604651162791,0.0405620705188087,0.5348837209302325,0.1666666666666666
0.2065205296539445,0.3953488372093023,0.1072232954528277,0.4186046511627906,0.5
0.168020474018026,0.4728682170542635,0.6581684941818808,0.6511627906976745,0.5
0.0821742516968955,0.2790697674418604,1.0000000000000002,0.5348837209302325,0.3333333333333333
0.0670969177701123,0.2170542635658914,0.0304948651206099,0.5348837209302325,0.3333333333333333
0.259430288194058,0.5968992248062015,0.0792588360133866,0.4883720930232558,0.3333333333333333
0.2308334260598642,0.2945736434108527,0.0313715887138464,0.3255813953488372,0.3333333333333333
0.2386224546567263,0.5348837209302325,0.468312488474108,0.8372093023255814,0.3333333333333333
0.1100478468899521,0.2635658914728682,0.0,0.6046511627906976,0.5
0.0821186157783465,0.3255813953488372,0.0,0.4186046511627906,0.5
0.124235006119951,0.4573643410852712,0.1060140215311221,0.2325581395348837,0.5
0.7389006342494714,0.7209302325581395,0.1700753075334742,0.6511627906976745,0.3333333333333333
0.2233225770557472,0.4806201550387596,0.1068302814282734,0.4186046511627906,0.5
0.2158673639701791,0.5193798449612402,1.0000000000000002,0.6511627906976745,0.1666666666666666
0.0780571937242683,0.193798449612403,0.0676195745169706,0.5348837209302325,0.5
0.850784466451541,0.8372093023255813,0.5179531829601212,0.813953488372093,0.1666666666666666
0.076944475353288,0.2403100775193798,0.0055233586373901,0.1627906976744186,0.3333333333333333
0.3373762100812284,0.4573643410852712,0.0703102089927655,0.6046511627906976,0.5
0.1705797262712807,0.3488372093023255,0.0,0.4186046511627906,0.5
0.233782129742962,0.5116279069767441,0.4950676739918435,0.4418604651162791,0.3333333333333333
0.2207633248024925,0.5968992248062015,0.4073953146681903,0.2325581395348837,0.1666666666666666
0.4053633025481251,0.6744186046511628,0.9619078714662748,0.6511627906976745,0.8333333333333333
0.0233114498720373,0.1627906976744186,0.046064266862569,0.2558139534883721,0.5
0.1289640591966173,0.2790697674418604,0.1365784199022302,0.3023255813953488,0.3333333333333333
0.08757093579615,0.3953488372093023,0.509095251483628,0.0697674418604651,0.5
0.2298319795259819,0.5426356589147286,0.0503269574365811,0.6744186046511628,0.5
0.219316790920218,0.5658914728682171,0.0112069460694062,0.3488372093023256,0.5
0.1276844330699899,0.5813953488372092,0.0288925771743501,0.3488372093023256,0.6666666666666666
0.1990096806498275,0.4883720930232558,0.0333668906846606,0.4651162790697675,0.5
0.1927228218537888,0.4263565891472868,1.0000000000000002,0.6976744186046512,0.3333333333333333
0.2612106375876266,0.5271317829457364,0.0,0.4651162790697675,0.3333333333333333
0.0650940247023478,0.1782945736434108,0.0405016068227234,0.3023255813953488,0.3333333333333333
0.1597863580727717,0.3565891472868217,0.1278716476659502,0.8372093023255814,0.1666666666666666
0.2037943696450428,0.5581395348837209,0.0,0.3488372093023256,0.3333333333333333
0.2259931011460999,0.3875968992248062,0.1906329642024687,0.5348837209302325,0.3333333333333333
0.0521864915989763,0.1550387596899224,0.1448921781139559,0.2558139534883721,0.8333333333333333
0.1911650161344164,0.4961240310077519,0.0432829368426462,0.5348837209302325,0.3333333333333333
0.2218204072549238,0.5736434108527132,0.1060744852272074,0.5348837209302325,1.0
0.080393902303327,0.2635658914728682,0.1120906229876926,0.4651162790697675,0.5
0.2765661511071547,0.3720930232558139,0.0437666464113284,0.6046511627906976,0.3333333333333333
0.438132858573495,0.6744186046511628,0.5526593445130707,0.4186046511627906,0.3333333333333333
0.266384778012685,0.4728682170542635,0.0176160978544457,0.744186046511628,0.1666666666666666
0.1275731612328919,0.3953488372093023,0.0203369641782832,0.5348837209302325,0.3333333333333333
0.7747858017135862,0.875968992248062,0.3045163357790898,0.2558139534883721,0.3333333333333333
0.1909981083787693,0.4883720930232558,0.3660381465458602,0.2790697674418605,0.3333333333333333
0.0461221764771336,0.1472868217054263,0.6819609585914378,0.5813953488372093,0.3333333333333333
0.0575275397796817,0.2015503875968992,0.7052092497362271,0.3488372093023256,0.1666666666666666
0.1071547791254033,0.4728682170542635,1.0000000000000002,0.4418604651162791,0.3333333333333333
0.7866362523645265,0.7751937984496123,0.0551640531234033,0.5581395348837209,0.5
0.0187493045510181,0.0542635658914728,0.0849121915973601,0.5348837209302325,0.5
0.0779459218871703,0.2868217054263565,0.0026211012252968,0.6976744186046512,0.6666666666666666
0.0742739512629353,0.2325581395348837,0.1896655450651043,0.3720930232558139,0.5
0.3513964615555803,0.3953488372093023,0.069433485399529,0.6976744186046512,0.5
0.0729386892177589,0.2015503875968992,0.4103278039283263,0.7674418604651162,0.3333333333333333
0.2181484366306887,0.4728682170542635,0.023874090399272,0.8372093023255814,0.3333333333333333
0.168020474018026,0.3953488372093023,0.2581406808816816,0.4651162790697675,0.5
0.423611883832202,0.4883720930232558,0.2121278081607851,0.5348837209302325,0.5
0.2314454211639034,0.4651162790697674,0.0450061521810766,0.7674418604651162,0.5
0.1080449538221876,0.2635658914728682,0.0155301003395036,0.744186046511628,0.5
0.2106932235451207,0.4186046511627906,0.0632964202468732,0.5348837209302325,0.1666666666666666
0.0773895627016802,0.1317829457364341,0.0275019121643887,0.5348837209302325,0.1666666666666666
0.1889395793924557,0.4961240310077519,0.0370551761458626,0.3255813953488372,0.5
0.2128630243685323,0.4341085271317829,0.8211483869797477,0.5348837209302325,0.5
0.1876043173472794,0.6356589147286821,0.020609050810667,0.813953488372093,0.3333333333333333
0.715867363970179,0.8062015503875969,0.391432898901677,0.4883720930232558,0.5
0.0638143985757204,0.2170542635658914,0.0809518195037744,0.2558139534883721,0.3333333333333333
0.1682430176922221,0.5271317829457364,0.3600824724814603,0.4651162790697675,0.5
0.0926894403026594,0.2325581395348837,0.0006862629505679,0.5581395348837209,0.3333333333333333
0.1476020919105374,0.4263565891472868,0.0738171033657116,0.9069767441860463,0.3333333333333333
0.1670190274841437,0.5116279069767441,0.1941398585754148,0.6511627906976745,0.6666666666666666
0.1208412150884611,0.2868217054263565,0.0563430951970663,0.6046511627906976,0.5
0.062089685100701,0.1162790697674418,0.2577476668571273,0.6046511627906976,0.1666666666666666
0.2390675420051184,0.3565891472868217,0.005946604509987,0.5348837209302325,0.5
0.1909424724602203,0.5271317829457364,0.0,0.6511627906976745,0.3333333333333333
0.0648158451096027,0.3720930232558139,0.2173579178721616,0.4651162790697675,0.5
0.2047958161789251,0.4263565891472868,0.0713078599781726,0.6976744186046512,0.1666666666666666
0.4301212863024368,0.7364341085271318,0.6900026301707798,0.744186046511628,0.1666666666666666
0.0048403249137643,0.0542635658914728,0.9534127221662934,0.4651162790697675,0.5
0.0479025258707021,0.2093023255813953,0.474419321778721,0.5116279069767442,0.3333333333333333
0.3843329253365973,0.6201550387596899,0.0548315027949343,0.5348837209302325,0.1666666666666666
0.2109714031378658,0.4961240310077519,0.0,0.5348837209302325,0.5
0.1792589295649271,0.4651162790697674,0.7724146479350137,0.4418604651162791,0.1666666666666666
0.259263380438411,0.4496124031007752,0.0299204600077998,0.5348837209302325,0.6666666666666666
0.4825303215756092,0.3178294573643411,0.2503408640866807,0.5348837209302325,0.5
0.2053521753644152,0.4496124031007752,0.0245996547522953,0.6511627906976745,0.1666666666666666
0.1995660398353176,0.4806201550387596,0.0523524912554379,0.627906976744186,0.3333333333333333
0.0827862468009346,0.2403100775193798,0.0505688122209222,0.5348837209302325,0.1666666666666666
0.1956715255368866,0.4418604651162791,0.0385365366999519,0.5348837209302325,0.5
0.218982975408924,0.4496124031007752,0.0436457190191579,0.6976744186046512,0.5
0.0927450762212084,0.3798449612403101,0.0462154261027822,0.5348837209302325,0.5
0.0668743740959163,0.2093023255813953,0.1707706400384549,0.5348837209302325,0.3333333333333333
0.0093468343162345,0.0077519379844961,0.2059000474640014,0.5813953488372093,0.5
0.1968398798264159,0.5658914728682171,0.0271693618359196,0.4651162790697675,0.5
0.2070768888394347,0.5038759689922481,0.0192183858007056,0.5348837209302325,0.5
0.0810058974073661,0.2558139534883721,0.0796216181898983,0.8372093023255814,0.8333333333333333
0.0434516523867809,0.1085271317829457,0.0507804351572207,0.9302325581395348,0.1666666666666666
0.0445643707577612,0.1627906976744186,0.0319459938266566,0.744186046511628,0.1666666666666666
0.2454100367197062,0.6201550387596899,0.0231787578942913,0.3488372093023256,0.3333333333333333
0.0345499054189384,0.0620155038759689,0.2296925118735583,0.6744186046511628,0.3333333333333333
0.2759541560031156,0.4806201550387596,0.0505083485248369,1.0,0.3333333333333333
0.1767553132302214,0.4496124031007752,0.0255368420416171,0.5348837209302325,0.5
0.0638700344942695,0.2170542635658914,0.3760751200960163,0.4883720930232558,0.6666666666666666
0.2353399354623345,0.5658914728682171,0.0457014846860573,0.6511627906976745,0.3333333333333333
0.2165349949927673,0.5968992248062015,0.0072465739758205,0.5348837209302325,0.1666666666666666
0.1476577278290864,0.4031007751937984,0.0929538631767021,0.4883720930232558,0.3333333333333333
0.1292422387893624,0.2558139534883721,0.0111162505252783,0.2558139534883721,0.3333333333333333
0.2475798375431178,0.5658914728682171,0.3279460180121351,0.813953488372093,0.3333333333333333
0.1137198175141871,0.2868217054263565,0.0826750348422049,0.6046511627906976,0.5
0.2115833982419049,0.5581395348837209,1.0000000000000002,0.6976744186046512,0.3333333333333333
0.2320017803493935,0.5426356589147286,0.0011699725192501,0.6744186046511628,0.5
0.1893290308222988,0.6201550387596899,0.0164068239327401,0.6976744186046512,0.3333333333333333
0.4143206854345165,0.3875968992248062,0.6670264256583741,0.4186046511627906,0.5
0.0963614109268944,0.2635658914728682,0.0060675319021576,0.4651162790697675,0.5
0.1244019138755981,0.4496124031007752,0.4006233807066392,0.3255813953488372,0.5
0.2647157004562145,0.6046511627906976,0.0301320829440982,0.5116279069767442,0.5
0.0636474908200734,0.1550387596899224,0.1739147522348894,0.627906976744186,0.1666666666666666
0.2128073884499833,0.5116279069767441,0.0359668296163276,0.813953488372093,0.3333333333333333
0.7299432513630799,0.883720930232558,0.1446805551776575,0.5348837209302325,0.1666666666666666
0.0741626794258373,0.2635658914728682,0.1591616103900815,0.5348837209302325,0.5
0.1774785801713586,0.4883720930232558,0.2837470561737968,0.4418604651162791,0.5
0.850561922777345,0.9147286821705426,0.3162160609715911,0.744186046511628,0.8333333333333333
0.0372760654278402,0.1472868217054263,0.2803308573449786,0.883720930232558,0.5
0.2120841215088461,0.5658914728682171,0.0980630454959081,0.7906976744186046,0.3333333333333333
0.2623233559586069,0.6511627906976744,0.0127790021676235,0.5348837209302325,0.5
0.2030711027039056,0.5503875968992248,0.444943269937148,0.5348837209302325,0.5
0.0790586402581506,0.193798449612403,0.1657521532633768,0.3488372093023256,0.5
0.0269277845777233,0.1085271317829457,0.7956327072317604,0.3488372093023256,0.5
0.2225436741960609,0.3798449612403101,0.1295646311563379,0.4651162790697675,0.3333333333333333
0.0966395905196394,0.2015503875968992,0.0429503865141772,0.2093023255813954,0.1666666666666666
0.200678758206298,0.4651162790697674,0.0190672265604924,0.4186046511627906,0.5
0.0608656948926226,0.248062015503876,0.1323157293282181,0.3023255813953488,0.1666666666666666
0.0436185601424279,0.1240310077519379,0.0389597825725488,0.5348837209302325,0.1666666666666666
0.8063870034494269,0.8294573643410852,0.6432339612488172,0.8372093023255814,0.3333333333333333
0.1281295204183821,0.2558139534883721,0.0098162810594448,0.5348837209302325,0.3333333333333333
0.0734950484032491,0.3875968992248062,0.1699846119893463,0.5348837209302325,0.5
0.1683542895293201,0.4573643410852712,0.1357319281570363,0.5348837209302325,0.1666666666666666
0.1978413263602982,0.4961240310077519,0.0632964202468732,0.627906976744186,0.5
0.091354178257483,0.2558139534883721,0.0544989524664653,0.5116279069767442,0.5
0.1064315121842661,0.2248062015503875,0.0170416927416356,0.6744186046511628,0.0
0.1956715255368866,0.5038759689922481,0.0239345540953572,1.0,0.1666666666666666
0.4150995882942027,0.6744186046511628,0.4770494925584306,0.7674418604651162,0.5
0.1870479581617892,0.4728682170542635,0.0349389467828778,0.4418604651162791,0.1666666666666666
0.8056637365082897,0.6589147286821705,0.2492222857091031,0.6046511627906976,0.3333333333333333
0.1820407254923778,0.4186046511627906,0.0157719551238447,0.627906976744186,0.1666666666666666
0.0948036052075219,0.3565891472868217,0.0408946208472777,0.5348837209302325,0.5
0.0779459218871703,0.193798449612403,0.031825066434486,0.3488372093023256,0.3333333333333333
0.0851229553799933,0.4263565891472868,0.0229066712619075,0.4883720930232558,0.3333333333333333
0.0123511739178813,0.0852713178294573,0.1824703652309562,0.7674418604651162,0.5
0.1194503171247357,0.4728682170542635,0.1663870220722722,0.3023255813953488,0.5
0.189885390007789,0.4883720930232558,0.2261553856525695,0.5348837209302325,0.6666666666666666
0.2105263157894736,0.4341085271317829,0.0578244557511556,0.7906976744186046,0.1666666666666666
0.1054857015689329,0.4263565891472868,0.0594267436974154,0.5348837209302325,0.3333333333333333
0.2042950929119839,0.4728682170542635,0.0122650607508986,0.627906976744186,0.5
0.8235228663625236,0.8682170542635659,0.0837029176756546,0.6511627906976745,0.5
0.0660954712362301,0.4418604651162791,1.0000000000000002,0.4883720930232558,0.3333333333333333
0.1475464559919884,0.689922480620155,0.0170114608935929,0.2093023255813954,0.1666666666666666
0.1780905752753978,0.5658914728682171,0.6474664199747867,0.7906976744186046,0.1666666666666666
0.1020362746188939,0.186046511627907,0.0775960843710415,0.4186046511627906,0.5
0.2378435517970401,0.5813953488372092,0.0211532240754345,0.5116279069767442,0.1666666666666666
0.0485145209747412,0.2325581395348837,0.0427387635778787,0.5348837209302325,0.5
0.1997329475909647,0.5581395348837209,0.0179788800309574,0.5813953488372093,0.8333333333333333
0.1962278847223767,0.3875968992248062,0.9456733690673778,0.744186046511628,0.3333333333333333
0.2274952709469233,0.5038759689922481,0.0668637783159046,0.5581395348837209,0.1666666666666666
0.2198731501057082,0.5038759689922481,0.0011397406712074,0.8372093023255814,0.5
0.2434071436519417,0.6046511627906976,0.0,0.6511627906976745,0.1666666666666666
0.0808946255702681,0.3410852713178294,0.0748449861991613,0.7209302325581396,0.5
0.0450094581061533,0.186046511627907,0.1409015741723276,0.9767441860465116,0.3333333333333333
0.1974518749304551,0.6124031007751938,0.0,0.6976744186046512,0.5
0.1765884054745743,0.4186046511627906,0.1059837896830795,0.5348837209302325,0.5
0.2347835762768443,0.5581395348837209,0.0348482512387499,0.1860465116279069,0.5
0.0616445977523088,0.186046511627907,0.0513548402700308,0.5348837209302325,0.3333333333333333
0.1092133081117169,0.2635658914728682,0.0174649386142325,0.7674418604651162,0.6666666666666666
0.2396239011906086,0.5193798449612402,0.025718233129873,0.6511627906976745,0.5
0.2307221542227662,0.4651162790697674,0.541503792585337,0.6046511627906976,0.6666666666666666
0.0757204851452097,0.1705426356589147,0.3762262793362295,0.4186046511627906,0.6666666666666666
0.2639924335150773,0.5193798449612402,0.0136859576089026,0.7674418604651162,0.3333333333333333
0.7835206409257817,0.7751937984496123,0.0727589886842192,0.5348837209302325,0.3333333333333333
0.1610103482808501,0.3410852713178294,0.1001792748588928,0.6046511627906976,0.5
0.0557471903861132,0.248062015503876,0.6968047959803735,0.4418604651162791,0.3333333333333333
0.7623789918771559,0.6976744186046512,0.2465618830813508,0.4883720930232558,0.3333333333333333
0.2268276399243351,0.3720930232558139,0.0,0.5348837209302325,0.5
0.0531879381328585,0.2403100775193798,0.4763843919014925,0.5348837209302325,0.1666666666666666
0.2489150995882942,0.5038759689922481,0.0381435226753976,0.4883720930232558,0.3333333333333333
0.4505953043284744,0.7674418604651162,0.1877911704864606,0.3720930232558139,0.5
0.0510181373094469,0.2015503875968992,0.0,0.7906976744186046,0.1666666666666666
0.2311672415711583,0.6124031007751938,0.0292553593508617,0.3720930232558139,0.5
0.0534104818070546,0.1550387596899224,0.0510525217896044,0.5348837209302325,0.5
0.1652943140091242,0.5271317829457364,0.1142975478948052,0.5813953488372093,0.6666666666666666
0.1655168576833203,0.5736434108527132,0.165238211846652,0.4883720930232558,0.1666666666666666
0.2013463892288861,0.4496124031007752,0.0050698809167505,0.627906976744186,0.3333333333333333
0.2293868921775898,0.4728682170542635,0.4902910420011065,0.5348837209302325,0.5
0.7648269722933125,0.6511627906976744,0.0778681710034252,0.3488372093023256,0.1666666666666666
0.244575497941471,0.5658914728682171,0.0225741209334385,0.5348837209302325,0.1666666666666666
0.0699343496161121,0.3100775193798449,0.4996326830462819,0.5348837209302325,0.3333333333333333
0.19717369533771,0.4806201550387596,0.1007839118197456,0.5813953488372093,0.5
0.2108044953822187,0.3798449612403101,0.0163161283886122,0.3953488372093023,0.3333333333333333
0.0717703349282296,0.1782945736434108,0.0328227174198931,0.4418604651162791,0.5
0.0739401357516412,0.1472868217054263,0.0320366893707845,0.627906976744186,0.3333333333333333
0.0388895070657616,0.2248062015503875,0.7727774301115253,0.5348837209302325,0.3333333333333333
0.0655947479692889,0.2015503875968992,0.0175556341583604,0.6976744186046512,0.3333333333333333
0.018471124958273,0.1085271317829457,0.1569546854829689,0.6511627906976745,0.3333333333333333
0.1724157115833982,0.5193798449612402,0.2016675887380319,0.4883720930232558,0.3333333333333333
0.0339379103148993,0.1317829457364341,1.0000000000000002,0.4651162790697675,0.5
0.2259931011460999,0.6201550387596899,0.1165347046499605,0.4883720930232558,0.3333333333333333
0.7873595193056636,0.8914728682170542,0.070521831929064,0.5813953488372093,0.1666666666666666
0.0392233225770557,0.0930232558139534,0.0638103616635981,1.0,0.5
0.2123066651830421,0.4418604651162791,0.0715497147625137,0.6976744186046512,0.3333333333333333
0.1053187938132858,0.2945736434108527,0.0628429425262337,0.5348837209302325,0.5
0.0989206631801491,0.2945736434108527,0.0148952315306082,1.0,1.0
0.2180371647935907,0.5271317829457364,0.0,0.627906976744186,0.1666666666666666
0.1454322910871258,0.4341085271317829,0.0060977637502002,0.3488372093023256,0.3333333333333333
0.1997329475909647,0.5736434108527132,0.0,0.627906976744186,0.5
0.1143318126182263,0.4806201550387596,0.0353621926554748,0.2790697674418605,0.3333333333333333
0.2058528986313564,0.5581395348837209,0.0487851331864065,0.5581395348837209,0.1666666666666666
0.0867363970179147,0.3410852713178294,0.0712776281301299,0.8604651162790699,0.3333333333333333
0.8667519750751084,0.8449612403100775,0.0685265299582498,0.5348837209302325,0.1666666666666666
0.2412929787470791,0.5891472868217054,0.0322180804590403,0.7906976744186046,0.1666666666666666
0.2557583175698231,0.3333333333333333,0.7088068396533012,0.6976744186046512,0.3333333333333333
0.2252698342049627,0.5426356589147286,0.05661518182945,0.2325581395348837,0.5
0.2399577167019027,0.4806201550387596,0.0312808931697185,0.813953488372093,0.3333333333333333
0.1858796038722599,0.5968992248062015,0.1186207021649026,0.4651162790697675,0.5
0.0920218092800712,0.3333333333333333,0.4068813732514655,0.6744186046511628,0.8333333333333333
0.2078557916991209,0.5658914728682171,0.0,0.5116279069767442,0.5
0.0339935462334483,0.1162790697674418,0.7321760581902611,0.5348837209302325,0.1666666666666666
0.2105819517080226,0.4806201550387596,0.0315529798021023,0.5116279069767442,0.3333333333333333
0.4517080226994547,0.4263565891472868,1.0000000000000002,0.6744186046511628,0.6666666666666666
0.0637031267386224,0.1317829457364341,0.0216671654921593,0.9069767441860463,0.5
0.2274396350283743,0.5891472868217054,0.0,0.6046511627906976,0.5
0.1002559252253254,0.2635658914728682,0.0020466961124866,0.4186046511627906,0.5
0.0276510515188605,0.0930232558139534,0.2440828715418545,0.2790697674418605,0.3333333333333333
0.244575497941471,0.6511627906976744,0.0441596604358828,0.4651162790697675,0.3333333333333333
0.1745298764882608,0.3798449612403101,0.0342436142778972,0.883720930232558,0.5
0.208022699454768,0.5116279069767441,0.0370854079939052,0.6511627906976745,0.5
0.2725047290530766,0.5658914728682171,0.2544826272685223,0.6046511627906976,0.6666666666666666
0.2208745966395905,0.5891472868217054,0.0188253717761513,0.1860465116279069,0.3333333333333333
0.2422387893624124,0.2945736434108527,1.0000000000000002,0.744186046511628,0.5
0.1002559252253254,0.2558139534883721,0.0032862018822348,0.6511627906976745,0.5
0.1107711138310893,0.3488372093023255,0.5350341771042122,0.3023255813953488,0.5
0.1340825637031267,0.4961240310077519,0.0402597520383823,0.3953488372093023,0.5
0.1148325358851674,0.2558139534883721,0.1105790305855606,0.2093023255813954,0.3333333333333333
0.0239234449760765,0.1162790697674418,0.4664683457435069,0.6046511627906976,0.5
0.2305552464671191,0.6046511627906976,0.799260528996877,0.5348837209302325,0.5
0.2195393345944141,0.4496124031007752,0.0248717413846791,0.744186046511628,0.5
0.1264604428619116,0.3565891472868217,0.5301366177213047,0.4186046511627906,0.3333333333333333
0.2451318571269611,0.5271317829457364,0.0,0.6511627906976745,0.3333333333333333
0.0944141537776788,0.2403100775193798,0.0,0.627906976744186,0.6666666666666666
0.186102147546456,0.4108527131782945,0.1186509340129453,0.9534883720930232,0.3333333333333333
0.0601424279514854,0.2170542635658914,0.0231787578942913,0.5348837209302325,0.5
0.0849004117057972,0.3100775193798449,0.126964692224671,0.6511627906976745,0.5
0.0418938466674084,0.193798449612403,0.0330343403561916,0.8604651162790699,0.3333333333333333
0.0583064426393679,0.2325581395348837,0.0875121305290271,0.3953488372093023,0.6666666666666666
0.2248803827751196,0.5038759689922481,0.0337599047092149,0.6511627906976745,0.5
0.0999221097140313,0.2868217054263565,0.026806579659408,0.5348837209302325,0.5
0.3489484811394236,0.4418604651162791,1.0000000000000002,0.3720930232558139,0.5
0.040391676866585,0.193798449612403,0.1355807689168231,0.5116279069767442,0.1666666666666666
0.2068543451652386,0.4108527131782945,0.0282577083654546,0.6744186046511628,0.5
0.011071547791254,0.1317829457364341,0.0,0.2790697674418605,0.8333333333333333
0.1894959385779459,0.4186046511627906,0.0427085317298361,0.6046511627906976,0.6666666666666666
0.171636808723712,0.3255813953488372,1.0000000000000002,0.5348837209302325,0.6666666666666666
0.2197618782686102,0.4263565891472868,0.0421038947689833,0.1860465116279069,0.1666666666666666
0.0600867920329364,0.1782945736434108,0.0346668601504941,0.813953488372093,0.5
0.1032602648269722,0.3023255813953488,0.1268437648325004,0.3488372093023256,0.5
0.4446978969622788,0.6046511627906976,0.5825586422272407,0.5581395348837209,0.3333333333333333
0.1810392789584956,0.5116279069767441,0.0055233586373901,0.4651162790697675,0.3333333333333333
0.0751084900411705,0.2558139534883721,0.1318017879114932,0.6744186046511628,0.5
0.2108601313007677,0.6511627906976744,1.0000000000000002,0.3488372093023256,0.1666666666666666
0.1306887726716368,0.3488372093023255,0.0236322356149309,0.3953488372093023,0.5
0.0487927005674863,0.1782945736434108,0.6658171517366686,0.7209302325581396,0.3333333333333333
0.0644263936797596,0.2015503875968992,1.0000000000000002,0.5348837209302325,0.5
0.2429064203850005,0.4961240310077519,0.0452782388134604,0.5348837209302325,0.5
0.1799265605875153,0.3255813953488372,0.1243949851410467,0.4651162790697675,0.3333333333333333
0.1636808723712028,0.3410852713178294,0.9460966149399748,0.5348837209302325,0.1666666666666666
0.0881829309001891,0.2558139534883721,0.007790747240588,0.5348837209302325,0.3333333333333333
0.2275509068654723,0.4573643410852712,0.0123859881430692,0.627906976744186,0.5
0.0458439968843885,0.1627906976744186,0.0243275681199116,0.5348837209302325,0.5
0.1455991988427729,0.2713178294573644,0.0337599047092149,0.744186046511628,0.1666666666666666
0.007566484922666,0.0,0.7897072650154031,0.6511627906976745,0.3333333333333333
0.222933125625904,0.3798449612403101,0.409178993702706,0.627906976744186,0.1666666666666666
0.1394236118838322,0.3178294573643411,0.1564709759142867,0.2790697674418605,0.3333333333333333
0.2489707355068432,0.5736434108527132,0.0474247000244878,0.5348837209302325,0.3333333333333333
0.0459552687214865,0.1550387596899224,0.0530478237604186,1.0,0.3333333333333333
0.0615333259152108,0.2093023255813953,0.028560026845881,0.627906976744186,0.3333333333333333
0.2609324579948815,0.5503875968992248,0.0579756149913688,0.9534883720930232,0.3333333333333333
0.211805941916101,0.5503875968992248,0.0370249442978199,0.7209302325581396,0.5
0.1949482585957494,0.3953488372093023,0.1276902565776943,0.627906976744186,0.6666666666666666
0.0160787804606654,0.0852713178294573,0.0330645722042342,0.627906976744186,0.3333333333333333
0.2234894848113942,0.5658914728682171,0.2039652091892725,0.5813953488372093,0.5
0.1945588071659063,0.4961240310077519,0.0915631981667407,1.0,0.1666666666666666
0.2261600089017469,0.5736434108527132,0.8398619009181413,0.5581395348837209,0.3333333333333333
0.2000667631022588,0.4728682170542635,0.4211810373756337,0.4883720930232558,0.5
0.2511961722488038,0.5813953488372092,0.0,0.3720930232558139,0.3333333333333333
0.1706353621898297,0.4186046511627906,0.6236437237171871,0.5348837209302325,0.6666666666666666
0.2244352954267274,0.4806201550387596,0.0125371473832823,0.4883720930232558,0.3333333333333333
0.2131412039612774,0.4573643410852712,0.0219392521245431,0.6046511627906976,0.5
0.1472682763992433,0.4108527131782945,0.2419666421788698,0.4651162790697675,0.1666666666666666
0.2455769444753532,0.4651162790697674,0.0156510277316742,0.5348837209302325,0.1666666666666666
0.0454545454545454,0.1550387596899224,0.943315284920052,0.5581395348837209,0.3333333333333333
0.244686769778569,0.4883720930232558,0.1084023375264906,0.6046511627906976,0.1666666666666666
0.226438188494492,0.5038759689922481,0.0763565786012933,0.4186046511627906,0.8333333333333333
0.1759207744519862,0.5038759689922481,0.252245470513367,0.5348837209302325,0.3333333333333333
0.2583732057416268,0.5503875968992248,0.0259903197622567,0.7674418604651162,0.3333333333333333
0.7743407143651941,0.8449612403100775,0.8492035419633167,0.6046511627906976,0.1666666666666666
0.2361188383220206,0.3875968992248062,0.1396620684025794,0.6976744186046512,0.5
0.1969511516635139,0.4806201550387596,0.2465921149293935,0.5348837209302325,0.5
0.1997885835095137,0.6046511627906976,0.3151277144420561,0.6976744186046512,0.5
0.1874930455101813,0.4496124031007752,0.5035930551398676,0.744186046511628,0.1666666666666666
0.0425614776899966,0.1162790697674418,0.2594708821955577,0.7674418604651162,0.5
0.1198397685545788,0.5503875968992248,0.0881167674898799,0.1860465116279069,0.1666666666666666
0.1450984755758317,0.5116279069767441,0.3679125211245038,0.4186046511627906,0.5
0.2215978635807277,0.5348837209302325,0.2238275333532864,0.3953488372093023,0.3333333333333333
0.1667964838099477,0.3720930232558139,1.0000000000000002,0.4651162790697675,0.3333333333333333
0.2024591075998664,0.5891472868217054,1.0000000000000002,0.5581395348837209,0.1666666666666666
0.2218760431734728,0.6511627906976744,0.0641126801440245,0.627906976744186,0.1666666666666666
0.1893846667408479,0.5658914728682171,0.3370458042729694,0.4651162790697675,0.5
0.1981195059530432,0.4418604651162791,0.5961629738464282,0.4883720930232558,0.3333333333333333
0.1338600200289307,0.3100775193798449,0.4247483954446651,0.4418604651162791,0.6666666666666666
0.1664070323801046,0.4263565891472868,0.9313132412471242,0.7209302325581396,0.5
0.1838210748859463,0.6046511627906976,0.1307134413819582,0.5348837209302325,0.5
0.1733615221987315,0.5193798449612402,0.4960350931292079,0.0,0.3333333333333333
0.1013130076777567,0.2713178294573644,0.1538105732865344,0.7674418604651162,0.6666666666666666
0.1009791921664626,0.2713178294573644,0.2361016636585978,0.6046511627906976,0.5
0.1086013130076777,0.2325581395348837,0.3305761887918446,0.2790697674418605,0.5
0.4451986202292199,0.6511627906976744,0.5060418348313214,0.5348837209302325,0.5
0.200901301880494,0.5658914728682171,0.0597895258739271,0.5348837209302325,0.1666666666666666
0.1942806275731612,0.4341085271317829,0.2627661536322054,0.4418604651162791,0.5
0.0764437520863469,0.2558139534883721,0.0057954452697739,0.5348837209302325,0.5
0.0757761210637587,0.186046511627907,0.136094710333548,0.4651162790697675,0.5
0.0561922777345054,0.186046511627907,0.0946770785151325,0.7209302325581396,0.1666666666666666
0.1250695448981862,0.3100775193798449,0.0182509666633411,0.0697674418604651,0.1666666666666666
0.1274618893957939,0.4806201550387596,0.138271403392618,0.2093023255813954,0.3333333333333333
0.1802047401802603,0.5193798449612402,0.0,0.3023255813953488,0.5
0.8554578836096584,0.8372093023255813,0.0694637172475716,0.5348837209302325,0.3333333333333333
0.2130299321241793,0.5193798449612402,0.2937235660278677,0.2093023255813954,0.5
0.0541337487481918,0.2170542635658914,0.5856725225756325,0.5348837209302325,0.5
0.0489596083231334,0.1007751937984496,0.1088558152471302,0.5116279069767442,0.3333333333333333
0.2157004562145321,0.627906976744186,0.0054931267893475,0.5116279069767442,0.5
0.8024924891509958,0.7984496124031008,0.0480898006814258,0.5348837209302325,0.3333333333333333
0.1997885835095137,0.4418604651162791,0.210041810645843,0.6744186046511628,0.5
0.2017358406587292,0.5193798449612402,0.0986374506087182,0.4186046511627906,0.3333333333333333
0.1418715922999888,0.3875968992248062,0.3456316491170789,0.4186046511627906,0.5
0.2399577167019027,0.4031007751937984,0.0299204600077998,0.744186046511628,0.6666666666666666
0.7095805051741404,0.8527131782945736,0.7797005233132897,0.4883720930232558,0.3333333333333333
0.2433515077333927,0.6124031007751938,0.0437666464113284,0.5348837209302325,0.5
0.2067430733281406,0.4961240310077519,0.0008676540388237,0.5348837209302325,0.5
0.8347613219094246,0.875968992248062,0.0495106975394298,0.5348837209302325,0.1666666666666666
0.02203182374541,0.0465116279069767,0.2007001696006675,1.0,0.5
0.2123623011015911,0.4651162790697674,0.0393527965971031,0.4651162790697675,0.5
0.0165238678090575,0.0930232558139534,0.0,0.6046511627906976,0.3333333333333333
0.2365082897518637,0.5038759689922481,0.0421341266170259,0.1860465116279069,0.1666666666666666
0.1927784577723378,0.4263565891472868,0.0710357733457888,0.5348837209302325,0.5
0.0866807610993657,0.186046511627907,0.0598197577219698,0.1162790697674418,0.5
0.1950595304328474,0.6124031007751938,0.0848214960532322,0.4883720930232558,0.6666666666666666
0.4075887392900856,0.5968992248062015,0.7176950029778371,0.5348837209302325,0.5
0.7768999666184488,0.8372093023255813,0.0732124664048588,0.3023255813953488,0.3333333333333333
0.06214532101925,0.2170542635658914,0.0528664326721628,0.744186046511628,0.3333333333333333
0.080560810058974,0.2868217054263565,0.0,0.6976744186046512,0.5
0.8161789251140535,0.8604651162790697,0.5719170317162318,0.5348837209302325,0.6666666666666666
0.0960275954156003,0.3643410852713178,0.0851540463817012,0.1395348837209302,0.1666666666666666
0.7695003894514297,0.7054263565891472,0.0421643584650686,0.5348837209302325,0.1666666666666666
0.7990986981195058,0.8527131782945736,0.1768472414950253,0.813953488372093,0.1666666666666666
0.2153110047846889,0.5426356589147286,0.3418224362637063,0.4651162790697675,0.3333333333333333
0.1686881050406142,0.3798449612403101,0.0386876959401651,0.5348837209302325,0.3333333333333333
0.0931901635696005,0.2403100775193798,0.1780262835686883,0.7674418604651162,0.6666666666666666
0.1914431957271614,0.5348837209302325,0.0258693923700861,1.0,0.3333333333333333
0.1122176477133637,0.2403100775193798,0.0057349815736886,0.3488372093023256,0.3333333333333333
0.098642483587404,0.3178294573643411,0.1181369925962204,0.3720930232558139,0.5
0.1629019695115166,0.4341085271317829,0.031492516106017,0.744186046511628,0.1666666666666666
0.0846222321130521,0.3023255813953488,0.4971839033548282,0.5116279069767442,0.5
0.3696450428396572,0.4341085271317829,0.099997883770637,0.813953488372093,0.6666666666666666
0.2283854456437075,0.4806201550387596,0.0431620094504757,0.6976744186046512,0.1666666666666666
0.4292867475242016,0.6744186046511628,0.0987583780008888,0.627906976744186,0.1666666666666666
0.1660732168688105,0.4651162790697674,0.3001327178129072,0.5348837209302325,0.3333333333333333
0.2214865917436297,0.4496124031007752,0.0415597215042158,0.4186046511627906,0.3333333333333333
0.0718259708467786,0.2945736434108527,0.1571663084192673,0.4418604651162791,0.3333333333333333
0.1030377211527762,0.3023255813953488,0.2460177098165834,0.4418604651162791,0.3333333333333333
0.2220429509291198,0.4496124031007752,0.0272600573800475,0.5348837209302325,0.5
0.2646600645376655,0.5658914728682171,0.0343645416700677,0.5348837209302325,0.1666666666666666
0.2341715811728051,0.6201550387596899,0.0095744262751037,0.5116279069767442,0.1666666666666666
0.2004562145321019,0.5658914728682171,0.0249019732327217,0.5116279069767442,0.3333333333333333
0.0487370646489373,0.1550387596899224,0.0270786662917917,0.5348837209302325,0.5
0.7474685657060197,0.6744186046511628,0.1493967234723091,0.8372093023255814,0.5
0.2038500055635918,0.3798449612403101,1.0000000000000002,0.0,0.3333333333333333
0.0822855235339935,0.2868217054263565,1.0000000000000002,0.6511627906976745,0.5
0.2534772449093134,0.4728682170542635,0.1078279324136805,0.5813953488372093,0.5
0.069433626349171,0.248062015503876,0.0074884287601616,0.0697674418604651,0.8333333333333333
0.2280516301324134,0.5968992248062015,0.0697962675760406,0.5348837209302325,0.5
0.2853009903193502,0.5891472868217054,0.1796588033629908,0.1860465116279069,0.3333333333333333
0.3298653610771114,0.4108527131782945,0.055194284971446,0.1627906976744186,0.3333333333333333
0.1616779793034383,0.4651162790697674,1.0000000000000002,0.6046511627906976,0.3333333333333333
0.2579837543117836,0.3333333333333333,0.4068209095553802,0.6744186046511628,0.6666666666666666
0.7026260153555135,0.7131782945736433,0.1711031903669239,0.5581395348837209,0.3333333333333333
0.0844553243574051,0.3488372093023255,0.1275390973374811,0.6976744186046512,0.3333333333333333
0.2271614554356292,0.4806201550387596,0.0873609712888139,0.5348837209302325,0.5
0.1811505507955936,0.4108527131782945,0.0239345540953572,0.3023255813953488,0.1666666666666666
0.1108823856681874,0.4651162790697674,0.2426922065318931,0.1627906976744186,0.3333333333333333
0.0393345944141537,0.1550387596899224,0.0293762867430323,0.4186046511627906,0.3333333333333333
0.2682207633248025,0.5348837209302325,0.0125371473832823,0.5348837209302325,0.1666666666666666
0.1303549571603427,0.3488372093023255,0.0407434616070645,0.5348837209302325,0.8333333333333333
0.0343829976632914,0.1317829457364341,0.2429945250123195,0.5348837209302325,0.5
0.2355068432179815,0.5581395348837209,0.1851912315547937,0.4186046511627906,0.1666666666666666
0.4821965060643151,0.3100775193798449,1.0000000000000002,0.1860465116279069,0.3333333333333333
0.1845999777456325,0.4263565891472868,1.0000000000000002,0.5813953488372093,0.5
0.2573717592077445,0.5503875968992248,0.0,0.5348837209302325,0.6666666666666666
0.2110270390564148,0.6124031007751938,0.015076622618864,0.6511627906976745,0.3333333333333333
0.0826193390452876,0.3333333333333333,0.1230950156752132,0.2325581395348837,0.3333333333333333
0.2595415600311561,0.5581395348837209,0.0298599963117145,0.6046511627906976,0.3333333333333333
0.2524201624568821,0.6511627906976744,0.0258391605220435,0.5348837209302325,0.5
0.0720485145209747,0.3333333333333333,0.0,0.4418604651162791,0.5
0.4331812618226326,0.627906976744186,0.0467293675195071,0.5348837209302325,0.5
0.8707577612106375,0.7364341085271318,0.3478385740241915,0.5348837209302325,0.5
0.1163903416045399,0.3178294573643411,0.1696218298128346,0.2790697674418605,0.5
0.4768554578836096,0.6976744186046512,0.1905725005063834,0.5348837209302325,0.5
0.2512518081673528,0.5348837209302325,0.0532594466967171,0.3720930232558139,0.5
0.1977300545232001,0.4263565891472868,0.089114418475287,0.9302325581395348,0.3333333333333333
0.4025258707021253,0.5581395348837209,1.0000000000000002,0.5581395348837209,0.5
0.2174808056081006,0.4186046511627906,0.0541664021379963,0.6046511627906976,0.5
0.1661844887059085,0.4573643410852712,0.255510510101972,0.8372093023255814,0.5
0.1955046177812395,0.6356589147286821,0.1963165516344849,0.6744186046511628,0.1666666666666666
0.2360075664849226,0.6046511627906976,0.0120534378146001,0.5581395348837209,0.1666666666666666
0.0529097585401135,0.248062015503876,0.4521082179232534,0.6976744186046512,0.5
0.2195949705129631,0.5736434108527132,0.0,0.627906976744186,0.3333333333333333
0.7863024368532324,0.9069767441860463,0.1255135635186243,0.5348837209302325,0.5
0.0967508623567375,0.3953488372093023,0.0,1.0,0.5
0.2475242016245688,0.4961240310077519,1.0000000000000002,0.5813953488372093,0.3333333333333333
0.0752753977968176,0.248062015503876,0.0,0.5348837209302325,0.5
0.0714365194169355,0.2713178294573644,0.0,0.4418604651162791,0.3333333333333333
0.193501724713475,0.5503875968992248,0.0527455052799922,0.744186046511628,0.5
0.8112273283631912,0.883720930232558,0.5325853974127585,0.5348837209302325,0.1666666666666666
0.1865472348948481,0.4961240310077519,0.231808741236543,0.7906976744186046,0.3333333333333333
0.1398686992322243,0.3178294573643411,0.5758169401137322,0.5348837209302325,0.1666666666666666
0.0645376655168576,0.0542635658914728,0.0075186606082043,0.4418604651162791,0.3333333333333333
0.8347056859908757,0.9069767441860463,0.439834087617942,0.5348837209302325,0.5
0.1464337376210081,0.4186046511627906,0.0412574030237894,0.5348837209302325,0.5
0.0561366418159563,0.1627906976744186,0.0999676519225943,0.6511627906976745,0.5
0.2656615110715478,0.5581395348837209,0.1138440701741657,0.5348837209302325,0.6666666666666666
0.2442416824301769,0.5503875968992248,0.1134208243015687,0.5348837209302325,0.5
0.1540002225436741,0.3333333333333333,0.7518569912660191,0.627906976744186,0.5
0.3255257594302881,0.4961240310077519,1.0000000000000002,0.4651162790697675,0.3333333333333333
0.1931679092021809,0.3720930232558139,0.3877748452885176,0.5813953488372093,0.5
0.8927895849560475,0.8527131782945736,0.1261484323275197,0.5348837209302325,0.1666666666666666
0.2490263714253922,0.5348837209302325,0.0509618262454765,0.3953488372093023,0.1666666666666666
0.0988650272616001,0.248062015503876,0.0004141763181841,0.5348837209302325,0.5
0.2182040725492378,0.4728682170542635,0.0,0.5348837209302325,0.5
0.1126070991432068,0.2558139534883721,1.0000000000000002,0.4651162790697675,0.5
0.0433403805496828,0.0930232558139534,0.6528174570783337,0.6976744186046512,0.6666666666666666
0.7515299877600978,0.9147286821705426,0.3347179519736862,0.5348837209302325,0.5
0.2792366751975075,0.5271317829457364,0.0592755844572022,0.5581395348837209,0.3333333333333333
0.2456882163124513,0.6124031007751938,0.0365714665771804,0.4418604651162791,0.3333333333333333
0.2789584956047624,0.4728682170542635,0.0492688427550887,0.4651162790697675,0.6666666666666666
0.0618115055079559,0.1705426356589147,0.0586104838002642,0.8372093023255814,0.1666666666666666
0.233726493824413,0.5658914728682171,0.0235113082227603,0.5348837209302325,0.3333333333333333
0.2144764660064537,0.5038759689922481,0.1322552656321328,0.5348837209302325,0.5
0.1368087237120284,0.6046511627906976,0.3097464454904663,0.5348837209302325,0.1666666666666666
0.0922443529542672,0.248062015503876,0.3686380854775272,0.1395348837209302,0.1666666666666666
0.1196172248803827,0.4651162790697674,0.539992200183205,0.3953488372093023,0.5
0.2148659174362968,0.4263565891472868,0.0236926993110161,0.7209302325581396,0.3333333333333333
0.1136085456770891,0.248062015503876,0.0017141457840176,0.6511627906976745,0.5
0.2212084121508846,0.4961240310077519,0.0599709169621829,0.3720930232558139,0.5
0.1912762879715144,0.6666666666666666,0.5581313090087884,0.3255813953488372,0.3333333333333333
0.1475464559919884,0.3565891472868217,0.0632964202468732,0.6511627906976745,0.3333333333333333
0.0773339267831312,0.2015503875968992,0.0997560289862959,0.6744186046511628,0.5
0.1310782241014799,0.2868217054263565,0.0138673486971585,0.4418604651162791,0.5
0.0780571937242683,0.3023255813953488,0.3320273174978913,0.6744186046511628,0.5
0.2269945476799821,0.4341085271317829,0.0170114608935929,0.1162790697674418,0.1666666666666666
0.2461333036608434,0.4651162790697674,0.0112674097654915,0.2325581395348837,0.5
0.040336040948036,0.2093023255813953,0.0797425455820688,0.6744186046511628,0.5
0.2156448202959831,0.4496124031007752,0.0609081042515048,0.3023255813953488,0.3333333333333333
0.1490486257928118,0.3565891472868217,0.1151138077919565,0.4651162790697675,0.1666666666666666
0.1996216757538667,0.4496124031007752,0.1149928803997859,0.4883720930232558,0.3333333333333333
0.222988761544453,0.6201550387596899,0.0445526744604371,0.5348837209302325,0.1666666666666666
0.0720485145209747,0.186046511627907,1.0000000000000002,0.5348837209302325,0.1666666666666666
0.0481807054634472,0.1472868217054263,0.3379225278662059,0.0,0.5
0.2218204072549238,0.4496124031007752,0.0331552677483622,0.5348837209302325,0.5
0.7552019583843329,0.7751937984496123,0.2308413220991786,0.5348837209302325,0.3333333333333333
0.0423945699343496,0.2093023255813953,0.0267763478113653,0.813953488372093,0.5
0.2510292644931567,0.5116279069767441,0.1565919033064572,0.5348837209302325,0.1666666666666666
0.0926894403026594,0.2248062015503875,0.1696520616608773,0.7209302325581396,0.6666666666666666
0.0750528541226215,0.2558139534883721,0.0188858354722365,0.2558139534883721,0.3333333333333333
0.2414598865027261,0.4651162790697674,0.1084930330706185,0.1860465116279069,0.3333333333333333
0.1313007677756759,0.2015503875968992,0.0177067933985736,0.2790697674418605,0.3333333333333333
0.0948036052075219,0.2403100775193798,0.0265647248750669,0.5348837209302325,0.5
0.226271280738845,0.5503875968992248,0.0405923023668513,0.6046511627906976,0.6666666666666666
0.1017580950261488,0.3643410852713178,0.1692892794843656,0.3720930232558139,0.6666666666666666
0.073272504729053,0.1085271317829457,0.3982652965593133,0.7906976744186046,0.5
0.7363970179147658,0.7286821705426356,0.1945026407519265,0.5581395348837209,0.3333333333333333
0.1526093245799488,0.5426356589147286,0.1181369925962204,0.5348837209302325,0.5
0.1941137198175141,0.4341085271317829,0.0083046886573129,0.5348837209302325,0.3333333333333333
0.3946255702681651,0.5503875968992248,0.4109022090411365,0.744186046511628,1.0
0.1109936575052854,0.4573643410852712,0.0293762867430323,0.2325581395348837,0.3333333333333333
0.0653165683765439,0.0697674418604651,0.0567663410696632,0.5348837209302325,0.5
0.1851007010125737,0.4728682170542635,0.0379621315871418,0.9534883720930232,0.5
0.0532435740514075,0.1472868217054263,0.3810029113269665,0.4186046511627906,0.5
0.2030711027039056,0.5038759689922481,0.1704078578619432,0.5348837209302325,0.5
0.7499165461221764,0.7364341085271318,0.057370978030516,0.5348837209302325,0.5
0.1049849783019917,0.2790697674418604,0.0887214044507326,0.4418604651162791,0.5
0.1527762323355958,0.4728682170542635,0.0307971836010363,0.5813953488372093,0.5
0.2389562701680204,0.5116279069767441,0.0529268963682481,0.5581395348837209,0.5
0.1113274730165795,0.3178294573643411,0.0291948956547764,0.883720930232558,1.0
0.2179258929564927,0.5813953488372092,0.0,0.627906976744186,0.3333333333333333
0.2313897852453544,0.6511627906976744,0.0015327546957617,0.6511627906976745,0.1666666666666666
0.2020140202514743,0.5581395348837209,0.1582546549488024,0.8604651162790699,0.6666666666666666
0.7658840547457438,0.6666666666666666,0.3349598067580273,0.7209302325581396,0.3333333333333333
0.1125514632246578,0.4031007751937984,0.1839214939370029,0.627906976744186,0.5
0.2330032268832758,0.5968992248062015,0.0020769279605293,0.1627906976744186,0.3333333333333333
0.0451207299432513,0.1395348837209302,0.0635382750312144,0.5116279069767442,0.5
0.1869366863246912,0.4418604651162791,0.0157719551238447,0.744186046511628,0.3333333333333333
0.1473795482363414,0.4573643410852712,0.2571430298962745,0.8372093023255814,0.3333333333333333
0.2444642261043729,0.5581395348837209,0.0231787578942913,0.6744186046511628,0.3333333333333333
0.2066318014910426,0.5193798449612402,0.0363598436408819,0.4883720930232558,0.3333333333333333
0.1773116724157115,0.5193798449612402,0.0316436753462302,0.4418604651162791,0.3333333333333333
0.0747190386113274,0.2015503875968992,1.0000000000000002,0.6046511627906976,0.5
0.7025703794369644,0.813953488372093,0.3223228942762042,0.744186046511628,0.3333333333333333
0.1994547679982196,0.4418604651162791,0.5107277712779305,0.2325581395348837,0.3333333333333333
0.022198731501057,0.0310077519379844,0.1407504149321144,0.7209302325581396,0.5
0.2034049182151997,0.4341085271317829,0.5743658114076856,0.744186046511628,0.5
0.1817069099810838,0.5658914728682171,0.2572941891364877,0.4186046511627906,0.5
0.1107154779125403,0.2868217054263565,0.026050783458342,0.5348837209302325,0.3333333333333333
0.1881050406142205,0.5116279069767441,0.3056953778527527,0.3953488372093023,0.3333333333333333
0.2274396350283743,0.5271317829457364,0.0,0.4418604651162791,0.5
0.2624902637142539,0.4728682170542635,0.2507641099592777,0.8372093023255814,0.6666666666666666
0.0973628574607766,0.2790697674418604,0.250401327782766,1.0,0.5
0.072994325136308,0.2015503875968992,0.9138996967745642,0.6511627906976745,0.5
0.2361744742405697,0.5116279069767441,0.0,0.7209302325581396,0.1666666666666666
0.1000890174696784,0.4031007751937984,0.0308576472971216,0.7906976744186046,0.5
0.1118281962835206,0.2170542635658914,0.0061884592943282,0.6976744186046512,0.5
0.1723044397463002,0.3178294573643411,0.0244182636640395,0.5348837209302325,0.5
0.2092466896628463,0.3565891472868217,0.0727287568361766,0.6976744186046512,0.5
0.0422832980972515,0.1317829457364341,0.0234810763747177,1.0,0.1666666666666666
0.2056859908757093,0.5891472868217054,0.0117511193341737,0.1860465116279069,0.5
0.0544675642594859,0.2170542635658914,1.0000000000000002,0.6511627906976745,0.5
0.7549794147101367,0.5813953488372092,0.0633871157910012,0.5348837209302325,0.3333333333333333
0.1512184266162234,0.5581395348837209,0.0560105448685972,0.3720930232558139,0.5
0.076721931679092,0.3178294573643411,0.074119421846138,0.3720930232558139,0.3333333333333333
0.138644709024146,0.3720930232558139,0.7182694080906472,0.6744186046511628,0.3333333333333333
0.2539223322577055,0.5503875968992248,0.1530547770854684,0.744186046511628,1.0
0.4210526315789473,0.4031007751937984,0.1810797002209948,0.4651162790697675,0.5
0.2090797819071992,0.5813953488372092,0.021606701796074,0.4186046511627906,0.8333333333333333
0.0935239790808946,0.248062015503876,0.0353017289593895,0.6046511627906976,0.5
0.2332257705574719,0.5813953488372092,0.039110941812762,0.2790697674418605,0.5
0.0390007789028596,0.193798449612403,0.3185439132708743,0.5348837209302325,0.1666666666666666
0.0443974630021141,0.2403100775193798,1.0000000000000002,0.6744186046511628,0.3333333333333333
0.0029487036830978,0.0387596899224806,0.308355780480505,0.3953488372093023,0.6666666666666666
0.208356514966062,0.4186046511627906,0.0411062437835762,0.5348837209302325,0.1666666666666666
0.2067430733281406,0.5038759689922481,0.0193090813448335,0.5348837209302325,0.3333333333333333
0.0668743740959163,0.1317829457364341,0.1434712812559519,1.0,1.0
0.2104706798709246,0.5658914728682171,0.0389900144205915,0.744186046511628,0.5
0.1010348280850116,0.3100775193798449,0.0437666464113284,0.5348837209302325,0.5
0.2049070880160231,0.4418604651162791,0.109793002536452,0.5813953488372093,0.3333333333333333
0.0838433292533659,0.2945736434108527,0.0455805572938868,0.5348837209302325,0.5
0.817792366751975,0.7286821705426356,0.0709450778016609,0.5348837209302325,0.1666666666666666
0.0680983643039946,0.2248062015503875,0.1587685963655272,0.5116279069767442,0.5
0.2261600089017469,0.5038759689922481,0.1565012077623293,0.5348837209302325,0.5
0.1967842439078669,0.5038759689922481,0.171435740695393,0.6046511627906976,0.3333333333333333
0.1079893179036385,0.3100775193798449,0.1010559984521294,0.6976744186046512,0.5
0.1878824969400244,0.3953488372093023,0.0412271711757468,1.0,0.5
0.0467341715811728,0.1085271317829457,0.6322598004093393,0.5348837209302325,0.3333333333333333
0.0417269389117614,0.1705426356589147,0.4393201462012171,0.4186046511627906,0.5
0.0901858239679537,0.2403100775193798,0.0621778418692956,0.7209302325581396,0.3333333333333333
0.171803716479359,0.4418604651162791,0.1362458695737612,0.6976744186046512,0.5
0.2148659174362968,0.4573643410852712,0.076719360777805,0.3953488372093023,0.5
0.2468009346834316,0.4883720930232558,0.3120742977897496,0.3023255813953488,0.5
0.2376766440413931,0.3100775193798449,0.1649056615181829,0.5348837209302325,0.5
0.2017358406587292,0.5193798449612402,0.2072604806259202,0.5348837209302325,0.1666666666666666
0.201068209636141,0.3643410852713178,0.0759031008806537,0.6744186046511628,0.1666666666666666
0.036830978079448,0.2170542635658914,0.2586848541464491,0.4651162790697675,0.5
0.0400022254367419,0.186046511627907,0.1124534051642043,0.627906976744186,0.1666666666666666
0.2126961166128853,0.5736434108527132,0.0,0.7674418604651162,0.1666666666666666
0.2218760431734728,0.5891472868217054,0.1872469972216932,0.5581395348837209,0.5
0.0122399020807833,0.0775193798449612,0.0235717719188456,0.2325581395348837,0.5
0.1061533325915211,0.2635658914728682,0.0050698809167505,0.5348837209302325,0.3333333333333333
0.2057416267942583,0.5891472868217054,0.0,0.4186046511627906,0.3333333333333333
0.2138644709024146,0.5348837209302325,0.1544756739434725,0.4651162790697675,0.1666666666666666
0.1188383220206965,0.2403100775193798,0.0431922412985183,0.3023255813953488,0.3333333333333333
0.1820963614109269,0.3643410852713178,0.6742820691886074,0.6511627906976745,0.3333333333333333
0.0446200066763102,0.1705426356589147,1.0000000000000002,0.5348837209302325,0.3333333333333333
0.2247134750194725,0.4496124031007752,0.8221762698131975,0.5348837209302325,0.1666666666666666
0.0728830532992099,0.248062015503876,0.1246368399253878,0.9302325581395348,0.1666666666666666
0.233726493824413,0.5193798449612402,0.0486037420981507,0.5348837209302325,0.1666666666666666
0.0750528541226215,0.2868217054263565,1.0000000000000002,0.4651162790697675,0.1666666666666666
0.0583064426393679,0.1627906976744186,0.0314320524099317,0.2558139534883721,0.1666666666666666
0.1614554356292422,0.4806201550387596,0.0531385193045465,0.5348837209302325,0.3333333333333333
0.2135306553911205,0.5736434108527132,0.0232392215903766,0.5348837209302325,0.5
0.1787025703794369,0.5193798449612402,0.1212811047926548,0.627906976744186,0.3333333333333333
0.1184488705908534,0.2790697674418604,0.0602127717465241,0.6511627906976745,0.5
0.0572493601869366,0.2325581395348837,0.0,0.9302325581395348,0.3333333333333333
0.8249694002447979,0.8604651162790697,0.4628405239783902,0.6976744186046512,0.3333333333333333
0.1074329587181484,0.3333333333333333,0.0317948345864434,0.1860465116279069,0.6666666666666666
0.2585957494158228,0.4496124031007752,0.1453758876826381,0.1627906976744186,0.3333333333333333
0.2437409591632358,0.4263565891472868,0.0130510888000072,0.4418604651162791,0.3333333333333333
0.2166462668298653,0.5193798449612402,0.0213043833156477,0.5348837209302325,0.3333333333333333
0.2151440970290419,0.6046511627906976,0.0740589581500527,0.627906976744186,0.5
0.0892956492711694,0.248062015503876,0.0749659135913319,0.5348837209302325,0.5
0.2175364415266496,0.4728682170542635,0.0033164337302775,0.6046511627906976,0.5
0.1216757538666963,0.2713178294573644,0.015499868491461,0.3488372093023256,0.3333333333333333
0.0964170468454434,0.2170542635658914,0.0483618873138096,0.0,0.5
0.0573049961054857,0.1550387596899224,0.1133603606054834,0.6976744186046512,0.1666666666666666
0.1161121620117948,0.2325581395348837,0.0291042001106485,0.5348837209302325,0.5
0.807110270390564,0.8527131782945736,0.1680195418665747,0.883720930232558,0.5
0.2450762212084121,0.6356589147286821,0.0,0.5348837209302325,0.5
0.0625347724490931,0.2635658914728682,0.1204950767435462,0.3953488372093023,0.5
0.0821186157783465,0.3100775193798449,0.0461851942547396,0.6511627906976745,0.1666666666666666
0.1064315121842661,0.2558139534883721,0.0343645416700677,0.5348837209302325,0.5
0.2004005786135529,0.5581395348837209,0.0086070071377393,0.2325581395348837,0.3333333333333333
0.0679314565483476,0.1472868217054263,0.0127487703195808,0.5348837209302325,0.5
0.1575609213308111,0.3255813953488372,0.6858910988369809,0.5348837209302325,0.3333333333333333
0.1502169800823411,0.4263565891472868,0.5882119978112142,0.3953488372093023,0.3333333333333333
1.0,0.7596899224806201,0.2765216444916061,0.5348837209302325,0.8333333333333333
0.9003004339601646,0.937984496124031,1.0000000000000002,0.6511627906976745,0.3333333333333333
0.0862913096695226,0.3953488372093023,0.4328202988720497,0.3023255813953488,0.5
0.2281629019695115,0.4883720930232558,0.0090302530103362,0.744186046511628,0.1666666666666666
0.2181484366306887,0.6124031007751938,0.1343110312990323,0.5348837209302325,0.5
0.4149883164571047,0.6434108527131782,0.7679403344247031,0.4186046511627906,0.3333333333333333
0.2171469900968065,0.5426356589147286,0.0378714360430138,0.7209302325581396,0.1666666666666666
0.4325692667185935,0.7441860465116279,0.3221415031879484,0.8372093023255814,0.3333333333333333
0.1026482697229331,0.2868217054263565,0.0611197271878032,0.744186046511628,0.5
0.2159229998887281,0.5348837209302325,0.017676561550531,0.1162790697674418,0.5
0.0828975186380327,0.4031007751937984,0.0294972141352028,0.8372093023255814,0.1666666666666666
0.1191165016134416,0.5503875968992248,0.0219694839725857,0.1627906976744186,0.1666666666666666
0.2559252253254701,0.5116279069767441,0.0604243946828225,0.2558139534883721,0.3333333333333333
0.1541671302993212,0.4108527131782945,0.0365714665771804,0.4651162790697675,0.5
0.1077667742294425,0.2403100775193798,0.0040419980833008,0.5348837209302325,0.5
0.2399020807833537,0.3643410852713178,1.0000000000000002,0.5348837209302325,0.5
0.0496272393457215,0.186046511627907,0.6600428687605245,0.6511627906976745,0.3333333333333333
0.0629798597974852,0.193798449612403,0.0678311974532691,0.8604651162790699,0.1666666666666666
0.1657950372760654,0.4573643410852712,0.4009559310351082,0.5116279069767442,0.5
0.164348503393791,0.4186046511627906,0.1376969982798078,0.5348837209302325,0.5
0.1646823189050851,0.4263565891472868,0.1214624958809107,0.6744186046511628,0.5
0.2291087125848447,0.6201550387596899,0.009967440299658,0.6046511627906976,0.1666666666666666
0.2438522310003338,0.5116279069767441,0.0247205821444659,0.3023255813953488,0.3333333333333333
0.171636808723712,0.4496124031007752,0.1565616714584146,0.7209302325581396,0.3333333333333333
0.4223878936241237,0.4341085271317829,0.0848819597493175,0.1162790697674418,0.1666666666666666
0.0551908312006231,0.1162790697674418,0.0587011793443921,0.744186046511628,0.3333333333333333
0.4152108601313007,0.6046511627906976,0.1771495599754517,0.5581395348837209,0.3333333333333333
0.0678201847112495,0.193798449612403,0.0309181109932069,0.5813953488372093,0.1666666666666666
0.1221208412150884,0.193798449612403,0.0096953536672743,0.744186046511628,0.6666666666666666
0.0764993880048959,0.3178294573643411,0.006037300054115,0.627906976744186,0.1666666666666666
0.4456437075776121,0.6124031007751938,0.7945443607022254,0.3953488372093023,0.5
0.2064648937353955,0.5038759689922481,0.6039627906414291,0.5348837209302325,0.1666666666666666
0.2156448202959831,0.4108527131782945,0.0904143879411204,0.6744186046511628,0.1666666666666666
0.201012573717592,0.4418604651162791,0.0012002043672927,0.5348837209302325,0.5
0.04745743852231,0.2093023255813953,0.0208206737469654,0.627906976744186,0.1666666666666666
0.7306665183042171,0.6511627906976744,0.7704495778122421,0.5348837209302325,0.1666666666666666
0.1305218649159897,0.2248062015503875,0.0,0.0465116279069767,0.3333333333333333
0.167909202180928,0.3953488372093023,0.3475664873918078,0.5813953488372093,0.1666666666666666
0.3768220763324802,0.6124031007751938,1.0000000000000002,0.5813953488372093,0.6666666666666666
0.2039056414821408,0.4263565891472868,0.0114185690057047,0.6976744186046512,0.1666666666666666
0.2050183598531211,0.5503875968992248,0.022695048325609,0.6511627906976745,0.1666666666666666
0.3625236452653833,0.4573643410852712,0.334234242405004,0.5348837209302325,0.5
0.4297874707911427,0.7131782945736433,0.045308470661503,0.5348837209302325,0.3333333333333333
0.8383220206965616,0.8992248062015503,0.0704009045368934,0.5348837209302325,0.1666666666666666
0.0454545454545454,0.2403100775193798,0.2430549887084047,0.5348837209302325,0.5
0.1818181818181818,0.5658914728682171,0.5130858554252563,0.3023255813953488,0.3333333333333333
0.2217647713363748,0.4186046511627906,0.5165322861021171,0.6046511627906976,0.1666666666666666
0.0956381439857572,0.2713178294573644,0.0050698809167505,0.3953488372093023,0.3333333333333333
0.7859686213419382,0.7674418604651162,0.0647777808009625,0.1395348837209302,0.5
0.1155558028263046,0.2558139534883721,0.0689497758308467,0.5581395348837209,0.3333333333333333
0.058584622232113,0.2325581395348837,0.030827415449079,0.4651162790697675,0.3333333333333333
0.1966729720707689,0.4806201550387596,0.3901933931319287,0.3720930232558139,0.1666666666666666
0.1532213196839879,0.4418604651162791,0.308023230152036,0.3488372093023256,0.1666666666666666
0.036664070323801,0.1627906976744186,0.0592453526091596,0.9534883720930232,0.5
0.416212306665183,0.6201550387596899,0.2366760687714079,0.5348837209302325,0.5
0.1107154779125403,0.248062015503876,0.0247810458405511,0.5348837209302325,0.5
0.2358962946478246,0.5116279069767441,0.0390504781166768,0.5581395348837209,0.3333333333333333
0.2027929231111605,0.4031007751937984,0.0,0.5348837209302325,0.1666666666666666
0.8001557805719371,0.7984496124031008,0.9526266941171848,0.5348837209302325,0.3333333333333333
0.036608434405252,0.1627906976744186,0.0672870241885016,0.5348837209302325,0.5
0.7679982196506063,0.689922480620155,0.5901166042379005,0.4186046511627906,0.1666666666666666
0.2542005118504506,0.5503875968992248,0.0549524301871049,0.4883720930232558,0.1666666666666666
0.1091576721931679,0.4263565891472868,0.2096790284693313,0.5348837209302325,0.3333333333333333
0.131745855124068,0.4108527131782945,0.2180230185290997,0.2790697674418605,0.1666666666666666
0.2425169689551574,0.5736434108527132,0.3618359196679334,0.5348837209302325,0.8333333333333333
0.1714142650495159,0.4108527131782945,0.6254576345997455,0.5581395348837209,0.5
0.2075219761878268,0.3875968992248062,0.0158928825160153,0.5348837209302325,0.3333333333333333
0.0466228997440747,0.1317829457364341,0.3452990987886098,0.5813953488372093,0.3333333333333333
0.3925670412818515,0.6046511627906976,0.8505337432771928,0.5348837209302325,0.1666666666666666
0.2030711027039056,0.3953488372093023,0.0898097509802677,0.8372093023255814,0.1666666666666666
0.0414487593190163,0.1550387596899224,0.2975630107292829,0.813953488372093,0.3333333333333333
0.1877712251029264,0.5658914728682171,0.0730613071646456,0.4651162790697675,0.5
0.2095805051741404,0.6201550387596899,0.0383853774597387,0.3023255813953488,0.3333333333333333
0.2422944252809614,0.5968992248062015,0.3157021195548662,0.0930232558139534,0.5
0.0711583398241905,0.2945736434108527,1.0000000000000002,0.5348837209302325,0.3333333333333333
0.226605096250139,0.5968992248062015,0.2748286610012183,0.3720930232558139,0.5
0.1053744297318348,0.2248062015503875,0.1352784504363967,0.5348837209302325,0.5
0.2283298097251585,0.4651162790697674,0.0597895258739271,0.1395348837209302,0.1666666666666666
0.1996773116724157,0.4341085271317829,0.0454293980536736,0.6511627906976745,0.1666666666666666
0.0624235006119951,0.2635658914728682,1.0000000000000002,0.5116279069767442,0.3333333333333333
0.1076555023923445,0.2558139534883721,0.1773914147597928,0.7906976744186046,0.6666666666666666
0.2456325803939023,0.5581395348837209,0.06096856794759,0.7209302325581396,0.3333333333333333
0.1821519973294759,0.4573643410852712,0.6777889635615536,0.6744186046511628,0.3333333333333333
0.1318014910426171,0.4108527131782945,0.2110092297832074,0.5348837209302325,0.1666666666666666
0.2350617558695893,0.5736434108527132,0.0673474878845869,0.5348837209302325,0.1666666666666666
0.7968732613775453,0.8062015503875969,0.3426689280089002,0.3488372093023256,0.5
0.2274952709469233,0.6124031007751938,0.1257251864549228,0.2790697674418605,0.5
0.1896628463335929,0.3643410852713178,0.1122720140759484,0.4651162790697675,0.3333333333333333
0.2114164904862579,0.5038759689922481,0.0304646332725673,0.5348837209302325,0.5
0.1330811171692444,0.3875968992248062,0.2173579178721616,0.2558139534883721,0.5
0.2527539779681762,0.4961240310077519,0.0,0.813953488372093,0.8333333333333333
0.2789584956047624,0.4418604651162791,0.8212995462199609,0.5813953488372093,0.5
0.2237120284855903,0.5116279069767441,0.0039210706911302,0.3720930232558139,0.1666666666666666
0.4266162234338488,0.627906976744186,0.0317948345864434,0.5581395348837209,0.5
0.4448091687993769,0.5891472868217054,0.2575965076169141,0.3720930232558139,0.1666666666666666
0.2025147435184154,0.4186046511627906,0.1848889130743673,0.3953488372093023,0.1666666666666666
0.200901301880494,0.5503875968992248,0.2381876611735399,0.3953488372093023,0.5
0.2765661511071547,0.4496124031007752,0.1416876022214362,0.3720930232558139,0.1666666666666666
0.1851007010125737,0.5813953488372092,0.1483688406388594,0.6511627906976745,0.1666666666666666
0.2015132969845332,0.4651162790697674,0.0466084401273365,0.2558139534883721,0.1666666666666666
0.1103816624012462,0.2248062015503875,0.0613615819721443,0.6046511627906976,0.5
0.0679314565483476,0.2790697674418604,0.2993769216118412,0.8604651162790699,0.1666666666666666
0.0961388672526983,0.3023255813953488,0.1533268637178522,0.2790697674418605,0.3333333333333333
0.2743407143651941,0.627906976744186,0.0216671654921593,0.5348837209302325,0.1666666666666666
0.1851007010125737,0.3643410852713178,0.046487512735166,0.5348837209302325,0.5
0.0942472460220318,0.3875968992248062,0.3770727710814234,0.7209302325581396,0.3333333333333333
0.2210415043952375,0.5193798449612402,0.0311297339295053,0.4186046511627906,0.3333333333333333
0.1854345165238678,0.4418604651162791,0.0596988303297992,0.5581395348837209,0.1666666666666666
0.1202292199844219,0.4418604651162791,0.343273564969753,0.1627906976744186,0.5
0.1106598419939913,0.2403100775193798,0.028227476517412,0.5348837209302325,0.5
0.0446756425948592,0.1550387596899224,0.0609383360995474,0.5116279069767442,0.6666666666666666
0.2730610882385668,0.4263565891472868,1.0000000000000002,0.4418604651162791,0.5
0.4641148325358851,0.6589147286821705,0.0326715581796799,0.6744186046511628,0.1666666666666666
0.1818181818181818,0.4573643410852712,0.0,0.5116279069767442,0.3333333333333333
0.1035940803382663,0.3333333333333333,0.0295576778312881,0.7674418604651162,0.3333333333333333
0.7322799599421386,0.7751937984496123,0.6436572071214142,0.2325581395348837,0.5
0.1844330699899855,0.4418604651162791,0.1438642952805062,0.5348837209302325,0.1666666666666666
0.120618671414265,0.2093023255813953,0.0381737545234402,0.4418604651162791,0.5
0.4053633025481251,0.5193798449612402,0.3679427529725464,0.4883720930232558,0.5
0.0132413486146656,0.0775193798449612,0.0926515446962757,0.5348837209302325,0.5
0.2307221542227662,0.5116279069767441,0.0376598131067154,0.2790697674418605,0.3333333333333333
0.0530766662957605,0.1395348837209302,0.0675288789728427,0.8372093023255814,0.5
0.1997329475909647,0.4961240310077519,0.3794913189248345,0.627906976744186,0.5
0.1956715255368866,0.5116279069767441,0.0486944376422786,0.7906976744186046,0.6666666666666666
0.2064092578168465,0.5348837209302325,0.0385365366999519,0.5348837209302325,0.6666666666666666
0.0397240458439968,0.1627906976744186,0.2002164600319853,0.6046511627906976,0.5
0.1670746634026927,0.3798449612403101,0.0138975805452011,0.6744186046511628,0.3333333333333333
0.2218204072549238,0.5348837209302325,0.0,0.5813953488372093,0.6666666666666666
0.0896851007010125,0.2635658914728682,0.0425573724896229,0.6976744186046512,0.3333333333333333
0.0615889618337598,0.193798449612403,0.046820063063635,0.6744186046511628,0.3333333333333333
0.2324468676977856,0.6124031007751938,0.0,0.0697674418604651,0.5
0.2097474129297874,0.5581395348837209,0.0459131076223558,0.5348837209302325,0.6666666666666666
0.0595860687659953,0.2635658914728682,0.3870492809354943,0.5348837209302325,0.1666666666666666
0.1408701457661066,0.4883720930232558,0.8392874958053311,0.5813953488372093,0.3333333333333333
0.1563925670412818,0.3643410852713178,0.2656684110442987,0.5348837209302325,0.1666666666666666
0.248470012239902,0.4651162790697674,0.0,0.5116279069767442,0.3333333333333333
0.7940914654500945,0.7751937984496123,0.2240996199856701,0.2790697674418605,0.5
0.0664292867475242,0.186046511627907,0.7784005538474562,0.5581395348837209,0.5
0.1943362634917102,0.4883720930232558,0.0789262856849176,0.5348837209302325,0.5
0.2224880382775119,0.6434108527131782,0.0592453526091596,0.5116279069767442,0.5
0.2525314342939802,0.5038759689922481,0.361533601187507,0.9767441860465116,0.5
0.1879937687771225,0.3875968992248062,0.2835354332374983,0.7674418604651162,0.3333333333333333
0.2064092578168465,0.4341085271317829,0.0529571282162907,0.1627906976744186,0.3333333333333333
0.208245243128964,0.4961240310077519,0.0213950788597756,0.5348837209302325,0.5
0.0436185601424279,0.1240310077519379,0.1496083464086076,0.4883720930232558,0.5
0.0244241682430176,0.0542635658914728,0.0206695145067522,1.0,0.5
0.2346166685211972,0.5658914728682171,0.0362086844006687,0.9069767441860463,0.5
0.2257705574719038,0.5116279069767441,0.1246670717734304,0.5581395348837209,0.3333333333333333
0.1602870813397129,0.4341085271317829,0.0348180193907073,0.3488372093023256,0.5
0.4145988650272616,0.6124031007751938,0.2532431214987741,0.6511627906976745,0.1666666666666666
0.2558695894069211,0.5271317829457364,0.0514455358141587,0.5116279069767442,0.3333333333333333
0.2222098586847669,0.5736434108527132,0.060303467290652,0.5348837209302325,0.1666666666666666
0.0734394124847001,0.2015503875968992,0.2884632244684485,0.3720930232558139,0.1666666666666666
0.0575831756982307,0.1627906976744186,0.0575826009668145,0.7209302325581396,0.1666666666666666
0.0442861911650161,0.2248062015503875,0.1310459917104272,0.4186046511627906,0.1666666666666666
0.0969177701123845,0.248062015503876,0.0109650912850651,0.6046511627906976,0.5
0.0625904083676421,0.2403100775193798,0.0861214655190657,0.5348837209302325,0.3333333333333333
0.0672081896072104,0.248062015503876,0.0217578610362872,0.1860465116279069,0.5
0.1213975742739512,0.4108527131782945,0.0291948956547764,0.0,0.3333333333333333
0.237175920774452,0.5193798449612402,0.3611405871629526,0.5581395348837209,0.5
0.0466228997440747,0.1317829457364341,0.0845191775728058,0.5581395348837209,0.1666666666666666
0.0593635250917992,0.193798449612403,0.0471223815440614,0.2325581395348837,0.3333333333333333
0.117002336708579,0.2790697674418604,0.20450938245404,0.4418604651162791,0.5
0.1005897407366195,0.3410852713178294,0.2315064227561167,0.2093023255813954,0.1666666666666666
0.1873261377545343,0.5038759689922481,0.1709520311267107,0.627906976744186,0.5
0.215533548458885,0.5581395348837209,0.0311901976255906,0.5581395348837209,0.5
0.1122732836319127,0.2403100775193798,0.0020769279605293,0.4418604651162791,0.5
0.8091131634583286,0.7829457364341085,0.4207275596549941,0.7209302325581396,0.5
0.033214643373762,0.0852713178294573,0.4126556562276095,0.5348837209302325,0.5
0.1873817736730833,0.5581395348837209,0.1067395858841455,0.4651162790697675,0.3333333333333333
0.2720596417046845,0.5736434108527132,0.0101185995398712,0.4186046511627906,0.1666666666666666
0.2164793590742183,0.5968992248062015,1.0000000000000002,0.6744186046511628,0.1666666666666666
0.2199287860242572,0.5968992248062015,0.0,0.627906976744186,0.3333333333333333
0.0427840213641927,0.1395348837209302,0.4261390604546265,0.5348837209302325,0.3333333333333333
0.4194391899410259,0.5116279069767441,0.0146231448982244,0.6744186046511628,0.6666666666666666
0.4464226104372983,0.5891472868217054,0.3599313132412471,0.6046511627906976,0.5
0.2269389117614331,0.6124031007751938,0.0785030398123207,0.4418604651162791,0.5
0.0267052409035273,0.0852713178294573,0.8574568364789572,0.3953488372093023,0.1666666666666666
0.7150884611104928,0.689922480620155,0.1545663694876004,0.5581395348837209,0.1666666666666666
0.1149438077222655,0.248062015503876,0.0356040474398159,0.5813953488372093,0.3333333333333333
0.0502392344497607,0.0310077519379844,0.3421549865921754,0.4186046511627906,0.5
0.1191721375319906,0.3953488372093023,0.6484036072641085,0.5348837209302325,0.6666666666666666
0.051240680983643,0.186046511627907,0.0,0.5348837209302325,0.3333333333333333
0.2208745966395905,0.5193798449612402,0.396874631549352,0.2325581395348837,0.3333333333333333
0.1050962501390898,0.2558139534883721,0.0341226868857266,0.5348837209302325,0.3333333333333333
0.2092466896628463,0.5348837209302325,0.0,0.7674418604651162,0.5
0.1832647157004562,0.4418604651162791,0.1646638067338418,0.3255813953488372,1.0
0.270168020474018,0.4496124031007752,0.3106534009317455,0.6046511627906976,0.5
0.2238233003226883,0.4573643410852712,0.0064605459267119,0.744186046511628,0.5
0.1048180705463447,0.3488372093023255,0.0233903808305898,0.6046511627906976,0.5
0.1165572493601869,0.3953488372093023,0.0335785136209591,0.0232558139534884,0.5
0.04406364749082,0.2015503875968992,0.4551616345755599,0.7906976744186046,0.1666666666666666
0.0703238010459552,0.248062015503876,0.8565196491896353,0.5348837209302325,0.3333333333333333
0.0719928786024257,0.3023255813953488,0.1325273522645166,0.6744186046511628,0.3333333333333333
0.1955046177812395,0.5581395348837209,0.1059535578350369,0.5348837209302325,0.3333333333333333
0.372482474685657,0.5736434108527132,0.2069883939935364,0.6744186046511628,0.3333333333333333
0.2574830310448425,0.5736434108527132,0.00277226046551,0.5813953488372093,0.3333333333333333
0.2347279403582953,0.6356589147286821,0.012234828902856,0.8604651162790699,0.5
0.2273283631912763,0.5271317829457364,0.1182881518364336,0.4418604651162791,0.1666666666666666
0.1937799043062201,0.5193798449612402,0.4242344540279403,0.4883720930232558,0.3333333333333333
0.0855124068098364,0.2403100775193798,0.0339412957974708,0.5116279069767442,0.5
0.0588071659063091,0.1782945736434108,0.5161997357736481,0.5348837209302325,0.8333333333333333
0.7544786914431957,0.7054263565891472,0.0525036504956511,0.5348837209302325,0.1666666666666666
0.1632914209413597,0.4186046511627906,0.0074884287601616,0.5116279069767442,1.0
0.2103037721152776,0.6201550387596899,0.0211229922273918,0.4883720930232558,0.1666666666666666
0.1082118615778346,0.2403100775193798,0.2127929088177231,0.4418604651162791,0.5
0.0874596639590519,0.3410852713178294,0.3469316185829124,0.5116279069767442,0.1666666666666666
0.1307444085901858,0.2170542635658914,0.0207602100508802,0.5348837209302325,0.5
0.2315010570824524,0.3953488372093023,0.0353621926554748,0.5348837209302325,0.5
0.1694113719817514,0.248062015503876,0.0947375422112178,0.3488372093023256,0.3333333333333333
0.0645933014354067,0.2713178294573644,0.6985582431668466,0.5348837209302325,0.3333333333333333
0.1364192722821853,0.3875968992248062,0.0778077073073399,0.3488372093023256,0.3333333333333333
0.0852342272170913,0.3023255813953488,0.2002769237280706,0.3255813953488372,0.1666666666666666
0.226326916657394,0.5736434108527132,0.0579453831433261,0.5348837209302325,0.3333333333333333
0.2085234227217091,0.5193798449612402,0.0065814733188825,0.5348837209302325,0.3333333333333333
0.2033492822966507,0.4418604651162791,0.0122045970548133,0.5116279069767442,0.5
0.734004673417158,0.689922480620155,0.3838447050429746,0.3953488372093023,0.5
0.2206520529653944,0.5813953488372092,0.1488525502075416,0.6046511627906976,0.1666666666666666
0.2323355958606876,0.5503875968992248,0.0930747905688726,0.5348837209302325,0.1666666666666666
0.2312228774897073,0.6821705426356589,0.014320826417798,0.7209302325581396,0.1666666666666666
0.0400022254367419,0.1317829457364341,0.0240857133355704,0.744186046511628,0.3333333333333333
0.2381773673083342,0.4496124031007752,0.2621917485193952,0.5348837209302325,0.5
0.0517414042505841,0.2093023255813953,0.9408060415325128,0.6976744186046512,0.3333333333333333
0.2367308334260598,0.4728682170542635,0.0,0.5348837209302325,0.3333333333333333
0.7532547012351173,0.8527131782945736,0.6549639182893612,0.0465116279069767,0.3333333333333333
0.7807944809168799,0.7286821705426356,1.0000000000000002,0.2558139534883721,0.5
0.4674529876488261,0.4108527131782945,0.1009955347560441,0.5116279069767442,0.5
0.156948926226772,0.4418604651162791,0.0237229311590588,0.5348837209302325,0.6666666666666666
0.1227884722376766,0.5348837209302325,0.0357854385280717,0.2790697674418605,0.1666666666666666
0.0864582174251697,0.4108527131782945,0.6022395753029988,0.4883720930232558,0.5
0.0727717814621119,0.3178294573643411,0.5835562932126478,0.5348837209302325,0.1666666666666666
0.1706909981083787,0.5038759689922481,0.6830795369690154,0.5813953488372093,0.5
0.0499054189384666,0.1472868217054263,0.1199509034787787,0.744186046511628,0.5
0.2473572938689217,0.4806201550387596,0.0,0.6744186046511628,0.8333333333333333
0.0516301324134861,0.193798449612403,0.1732496515779513,0.4418604651162791,0.1666666666666666
0.0881272949816401,0.2015503875968992,0.2199276249557859,0.0930232558139534,0.3333333333333333
0.2672193167909202,0.4496124031007752,0.0403202157344676,0.627906976744186,0.5
0.2452987648826082,0.4806201550387596,0.0,0.9534883720930232,0.1666666666666666
0.222988761544453,0.5348837209302325,0.1780565154167309,0.4651162790697675,0.1666666666666666
0.1763658618003783,0.5426356589147286,0.061391813820187,0.627906976744186,0.3333333333333333
0.2794035829531545,0.5503875968992248,0.0382946819156108,0.6976744186046512,0.3333333333333333
0.0960275954156003,0.3488372093023255,0.0179788800309574,0.1162790697674418,0.5
0.0717146990096806,0.3178294573643411,0.1685939469793849,0.5116279069767442,0.6666666666666666
0.4474796928897296,0.6046511627906976,0.0455805572938868,0.5348837209302325,0.1666666666666666
0.0737732279959942,0.2945736434108527,0.0503269574365811,0.3953488372093023,0.5
0.7322243240235896,0.7209302325581395,0.0546501117066785,0.4883720930232558,0.5
0.2085234227217091,0.5426356589147286,0.0297693007675866,0.5348837209302325,0.3333333333333333
0.2394569934349616,0.4883720930232558,0.2272739640301472,0.5581395348837209,0.1666666666666666
0.2450762212084121,0.6356589147286821,0.0384156093077813,0.6511627906976745,0.5
0.0998108378769333,0.2790697674418604,0.0088488619220804,0.5348837209302325,0.5
0.1147212640480694,0.2558139534883721,0.0179788800309574,0.5348837209302325,0.5
0.0589740736619561,0.1472868217054263,0.0301623147921409,0.813953488372093,0.3333333333333333
0.4911538889507066,0.4883720930232558,1.0000000000000002,0.1627906976744186,0.1666666666666666
0.3168465561366418,0.4263565891472868,0.4797098951861829,0.5348837209302325,0.5
0.0516857683320351,0.2325581395348837,0.051173449181775,0.5348837209302325,0.1666666666666666
0.1211750305997552,0.3875968992248062,0.0408341571511925,0.3953488372093023,0.6666666666666666
0.1874930455101813,0.4961240310077519,0.0,0.5348837209302325,0.1666666666666666
0.0413931234004673,0.186046511627907,0.3891352784504364,0.4883720930232558,0.5
0.6631245131857126,0.7829457364341085,0.5488803635077408,0.5348837209302325,0.5
0.0679870924668966,0.193798449612403,0.5963141330866415,0.6976744186046512,0.1666666666666666
0.2194280627573161,0.4961240310077519,0.340008525381148,0.4651162790697675,0.3333333333333333
0.0675420051185045,0.1085271317829457,0.0044652439558977,0.4186046511627906,0.5
0.2316679648380994,0.5968992248062015,0.1018117946531953,0.5348837209302325,0.8333333333333333
0.0956381439857572,0.2713178294573644,0.0600011488102256,0.6511627906976745,0.5
0.2669411371981751,0.5271317829457364,0.011055786829193,0.1860465116279069,0.3333333333333333
0.1693001001446533,0.4341085271317829,0.0827959622343754,0.5116279069767442,0.5
0.1047067987092466,0.2635658914728682,0.0,0.3488372093023256,0.3333333333333333
0.0459552687214865,0.1705426356589147,0.0,0.813953488372093,0.3333333333333333
0.2109157672193168,0.5348837209302325,0.0283484039095825,0.5581395348837209,0.5
0.2330588628018248,0.5503875968992248,0.0158928825160153,0.4651162790697675,0.6666666666666666
0.0613107822410148,0.2868217054263565,0.1495478827125223,0.744186046511628,0.3333333333333333
0.062367864693446,0.2790697674418604,0.0509920580935192,0.5348837209302325,0.3333333333333333
0.1995660398353176,0.4651162790697674,0.0129603932558793,0.744186046511628,0.5
0.6998998553466117,0.7131782945736433,0.1371528250150403,0.744186046511628,0.5
0.1164459775230889,0.3565891472868217,0.3892864376906496,0.3720930232558139,0.1666666666666666
0.1440970290419495,0.3410852713178294,0.0948584696033884,0.627906976744186,0.3333333333333333
0.4661177256036497,0.7286821705426356,1.0000000000000002,0.3023255813953488,0.1666666666666666
0.4334038054968287,0.6511627906976744,0.0607871768593342,0.627906976744186,0.1666666666666666
0.2454656726382552,0.5426356589147286,0.027804230644815,0.5348837209302325,0.3333333333333333
0.1744186046511628,0.5581395348837209,0.1942003222715001,0.5813953488372093,0.5
0.0382775119617224,0.1782945736434108,0.4443990966723805,0.5348837209302325,0.3333333333333333
0.7624902637142539,0.7674418604651162,0.5830423517959229,0.813953488372093,0.5
0.1834316234561032,0.5581395348837209,1.0000000000000002,0.813953488372093,0.5
0.4239456993434961,0.4961240310077519,0.0686474573504203,0.0465116279069767,0.1666666666666666
0.215589184377434,0.627906976744186,0.0,0.8372093023255814,0.1666666666666666
0.1123289195504617,0.2558139534883721,0.0951607880838147,0.6511627906976745,0.3333333333333333
0.1736953377100256,0.3100775193798449,0.4739658440580814,0.5348837209302325,0.3333333333333333
0.2086346945588071,0.4806201550387596,0.0127185384715382,0.3023255813953488,0.1666666666666666
0.2679425837320574,0.4031007751937984,0.0696451083358274,0.5348837209302325,0.3333333333333333
0.1229553799933236,0.3333333333333333,0.053682692569314,0.8372093023255814,0.5
0.704740180260376,0.7441860465116279,0.9478500621264476,0.5348837209302325,0.5
0.186213419383554,0.4651162790697674,0.0077302835445027,0.1162790697674418,0.1666666666666666
0.8143985757204851,0.7829457364341085,0.2676637130151129,0.4651162790697675,0.1666666666666666
0.1669633915655947,0.4186046511627906,0.0,0.5813953488372093,0.3333333333333333
0.1772560364971625,0.4728682170542635,0.0325203989394667,0.5348837209302325,0.3333333333333333
0.0670412818515633,0.2248062015503875,0.1481269858545183,0.3255813953488372,0.5
0.2436853232446867,0.6356589147286821,0.075207768375673,0.1162790697674418,0.5
0.1153888950706576,0.248062015503876,0.0,0.5348837209302325,0.5
0.0615889618337598,0.1627906976744186,0.02453919105621,0.4418604651162791,0.5
0.0756648492266607,0.2713178294573644,0.6808423802138601,0.2790697674418605,0.3333333333333333
0.0615333259152108,0.2558139534883721,0.394274692617685,0.3953488372093023,0.5
0.1522198731501057,0.3643410852713178,0.105862862290909,0.4186046511627906,0.1666666666666666
0.2442973183487259,0.6046511627906976,0.0570988913981322,0.3720930232558139,0.1666666666666666
0.2274396350283743,0.4418604651162791,0.0768100563219329,0.5348837209302325,0.1666666666666666
0.036608434405252,0.1317829457364341,0.057370978030516,0.4883720930232558,0.6666666666666666
0.0516857683320351,0.248062015503876,0.0845191775728058,1.0,0.3333333333333333
0.2615444530989206,0.6201550387596899,0.0603941628347799,0.2558139534883721,0.5
0.0588071659063091,0.2635658914728682,0.9829190058559092,0.744186046511628,0.3333333333333333
0.3810504061422054,0.5813953488372092,0.3901631612838861,0.813953488372093,0.3333333333333333
0.2238233003226883,0.5271317829457364,1.0000000000000002,0.4651162790697675,0.1666666666666666
0.2474129297874708,0.6046511627906976,0.0,0.3023255813953488,0.5
0.1156670746634027,0.3023255813953488,0.0,0.883720930232558,0.8333333333333333
0.0793924557694447,0.2790697674418604,0.9294388666684806,0.8372093023255814,0.5
0.0689329030822299,0.2093023255813953,0.6584405808142646,0.4651162790697675,0.5
0.7481918326471569,0.8217054263565892,0.0849424234454028,0.2093023255813954,0.5
0.15706019806387,0.4341085271317829,0.0098767447555301,0.5581395348837209,0.6666666666666666
0.2313341493268054,0.4573643410852712,0.030071619248013,0.5348837209302325,0.3333333333333333
0.8733170134638922,0.8062015503875969,0.4507780166093773,0.6744186046511628,0.1666666666666666
0.2165349949927673,0.627906976744186,0.0190672265604924,0.5348837209302325,0.5
0.2390119060865694,0.627906976744186,0.3267972077865148,0.3255813953488372,0.5
0.1911650161344164,0.2945736434108527,0.0239647859433999,0.7209302325581396,0.5
0.1784243907866919,0.4418604651162791,0.3625312521729141,0.5348837209302325,0.1666666666666666
0.2395682652720596,0.3023255813953488,0.2509152691994909,0.5813953488372093,1.0
0.8372649382441303,0.627906976744186,0.3218996484036072,0.627906976744186,0.1666666666666666
0.0431734727940358,0.1472868217054263,0.0370551761458626,0.6744186046511628,0.6666666666666666
0.1701346389228886,0.6356589147286821,0.0655335770020285,0.6046511627906976,0.6666666666666666
0.0558584622232113,0.2868217054263565,0.1251810131901553,0.7906976744186046,0.1666666666666666
0.0588628018248581,0.3178294573643411,0.1802332084758009,0.5348837209302325,0.3333333333333333
0.0722710581951708,0.2248062015503875,0.299225762371628,0.3953488372093023,0.3333333333333333
0.0897407366195615,0.2093023255813953,0.0,0.5348837209302325,0.3333333333333333
0.0445643707577612,0.186046511627907,0.0290739682626059,0.5813953488372093,0.5
0.0578613552909758,0.2403100775193798,1.0000000000000002,0.6744186046511628,0.3333333333333333
0.0637031267386224,0.2403100775193798,0.1843145079615572,0.3720930232558139,0.5
0.0619784132636029,0.1317829457364341,0.5716751769318907,0.5813953488372093,0.3333333333333333
0.2621008122844108,0.5968992248062015,0.0134138709765189,0.744186046511628,0.1666666666666666
0.058473350395015,0.2325581395348837,0.0498734797159415,0.813953488372093,0.3333333333333333
0.1430399465895181,0.3100775193798449,0.0551035894273181,0.5348837209302325,0.3333333333333333
0.2130855680427283,0.4651162790697674,0.0207904418989228,0.6976744186046512,0.3333333333333333
0.7367864693446088,0.6821705426356589,0.9805911535566256,0.4883720930232558,0.3333333333333333
0.1038722599310114,0.3565891472868217,0.0297088370715013,0.6046511627906976,0.1666666666666666
0.1114387448536775,0.2868217054263565,0.2661218887649383,0.5348837209302325,0.5
0.7723934572159785,0.751937984496124,0.6533918621911439,0.3953488372093023,0.3333333333333333
0.2071325247579837,0.5503875968992248,0.0135347983686894,0.5348837209302325,0.5
0.1246244575497941,0.3178294573643411,0.022695048325609,0.5116279069767442,0.5
0.1126070991432068,0.5271317829457364,0.0556779945401282,0.3255813953488372,0.5
0.2329475909647268,0.5581395348837209,0.0,0.5348837209302325,0.3333333333333333
0.2347279403582953,0.5271317829457364,0.0203671960263258,0.1627906976744186,0.5
0.0890731055969734,0.3798449612403101,0.0217276291882446,0.1860465116279069,1.0
0.2124179370201402,0.4728682170542635,0.2804215528891066,0.4651162790697675,0.5
0.0704907088016023,0.3410852713178294,0.7388572966076844,0.5348837209302325,0.3333333333333333
0.4487036830978079,0.6356589147286821,0.2221345498628985,0.6744186046511628,0.5
0.1769778569044175,0.4573643410852712,0.0636894342714275,0.883720930232558,0.5
0.168131745855124,0.4806201550387596,0.0968537715742025,0.6511627906976745,0.5
0.0640925781684655,0.2248062015503875,0.0407736934551072,0.883720930232558,0.5
0.1909981083787693,0.5813953488372092,0.4102371083841984,0.5348837209302325,0.3333333333333333
0.0905196394792478,0.2325581395348837,0.0,0.3255813953488372,0.5
0.2036830978079448,0.5271317829457364,0.0381435226753976,0.7674418604651162,0.5
0.0866251251808167,0.3798449612403101,0.2200485523479564,0.2093023255813954,0.5
0.1962278847223767,0.4496124031007752,0.4355411651958872,0.6511627906976745,0.5
0.7189273394903749,0.751937984496124,0.3819400986162883,0.6744186046511628,0.3333333333333333
0.0635362189829754,0.2093023255813953,0.0943445281866635,0.2325581395348837,0.3333333333333333
0.0601980638700345,0.1550387596899224,0.1825005970789988,0.4186046511627906,0.5
0.0321575609213308,0.0930232558139534,0.0,0.6744186046511628,0.3333333333333333
0.1916657394013575,0.4961240310077519,0.082916889626546,0.2790697674418605,0.5
0.1804829197730054,0.3720930232558139,0.0,0.5348837209302325,0.5
0.105875152998776,0.2403100775193798,0.4677985470573831,0.2093023255813954,0.1666666666666666
0.2466340269277845,0.5813953488372092,0.0375086538665022,0.5348837209302325,0.5
0.1139423611883832,0.2635658914728682,0.0022280872007424,0.0930232558139534,0.1666666666666666
0.0650383887837988,0.1705426356589147,0.0986374506087182,0.2790697674418605,0.5
0.2210971403137865,0.5503875968992248,0.4241437584838123,0.4651162790697675,0.5
0.095137420718816,0.3333333333333333,0.3059372326370939,0.4186046511627906,0.5
0.4001335262045176,0.5503875968992248,0.2708682889076326,0.3953488372093023,0.3333333333333333
0.2188717035718259,0.5736434108527132,0.0443410515241386,0.3953488372093023,0.3333333333333333
0.1072660509625013,0.2713178294573644,0.3160951335794206,0.2558139534883721,0.1666666666666666
0.2288861689106487,0.5891472868217054,0.0501455663483253,0.4418604651162791,0.3333333333333333
0.197284967174808,0.6356589147286821,0.0460340350145264,0.6976744186046512,0.5
0.3989095359964393,0.6124031007751938,0.2212880581177047,0.5348837209302325,0.3333333333333333
0.0500166907755647,0.186046511627907,0.3255879338648092,0.627906976744186,0.3333333333333333
0.0741626794258373,0.193798449612403,0.0552245168194886,0.3023255813953488,0.5
0.0846222321130521,0.2015503875968992,0.0706427593212345,0.4418604651162791,0.5
0.0983643039946589,0.5193798449612402,0.8154043358516463,1.0,0.3333333333333333
0.2286079893179036,0.5658914728682171,0.0379016678910565,0.5348837209302325,0.3333333333333333
0.8379325692667186,0.813953488372093,0.1751240261565949,0.5348837209302325,0.3333333333333333
0.2095805051741404,0.5426356589147286,0.205265178655106,0.5348837209302325,0.5
0.1669633915655947,0.4883720930232558,0.4622056551694948,0.6744186046511628,0.3333333333333333
0.1468788249694002,0.4651162790697674,0.182319205990743,0.5813953488372093,0.1666666666666666
0.2417380660954712,0.5348837209302325,0.062056914477125,0.3720930232558139,0.1666666666666666
0.0753866696339156,0.193798449612403,0.0985467550645903,0.8372093023255814,0.5
0.2312785134082564,0.6046511627906976,0.0693125580073584,0.6744186046511628,0.1666666666666666
0.2352842995437855,0.5116279069767441,0.0301018510960556,0.4651162790697675,0.5
0.1235117391788138,0.4496124031007752,0.925629653815108,0.4418604651162791,0.5
0.226438188494492,0.4961240310077519,0.0040117662352582,0.5348837209302325,0.5
0.1175586958940692,0.2248062015503875,0.3073883613431405,0.7209302325581396,0.5
0.1743073328140647,0.3798449612403101,1.0000000000000002,0.3023255813953488,0.5
0.7909758540113496,0.7364341085271318,0.8215111691562594,0.4883720930232558,0.1666666666666666
0.0421163903416045,0.1007751937984496,0.8901676960610926,0.5348837209302325,0.1666666666666666
0.0908534549905419,0.2790697674418604,0.6045069639061966,0.2790697674418605,0.5
0.0816735284299543,0.1782945736434108,0.0571593550942175,0.5348837209302325,0.5
0.0863469455880716,0.3488372093023255,0.5440734996689612,0.5348837209302325,0.5
0.0721597863580727,0.1782945736434108,0.2338342750553999,0.3720930232558139,0.1666666666666666
0.3937353955713809,0.5426356589147286,0.0392621010529752,0.5348837209302325,0.1666666666666666
0.2254923778791587,0.3953488372093023,0.4865120609957766,0.3255813953488372,0.5
0.3819962167575386,0.6744186046511628,0.373837963340861,0.3255813953488372,0.5
0.434293980193613,0.6356589147286821,0.2101627380380135,0.4883720930232558,0.1666666666666666
0.7688883943473906,0.937984496124031,0.0940119778581945,0.5348837209302325,0.1666666666666666
0.040224769110938,0.1472868217054263,0.1777844287843472,0.627906976744186,0.5
0.0972515856236786,0.3798449612403101,0.0,0.3953488372093023,0.3333333333333333
0.1094914877044619,0.2713178294573644,0.1832261614320222,0.627906976744186,0.6666666666666666
0.0484032491376432,0.1550387596899224,0.1343412631470749,0.6976744186046512,0.5
0.1883275842884166,0.4418604651162791,0.0,0.5348837209302325,0.3333333333333333
0.1043173472794035,0.3100775193798449,0.8577893868074262,0.5116279069767442,0.3333333333333333
0.1927228218537888,0.4651162790697674,0.0386574640921225,0.6511627906976745,0.1666666666666666
0.0938021586736397,0.193798449612403,0.0410457800874909,0.6511627906976745,0.5
0.1034828085011683,0.2635658914728682,0.0,0.6976744186046512,0.5
0.0106820963614109,0.0155038759689922,0.0,0.8604651162790699,0.6666666666666666
0.0458439968843885,0.1705426356589147,0.0337599047092149,0.5116279069767442,0.1666666666666666
0.2400133526204517,0.5116279069767441,0.0466386719753791,0.5116279069767442,0.3333333333333333
0.3623011015911873,0.5038759689922481,0.0775960843710415,0.5348837209302325,0.5
0.1402581506620674,0.3643410852713178,0.0608476405554195,0.6046511627906976,0.6666666666666666
0.1209524869255591,0.2248062015503875,0.0619964507810398,0.4883720930232558,0.3333333333333333
0.7405140758873928,0.9224806201550388,0.0814355290724566,0.5813953488372093,0.3333333333333333
0.2567041281851563,0.4961240310077519,0.0398969698618707,0.6744186046511628,0.5
0.062089685100701,0.1472868217054263,0.2354365630016597,0.5348837209302325,0.1666666666666666
0.1584510960275954,0.4031007751937984,0.1098232343844947,0.4418604651162791,0.1666666666666666
0.2051296316902192,0.4418604651162791,1.0000000000000002,0.4651162790697675,0.1666666666666666
0.0426171136085456,0.1240310077519379,0.6807819165177749,0.4418604651162791,0.6666666666666666
0.178869478135084,0.3875968992248062,0.937359610855652,0.5116279069767442,0.1666666666666666
0.7236563925670412,0.7441860465116279,0.1427154850548859,0.5348837209302325,0.5
0.0526872148659174,0.248062015503876,0.1378179256719784,0.5348837209302325,0.5
0.0581951708022699,0.2325581395348837,0.1034745462955405,0.5348837209302325,0.3333333333333333
0.062200956937799,0.3178294573643411,1.0000000000000002,0.5348837209302325,0.5
0.1735840658729275,0.4728682170542635,0.0,1.0,1.0
0.3872816290196951,0.6046511627906976,0.439834087617942,0.5348837209302325,0.5
0.058417714476466,0.2248062015503875,0.2575965076169141,0.1395348837209302,0.5
0.1759764103705352,0.4806201550387596,0.0320971530668698,0.5348837209302325,0.5
0.0544675642594859,0.2558139534883721,0.083581990283484,0.5348837209302325,0.3333333333333333
0.1048180705463447,0.3100775193798449,0.0480898006814258,0.8372093023255814,0.5
0.876154445309892,0.7596899224806201,0.8082696197135835,0.0,0.5
0.073216868810504,0.2093023255813953,0.1124836370122469,0.5348837209302325,0.1666666666666666
0.1078780460665405,0.3565891472868217,0.0005955674064399,0.0,0.1666666666666666
0.2526427061310782,0.5658914728682171,0.1752147217007228,0.7674418604651162,0.1666666666666666
0.8707577612106375,0.7674418604651162,0.1077372368695526,0.4186046511627906,0.5
0.1398686992322243,0.4186046511627906,0.0353924245035174,0.5348837209302325,0.5
0.0553021030377211,0.2170542635658914,0.0954933384122838,0.8372093023255814,0.3333333333333333
0.9588294202737286,0.7286821705426356,0.0923492262158493,0.2790697674418605,0.3333333333333333
0.4521531100478468,0.6511627906976744,0.2793029745115289,0.627906976744186,0.8333333333333333
0.105819517080227,0.2325581395348837,0.0152882455551625,0.9302325581395348,0.0
0.2392344497607655,0.3488372093023255,1.0000000000000002,0.5581395348837209,0.3333333333333333
0.1479359074218315,0.4418604651162791,0.0550128938831901,0.5348837209302325,0.5
0.0692110826749749,0.2635658914728682,0.2663032798531941,0.6744186046511628,0.5
0.1002002893067764,0.2558139534883721,0.0411364756316188,0.2558139534883721,0.1666666666666666
0.2055747190386113,0.4263565891472868,0.0228764394138649,0.9302325581395348,0.5
0.2567597641037053,0.5813953488372092,0.1226415379545736,0.5348837209302325,0.3333333333333333
0.2089128741515522,0.5968992248062015,0.0382946819156108,0.5348837209302325,0.5
0.2260487370646489,0.6434108527131782,0.1890911399522941,0.4186046511627906,0.1666666666666666
0.0778346500500723,0.3255813953488372,0.2035419633166756,0.6976744186046512,0.5
0.0830644263936797,0.2558139534883721,0.0714590192183858,0.6744186046511628,0.5
0.2224880382775119,0.4573643410852712,0.0170114608935929,0.4651162790697675,0.6666666666666666
0.222710581951708,0.3643410852713178,0.00712564658365,0.5348837209302325,0.3333333333333333
0.0738844998330922,0.248062015503876,0.1374249116474241,0.6511627906976745,0.5
0.2377322799599421,0.5891472868217054,0.0339110639494281,0.4883720930232558,0.1666666666666666
0.7674974963836653,0.7131782945736433,0.2304180762265817,0.6976744186046512,0.1666666666666666
0.730110159118727,0.8217054263565892,1.0000000000000002,0.6976744186046512,0.1666666666666666
0.2123623011015911,0.5348837209302325,0.1620336359541322,0.5348837209302325,0.1666666666666666
0.4503171247357294,0.7596899224806201,1.0000000000000002,0.7209302325581396,0.3333333333333333
0.1832090797819072,0.4496124031007752,0.0239950177914425,0.627906976744186,0.3333333333333333
0.1785356626237899,0.4573643410852712,0.2017280524341172,0.9069767441860463,0.5
0.0435072883053299,0.186046511627907,0.1197392805424803,0.5348837209302325,0.5
0.0817848002670524,0.248062015503876,0.1230950156752132,0.3023255813953488,0.1666666666666666
0.1550573049961054,0.4341085271317829,0.0669544738600325,0.4651162790697675,0.1666666666666666
0.912317792366752,0.8682170542635659,0.5564987892144859,0.5348837209302325,0.5
0.1638477801268499,0.5426356589147286,0.8856329188546967,0.3720930232558139,0.3333333333333333
0.1646823189050851,0.4573643410852712,0.1498199693449061,0.5348837209302325,0.1666666666666666
0.1809836430399466,0.5038759689922481,0.0321576167629551,0.5348837209302325,0.5
0.3776009791921664,0.4728682170542635,0.068345138869994,0.5581395348837209,0.3333333333333333
0.2444642261043729,0.5038759689922481,0.0562523996529384,0.6046511627906976,0.1666666666666666
0.2120284855902971,0.3720930232558139,0.0202765004821979,0.744186046511628,0.5
0.0255368866139979,0.1472868217054263,0.2256414442358447,0.8372093023255814,0.1666666666666666
0.4274507622120841,0.4341085271317829,0.069433485399529,0.7906976744186046,0.1666666666666666
0.0947479692889729,0.2868217054263565,1.0000000000000002,0.5813953488372093,0.5
0.4588294202737287,0.4496124031007752,0.1129068828848438,0.5348837209302325,0.5
0.7104706798709246,0.7441860465116279,0.5742751158635576,0.5348837209302325,0.3333333333333333
0.1984533214643373,0.4651162790697674,0.0383551456116961,0.5581395348837209,0.5
0.1089907644375208,0.2170542635658914,0.0016234502398897,0.4651162790697675,0.5
0.0654834761321909,0.193798449612403,0.0441596604358828,0.5348837209302325,0.3333333333333333
0.2394013575164126,0.5736434108527132,0.010058135843786,0.5348837209302325,0.3333333333333333
0.2552575943028819,0.3720930232558139,0.3124370799662612,0.627906976744186,0.3333333333333333
0.0677089128741515,0.2093023255813953,0.15937323332638,0.7209302325581396,0.3333333333333333
0.7763992433515077,0.8062015503875969,1.0000000000000002,0.5348837209302325,0.1666666666666666
0.7953154556581729,0.813953488372093,0.2692055372652875,0.3255813953488372,0.3333333333333333
0.1245131857126961,0.3720930232558139,0.5137509560821943,0.5813953488372093,0.5
0.22994325136308,0.6124031007751938,0.0029536515537658,0.3255813953488372,0.5
0.1872705018359853,0.4418604651162791,0.0348482512387499,0.2325581395348837,0.1666666666666666
0.2249916546122176,0.5038759689922481,0.0389900144205915,0.5813953488372093,0.8333333333333333
0.2243796595081784,0.5038759689922481,0.00930233964272,0.6046511627906976,0.1666666666666666
0.2475798375431178,0.6744186046511628,0.1817750327259755,0.5348837209302325,0.5
0.241126070991432,0.3720930232558139,0.1257251864549228,0.744186046511628,0.1666666666666666
0.0959163235785022,0.3023255813953488,1.0000000000000002,0.6046511627906976,0.3333333333333333
0.0378880605318793,0.2325581395348837,0.3180602037021921,0.5581395348837209,0.5
0.1922220985868476,0.3798449612403101,0.0555872989960003,0.5581395348837209,0.5
0.0571937242683876,0.2015503875968992,0.8356899058882571,0.3255813953488372,0.3333333333333333
0.1720818960721041,0.4573643410852712,0.5145067522832604,0.5348837209302325,0.1666666666666666
0.1513296984533214,0.4186046511627906,1.0000000000000002,0.627906976744186,0.5
0.1701902748414376,0.4031007751937984,0.0326110944835946,0.3023255813953488,0.5
0.1176699677311672,0.3255813953488372,0.053350142240845,0.5348837209302325,0.1666666666666666
0.0910203627461889,0.2635658914728682,0.0,0.883720930232558,0.8333333333333333
0.1857126961166129,0.5038759689922481,0.0,0.5348837209302325,0.1666666666666666
0.1075998664737954,0.4108527131782945,0.2443549581742382,0.5348837209302325,0.5
0.33954601090464,0.2325581395348837,0.1312576146467257,0.5348837209302325,0.5
0.1894403026593969,0.4806201550387596,0.6412991229740883,0.5348837209302325,0.1666666666666666
0.1698564593301435,0.4651162790697674,0.0219997158206284,0.0465116279069767,0.5
0.1681873817736731,0.3798449612403101,0.4108115134970085,0.7209302325581396,0.1666666666666666
0.8955157449649493,0.6666666666666666,0.7179670896102208,0.2790697674418605,0.3333333333333333
0.2489707355068432,0.6201550387596899,0.0430713139063477,0.3720930232558139,0.5
0.0698787136975631,0.2248062015503875,0.1176835148755808,0.4883720930232558,0.5
0.0142984310670969,0.1162790697674418,0.3267972077865148,0.744186046511628,0.5
0.0181929453655279,0.1162790697674418,0.5873050423699351,0.5116279069767442,0.1666666666666666
0.4009124290642038,0.5658914728682171,0.5306505591380296,0.5813953488372093,0.5
0.2016245688216312,0.4728682170542635,0.2039349773412299,0.5348837209302325,0.1666666666666666
0.3880605318793813,0.6201550387596899,1.0000000000000002,0.5348837209302325,0.1666666666666666
0.1658506731946144,0.4186046511627906,1.0000000000000002,0.5348837209302325,0.3333333333333333
0.051351952820741,0.186046511627907,0.1086139604627891,0.7209302325581396,0.3333333333333333
0.0880160231445421,0.2170542635658914,0.0001420896858004,0.2325581395348837,0.3333333333333333
0.2344497607655502,0.4728682170542635,0.0481200325294685,0.813953488372093,0.3333333333333333
0.291977300545232,0.5968992248062015,0.0411062437835762,0.4883720930232558,0.5
0.79208857238233,0.6976744186046512,0.3503175855636879,0.5348837209302325,0.3333333333333333
0.2198175141871592,0.4883720930232558,0.0323087760031683,0.5348837209302325,0.3333333333333333
0.2451874930455101,0.4341085271317829,0.0410760119355336,0.2325581395348837,0.3333333333333333
0.2075219761878268,0.4418604651162791,0.1862795780843287,0.627906976744186,0.3333333333333333
0.197118059419161,0.5813953488372092,0.0436759508672005,0.5813953488372093,0.3333333333333333
0.0647045732725047,0.1705426356589147,0.0081837612651423,0.9069767441860463,0.6666666666666666
0.0858462223211305,0.3488372093023255,0.7140671812127204,0.9302325581395348,0.3333333333333333
0.0858462223211305,0.3023255813953488,0.2585034630581933,0.6744186046511628,0.6666666666666666
0.0490152442416824,0.2248062015503875,0.23876206628635,0.6511627906976745,0.1666666666666666
0.1196172248803827,0.3178294573643411,0.1578616409242481,0.3488372093023256,0.3333333333333333
0.1977856904417491,0.4263565891472868,0.1790843982501806,0.9302325581395348,0.5
0.2091354178257483,0.4573643410852712,0.6898212390825239,0.5348837209302325,0.5
0.2053521753644152,0.4883720930232558,0.1316808605193227,0.7906976744186046,0.1666666666666666
0.0734394124847001,0.4186046511627906,0.0344552372141956,0.3953488372093023,0.5
0.208022699454768,0.5503875968992248,0.0250531324729349,0.4651162790697675,0.5
0.0770557471903861,0.2558139534883721,0.0189765310163645,0.2558139534883721,0.3333333333333333
0.2770112384555468,0.4961240310077519,0.1009653029080014,0.8372093023255814,0.3333333333333333
0.2281072660509625,0.5116279069767441,0.0310088065373348,0.813953488372093,0.1666666666666666
0.0446200066763102,0.0775193798449612,0.0331552677483622,0.3488372093023256,0.1666666666666666
0.0784466451541115,0.3333333333333333,0.0869981891123022,0.5348837209302325,0.5
0.3927895849560476,0.627906976744186,0.5802912536240428,0.4418604651162791,0.3333333333333333
0.1113831089351285,0.2713178294573644,1.0000000000000002,0.5348837209302325,0.5
0.1836541671302993,0.4031007751937984,0.5489105953557836,0.5348837209302325,0.3333333333333333
0.7639924335150773,0.751937984496124,1.0000000000000002,0.6046511627906976,0.5
0.2406253477244909,0.5736434108527132,0.1515734165313791,0.5348837209302325,0.5
0.857683320351619,0.8294573643410852,0.1093697566638551,0.5348837209302325,0.1666666666666666
0.2559252253254701,0.5891472868217054,0.0008374221907811,0.883720930232558,0.5
0.2580950261488817,0.6821705426356589,0.0266856522672374,0.3488372093023256,0.5
0.4040836764214977,0.4186046511627906,0.0752984639198009,0.4186046511627906,0.5
0.1992878602425726,0.5116279069767441,0.0089395574662083,0.5348837209302325,0.3333333333333333
0.0905752753977968,0.2325581395348837,0.1157789084488946,0.5581395348837209,0.5
0.0675420051185045,0.2713178294573644,0.1318017879114932,0.9302325581395348,0.5
0.0614776899966618,0.193798449612403,0.0035582885146186,0.5348837209302325,0.5
0.1159452542561477,0.2945736434108527,0.038778391484293,0.744186046511628,0.5
0.7565928563480583,0.6356589147286821,0.1463735386680452,0.5348837209302325,0.3333333333333333
0.0420051185045065,0.2170542635658914,0.0634778113351291,0.6976744186046512,0.1666666666666666
0.1839323467230444,0.4728682170542635,0.0029536515537658,0.5348837209302325,0.1666666666666666
0.0706019806387003,0.193798449612403,0.0960979753731366,0.4883720930232558,0.6666666666666666
0.2270501835985311,0.4961240310077519,0.0,0.3953488372093023,0.5
0.047735618115055,0.1550387596899224,0.926657536648558,0.9069767441860463,0.1666666666666666
0.0991988427728941,0.2015503875968992,0.2076534946504745,0.627906976744186,0.3333333333333333
0.0509625013908979,0.2170542635658914,0.4840632813043228,0.627906976744186,0.1666666666666666
0.1482140870145766,0.4961240310077519,0.3437875063864779,0.5348837209302325,0.1666666666666666
0.1590074552130855,0.4573643410852712,0.4223903112973393,0.2093023255813954,0.1666666666666666
0.2273283631912763,0.4728682170542635,0.0222415706049695,0.5348837209302325,0.5
0.1114387448536775,0.4108527131782945,0.2159370210141576,0.5348837209302325,0.1666666666666666
0.1272949816401468,0.2325581395348837,0.025627537585745,0.5348837209302325,0.5
0.0441749193279181,0.1085271317829457,0.044975920333034,0.5348837209302325,0.3333333333333333
0.2306108823856681,0.4341085271317829,0.1363970288139744,0.4883720930232558,0.5
0.8120618671414265,0.627906976744186,0.1341901039068617,0.4418604651162791,0.8333333333333333
0.2223211305218649,0.3798449612403101,0.0280763172771988,0.5348837209302325,0.5
0.1887170357182597,0.4108527131782945,0.154264051007174,0.5581395348837209,0.3333333333333333
0.4144875931901635,0.5891472868217054,0.1221578283858914,0.883720930232558,0.5
0.0223100033381551,0.1162790697674418,0.2696287831378844,0.5116279069767442,0.1666666666666666
0.1662957605430065,0.5426356589147286,0.0,0.5348837209302325,0.1666666666666666
0.2478580171358629,0.4961240310077519,0.0055838223334754,0.8372093023255814,0.5
0.81412039612774,0.8604651162790697,1.0000000000000002,0.4883720930232558,0.1666666666666666
0.2813508401023701,0.3178294573643411,0.0603639309867372,0.4883720930232558,0.5
0.2325581395348837,0.5348837209302325,0.0915934300147834,0.3488372093023256,0.1666666666666666
0.1288527873595193,0.2248062015503875,0.0609383360995474,0.4418604651162791,0.5
0.1118281962835206,0.3023255813953488,0.0078814427847159,0.7906976744186046,0.3333333333333333
0.2241571158339824,0.6124031007751938,0.0287111860860942,0.3488372093023256,0.5
0.854289529320129,0.7364341085271318,0.0791983723173014,0.8372093023255814,0.5
0.2402358962946478,0.4031007751937984,0.098486291368505,0.5348837209302325,0.5
0.2177033492822966,0.4418604651162791,0.0474247000244878,0.5348837209302325,0.5
0.2432958718148436,0.248062015503876,0.2862865314093785,0.5348837209302325,0.5
0.0969734060309335,0.2945736434108527,0.0009885814309942,0.6744186046511628,0.8333333333333333
0.1067096917770112,0.2558139534883721,0.0077605153925454,0.1627906976744186,0.1666666666666666
0.186102147546456,0.4341085271317829,0.8109300223413357,0.4883720930232558,0.3333333333333333
0.7529208857238232,0.8294573643410852,0.76401019417916,0.4418604651162791,0.5
0.2559808612440191,0.5658914728682171,0.0351505697191763,0.3720930232558139,0.3333333333333333
0.0469010793368198,0.2325581395348837,1.0000000000000002,0.5348837209302325,0.5
0.0813953488372093,0.3488372093023255,0.0566454136774927,0.7674418604651162,0.5
0.087793479470346,0.186046511627907,0.0442503559800107,0.0,0.5
0.1008679203293646,0.2868217054263565,0.2062325977924704,0.1627906976744186,0.5
0.040502948703683,0.1162790697674418,0.0760844919689095,0.6046511627906976,0.1666666666666666
0.0781128296428174,0.1627906976744186,0.0541664021379963,0.1860465116279069,0.1666666666666666
0.2401802603760988,0.5193798449612402,0.5802307899279575,0.5348837209302325,0.1666666666666666
0.0536330254812506,0.2015503875968992,0.105107066089843,0.5813953488372093,0.3333333333333333
0.4041393123400467,0.6589147286821705,1.0000000000000002,0.6744186046511628,0.3333333333333333
0.0711027039056414,0.2015503875968992,0.0866354069357905,0.2558139534883721,0.3333333333333333
0.2461889395793924,0.6356589147286821,0.0762054193610801,0.5348837209302325,0.5
0.2399577167019027,0.5193798449612402,0.0415294896561731,0.2790697674418605,0.1666666666666666
0.2382330032268833,0.4031007751937984,0.0236926993110161,0.3488372093023256,0.3333333333333333
0.1686881050406142,0.3875968992248062,1.0000000000000002,0.5348837209302325,0.1666666666666666
0.1930566373650828,0.5193798449612402,0.2920608143855225,0.5581395348837209,0.5
0.2168688105040614,0.5348837209302325,0.0065814733188825,0.7209302325581396,0.3333333333333333
0.2608768220763325,0.4883720930232558,0.012234828902856,0.3720930232558139,0.5
0.2020140202514743,0.4883720930232558,0.6815074808707982,0.6046511627906976,0.1666666666666666
0.1573940135751641,0.3178294573643411,0.1818052645740181,0.1627906976744186,0.1666666666666666
0.2129742962056303,0.4418604651162791,0.1284158209307176,0.7674418604651162,0.3333333333333333
0.0766106598419939,0.2015503875968992,0.1197090486944376,0.5116279069767442,0.5
0.0409480360520752,0.1317829457364341,0.5906003138065827,0.813953488372093,0.5
0.1879937687771225,0.3875968992248062,0.0,0.3023255813953488,0.8333333333333333
0.2197618782686102,0.6046511627906976,0.0488455968824918,0.6976744186046512,0.5
0.208133971291866,0.5426356589147286,0.2022419938508421,0.5581395348837209,0.5
0.1834316234561032,0.3953488372093023,0.0777472436112547,0.9767441860465116,0.5
0.091465450094581,0.2093023255813953,0.0249322050807643,0.2325581395348837,0.5
0.0431178368754868,0.0465116279069767,0.0586407156483068,0.3720930232558139,0.3333333333333333
0.1982864137086903,0.4883720930232558,0.0060977637502002,0.4186046511627906,0.1666666666666666
0.8136196728607988,0.883720930232558,1.0000000000000002,0.3953488372093023,0.5
0.025815066206743,0.1395348837209302,0.0,0.5581395348837209,0.5
0.1246244575497941,0.3643410852713178,0.4935560815897115,0.6744186046511628,0.3333333333333333
0.1161677979303438,0.2868217054263565,0.3547314353779132,0.813953488372093,1.0
0.1260709914320685,0.3798449612403101,1.0000000000000002,0.3953488372093023,0.3333333333333333
0.2387337264938244,0.2868217054263565,0.2408480638012921,0.3488372093023256,0.3333333333333333
0.051185045065094,0.1395348837209302,0.0039815343872155,0.883720930232558,0.5
0.0356626237899187,0.1627906976744186,0.051929245382841,0.4883720930232558,0.3333333333333333
0.0526872148659174,0.2558139534883721,0.0349389467828778,0.4883720930232558,0.5
0.1034271725826193,0.3565891472868217,0.1414155155890524,0.5348837209302325,0.5
0.2558139534883721,0.5503875968992248,0.0152580137071199,0.6511627906976745,0.5
0.2177589852008456,0.4883720930232558,0.0162556646925269,0.4418604651162791,0.3333333333333333
0.1829309001891621,0.3333333333333333,0.0676195745169706,0.9069767441860463,0.5
0.1087682207633247,0.6046511627906976,0.0846098731169337,0.2790697674418605,0.3333333333333333
0.1951151663513964,0.5426356589147286,0.2163904987347971,0.7674418604651162,0.3333333333333333
0.1627906976744186,0.4961240310077519,0.0330948040522769,0.3720930232558139,0.5
0.0234227217091354,0.0620155038759689,0.0916538937108686,0.4651162790697675,0.3333333333333333
0.1009791921664626,0.2713178294573644,0.0717613376988122,0.5348837209302325,0.5
0.0277066874374095,0.0852713178294573,0.0608778724034621,0.9534883720930232,0.1666666666666666
0.0598086124401913,0.2325581395348837,0.0170416927416356,0.6046511627906976,0.5
0.0398909535996439,0.0387596899224806,0.0548315027949343,1.0,0.3333333333333333
0.2621008122844108,0.5581395348837209,0.2014861976497761,0.5348837209302325,0.1666666666666666
0.0952486925559141,0.2248062015503875,0.1446805551776575,0.2325581395348837,0.5
0.2188717035718259,0.4651162790697674,0.1310762235584699,0.6976744186046512,0.5
0.2318905085122955,0.4961240310077519,0.0385063048519093,0.627906976744186,0.3333333333333333
0.91298542338934,0.8062015503875969,0.0829471214745886,0.4186046511627906,0.3333333333333333
0.1941137198175141,0.4728682170542635,0.1048349794574592,0.8604651162790699,0.5
0.7366751975075108,0.7984496124031008,0.3134951946477536,0.8604651162790699,0.1666666666666666
0.1921664626682986,0.4341085271317829,0.1717078273277767,1.0,0.5
0.1003115611438744,0.2093023255813953,0.0240554814875278,0.4883720930232558,0.3333333333333333
0.0491265160787804,0.1705426356589147,0.184828449378282,0.4651162790697675,0.1666666666666666
0.2221542227662178,0.6124031007751938,0.0,0.5813953488372093,0.3333333333333333
0.0967508623567375,0.3178294573643411,0.2840493746542232,0.5348837209302325,0.3333333333333333
0.0933570713252475,0.3100775193798449,0.0481502643775111,0.5348837209302325,0.3333333333333333
0.0981417603204629,0.3255813953488372,0.0376295812586727,0.3720930232558139,0.3333333333333333
0.0885723823300322,0.1705426356589147,0.1312273827986831,0.1162790697674418,0.5
0.1114387448536775,0.4031007751937984,0.0215462380999888,0.744186046511628,0.5
0.4075887392900856,0.6434108527131782,1.0000000000000002,0.5348837209302325,0.3333333333333333
0.1337487481918326,0.4418604651162791,0.2688729869368184,0.0,0.1666666666666666
0.2316123289195504,0.4573643410852712,0.0,0.627906976744186,0.5
0.394180482919773,0.5658914728682171,0.175789126813533,0.2325581395348837,0.3333333333333333
0.2068543451652386,0.5581395348837209,0.0304948651206099,0.5348837209302325,0.1666666666666666
0.2273839991098253,0.6124031007751938,0.0988490735450167,0.4418604651162791,0.8333333333333333
0.1658506731946144,0.4263565891472868,0.1370621294709124,0.813953488372093,0.5
0.0884611104929342,0.2170542635658914,1.0000000000000002,0.6744186046511628,0.3333333333333333
0.189941025926338,0.4263565891472868,1.0000000000000002,0.5581395348837209,0.5
0.0583620785579169,0.3023255813953488,0.0198834864576436,0.3255813953488372,0.1666666666666666
0.8036608434405251,0.8372093023255813,0.2748891246973036,0.5348837209302325,0.3333333333333333
0.2363413819962167,0.5503875968992248,0.1715868999356062,0.627906976744186,0.5
0.2595971959497051,0.4728682170542635,0.7094114766141539,0.5348837209302325,0.5
0.1676310225881829,0.4186046511627906,0.4808889372598457,0.5581395348837209,0.5
0.0651496606208968,0.2558139534883721,0.5075231953854107,0.2325581395348837,0.1666666666666666
0.2536997885835095,0.4651162790697674,0.0166486787170813,0.5813953488372093,0.3333333333333333
0.0589740736619561,0.2325581395348837,0.1275995610335664,0.6511627906976745,0.1666666666666666
0.2550906865472349,0.5193798449612402,0.0498734797159415,0.5348837209302325,0.1666666666666666
0.2356737509736285,0.5038759689922481,0.032580862635552,0.1627906976744186,0.3333333333333333
0.2159786358072771,0.5503875968992248,0.0412271711757468,0.9069767441860463,0.3333333333333333
0.0334371870479581,0.1240310077519379,0.0438271101074137,0.5813953488372093,0.5
0.043841103816624,0.0387596899224806,0.0481502643775111,0.4418604651162791,0.5
0.2367308334260598,0.5348837209302325,0.0497827841718136,0.5581395348837209,0.5
0.2103594080338266,0.5193798449612402,0.0590337296728611,0.6976744186046512,0.1666666666666666
0.21186157783465,0.5503875968992248,0.0656242725461564,0.5813953488372093,0.1666666666666666
0.20451763658618,0.4806201550387596,0.0644149986244509,0.4883720930232558,0.3333333333333333
0.2403471681317458,0.3100775193798449,0.1675962959939778,0.6511627906976745,0.5
0.1079336819850895,0.3023255813953488,0.0436154871711152,0.5348837209302325,0.5
0.0617002336708579,0.2093023255813953,0.0392621010529752,0.7674418604651162,0.3333333333333333
0.2048514520974741,0.4341085271317829,0.6512756328281591,0.9534883720930232,0.5
0.2093579614999443,0.5581395348837209,0.0942538326425356,0.2558139534883721,0.1666666666666666
0.0446756425948592,0.2015503875968992,0.3893166695386922,0.7674418604651162,0.5
0.7805719372426838,0.7286821705426356,0.0496013930835578,0.3488372093023256,0.3333333333333333
0.4351285189718482,0.4108527131782945,0.0976397996233111,0.5348837209302325,0.5
0.3908423278068321,0.6356589147286821,1.0000000000000002,0.5348837209302325,0.3333333333333333
0.2236007566484922,0.4883720930232558,0.1061651807713353,0.5348837209302325,0.1666666666666666
0.7037387337264938,0.7364341085271318,0.3643451630554724,0.4651162790697675,0.3333333333333333
0.2329475909647268,0.6511627906976744,0.4587289926445914,0.4883720930232558,0.5
0.0828418827194837,0.2403100775193798,0.2195648427792742,0.8372093023255814,0.0
0.3888394347390675,0.6046511627906976,1.0000000000000002,0.5348837209302325,0.1666666666666666
0.2257705574719038,0.4961240310077519,0.0298297644636719,0.3255813953488372,0.3333333333333333
0.2281629019695115,0.627906976744186,0.2360411999625125,0.4651162790697675,0.1666666666666666
0.2529208857238233,0.5426356589147286,0.0956142658044543,0.5813953488372093,0.1666666666666666
0.1983420496272393,0.5116279069767441,0.0167696061092518,0.6046511627906976,0.3333333333333333
0.2308890619784132,0.4496124031007752,0.0334575862287885,0.5348837209302325,0.3333333333333333
0.1101034828085011,0.3410852713178294,0.0438271101074137,0.9534883720930232,0.5
0.2268832758428841,0.4961240310077519,0.1948654229284382,0.6511627906976745,0.1666666666666666
0.1418715922999888,0.4341085271317829,0.6029349078079794,0.5813953488372093,0.3333333333333333
0.4224991654612217,0.5658914728682171,0.4887794495989745,0.5348837209302325,0.3333333333333333
0.2197062423500612,0.4806201550387596,0.0203369641782832,0.5348837209302325,0.3333333333333333
0.1921664626682986,0.5193798449612402,0.066833546467862,0.3023255813953488,0.1666666666666666
0.2560364971625681,0.5891472868217054,0.040199288342297,0.2790697674418605,0.3333333333333333
0.1856570601980638,0.5116279069767441,0.090535315333291,0.4186046511627906,0.5
0.0462334483142316,0.1085271317829457,0.6915142225729117,0.5116279069767442,0.5
0.3994658951819294,0.5968992248062015,1.0000000000000002,0.7906976744186046,0.1666666666666666
0.0773895627016802,0.1782945736434108,0.3578755475743477,0.7906976744186046,0.5
0.8180705463447201,0.9224806201550388,1.0000000000000002,0.6511627906976745,0.3333333333333333
0.0383331478802715,0.1162790697674418,0.1924166432369844,0.7906976744186046,0.5
0.2439635028374318,0.4341085271317829,0.5957397279738313,0.6744186046511628,0.3333333333333333
0.2223211305218649,0.6201550387596899,0.321839184707522,0.5348837209302325,0.3333333333333333
0.2425169689551574,0.4651162790697674,0.0339412957974708,0.4883720930232558,0.3333333333333333
0.13163458328697,0.3875968992248062,0.4045837528002249,0.2558139534883721,0.1666666666666666
0.1289640591966173,0.3100775193798449,0.0852145100777865,0.883720930232558,0.6666666666666666
0.0961945031712473,0.2558139534883721,0.2313250316678608,0.5581395348837209,0.3333333333333333
0.2175920774451986,0.5348837209302325,0.0292251275028191,0.627906976744186,0.1666666666666666
0.1985089573828864,0.5813953488372092,0.0392318692049326,0.6976744186046512,0.3333333333333333
0.1333036608434405,0.3720930232558139,0.564691620034041,0.4651162790697675,0.1666666666666666
0.2031823745410036,0.5968992248062015,0.0346063964544088,0.3255813953488372,0.3333333333333333
0.2014576610659842,0.4341085271317829,1.0000000000000002,0.6976744186046512,0.1666666666666666
0.2040725492377879,0.4573643410852712,0.8764122052016918,0.5348837209302325,0.3333333333333333
0.047679982196506,0.1782945736434108,0.3155509603146531,0.2558139534883721,0.1666666666666666
0.2239345721597863,0.5581395348837209,0.0416806488963863,0.7209302325581396,0.1666666666666666
0.0609769667297207,0.1705426356589147,0.0318552982825287,0.6511627906976745,0.3333333333333333
0.208245243128964,0.4496124031007752,0.0050094172206652,0.3953488372093023,0.3333333333333333
0.8245799488149549,0.7441860465116279,0.0701590497525523,0.5348837209302325,0.3333333333333333
0.120451763658618,0.2868217054263565,0.1490641731438401,0.3255813953488372,0.3333333333333333
0.2352842995437855,0.3488372093023255,0.6397270668758711,0.6046511627906976,0.5
0.2135306553911205,0.5348837209302325,0.0,0.5116279069767442,0.1666666666666666
0.2005118504506509,0.4341085271317829,0.031492516106017,0.4883720930232558,0.6666666666666666
0.040336040948036,0.0620155038759689,0.5274762150935525,0.5348837209302325,0.3333333333333333
0.09491487704462,0.3410852713178294,0.2466828104735214,0.3953488372093023,0.3333333333333333
0.2058528986313564,0.5038759689922481,0.0,0.813953488372093,0.5
0.4543785467898075,0.6666666666666666,0.0353924245035174,0.4418604651162791,0.5
0.1693001001446533,0.5271317829457364,0.1731287241857807,0.744186046511628,0.5
0.1487704462000667,0.3953488372093023,0.7963885034328264,0.5581395348837209,0.5
0.3934572159786358,0.4573643410852712,0.3631963528298521,0.3488372093023256,0.3333333333333333
0.0994770223656392,0.3488372093023255,1.0000000000000002,0.1860465116279069,0.1666666666666666
0.2310559697340602,0.5271317829457364,0.098909537241102,0.3720930232558139,0.5
0.2175920774451986,0.4961240310077519,0.0315832116501449,0.5348837209302325,0.5
0.8044397463002113,0.6666666666666666,1.0000000000000002,0.1395348837209302,0.5
0.0568599087570935,0.1240310077519379,0.0444619789163091,0.3953488372093023,0.1666666666666666
0.1998442194280627,0.5271317829457364,0.0,0.6744186046511628,0.3333333333333333
0.2509179926560587,0.5658914728682171,0.0,0.6046511627906976,0.3333333333333333
0.1659063091131634,0.4573643410852712,0.0831285125628444,0.5581395348837209,0.3333333333333333
0.1573940135751641,0.4728682170542635,0.0317948345864434,0.3720930232558139,0.1666666666666666
0.2419606097696672,0.5581395348837209,0.0328529492679358,0.5348837209302325,0.1666666666666666
0.1068765995326583,0.2093023255813953,0.1166858638901737,0.3953488372093023,0.3333333333333333
0.2199844219428062,0.5038759689922481,0.5241507118088622,0.5348837209302325,0.3333333333333333
0.3966840992544787,0.5891472868217054,0.8541011013462242,0.3720930232558139,0.3333333333333333
0.2425169689551574,0.4341085271317829,0.0,0.627906976744186,0.5
0.1370312673862245,0.4108527131782945,0.0519897090789263,0.3720930232558139,0.5
0.1966729720707689,0.4031007751937984,0.066410300595265,0.5348837209302325,0.1666666666666666
0.2136975631467675,0.4031007751937984,0.031159965777548,0.7906976744186046,0.5
0.4519862022921998,0.6589147286821705,0.6625823439961062,0.9534883720930232,0.5
0.1808723712028485,0.4651162790697674,0.29856066171469,0.5348837209302325,0.1666666666666666
0.4170468454434182,0.6046511627906976,0.0334273543807459,0.5116279069767442,0.1666666666666666
0.2065205296539445,0.4263565891472868,0.0,0.3720930232558139,0.3333333333333333
0.0699343496161121,0.2170542635658914,0.5750309120646236,0.5348837209302325,0.3333333333333333
0.0741070435072883,0.1705426356589147,0.3045465676271325,0.5348837209302325,0.5
0.20451763658618,0.5193798449612402,0.0291646638067338,0.2093023255813954,0.5
0.1705797262712807,0.5193798449612402,0.1993095045907061,0.7209302325581396,0.3333333333333333
0.0446200066763102,0.1472868217054263,0.1769077051911106,0.5348837209302325,0.1666666666666666
0.0701568932903082,0.2403100775193798,0.0820703978813521,0.7209302325581396,0.5
0.1633470568599087,0.4728682170542635,0.0183718940555117,0.6046511627906976,0.5
0.0553021030377211,0.193798449612403,0.8278598572452136,0.2790697674418605,0.5
0.2123066651830421,0.5503875968992248,0.2676032493190276,0.5116279069767442,0.5
0.0928563480583064,0.3488372093023255,0.0830378170187165,0.2325581395348837,0.1666666666666666
0.1171692444642261,0.248062015503876,0.5173183141512258,0.9767441860465116,0.0
0.9391343051073772,0.9302325581395348,0.1790843982501806,0.6511627906976745,0.1666666666666666
0.1985089573828864,0.5193798449612402,0.0,0.5348837209302325,0.3333333333333333
0.2144208300879047,0.4031007751937984,0.0409248526953204,0.5813953488372093,0.6666666666666666
0.2242127517525314,0.5271317829457364,0.828071480181512,0.627906976744186,0.5
0.0999221097140313,0.2790697674418604,0.0716706421546842,0.4186046511627906,0.3333333333333333
0.1988984088127295,0.4263565891472868,0.1224601468663178,0.4418604651162791,0.5
0.2217091354178257,0.5193798449612402,0.1864912010206272,0.2325581395348837,0.5
0.2473016579503727,0.5658914728682171,0.025718233129873,0.4883720930232558,0.1666666666666666
0.2259374652275509,0.4806201550387596,0.0255368420416171,0.3255813953488372,0.3333333333333333
0.0317124735729386,0.0852713178294573,0.3573313743095802,0.5348837209302325,0.5
0.4706798709246689,0.5271317829457364,0.095977047980966,0.8604651162790699,0.6666666666666666
0.7494158228552352,0.9147286821705426,0.0738775670617969,0.5348837209302325,0.5
0.2149771892733949,0.4728682170542635,0.0,0.5348837209302325,0.3333333333333333
0.219149883164571,0.5193798449612402,0.0489362924266197,0.5348837209302325,0.3333333333333333
0.0872371202848559,0.248062015503876,0.1896353132170616,0.4186046511627906,0.5
0.1555023923444976,0.5426356589147286,0.1356110007648657,0.3953488372093023,0.1666666666666666
0.872426838767108,0.7131782945736433,0.0788658219888323,0.627906976744186,0.3333333333333333
0.0890731055969734,0.1472868217054263,0.0382342182195255,0.5348837209302325,0.6666666666666666
0.2633804384110381,0.5038759689922481,0.1599174065911475,0.4883720930232558,0.1666666666666666
0.0525203071102703,0.2558139534883721,0.1178044422677514,0.5348837209302325,0.5
0.1576165572493602,0.3875968992248062,0.5963745967827268,0.4651162790697675,0.1666666666666666
0.0714365194169355,0.2403100775193798,0.2012745747134776,0.5348837209302325,0.5
0.0871814843663068,0.2635658914728682,0.011055786829193,0.5348837209302325,0.5
0.0578057193724268,0.186046511627907,0.0130208569519646,0.6511627906976745,0.3333333333333333
0.1458773784355179,0.4341085271317829,0.1426852532068433,0.4418604651162791,0.3333333333333333
0.1761433181261822,0.5193798449612402,0.2079860449789435,0.3720930232558139,0.3333333333333333
0.2200956937799043,0.6356589147286821,0.1752147217007228,0.3488372093023256,0.3333333333333333
0.7815177478580171,0.8062015503875969,0.053682692569314,0.5116279069767442,0.1666666666666666
0.2459107599866473,0.627906976744186,0.0121139015106854,0.5348837209302325,0.3333333333333333
0.2321130521864916,0.6124031007751938,0.1363970288139744,0.5348837209302325,1.0
0.4208300879047513,0.5736434108527132,0.6894584569060123,0.4418604651162791,0.1666666666666666
0.4845888505619227,0.5503875968992248,0.940957200772726,0.5581395348837209,0.5
0.2504729053076666,0.5813953488372092,0.1131789695172276,0.5581395348837209,0.6666666666666666
0.4146545009458106,0.5813953488372092,0.0644149986244509,0.5348837209302325,0.3333333333333333
0.2437965950817848,0.5426356589147286,0.1507873884822705,0.5348837209302325,0.3333333333333333
0.182430176922221,0.4806201550387596,0.3561825640839599,0.5348837209302325,0.5
0.1583954601090464,0.4031007751937984,0.7131299939233986,0.6744186046511628,0.1666666666666666
0.2361744742405697,0.5503875968992248,0.0228159757177796,0.5348837209302325,0.5
0.259207744519862,0.5736434108527132,0.1488525502075416,0.5348837209302325,0.1666666666666666
0.0470123511739178,0.2015503875968992,0.054771039098849,0.9534883720930232,0.1666666666666666
0.2247691109380216,0.5581395348837209,0.009634889971189,0.744186046511628,0.1666666666666666
0.7726160008901747,0.8294573643410852,0.0714892510664284,0.6046511627906976,0.1666666666666666
0.1042060754423055,0.3798449612403101,0.3693334179825078,0.3255813953488372,0.3333333333333333
0.1286858796038722,0.3953488372093023,0.5904189227183269,0.5348837209302325,0.5
0.2405140758873928,0.5813953488372092,0.0485130465540228,0.1162790697674418,0.3333333333333333
0.208189607210415,0.5271317829457364,0.0630545654625321,0.5348837209302325,0.6666666666666666
0.218927339490375,0.6356589147286821,0.0782007213318943,0.5813953488372093,0.1666666666666666
0.1969511516635139,0.6124031007751938,0.1568942217868836,0.1395348837209302,0.5
0.4032491376432625,0.6821705426356589,1.0000000000000002,0.6976744186046512,0.1666666666666666
0.2359519305663736,0.6434108527131782,0.0091209485544641,0.5348837209302325,0.3333333333333333
0.0568042728385445,0.193798449612403,0.0497827841718136,0.7906976744186046,0.5
0.2115833982419049,0.5038759689922481,0.0303437058803967,0.6511627906976745,0.6666666666666666
0.1546122176477133,0.2868217054263565,0.0644452304724935,0.9069767441860463,0.5
0.1923333704239457,0.5116279069767441,0.0227555120216943,0.6976744186046512,0.1666666666666666
0.1693557360632024,0.5581395348837209,0.2034512677725476,0.5348837209302325,0.3333333333333333
0.0751641259597196,0.248062015503876,0.1890609081042515,0.7906976744186046,0.5
0.2287748970735507,0.6046511627906976,0.038778391484293,0.5348837209302325,0.5
0.1298542338934016,0.4883720930232558,0.0429201546661345,0.2325581395348837,0.3333333333333333
0.2370090130188049,0.6124031007751938,0.6793912515078134,0.5348837209302325,0.5
0.0605318793813285,0.2713178294573644,0.0850633508375733,0.3953488372093023,0.6666666666666666
0.0442861911650161,0.1240310077519379,0.5626660862151842,0.5348837209302325,0.1666666666666666
0.0995326582841882,0.2325581395348837,0.0,0.3023255813953488,0.3333333333333333
0.4279514854790252,0.4573643410852712,0.0697055720319127,0.3488372093023256,0.5
0.0253143429398019,0.1317829457364341,0.1894841539768484,0.2325581395348837,0.3333333333333333
0.062200956937799,0.248062015503876,0.0,0.6744186046511628,0.5
0.0959719594970513,0.193798449612403,0.0059768363580297,0.5348837209302325,0.5
0.0139646155558028,0.0542635658914728,0.1518757350118055,0.8604651162790699,0.8333333333333333
0.0663736508289751,0.186046511627907,0.1473711896534523,0.5348837209302325,0.5
0.1311338600200289,0.248062015503876,0.0747542906550334,0.3488372093023256,0.5
0.4078669188828308,0.5581395348837209,0.2359505044183846,0.3488372093023256,0.3333333333333333
0.0698230777790141,0.1317829457364341,0.0277135351006871,0.5348837209302325,0.1666666666666666
0.2179258929564927,0.4108527131782945,0.0,0.5348837209302325,0.0
0.1665739401357516,0.4186046511627906,0.5183461969846755,0.4186046511627906,0.3333333333333333
0.248303104484255,0.4961240310077519,0.1012071576923425,0.5348837209302325,0.3333333333333333
0.2247691109380216,0.5736434108527132,0.0392318692049326,0.5348837209302325,0.1666666666666666
0.1922777345053966,0.4961240310077519,0.0553454442116592,0.4883720930232558,0.5
0.8093913430510737,0.7674418604651162,0.439834087617942,0.5813953488372093,0.3333333333333333
0.7384555469010793,0.8217054263565892,0.2452316817674748,0.5348837209302325,0.5
0.4030822298876154,0.5736434108527132,1.0000000000000002,0.744186046511628,0.1666666666666666
0.0551351952820741,0.2325581395348837,0.0,0.6511627906976745,0.5
0.0699899855346611,0.3255813953488372,1.0000000000000002,0.2558139534883721,0.6666666666666666
0.3853900077890286,0.5891472868217054,1.0000000000000002,0.3953488372093023,0.1666666666666666
0.2187047958161789,0.5968992248062015,0.2263065448927827,0.6046511627906976,0.1666666666666666
0.2187604317347279,0.4186046511627906,0.0404713749746808,0.6511627906976745,0.6666666666666666
