id_cliente,sexo,uf,renda,cidade,nome,data_nascimento
1,F,RJ,17706.0,Niterói,Cliente_00001,1956-07-10 19:27:27
2,M,RS,13387.0,Porto Alegre,Cliente_00002,1990-03-06 20:25:22
3,F,SC,16528.0,Joinville,Cliente_00003,1974-03-16 16:54:28
4,F,RJ,17475.0,Niterói,Cliente_00004,1959-04-30 23:57:23
5,F,PR,15339.0,Londrina,Cliente_00005,1972-11-14 13:50:06
6,M,BA,15419.0,Feira de Santana,Cliente_00006,2001-07-20 09:43:16
7,F,PE,6912.0,Caruaru,Cliente_00007,1998-12-28 03:17:26
8,F,PE,5999.0,Petrolina,Cliente_00008,1994-10-22 04:36:20
9,F,SC,6409.0,Joinville,Cliente_00009,1992-11-29 22:51:09
10,M,PE,16978.0,Petrolina,Cliente_00010,2001-01-21 11:44:14
11,F,RJ,12594.0,Campos,Cliente_00011,1983-12-12 17:44:55
12,F,DF,21146.0,Brasília,Cliente_00012,1979-11-22 17:48:07
13,F,PE,20873.0,Petrolina,Cliente_00013,1973-04-21 19:14:42
14,F,SC,9154.0,Florianópolis,Cliente_00014,1996-01-31 23:22:44
15,M,PE,17482.0,Recife,Cliente_00015,1976-04-07 15:26:03
16,F,PE,20108.0,Petrolina,Cliente_00016,2006-04-29 07:31:31
17,M,GO,23260.0,Goiânia,Cliente_00017,1980-11-11 03:12:45
18,M,RJ,4420.0,Niterói,Cliente_00018,1983-04-10 06:34:37
19,M,PR,24425.0,Maringá,Cliente_00019,1972-03-29 18:56:04
20,F,SP,7115.0,Santos,Cliente_00020,2000-11-23 18:39:51
21,M,DF,5815.0,Brasília,Cliente_00021,1966-09-05 20:43:18
22,F,PE,23984.0,Petrolina,Cliente_00022,1967-09-03 09:24:18
23,M,RS,13960.0,Porto Alegre,Cliente_00023,1956-02-21 21:27:56
24,M,PE,4283.0,Recife,Cliente_00024,1960-03-30 16:09:25
25,M,GO,11105.0,Goiânia,Cliente_00025,1961-08-04 05:15:04
26,M,PR,14289.0,Londrina,Cliente_00026,1990-12-18 11:44:35
27,M,RS,13340.0,Porto Alegre,Cliente_00027,1961-06-14 03:00:03
28,M,DF,20692.0,Brasília,Cliente_00028,1964-11-20 21:10:58
29,M,RS,4831.0,Pelotas,Cliente_00029,1955-03-20 23:48:16
30,M,RJ,20062.0,Rio de Janeiro,Cliente_00030,1986-11-15 08:44:50
31,F,SC,18681.0,Florianópolis,Cliente_00031,1971-12-29 14:36:07
32,F,SC,4346.0,Florianópolis,Cliente_00032,1968-04-10 01:01:59
33,M,DF,2429.0,Brasília,Cliente_00033,2001-01-30 06:55:43
34,M,PR,6318.0,Curitiba,Cliente_00034,1973-04-01 15:38:29
35,M,SC,20975.0,Blumenau,Cliente_00035,1990-04-26 03:48:54
36,F,MG,3762.0,Belo Horizonte,Cliente_00036,1968-01-17 17:04:17
37,M,GO,14275.0,Rio Verde,Cliente_00037,1965-01-30 05:13:12
38,F,DF,9049.0,Brasília,Cliente_00038,2005-10-14 07:32:18
39,F,DF,21364.0,Brasília,Cliente_00039,2000-10-11 01:36:17
40,F,SP,21226.0,São Paulo,Cliente_00040,1999-03-24 18:35:11
41,F,SP,23937.0,Campinas,Cliente_00041,1961-06-21 03:07:32
42,F,RJ,10909.0,Niterói,Cliente_00042,2003-01-09 18:03:44
43,M,RJ,11156.0,Campos,Cliente_00043,1979-06-22 02:01:35
44,M,SP,5674.0,Santos,Cliente_00044,1985-01-28 01:27:53
45,M,SC,6270.0,Joinville,Cliente_00045,2000-08-20 01:24:03
46,M,BA,7333.0,Feira de Santana,Cliente_00046,2006-02-20 22:49:19
47,M,DF,24886.0,Brasília,Cliente_00047,1972-12-30 16:36:53
48,F,MG,20177.0,Belo Horizonte,Cliente_00048,1961-08-24 15:27:55
49,M,DF,3545.0,Brasília,Cliente_00049,1969-08-24 11:56:04
50,M,PE,2537.0,Caruaru,Cliente_00050,1985-12-26 16:41:24
51,F,PR,7742.0,Maringá,Cliente_00051,1989-10-29 05:20:12
52,M,GO,11151.0,Rio Verde,Cliente_00052,1988-06-16 08:07:39
53,F,BA,13821.0,Feira de Santana,Cliente_00053,1995-12-31 15:21:48
54,M,MG,7662.0,Juiz de Fora,Cliente_00054,1971-06-15 09:19:13
55,F,PE,5573.0,Recife,Cliente_00055,2000-02-09 07:19:46
56,M,RJ,19167.0,Rio de Janeiro,Cliente_00056,1960-04-30 12:58:58
57,M,MG,17535.0,Uberlândia,Cliente_00057,1977-05-08 09:29:22
58,F,SP,8232.0,Santos,Cliente_00058,1978-04-19 16:31:01
59,F,DF,23829.0,Brasília,Cliente_00059,2004-03-03 11:55:27
60,F,MG,4987.0,Uberlândia,Cliente_00060,2005-07-23 13:17:42
61,F,PR,3684.0,Maringá,Cliente_00061,2002-07-16 02:13:35
62,F,RS,15390.0,Pelotas,Cliente_00062,1997-10-21 01:16:00
63,F,RJ,21071.0,Campos,Cliente_00063,1986-11-24 15:14:29
64,F,GO,10917.0,Goiânia,Cliente_00064,1983-10-22 05:14:58
65,F,GO,6995.0,Rio Verde,Cliente_00065,2007-11-30 05:03:43
66,M,MG,20181.0,Belo Horizonte,Cliente_00066,1963-05-21 08:02:36
67,M,RS,16281.0,Pelotas,Cliente_00067,1987-01-18 23:50:07
68,F,DF,8597.0,Brasília,Cliente_00068,1962-06-04 20:24:02
69,M,PE,9969.0,Caruaru,Cliente_00069,1973-04-19 13:46:22
70,M,BA,13899.0,Salvador,Cliente_00070,1988-08-08 09:11:11
71,M,DF,17702.0,Brasília,Cliente_00071,1969-01-14 04:18:06
72,M,PE,21428.0,Recife,Cliente_00072,1966-05-03 15:45:23
73,F,BA,12485.0,Salvador,Cliente_00073,1964-12-05 04:07:00
74,M,RS,8331.0,Caxias do Sul,Cliente_00074,1978-11-03 13:22:26
75,F,BA,18275.0,Salvador,Cliente_00075,1965-03-07 00:17:45
76,M,DF,2468.0,Brasília,Cliente_00076,2001-05-04 22:53:00
77,M,PR,11882.0,Londrina,Cliente_00077,1989-10-26 20:09:18
78,M,MG,6651.0,Juiz de Fora,Cliente_00078,1998-04-01 15:35:39
79,F,PE,12318.0,Petrolina,Cliente_00079,1973-01-22 16:11:28
80,M,PR,22248.0,Londrina,Cliente_00080,1990-07-27 15:00:30
81,F,PE,21191.0,Recife,Cliente_00081,2001-09-13 08:39:31
82,M,MG,12292.0,Belo Horizonte,Cliente_00082,2007-11-24 17:43:42
83,F,SC,7625.0,Joinville,Cliente_00083,1957-01-08 08:39:44
84,M,BA,5870.0,Vitória da Conquista,Cliente_00084,1972-10-09 04:20:42
85,F,RS,6338.0,Caxias do Sul,Cliente_00085,2003-04-19 15:14:18
86,F,SC,17675.0,Florianópolis,Cliente_00086,1988-03-16 15:50:14
87,M,SC,4634.0,Florianópolis,Cliente_00087,1987-12-10 12:13:10
88,F,GO,14191.0,Goiânia,Cliente_00088,1961-07-28 01:29:50
89,M,SP,11931.0,São Paulo,Cliente_00089,2000-08-17 08:28:35
90,M,DF,13056.0,Brasília,Cliente_00090,1966-09-01 17:30:06
91,M,PR,2554.0,Maringá,Cliente_00091,2007-03-18 01:05:56
92,M,PR,21613.0,Maringá,Cliente_00092,1961-06-21 17:07:37
93,M,PR,4169.0,Maringá,Cliente_00093,1985-06-06 10:48:44
94,M,PR,18159.0,Curitiba,Cliente_00094,2002-02-04 01:26:13
95,M,DF,17581.0,Brasília,Cliente_00095,1978-03-09 06:41:16
96,M,SC,14438.0,Florianópolis,Cliente_00096,1962-11-04 11:22:27
97,M,DF,7217.0,Brasília,Cliente_00097,2005-04-07 05:54:27
98,M,PR,13782.0,Curitiba,Cliente_00098,1963-12-17 01:54:57
99,M,SP,16391.0,Campinas,Cliente_00099,1987-10-26 21:52:51
100,F,RJ,10797.0,Rio de Janeiro,Cliente_00100,1956-10-14 21:01:24
101,F,MG,15701.0,Juiz de Fora,Cliente_00101,2006-06-17 20:46:43
102,M,PR,17789.0,Maringá,Cliente_00102,1963-08-13 19:52:29
103,M,RS,14373.0,Pelotas,Cliente_00103,1998-02-02 16:28:45
104,M,RJ,18012.0,Niterói,Cliente_00104,1966-07-10 06:15:43
105,M,DF,24961.0,Brasília,Cliente_00105,1993-06-20 20:21:14
106,M,RS,22210.0,Pelotas,Cliente_00106,2006-11-20 01:06:28
107,M,RS,21452.0,Caxias do Sul,Cliente_00107,1995-09-15 18:44:31
108,M,PE,14948.0,Caruaru,Cliente_00108,1968-06-17 12:30:08
109,M,RS,16698.0,Caxias do Sul,Cliente_00109,1968-01-01 07:05:50
110,F,PR,9122.0,Curitiba,Cliente_00110,1978-08-26 20:37:32
111,M,PE,9580.0,Recife,Cliente_00111,1979-06-15 14:39:49
112,F,GO,3902.0,Rio Verde,Cliente_00112,1957-05-23 12:42:44
113,M,SC,19531.0,Blumenau,Cliente_00113,1957-04-06 21:14:02
114,M,RS,5056.0,Caxias do Sul,Cliente_00114,2007-03-12 04:06:24
115,F,SP,3693.0,São Paulo,Cliente_00115,1993-12-16 13:20:43
116,M,MG,11739.0,Juiz de Fora,Cliente_00116,1966-12-20 05:54:37
117,F,RS,20988.0,Pelotas,Cliente_00117,1995-04-08 11:52:54
118,M,GO,22239.0,Goiânia,Cliente_00118,1961-02-22 06:03:58
119,M,BA,20018.0,Feira de Santana,Cliente_00119,1987-08-19 21:40:34
120,F,DF,21787.0,Brasília,Cliente_00120,2007-08-11 02:52:13
121,M,DF,21497.0,Brasília,Cliente_00121,1967-10-27 18:03:59
122,F,GO,10083.0,Rio Verde,Cliente_00122,1981-02-13 11:38:30
123,M,BA,20163.0,Vitória da Conquista,Cliente_00123,1959-11-05 17:57:37
124,F,DF,14375.0,Brasília,Cliente_00124,1993-02-08 05:58:40
125,F,DF,12186.0,Brasília,Cliente_00125,1988-08-16 19:17:00
126,M,DF,19036.0,Brasília,Cliente_00126,1995-04-27 18:56:28
127,M,GO,2794.0,Goiânia,Cliente_00127,1986-10-20 06:20:37
128,F,SC,16948.0,Florianópolis,Cliente_00128,1988-05-14 22:34:48
129,M,MG,23173.0,Uberlândia,Cliente_00129,2003-07-25 21:21:52
130,M,GO,11867.0,Anápolis,Cliente_00130,1970-01-25 07:09:14
131,M,BA,21129.0,Vitória da Conquista,Cliente_00131,1964-01-21 20:40:04
132,F,RS,23952.0,Caxias do Sul,Cliente_00132,2001-10-04 16:09:43
133,F,SC,14837.0,Blumenau,Cliente_00133,1984-01-03 23:39:46
134,F,SC,24600.0,Blumenau,Cliente_00134,2003-05-18 21:54:45
135,F,RS,8154.0,Porto Alegre,Cliente_00135,1985-07-06 01:56:50
136,F,SP,20822.0,Santos,Cliente_00136,1969-12-10 09:47:51
137,F,PE,20510.0,Recife,Cliente_00137,2000-03-07 16:45:31
138,F,MG,18833.0,Juiz de Fora,Cliente_00138,1990-08-21 16:23:22
139,F,MG,14193.0,Juiz de Fora,Cliente_00139,1967-05-01 21:36:26
140,F,SP,10741.0,Santos,Cliente_00140,2003-03-15 20:52:51
141,M,PE,5575.0,Caruaru,Cliente_00141,1965-07-18 12:26:09
142,F,MG,14151.0,Uberlândia,Cliente_00142,1982-02-03 14:53:18
143,M,BA,10775.0,Salvador,Cliente_00143,1959-09-07 05:50:33
144,M,RJ,14338.0,Campos,Cliente_00144,1989-09-12 02:16:14
145,M,RJ,3158.0,Rio de Janeiro,Cliente_00145,1990-01-17 15:47:24
146,F,MG,8432.0,Belo Horizonte,Cliente_00146,1963-03-30 22:55:10
147,F,PR,15748.0,Maringá,Cliente_00147,1982-08-28 12:06:10
148,F,MG,8459.0,Uberlândia,Cliente_00148,1966-01-14 14:58:59
149,F,RS,19701.0,Caxias do Sul,Cliente_00149,2005-02-07 20:20:03
150,M,RS,9882.0,Porto Alegre,Cliente_00150,1991-02-19 21:44:00
151,F,PE,18344.0,Caruaru,Cliente_00151,1993-04-21 19:47:59
152,F,DF,16499.0,Brasília,Cliente_00152,1983-09-04 15:11:53
153,F,SC,23899.0,Blumenau,Cliente_00153,1956-12-30 17:00:23
154,F,BA,7876.0,Vitória da Conquista,Cliente_00154,1965-10-30 09:56:38
155,F,SP,20405.0,Campinas,Cliente_00155,1976-11-04 02:19:17
156,M,MG,4976.0,Uberlândia,Cliente_00156,1984-01-06 05:43:30
157,F,DF,20589.0,Brasília,Cliente_00157,1955-01-06 11:30:59
158,M,DF,5866.0,Brasília,Cliente_00158,1963-06-09 17:40:31
159,F,BA,17706.0,Salvador,Cliente_00159,1963-08-01 15:45:05
160,M,SP,13958.0,Campinas,Cliente_00160,1959-08-11 20:27:02
161,F,RS,1527.0,Porto Alegre,Cliente_00161,2006-07-09 09:45:01
162,F,GO,22115.0,Rio Verde,Cliente_00162,2001-05-27 15:25:34
163,M,BA,,Vitória da Conquista,Cliente_00163,1981-04-16 08:10:49
164,M,DF,8048.0,Brasília,Cliente_00164,1974-09-25 18:41:04
165,M,RJ,4524.0,Campos,Cliente_00165,1985-06-11 07:39:01
166,F,MG,2764.0,Uberlândia,Cliente_00166,1962-06-08 05:52:51
167,M,PE,10547.0,Caruaru,Cliente_00167,1979-04-18 13:01:43
168,F,RJ,13717.0,Niterói,Cliente_00168,1986-03-29 03:24:08
169,F,DF,8087.0,Brasília,Cliente_00169,1984-03-30 11:19:49
170,M,SC,8077.0,Florianópolis,Cliente_00170,1956-09-04 22:33:51
171,M,PR,19135.0,Curitiba,Cliente_00171,2002-05-10 08:43:09
172,F,SP,14296.0,São Paulo,Cliente_00172,1999-04-18 17:57:43
173,F,RS,5370.0,Pelotas,Cliente_00173,1956-08-30 21:11:32
174,M,MG,2826.0,Belo Horizonte,Cliente_00174,1976-05-30 13:43:00
175,M,PE,24061.0,Caruaru,Cliente_00175,1972-05-24 16:23:50
176,M,GO,10717.0,Anápolis,Cliente_00176,1955-12-30 21:19:37
177,F,RS,18245.0,Pelotas,Cliente_00177,1967-07-20 07:06:02
178,F,MG,19102.0,Uberlândia,Cliente_00178,1979-10-05 23:27:50
179,F,GO,2105.0,Anápolis,Cliente_00179,1958-09-01 22:16:43
180,F,PE,23843.0,Caruaru,Cliente_00180,1971-03-08 02:23:05
181,F,DF,19554.0,Brasília,Cliente_00181,1967-05-01 11:20:01
182,F,PR,14503.0,Curitiba,Cliente_00182,1997-01-17 21:58:15
183,M,RJ,11989.0,Rio de Janeiro,Cliente_00183,1976-05-03 15:26:24
184,F,RJ,22327.0,Niterói,Cliente_00184,1993-01-29 07:35:43
185,F,DF,19161.0,Brasília,Cliente_00185,1973-07-19 23:12:28
186,F,RS,18282.0,Caxias do Sul,Cliente_00186,2001-06-27 12:51:09
187,M,DF,14987.0,Brasília,Cliente_00187,1990-04-25 02:43:29
188,F,DF,20056.0,Brasília,Cliente_00188,1984-09-24 14:13:46
189,F,MG,20694.0,Uberlândia,Cliente_00189,1990-01-11 14:32:03
190,M,MG,16233.0,Uberlândia,Cliente_00190,2005-08-04 02:48:58
191,F,PE,7774.0,Recife,Cliente_00191,2005-01-20 00:46:48
192,F,PR,,Maringá,Cliente_00192,1970-04-04 23:44:10
193,F,MG,12344.0,Uberlândia,Cliente_00193,1984-08-29 21:01:44
194,F,PE,20823.0,Recife,Cliente_00194,2006-03-12 05:41:49
195,F,SC,14689.0,Joinville,Cliente_00195,1962-01-24 17:33:54
196,M,DF,18828.0,Brasília,Cliente_00196,1958-09-06 03:10:20
197,M,DF,12471.0,Brasília,Cliente_00197,1989-12-28 04:58:53
198,M,RS,7465.0,Pelotas,Cliente_00198,1967-03-26 11:38:52
199,F,SC,14121.0,Florianópolis,Cliente_00199,1999-03-07 13:56:12
200,F,RS,7848.0,Porto Alegre,Cliente_00200,1998-10-30 07:47:21
201,F,GO,24983.0,Rio Verde,Cliente_00201,1993-01-01 21:17:02
202,M,PE,19080.0,Petrolina,Cliente_00202,1981-06-01 22:48:59
203,F,PE,19096.0,Recife,Cliente_00203,1972-01-26 04:15:35
204,F,DF,2323.0,Brasília,Cliente_00204,1967-06-01 06:52:32
205,M,BA,8584.0,Vitória da Conquista,Cliente_00205,1989-10-01 23:41:25
206,F,GO,13955.0,Anápolis,Cliente_00206,1999-11-02 06:57:10
207,M,PE,12107.0,Petrolina,Cliente_00207,1969-02-27 15:30:21
208,M,MG,18419.0,Juiz de Fora,Cliente_00208,2007-12-06 05:11:22
209,M,DF,15736.0,Brasília,Cliente_00209,1989-05-21 05:11:57
210,F,RS,20894.0,Porto Alegre,Cliente_00210,1996-09-06 03:38:15
211,F,SC,17736.0,Blumenau,Cliente_00211,1956-04-30 03:46:19
212,F,RS,12319.0,Porto Alegre,Cliente_00212,1973-05-28 20:32:27
213,F,RJ,13469.0,Niterói,Cliente_00213,1989-02-20 07:36:45
214,F,BA,18833.0,Vitória da Conquista,Cliente_00214,1963-09-01 21:49:52
215,F,PE,13200.0,Petrolina,Cliente_00215,1979-10-23 07:22:43
216,F,PR,2043.0,Curitiba,Cliente_00216,1982-03-25 15:11:44
217,M,SP,5400.0,São Paulo,Cliente_00217,2007-07-11 14:39:13
218,F,BA,13445.0,Vitória da Conquista,Cliente_00218,1972-04-28 02:18:26
219,M,DF,5724.0,Brasília,Cliente_00219,1973-01-15 01:38:43
220,F,PE,15258.0,Recife,Cliente_00220,1996-06-04 00:52:15
221,F,SC,16449.0,Blumenau,Cliente_00221,1959-12-10 16:05:51
222,F,PE,,Caruaru,Cliente_00222,2003-10-17 08:17:31
223,M,SP,20130.0,Santos,Cliente_00223,1961-09-04 10:26:35
224,M,SC,19720.0,Joinville,Cliente_00224,1973-12-22 10:56:37
225,M,RS,9768.0,Caxias do Sul,Cliente_00225,1988-10-29 11:10:23
226,M,SC,24860.0,Florianópolis,Cliente_00226,1957-12-06 21:50:16
227,F,BA,14313.0,Salvador,Cliente_00227,1958-03-18 21:35:15
228,M,RS,18232.0,Porto Alegre,Cliente_00228,2007-09-29 04:10:08
229,F,PE,6101.0,Recife,Cliente_00229,1978-07-22 07:24:20
230,F,DF,14430.0,Brasília,Cliente_00230,1964-11-19 02:24:15
231,M,GO,5833.0,Rio Verde,Cliente_00231,1999-11-05 08:11:32
232,M,DF,6899.0,Brasília,Cliente_00232,1979-10-09 01:14:00
233,M,PE,23580.0,Caruaru,Cliente_00233,1996-05-21 17:39:49
234,M,SP,19339.0,Santos,Cliente_00234,1989-12-01 14:13:08
235,M,GO,20069.0,Anápolis,Cliente_00235,1996-11-22 05:19:37
236,M,PE,8936.0,Caruaru,Cliente_00236,1984-11-16 22:42:17
237,M,PR,21695.0,Londrina,Cliente_00237,1982-12-04 07:48:20
238,M,BA,16447.0,Vitória da Conquista,Cliente_00238,1964-08-08 10:55:03
239,F,PR,15461.0,Curitiba,Cliente_00239,2002-05-06 01:56:48
240,M,RS,9586.0,Pelotas,Cliente_00240,1997-05-29 04:28:20
241,M,RJ,5182.0,Niterói,Cliente_00241,2003-03-01 11:46:14
242,F,PE,19730.0,Petrolina,Cliente_00242,1973-12-14 18:21:49
243,M,MG,3354.0,Uberlândia,Cliente_00243,1960-12-15 00:37:42
244,F,MG,4485.0,Belo Horizonte,Cliente_00244,1975-11-02 00:12:44
245,F,SC,12317.0,Florianópolis,Cliente_00245,1956-03-29 21:08:09
246,M,DF,20778.0,Brasília,Cliente_00246,1975-03-18 20:43:03
247,F,DF,8996.0,Brasília,Cliente_00247,1992-06-06 15:52:45
248,F,DF,2058.0,Brasília,Cliente_00248,1962-09-19 19:52:26
249,F,PR,20780.0,Maringá,Cliente_00249,2003-08-31 14:38:00
250,F,BA,2754.0,Salvador,Cliente_00250,1960-04-04 23:36:39
251,M,PE,17167.0,Caruaru,Cliente_00251,1995-01-03 08:50:07
252,F,SP,19565.0,Campinas,Cliente_00252,2004-12-27 04:56:39
253,M,SC,17578.0,Florianópolis,Cliente_00253,1974-12-29 19:56:46
254,F,RS,23155.0,Porto Alegre,Cliente_00254,1986-05-29 09:49:45
255,F,GO,11506.0,Goiânia,Cliente_00255,1987-09-30 01:35:58
256,F,RS,7783.0,Pelotas,Cliente_00256,1970-12-06 19:06:07
257,F,PE,10354.0,Petrolina,Cliente_00257,1962-06-27 09:42:11
258,M,RJ,13808.0,Niterói,Cliente_00258,2007-09-12 15:44:03
259,M,DF,4825.0,Brasília,Cliente_00259,1998-05-02 10:38:40
260,F,GO,19125.0,Rio Verde,Cliente_00260,1971-11-23 22:35:17
261,F,PR,4643.0,Maringá,Cliente_00261,1963-06-19 13:00:49
262,M,PE,4537.0,Caruaru,Cliente_00262,1968-08-28 13:27:09
263,F,RJ,13917.0,Niterói,Cliente_00263,1990-04-09 07:50:24
264,F,PR,19665.0,Curitiba,Cliente_00264,2006-08-29 10:18:02
265,F,RJ,6175.0,Rio de Janeiro,Cliente_00265,1987-08-09 09:53:32
266,M,DF,19361.0,Brasília,Cliente_00266,1959-02-20 08:04:43
267,M,PR,8648.0,Maringá,Cliente_00267,1996-11-01 04:38:54
268,M,BA,9051.0,Feira de Santana,Cliente_00268,1981-07-08 09:43:46
269,F,MG,17990.0,Juiz de Fora,Cliente_00269,2003-06-02 17:39:59
270,F,RS,4168.0,Pelotas,Cliente_00270,1964-03-30 02:05:37
271,M,BA,22819.0,Feira de Santana,Cliente_00271,2007-02-01 10:23:24
272,M,GO,19048.0,Anápolis,Cliente_00272,1967-03-09 04:09:46
273,M,SC,16412.0,Joinville,Cliente_00273,1957-11-24 19:41:28
274,M,MG,19041.0,Uberlândia,Cliente_00274,2003-02-01 16:01:35
275,F,BA,3746.0,Vitória da Conquista,Cliente_00275,1958-10-19 09:41:40
276,M,PE,8153.0,Petrolina,Cliente_00276,1959-10-01 04:56:05
277,F,RJ,12633.0,Campos,Cliente_00277,1985-04-14 08:03:33
278,M,GO,9149.0,Anápolis,Cliente_00278,2000-12-25 08:34:55
279,F,PE,18395.0,Recife,Cliente_00279,1969-07-09 09:49:14
280,M,MG,9941.0,Juiz de Fora,Cliente_00280,1968-07-13 12:32:59
281,M,RJ,2388.0,Rio de Janeiro,Cliente_00281,1962-06-06 16:43:51
282,M,GO,10715.0,Goiânia,Cliente_00282,1996-06-26 22:49:17
283,M,SC,10291.0,Florianópolis,Cliente_00283,1987-11-01 06:43:42
284,F,MG,20906.0,Uberlândia,Cliente_00284,1997-03-04 06:08:00
285,M,GO,20414.0,Anápolis,Cliente_00285,1972-12-07 16:45:26
286,F,BA,12575.0,Vitória da Conquista,Cliente_00286,1971-05-28 04:09:05
287,F,GO,24199.0,Rio Verde,Cliente_00287,1956-07-14 04:13:34
288,F,MG,16704.0,Uberlândia,Cliente_00288,1996-01-14 15:51:22
289,F,DF,19948.0,Brasília,Cliente_00289,1962-07-25 15:47:35
290,M,BA,11450.0,Feira de Santana,Cliente_00290,1993-02-10 04:06:51
291,F,PE,6913.0,Recife,Cliente_00291,1977-11-06 19:05:21
292,F,MG,8037.0,Uberlândia,Cliente_00292,1958-06-17 05:46:43
293,F,DF,5069.0,Brasília,Cliente_00293,1974-11-02 01:53:26
294,M,SP,2742.0,Campinas,Cliente_00294,1993-08-27 05:48:44
295,M,SC,5829.0,Joinville,Cliente_00295,1979-01-31 15:02:50
296,M,DF,11987.0,Brasília,Cliente_00296,2000-02-18 08:53:35
297,M,SP,19809.0,Campinas,Cliente_00297,1956-05-01 08:00:44
298,F,RS,4895.0,Porto Alegre,Cliente_00298,1971-08-11 01:38:34
299,F,RJ,18324.0,Campos,Cliente_00299,1966-05-31 13:38:15
300,M,DF,23115.0,Brasília,Cliente_00300,1986-04-11 05:51:13
301,F,PR,20627.0,Curitiba,Cliente_00301,1970-11-10 12:22:58
302,F,SC,9539.0,Joinville,Cliente_00302,1999-06-16 01:22:13
303,F,DF,9698.0,Brasília,Cliente_00303,1970-08-15 23:04:10
304,M,SP,3086.0,Campinas,Cliente_00304,2003-01-05 13:12:54
305,M,PR,18709.0,Maringá,Cliente_00305,1979-04-02 11:42:47
306,F,SC,5324.0,Blumenau,Cliente_00306,2003-03-19 23:27:58
307,M,PR,19152.0,Maringá,Cliente_00307,1997-11-06 15:08:34
308,M,BA,4936.0,Salvador,Cliente_00308,1961-01-09 04:15:34
309,M,SP,9589.0,Santos,Cliente_00309,1964-04-28 02:46:47
310,M,GO,17557.0,Anápolis,Cliente_00310,1973-02-17 21:13:45
311,M,BA,2810.0,Feira de Santana,Cliente_00311,1970-05-09 11:02:38
312,F,SC,11319.0,Joinville,Cliente_00312,1955-09-24 09:53:41
313,M,SC,16965.0,Florianópolis,Cliente_00313,1980-12-05 04:10:59
314,F,MG,14957.0,Juiz de Fora,Cliente_00314,1993-03-09 22:34:04
315,F,SP,1977.0,Santos,Cliente_00315,1989-12-20 12:08:37
316,M,RS,10406.0,Pelotas,Cliente_00316,1969-04-16 20:42:23
317,F,RS,11368.0,Pelotas,Cliente_00317,1973-07-23 01:55:20
318,F,SC,20046.0,Joinville,Cliente_00318,1983-10-23 16:59:30
319,F,RS,2008.0,Porto Alegre,Cliente_00319,1999-06-14 22:03:29
320,M,RJ,8819.0,Campos,Cliente_00320,2001-10-08 16:56:36
321,M,MG,1881.0,Uberlândia,Cliente_00321,1963-06-25 21:12:06
322,F,SC,16787.0,Joinville,Cliente_00322,1987-09-26 03:43:15
323,M,RS,3345.0,Porto Alegre,Cliente_00323,2007-01-18 20:18:18
324,M,SP,14062.0,Santos,Cliente_00324,1965-03-01 00:16:54
325,M,DF,11410.0,Brasília,Cliente_00325,1959-09-01 09:27:13
326,M,GO,6129.0,Goiânia,Cliente_00326,1962-10-30 19:57:47
327,F,BA,7204.0,Vitória da Conquista,Cliente_00327,1985-11-24 18:59:38
328,F,BA,3276.0,Salvador,Cliente_00328,1971-12-26 17:48:12
329,M,RJ,17013.0,Campos,Cliente_00329,1977-01-10 20:08:17
330,M,PR,20168.0,Maringá,Cliente_00330,1983-10-03 20:34:10
331,F,SP,16728.0,São Paulo,Cliente_00331,1974-08-01 00:18:12
332,F,PR,2744.0,Maringá,Cliente_00332,1994-01-19 02:47:18
333,M,MG,2833.0,Belo Horizonte,Cliente_00333,1997-08-28 11:15:24
334,F,GO,5169.0,Goiânia,Cliente_00334,1975-02-16 03:54:55
335,M,MG,19084.0,Juiz de Fora,Cliente_00335,2003-10-18 05:37:15
336,M,SC,19678.0,Blumenau,Cliente_00336,1992-08-20 06:27:50
337,F,SP,17079.0,São Paulo,Cliente_00337,1962-10-22 22:56:26
338,F,SC,24065.0,Joinville,Cliente_00338,1972-07-09 09:25:09
339,M,PE,19338.0,Recife,Cliente_00339,1988-09-24 16:42:35
340,M,RS,3433.0,Caxias do Sul,Cliente_00340,1977-12-30 12:10:08
341,F,BA,2246.0,Feira de Santana,Cliente_00341,1965-07-30 13:31:58
342,M,DF,10532.0,Brasília,Cliente_00342,1965-01-27 13:17:08
343,F,SC,8327.0,Florianópolis,Cliente_00343,1987-02-25 03:09:04
344,M,PR,17697.0,Curitiba,Cliente_00344,1966-03-26 21:03:50
345,F,PE,2292.0,Recife,Cliente_00345,1962-11-08 07:20:19
346,F,BA,8427.0,Feira de Santana,Cliente_00346,1971-02-22 05:34:40
347,F,SC,19151.0,Florianópolis,Cliente_00347,1991-10-02 14:43:03
348,M,PE,11242.0,Recife,Cliente_00348,1995-04-01 04:50:22
349,M,PE,7869.0,Petrolina,Cliente_00349,1968-05-22 23:12:19
350,F,SP,16300.0,Santos,Cliente_00350,2001-03-28 14:31:46
351,M,MG,20574.0,Juiz de Fora,Cliente_00351,1957-12-19 14:37:52
352,F,PE,9374.0,Recife,Cliente_00352,2007-09-08 09:28:35
353,F,RJ,18176.0,Rio de Janeiro,Cliente_00353,2000-05-01 06:51:46
354,M,MG,8364.0,Belo Horizonte,Cliente_00354,1998-01-12 22:37:59
355,M,BA,5522.0,Feira de Santana,Cliente_00355,1962-10-27 07:55:20
356,F,BA,19532.0,Feira de Santana,Cliente_00356,1985-04-19 03:32:59
357,M,BA,12508.0,Vitória da Conquista,Cliente_00357,1998-11-09 18:05:56
358,M,BA,13602.0,Feira de Santana,Cliente_00358,1971-03-21 11:44:08
359,F,RJ,16842.0,Niterói,Cliente_00359,1963-06-26 14:45:20
360,F,SC,12610.0,Joinville,Cliente_00360,1955-02-25 13:58:14
361,M,GO,6671.0,Rio Verde,Cliente_00361,1977-11-03 04:07:06
362,F,PE,11089.0,Petrolina,Cliente_00362,1974-11-24 03:40:13
363,F,BA,19577.0,Feira de Santana,Cliente_00363,1968-07-24 20:21:41
364,M,MG,8210.0,Belo Horizonte,Cliente_00364,1957-01-09 22:11:31
365,F,MG,18921.0,Juiz de Fora,Cliente_00365,1984-02-09 16:29:16
366,F,PE,21736.0,Caruaru,Cliente_00366,1984-07-21 04:07:54
367,M,SC,6959.0,Florianópolis,Cliente_00367,1962-09-22 02:47:52
368,M,DF,16437.0,Brasília,Cliente_00368,1986-08-27 11:37:17
369,F,DF,11254.0,Brasília,Cliente_00369,1967-04-20 01:11:54
370,F,GO,8548.0,Goiânia,Cliente_00370,1987-06-21 09:43:26
371,M,SC,24068.0,Blumenau,Cliente_00371,1981-02-05 11:13:14
372,M,PE,10983.0,Recife,Cliente_00372,1990-04-07 23:42:08
373,M,DF,19045.0,Brasília,Cliente_00373,1986-09-05 20:16:30
374,M,DF,18913.0,Brasília,Cliente_00374,2005-09-23 12:47:13
375,F,DF,13949.0,Brasília,Cliente_00375,1985-11-19 06:30:42
376,M,PR,16854.0,Maringá,Cliente_00376,1993-04-16 06:36:33
377,M,RJ,2478.0,Niterói,Cliente_00377,1967-12-17 07:35:56
378,F,PE,10209.0,Petrolina,Cliente_00378,1987-04-15 06:53:02
379,M,RS,17260.0,Porto Alegre,Cliente_00379,1989-06-28 23:20:29
380,F,SP,12523.0,Santos,Cliente_00380,1991-10-08 12:13:58
381,M,SP,23013.0,Santos,Cliente_00381,1969-02-26 06:57:40
382,M,SC,18021.0,Joinville,Cliente_00382,1967-10-27 18:15:00
383,M,PE,12645.0,Recife,Cliente_00383,1998-11-18 16:37:26
384,F,PE,22692.0,Petrolina,Cliente_00384,1967-08-08 11:49:41
385,F,SP,15991.0,Campinas,Cliente_00385,1960-03-13 20:40:43
386,M,GO,20339.0,Anápolis,Cliente_00386,1978-02-10 20:53:37
387,F,SP,8892.0,Campinas,Cliente_00387,1984-12-12 05:51:26
388,F,PE,12947.0,Caruaru,Cliente_00388,1975-04-15 19:48:32
389,F,DF,21150.0,Brasília,Cliente_00389,1977-09-13 18:13:42
390,F,GO,22533.0,Anápolis,Cliente_00390,1971-03-14 11:37:46
391,F,BA,10087.0,Vitória da Conquista,Cliente_00391,1978-07-20 20:29:02
392,F,RS,11629.0,Pelotas,Cliente_00392,1991-01-14 12:07:57
393,M,PR,15407.0,Curitiba,Cliente_00393,1981-03-19 01:59:15
394,M,RJ,23137.0,Campos,Cliente_00394,1990-09-11 08:44:40
395,F,BA,6928.0,Salvador,Cliente_00395,1963-04-22 16:53:31
396,M,MG,23869.0,Belo Horizonte,Cliente_00396,1992-03-22 17:03:18
397,M,SP,4089.0,São Paulo,Cliente_00397,1985-11-20 10:35:18
398,M,RS,4534.0,Pelotas,Cliente_00398,1958-02-01 17:54:47
399,M,SP,1669.0,Campinas,Cliente_00399,2006-07-24 23:26:27
400,F,SP,4739.0,São Paulo,Cliente_00400,1961-01-09 18:25:38
401,M,BA,4915.0,Feira de Santana,Cliente_00401,1964-02-29 03:30:10
402,M,DF,21452.0,Brasília,Cliente_00402,2003-08-31 14:19:21
403,F,DF,12908.0,Brasília,Cliente_00403,1980-11-22 15:29:31
404,F,PR,4984.0,Curitiba,Cliente_00404,1965-11-26 16:46:06
405,M,GO,22719.0,Rio Verde,Cliente_00405,1999-10-14 17:24:34
406,M,SP,19725.0,São Paulo,Cliente_00406,1960-07-16 07:54:15
407,M,SC,16423.0,Blumenau,Cliente_00407,1991-02-01 02:26:25
408,M,DF,24762.0,Brasília,Cliente_00408,1975-08-02 04:42:06
409,M,PE,22436.0,Caruaru,Cliente_00409,1994-08-09 04:00:38
410,M,RS,8344.0,Pelotas,Cliente_00410,1966-03-08 01:53:08
411,F,SC,20910.0,Joinville,Cliente_00411,1995-03-05 20:58:26
412,M,BA,24073.0,Vitória da Conquista,Cliente_00412,2002-09-06 13:34:48
413,M,BA,5465.0,Salvador,Cliente_00413,1957-03-26 14:01:52
414,F,PR,8684.0,Curitiba,Cliente_00414,1966-09-23 23:20:50
415,F,PR,23363.0,Maringá,Cliente_00415,1980-04-21 20:22:13
416,F,GO,6880.0,Anápolis,Cliente_00416,1980-10-16 04:39:51
417,F,PE,19030.0,Caruaru,Cliente_00417,1965-11-11 19:51:02
418,M,RS,22210.0,Caxias do Sul,Cliente_00418,1981-05-10 08:52:07
419,M,PE,16785.0,Petrolina,Cliente_00419,2002-08-04 19:49:09
420,M,MG,1611.0,Juiz de Fora,Cliente_00420,1993-05-17 16:24:21
421,M,PR,17643.0,Maringá,Cliente_00421,1980-03-08 09:55:30
422,M,GO,18476.0,Rio Verde,Cliente_00422,1983-06-10 00:10:05
423,M,RJ,8913.0,Niterói,Cliente_00423,1999-08-04 14:22:17
424,F,SP,16226.0,Campinas,Cliente_00424,1981-02-19 20:18:06
425,M,SP,19122.0,Santos,Cliente_00425,1996-12-31 22:24:51
426,F,RJ,7483.0,Campos,Cliente_00426,1963-07-25 14:48:42
427,F,DF,20678.0,Brasília,Cliente_00427,1964-09-13 05:15:33
428,M,PE,11821.0,Caruaru,Cliente_00428,1988-01-23 01:32:44
429,F,RJ,12561.0,Niterói,Cliente_00429,1973-02-08 14:22:58
430,M,GO,5098.0,Goiânia,Cliente_00430,1968-08-11 20:20:37
431,F,RS,21687.0,Pelotas,Cliente_00431,1987-08-12 02:55:06
432,M,RJ,3026.0,Rio de Janeiro,Cliente_00432,1962-09-23 14:03:18
433,F,GO,9409.0,Anápolis,Cliente_00433,1998-03-01 05:03:56
434,M,PR,3469.0,Londrina,Cliente_00434,1986-07-01 01:07:58
435,M,SC,10643.0,Blumenau,Cliente_00435,1992-02-09 18:23:44
436,M,BA,19386.0,Salvador,Cliente_00436,1964-10-12 18:56:28
437,M,BA,22351.0,Feira de Santana,Cliente_00437,1983-02-07 08:08:27
438,M,MG,13028.0,Belo Horizonte,Cliente_00438,1987-12-24 01:07:08
439,F,PE,,Recife,Cliente_00439,2005-07-10 07:28:11
440,F,RS,9801.0,Porto Alegre,Cliente_00440,2001-02-10 17:06:20
441,F,SC,3854.0,Florianópolis,Cliente_00441,1988-10-06 00:13:45
442,M,SC,6819.0,Florianópolis,Cliente_00442,1982-09-06 19:06:39
443,F,PR,1725.0,Maringá,Cliente_00443,1974-06-15 15:30:38
444,M,RJ,16020.0,Campos,Cliente_00444,1984-05-03 12:35:22
445,M,PE,4511.0,Recife,Cliente_00445,1995-01-09 21:32:40
446,F,SP,5626.0,Santos,Cliente_00446,1985-01-31 03:22:33
447,F,SC,2113.0,Joinville,Cliente_00447,2006-08-22 00:30:34
448,M,GO,15582.0,Goiânia,Cliente_00448,1986-08-01 20:52:08
449,F,SP,17982.0,Santos,Cliente_00449,1975-04-01 07:49:21
450,M,MG,6958.0,Juiz de Fora,Cliente_00450,1995-01-09 08:33:26
451,M,RJ,10502.0,Niterói,Cliente_00451,2003-04-02 21:35:56
452,M,RJ,23800.0,Niterói,Cliente_00452,1975-03-07 01:45:07
453,M,RS,21221.0,Caxias do Sul,Cliente_00453,1971-02-20 12:57:49
454,M,SC,4199.0,Joinville,Cliente_00454,1969-11-23 18:38:40
455,F,PR,23801.0,Curitiba,Cliente_00455,1975-08-03 09:49:45
456,F,DF,9017.0,Brasília,Cliente_00456,1988-11-12 11:37:00
457,M,DF,2519.0,Brasília,Cliente_00457,1962-08-24 17:46:45
458,M,BA,20909.0,Vitória da Conquista,Cliente_00458,1987-08-10 23:09:31
459,F,GO,17403.0,Rio Verde,Cliente_00459,1997-05-09 19:59:42
460,F,SP,21412.0,Campinas,Cliente_00460,1956-10-17 20:31:18
461,M,MG,21770.0,Juiz de Fora,Cliente_00461,1989-02-21 11:17:29
462,F,BA,24115.0,Vitória da Conquista,Cliente_00462,1999-11-01 16:16:33
463,M,RJ,23066.0,Campos,Cliente_00463,1985-12-20 03:28:43
464,F,SP,15198.0,Campinas,Cliente_00464,1973-03-22 18:39:07
465,M,PE,17650.0,Petrolina,Cliente_00465,1975-06-07 12:36:47
466,F,SC,7078.0,Blumenau,Cliente_00466,2002-07-01 21:05:10
467,M,MG,8229.0,Juiz de Fora,Cliente_00467,1970-01-09 09:02:23
468,F,PE,8461.0,Recife,Cliente_00468,1963-11-20 10:17:04
469,F,PR,12671.0,Curitiba,Cliente_00469,1998-11-10 17:54:25
470,M,SC,15447.0,Blumenau,Cliente_00470,1965-06-17 18:28:50
471,F,SP,23897.0,Santos,Cliente_00471,1979-07-25 13:05:23
472,M,SC,18680.0,Blumenau,Cliente_00472,1969-06-18 17:18:22
473,F,BA,3457.0,Vitória da Conquista,Cliente_00473,1981-08-04 07:39:48
474,M,RS,20950.0,Pelotas,Cliente_00474,1994-02-13 00:15:47
475,F,BA,14800.0,Vitória da Conquista,Cliente_00475,1982-08-02 20:00:46
476,M,PR,20564.0,Curitiba,Cliente_00476,1992-06-09 15:37:54
477,F,GO,5941.0,Anápolis,Cliente_00477,1998-12-29 00:40:32
478,M,PE,14511.0,Petrolina,Cliente_00478,1999-07-22 04:04:14
479,F,BA,20832.0,Vitória da Conquista,Cliente_00479,1956-11-04 07:00:22
480,M,RS,21615.0,Pelotas,Cliente_00480,2007-04-28 02:01:31
481,M,GO,2601.0,Anápolis,Cliente_00481,1995-06-09 04:06:17
482,M,BA,23368.0,Vitória da Conquista,Cliente_00482,1965-03-20 19:32:37
483,F,RJ,10729.0,Campos,Cliente_00483,1999-08-19 22:03:29
484,M,RS,22115.0,Caxias do Sul,Cliente_00484,1987-07-21 13:16:17
485,F,PE,15115.0,Petrolina,Cliente_00485,2003-08-18 22:48:18
486,M,MG,16232.0,Uberlândia,Cliente_00486,1979-01-25 11:11:51
487,F,DF,13866.0,Brasília,Cliente_00487,2000-09-23 22:57:59
488,M,GO,11470.0,Anápolis,Cliente_00488,1996-07-11 14:22:01
489,F,RJ,14492.0,Campos,Cliente_00489,2002-01-27 09:52:41
490,F,MG,2481.0,Belo Horizonte,Cliente_00490,1982-07-24 07:24:09
491,M,SP,23054.0,São Paulo,Cliente_00491,1973-11-03 14:24:31
492,F,RS,17630.0,Pelotas,Cliente_00492,1992-01-01 09:20:59
493,F,RJ,20315.0,Niterói,Cliente_00493,1991-09-23 13:29:13
494,M,SC,10066.0,Joinville,Cliente_00494,1978-05-21 23:20:29
495,F,SP,7849.0,Campinas,Cliente_00495,1977-03-13 20:18:19
496,F,SP,21781.0,Santos,Cliente_00496,1965-05-02 22:43:51
497,F,GO,12228.0,Goiânia,Cliente_00497,1985-01-13 06:33:58
498,M,RS,9048.0,Caxias do Sul,Cliente_00498,1979-01-23 17:47:57
499,F,RJ,19875.0,Niterói,Cliente_00499,1995-05-30 20:10:09
500,M,PR,20812.0,Maringá,Cliente_00500,1976-12-27 05:17:04
501,F,RJ,23314.0,Rio de Janeiro,Cliente_00501,1968-02-25 01:54:13
502,F,BA,4946.0,Salvador,Cliente_00502,1970-12-18 12:16:26
503,F,SP,24659.0,Santos,Cliente_00503,2001-11-14 08:16:32
504,M,PE,23045.0,Recife,Cliente_00504,1979-02-08 11:34:58
505,F,SP,14320.0,Santos,Cliente_00505,1999-03-28 16:51:58
506,F,SP,20453.0,Campinas,Cliente_00506,1975-02-27 14:36:00
507,M,DF,4372.0,Brasília,Cliente_00507,1964-11-14 07:56:09
508,F,SC,10868.0,Blumenau,Cliente_00508,1963-01-07 01:26:16
509,M,PR,2835.0,Londrina,Cliente_00509,1991-02-06 00:12:54
510,M,MG,6913.0,Juiz de Fora,Cliente_00510,1998-04-06 13:19:41
511,F,MG,17996.0,Uberlândia,Cliente_00511,1964-08-10 01:35:19
512,M,SC,21656.0,Joinville,Cliente_00512,1963-12-28 13:40:40
513,F,SP,14923.0,Santos,Cliente_00513,1989-09-06 12:58:10
514,M,MG,6794.0,Uberlândia,Cliente_00514,2002-05-07 10:16:57
515,M,RS,11537.0,Porto Alegre,Cliente_00515,1968-06-20 16:56:26
516,F,PR,3487.0,Maringá,Cliente_00516,2006-06-19 09:01:41
517,M,MG,6329.0,Belo Horizonte,Cliente_00517,1959-12-26 05:51:47
518,M,SC,19869.0,Joinville,Cliente_00518,2003-06-19 07:08:37
519,M,BA,12934.0,Feira de Santana,Cliente_00519,1960-02-08 01:38:54
520,M,MG,22975.0,Uberlândia,Cliente_00520,1956-06-28 04:43:17
521,M,PR,16048.0,Maringá,Cliente_00521,1974-06-29 03:46:03
522,F,GO,18136.0,Anápolis,Cliente_00522,2007-07-01 14:28:50
523,M,GO,10928.0,Goiânia,Cliente_00523,1957-05-12 08:00:29
524,F,RS,18507.0,Porto Alegre,Cliente_00524,1965-03-20 08:49:53
525,M,RJ,4656.0,Campos,Cliente_00525,1984-12-28 15:08:08
526,F,RJ,12828.0,Rio de Janeiro,Cliente_00526,2002-10-18 22:43:35
527,F,MG,4889.0,Juiz de Fora,Cliente_00527,1990-12-27 15:51:57
528,M,PE,21301.0,Petrolina,Cliente_00528,1993-02-17 12:40:51
529,M,BA,10958.0,Feira de Santana,Cliente_00529,1969-12-24 12:38:26
530,M,SC,4445.0,Florianópolis,Cliente_00530,1998-12-01 16:21:51
531,F,BA,10852.0,Salvador,Cliente_00531,1960-03-07 09:10:18
532,M,GO,11986.0,Goiânia,Cliente_00532,1991-11-28 12:22:10
533,F,MG,10132.0,Uberlândia,Cliente_00533,1972-06-11 14:44:01
534,F,PR,3592.0,Maringá,Cliente_00534,1970-03-15 22:35:26
535,F,SC,20589.0,Florianópolis,Cliente_00535,1998-05-22 10:30:39
536,M,BA,5259.0,Salvador,Cliente_00536,1998-03-16 07:49:54
537,M,PR,6612.0,Curitiba,Cliente_00537,1981-07-05 19:10:52
538,F,SC,18437.0,Florianópolis,Cliente_00538,1981-08-02 20:26:00
539,F,BA,6404.0,Feira de Santana,Cliente_00539,1955-10-28 09:13:22
540,M,RS,14758.0,Pelotas,Cliente_00540,1960-11-21 14:01:34
541,F,GO,2612.0,Goiânia,Cliente_00541,1989-05-30 14:05:21
542,M,SP,4277.0,São Paulo,Cliente_00542,1960-09-15 05:28:56
543,F,SC,24981.0,Blumenau,Cliente_00543,1964-03-17 06:49:20
544,M,GO,17087.0,Anápolis,Cliente_00544,1978-08-12 17:23:55
545,F,DF,11525.0,Brasília,Cliente_00545,1972-05-02 15:42:10
546,M,PE,2814.0,Caruaru,Cliente_00546,1970-04-07 09:10:21
547,F,MG,21377.0,Uberlândia,Cliente_00547,1976-02-18 01:53:53
548,M,DF,15062.0,Brasília,Cliente_00548,2005-09-08 02:18:52
549,M,PR,12804.0,Londrina,Cliente_00549,1985-07-15 14:43:57
550,F,SC,8515.0,Florianópolis,Cliente_00550,2003-05-07 17:30:51
551,F,MG,13617.0,Juiz de Fora,Cliente_00551,1972-10-01 01:39:00
552,M,MG,7210.0,Juiz de Fora,Cliente_00552,1985-06-29 16:56:30
553,F,DF,14088.0,Brasília,Cliente_00553,1981-08-30 08:03:51
554,M,DF,19106.0,Brasília,Cliente_00554,1963-05-17 15:02:25
555,F,SP,22467.0,Santos,Cliente_00555,2005-05-21 06:17:31
556,M,BA,23404.0,Feira de Santana,Cliente_00556,1991-07-09 00:37:14
557,M,SC,16936.0,Joinville,Cliente_00557,1978-11-23 13:59:32
558,M,GO,23315.0,Rio Verde,Cliente_00558,2005-01-01 00:28:17
559,M,RJ,16696.0,Rio de Janeiro,Cliente_00559,2006-04-09 13:55:21
560,M,SC,19589.0,Joinville,Cliente_00560,2001-05-22 02:42:34
561,M,SC,18401.0,Florianópolis,Cliente_00561,1966-01-10 00:07:18
562,F,SC,19104.0,Blumenau,Cliente_00562,1976-10-30 08:18:49
563,F,MG,4006.0,Uberlândia,Cliente_00563,1957-01-25 05:43:31
564,F,PR,22209.0,Curitiba,Cliente_00564,1961-09-04 04:10:43
565,M,MG,13572.0,Uberlândia,Cliente_00565,1958-04-30 22:37:59
566,M,PR,17636.0,Maringá,Cliente_00566,1992-11-23 13:12:37
567,M,DF,15843.0,Brasília,Cliente_00567,1999-10-29 12:26:00
568,M,RJ,6979.0,Campos,Cliente_00568,1992-01-05 06:00:58
569,F,MG,11934.0,Juiz de Fora,Cliente_00569,1982-10-09 17:36:46
570,F,PR,4590.0,Curitiba,Cliente_00570,1960-04-04 09:20:49
571,M,MG,7997.0,Uberlândia,Cliente_00571,1975-12-17 12:35:01
572,F,PE,23052.0,Caruaru,Cliente_00572,1994-08-08 12:37:59
573,F,MG,16191.0,Uberlândia,Cliente_00573,1997-04-20 10:39:15
574,M,RJ,8493.0,Campos,Cliente_00574,1974-11-04 09:15:06
575,F,RJ,2473.0,Rio de Janeiro,Cliente_00575,1964-05-23 05:58:30
576,M,PR,23161.0,Maringá,Cliente_00576,1987-06-17 01:40:10
577,F,PR,9757.0,Maringá,Cliente_00577,1967-11-15 07:45:26
578,M,DF,7592.0,Brasília,Cliente_00578,1977-07-18 09:13:55
579,M,RJ,4406.0,Rio de Janeiro,Cliente_00579,2001-07-30 03:53:35
580,M,RJ,2070.0,Campos,Cliente_00580,1974-11-16 21:15:28
581,M,SP,13584.0,Santos,Cliente_00581,1971-01-27 08:57:22
582,F,SC,1807.0,Joinville,Cliente_00582,1963-07-03 02:21:48
583,M,RS,5242.0,Porto Alegre,Cliente_00583,1985-03-10 05:23:16
584,M,MG,10474.0,Belo Horizonte,Cliente_00584,2002-11-24 06:30:50
585,M,BA,2265.0,Feira de Santana,Cliente_00585,1989-07-05 11:10:28
586,F,DF,10464.0,Brasília,Cliente_00586,1976-08-01 02:27:45
587,M,SC,9235.0,Florianópolis,Cliente_00587,1979-06-04 10:35:43
588,F,RS,17702.0,Caxias do Sul,Cliente_00588,1999-02-28 14:57:33
589,M,SP,15931.0,Santos,Cliente_00589,1977-07-05 04:41:29
590,F,BA,12877.0,Salvador,Cliente_00590,1990-03-16 19:46:17
591,F,PR,14774.0,Curitiba,Cliente_00591,1993-03-08 01:38:36
592,M,RJ,15797.0,Campos,Cliente_00592,1963-07-21 19:54:50
593,F,PE,9536.0,Petrolina,Cliente_00593,1991-06-01 07:14:09
594,M,DF,9096.0,Brasília,Cliente_00594,2000-03-20 16:24:23
595,M,GO,18423.0,Goiânia,Cliente_00595,1986-11-03 05:53:24
596,M,RJ,3549.0,Rio de Janeiro,Cliente_00596,1965-09-12 01:14:39
597,F,PE,21167.0,Recife,Cliente_00597,1967-02-21 15:12:56
598,F,RS,6175.0,Caxias do Sul,Cliente_00598,1987-09-02 03:13:34
599,M,PR,3163.0,Curitiba,Cliente_00599,2001-01-21 21:29:29
600,M,BA,7976.0,Salvador,Cliente_00600,1995-06-22 14:38:32
601,F,RS,13528.0,Pelotas,Cliente_00601,1977-06-06 08:37:07
602,M,RJ,21323.0,Campos,Cliente_00602,1992-04-26 11:45:00
603,M,RJ,16577.0,Niterói,Cliente_00603,1968-12-20 21:45:52
604,M,BA,8643.0,Vitória da Conquista,Cliente_00604,1995-04-30 18:09:30
605,F,GO,21131.0,Goiânia,Cliente_00605,1955-02-28 20:12:13
606,F,PE,21384.0,Recife,Cliente_00606,1979-09-17 02:26:48
607,F,RS,3410.0,Caxias do Sul,Cliente_00607,1983-02-06 04:35:04
608,M,PR,2232.0,Maringá,Cliente_00608,1982-09-30 14:35:51
609,M,RJ,21397.0,Campos,Cliente_00609,1963-07-05 11:01:24
610,M,RS,6109.0,Pelotas,Cliente_00610,1988-02-28 15:00:41
611,F,GO,12634.0,Anápolis,Cliente_00611,1968-09-09 18:32:37
612,M,RS,5956.0,Pelotas,Cliente_00612,1997-01-19 10:22:07
613,M,BA,16012.0,Vitória da Conquista,Cliente_00613,1965-02-18 03:50:24
614,M,PR,4835.0,Maringá,Cliente_00614,1966-02-21 12:02:28
615,M,SP,17045.0,São Paulo,Cliente_00615,1996-12-14 19:15:18
616,F,BA,14314.0,Feira de Santana,Cliente_00616,1978-03-04 22:27:54
617,F,RS,8556.0,Porto Alegre,Cliente_00617,1985-07-27 23:20:31
618,M,SP,4253.0,Campinas,Cliente_00618,1957-08-18 18:10:58
619,F,RJ,2872.0,Campos,Cliente_00619,2003-12-30 15:47:49
620,F,SP,15734.0,São Paulo,Cliente_00620,1985-11-06 17:44:22
621,M,GO,11136.0,Rio Verde,Cliente_00621,1958-02-28 14:33:00
622,M,MG,4876.0,Juiz de Fora,Cliente_00622,1983-07-15 04:01:49
623,F,GO,9981.0,Anápolis,Cliente_00623,1989-03-15 22:22:43
624,M,BA,11757.0,Vitória da Conquista,Cliente_00624,1995-12-16 08:06:16
625,F,MG,17947.0,Belo Horizonte,Cliente_00625,1971-07-11 00:00:45
626,M,BA,21829.0,Feira de Santana,Cliente_00626,1959-10-23 19:30:11
627,F,DF,18213.0,Brasília,Cliente_00627,1983-12-11 14:05:46
628,M,PR,6358.0,Londrina,Cliente_00628,1992-07-08 23:28:09
629,F,SC,19847.0,Florianópolis,Cliente_00629,1994-06-17 08:20:49
630,F,RJ,20972.0,Campos,Cliente_00630,1957-03-26 17:42:27
631,F,RJ,18024.0,Campos,Cliente_00631,1991-10-12 03:57:39
632,M,DF,15119.0,Brasília,Cliente_00632,1977-10-05 11:55:53
633,F,RS,6039.0,Pelotas,Cliente_00633,1977-04-12 20:38:56
634,F,PE,20357.0,Petrolina,Cliente_00634,1981-04-26 06:27:57
635,M,BA,7094.0,Vitória da Conquista,Cliente_00635,1971-02-06 16:04:33
636,M,SC,5403.0,Joinville,Cliente_00636,1988-07-04 01:05:15
637,F,SC,6864.0,Joinville,Cliente_00637,1968-11-10 20:57:22
638,F,GO,1949.0,Goiânia,Cliente_00638,1955-12-21 02:57:26
639,M,GO,22330.0,Rio Verde,Cliente_00639,1994-09-20 07:43:55
640,M,PE,22578.0,Petrolina,Cliente_00640,2001-10-26 20:20:52
641,M,RS,6306.0,Pelotas,Cliente_00641,2002-05-16 22:22:59
642,M,DF,2369.0,Brasília,Cliente_00642,1980-12-10 18:46:21
643,M,SP,7579.0,São Paulo,Cliente_00643,1967-01-20 01:08:44
644,F,GO,8807.0,Rio Verde,Cliente_00644,1967-09-08 10:18:19
645,M,RS,5159.0,Caxias do Sul,Cliente_00645,1997-02-09 09:53:33
646,F,PR,5102.0,Maringá,Cliente_00646,1987-09-07 22:59:59
647,F,RJ,10084.0,Rio de Janeiro,Cliente_00647,1978-08-14 06:51:34
648,F,RJ,20332.0,Niterói,Cliente_00648,2001-12-07 11:56:11
649,M,RS,15885.0,Caxias do Sul,Cliente_00649,1989-01-21 23:08:43
650,F,PE,12483.0,Caruaru,Cliente_00650,1978-04-27 20:48:06
651,F,DF,20837.0,Brasília,Cliente_00651,1996-03-08 13:29:59
652,M,SC,6631.0,Blumenau,Cliente_00652,1983-03-04 06:01:45
653,F,PE,2858.0,Recife,Cliente_00653,1998-06-10 21:46:12
654,F,RS,18271.0,Porto Alegre,Cliente_00654,1990-02-28 09:02:18
655,M,DF,15103.0,Brasília,Cliente_00655,1993-07-25 20:27:00
656,F,DF,17746.0,Brasília,Cliente_00656,1993-03-13 03:56:19
657,F,BA,18716.0,Vitória da Conquista,Cliente_00657,2004-02-09 12:31:38
658,F,MG,9941.0,Belo Horizonte,Cliente_00658,2000-01-01 06:46:10
659,M,RJ,11719.0,Niterói,Cliente_00659,1995-07-09 22:10:14
660,M,RS,11220.0,Caxias do Sul,Cliente_00660,2001-02-23 13:50:04
661,M,SC,22077.0,Florianópolis,Cliente_00661,1984-04-29 04:49:48
662,F,MG,19722.0,Belo Horizonte,Cliente_00662,1969-02-01 12:53:08
663,F,PR,11052.0,Maringá,Cliente_00663,1981-06-09 04:36:38
664,M,GO,12801.0,Rio Verde,Cliente_00664,1984-11-10 12:17:02
665,F,BA,11015.0,Vitória da Conquista,Cliente_00665,1960-03-30 20:28:33
666,F,GO,2391.0,Rio Verde,Cliente_00666,1986-04-16 01:36:56
667,M,MG,23472.0,Juiz de Fora,Cliente_00667,1957-10-05 13:24:12
668,M,MG,19189.0,Juiz de Fora,Cliente_00668,2004-03-18 01:56:56
669,F,GO,16585.0,Anápolis,Cliente_00669,1991-12-01 23:28:12
670,F,SC,23167.0,Florianópolis,Cliente_00670,1995-02-23 15:41:24
671,F,SC,22432.0,Blumenau,Cliente_00671,2005-05-14 16:23:57
672,M,SP,5692.0,Campinas,Cliente_00672,1962-05-05 22:12:41
673,M,PR,17628.0,Curitiba,Cliente_00673,1957-10-29 16:38:16
674,M,SC,24336.0,Florianópolis,Cliente_00674,1970-02-08 10:49:36
675,M,PR,20224.0,Curitiba,Cliente_00675,1998-02-02 17:29:53
676,F,PR,19677.0,Maringá,Cliente_00676,1987-08-14 14:55:53
677,M,MG,24278.0,Juiz de Fora,Cliente_00677,2002-10-28 01:20:20
678,M,PR,11862.0,Maringá,Cliente_00678,1977-05-21 13:24:04
679,M,BA,18208.0,Salvador,Cliente_00679,1987-01-16 18:50:29
680,M,GO,10677.0,Goiânia,Cliente_00680,1976-08-31 21:40:13
681,M,SP,8144.0,Campinas,Cliente_00681,1968-07-24 04:35:35
682,F,RS,6282.0,Caxias do Sul,Cliente_00682,1956-03-24 05:08:11
683,F,PE,11552.0,Caruaru,Cliente_00683,2003-06-08 22:56:16
684,M,SP,21021.0,Campinas,Cliente_00684,1994-12-25 22:06:33
685,F,BA,5398.0,Salvador,Cliente_00685,1996-05-25 06:02:15
686,M,SP,18719.0,Santos,Cliente_00686,1970-04-26 21:52:14
687,M,PR,5654.0,Maringá,Cliente_00687,1983-04-30 09:24:28
688,F,MG,4278.0,Juiz de Fora,Cliente_00688,2000-02-04 21:14:03
689,F,PE,15309.0,Petrolina,Cliente_00689,1990-03-31 05:04:52
690,M,SC,7909.0,Joinville,Cliente_00690,1955-07-07 03:49:36
691,M,MG,14023.0,Belo Horizonte,Cliente_00691,1979-07-23 19:41:49
692,M,PR,5813.0,Maringá,Cliente_00692,1967-10-19 19:18:32
693,F,PR,23530.0,Curitiba,Cliente_00693,1981-09-06 21:57:11
694,M,PE,9108.0,Caruaru,Cliente_00694,1970-11-22 08:27:00
695,M,PE,21605.0,Caruaru,Cliente_00695,1979-03-12 17:44:30
696,M,RJ,15217.0,Campos,Cliente_00696,1972-03-20 13:21:33
697,F,DF,13364.0,Brasília,Cliente_00697,1962-01-23 19:48:51
698,M,DF,12714.0,Brasília,Cliente_00698,1996-01-05 12:13:51
699,M,MG,14376.0,Juiz de Fora,Cliente_00699,1967-09-28 01:09:11
700,F,SC,19555.0,Joinville,Cliente_00700,1986-07-04 21:21:28
701,M,SP,2416.0,Campinas,Cliente_00701,1963-09-28 23:14:14
702,M,PR,23472.0,Curitiba,Cliente_00702,1998-06-06 17:29:25
703,F,PR,10825.0,Londrina,Cliente_00703,1972-12-03 17:20:58
704,M,RJ,24380.0,Rio de Janeiro,Cliente_00704,1981-02-06 18:15:23
705,F,MG,19720.0,Uberlândia,Cliente_00705,1971-05-20 11:06:49
706,F,MG,20022.0,Belo Horizonte,Cliente_00706,1978-03-04 09:58:58
707,M,GO,5507.0,Anápolis,Cliente_00707,1960-06-05 02:14:24
708,M,PE,19789.0,Caruaru,Cliente_00708,1971-05-22 15:48:29
709,M,SC,21873.0,Florianópolis,Cliente_00709,1986-02-08 13:42:04
710,M,PE,4985.0,Recife,Cliente_00710,1959-07-18 20:29:56
711,F,SC,22681.0,Blumenau,Cliente_00711,1962-04-02 23:17:59
712,M,BA,20616.0,Vitória da Conquista,Cliente_00712,2004-07-08 06:02:19
713,F,RS,12461.0,Caxias do Sul,Cliente_00713,2000-12-13 14:28:07
714,M,DF,19205.0,Brasília,Cliente_00714,1968-10-24 03:48:06
715,M,DF,13408.0,Brasília,Cliente_00715,1985-04-04 16:06:47
716,M,SC,4854.0,Joinville,Cliente_00716,1955-06-14 13:00:51
717,F,DF,15009.0,Brasília,Cliente_00717,1999-02-27 12:53:46
718,M,PE,8601.0,Recife,Cliente_00718,1990-02-02 12:00:04
719,M,PR,6243.0,Londrina,Cliente_00719,1982-07-31 22:40:42
720,M,PE,10451.0,Petrolina,Cliente_00720,2007-06-24 12:49:43
721,M,SC,8514.0,Florianópolis,Cliente_00721,1999-12-30 20:48:20
722,F,MG,4912.0,Uberlândia,Cliente_00722,2007-06-19 07:55:16
723,M,PE,19241.0,Recife,Cliente_00723,1999-06-28 05:37:35
724,F,DF,21365.0,Brasília,Cliente_00724,1966-10-13 07:03:01
725,F,RJ,10640.0,Campos,Cliente_00725,2002-08-10 11:41:18
726,F,GO,11771.0,Rio Verde,Cliente_00726,1986-09-05 20:36:30
727,F,PR,19650.0,Maringá,Cliente_00727,2007-02-25 03:07:34
728,F,DF,9719.0,Brasília,Cliente_00728,1997-10-29 10:06:48
729,F,RJ,8663.0,Niterói,Cliente_00729,1969-12-17 16:19:59
730,M,SC,3970.0,Joinville,Cliente_00730,1999-04-01 14:56:29
731,F,BA,12230.0,Feira de Santana,Cliente_00731,1973-12-09 13:11:06
732,F,RJ,18043.0,Niterói,Cliente_00732,1965-10-22 09:43:34
733,F,RS,20776.0,Caxias do Sul,Cliente_00733,1973-04-02 21:22:45
734,M,BA,23210.0,Feira de Santana,Cliente_00734,1999-05-07 22:21:18
735,M,SP,5613.0,Santos,Cliente_00735,1960-06-19 08:30:35
736,F,PR,14914.0,Maringá,Cliente_00736,1984-05-04 14:23:31
737,M,DF,9249.0,Brasília,Cliente_00737,1980-06-17 09:07:57
738,F,SP,13414.0,Campinas,Cliente_00738,1977-07-11 14:12:58
739,F,PE,16507.0,Petrolina,Cliente_00739,1979-06-27 13:59:53
740,M,SC,13423.0,Florianópolis,Cliente_00740,1982-10-08 13:06:51
741,F,PR,22883.0,Londrina,Cliente_00741,1974-01-19 10:40:42
742,M,MG,14542.0,Belo Horizonte,Cliente_00742,1989-08-22 08:14:36
743,M,BA,19454.0,Feira de Santana,Cliente_00743,1971-05-29 18:12:58
744,F,MG,14681.0,Uberlândia,Cliente_00744,2001-04-22 01:45:34
745,F,SP,13630.0,Santos,Cliente_00745,1955-10-04 01:00:56
746,M,RJ,4905.0,Rio de Janeiro,Cliente_00746,1995-07-27 09:16:42
747,F,RJ,12362.0,Campos,Cliente_00747,1965-01-25 18:24:52
748,F,SC,23411.0,Joinville,Cliente_00748,1970-03-08 02:49:19
749,F,SP,16749.0,São Paulo,Cliente_00749,1984-06-28 07:55:48
750,M,GO,14439.0,Anápolis,Cliente_00750,1987-02-06 08:56:58
751,M,PR,15467.0,Maringá,Cliente_00751,1989-12-05 03:19:39
752,F,BA,7348.0,Feira de Santana,Cliente_00752,2006-12-18 15:15:46
753,M,RJ,8317.0,Niterói,Cliente_00753,1960-07-11 04:09:00
754,M,RJ,19511.0,Campos,Cliente_00754,1966-10-11 11:14:23
755,M,MG,7643.0,Uberlândia,Cliente_00755,1999-08-07 01:11:46
756,M,MG,16009.0,Belo Horizonte,Cliente_00756,1992-02-16 10:21:36
757,M,DF,11558.0,Brasília,Cliente_00757,1982-12-24 22:01:31
758,F,PE,,Petrolina,Cliente_00758,1986-09-12 06:10:50
759,F,GO,24442.0,Anápolis,Cliente_00759,1993-03-04 14:45:08
760,F,MG,13271.0,Juiz de Fora,Cliente_00760,1987-03-08 02:17:22
761,M,MG,6772.0,Uberlândia,Cliente_00761,1963-11-01 03:09:14
762,M,PR,12866.0,Maringá,Cliente_00762,1979-02-10 05:38:25
763,F,DF,16924.0,Brasília,Cliente_00763,1981-06-23 02:08:58
764,M,MG,14928.0,Juiz de Fora,Cliente_00764,1965-05-26 03:35:04
765,F,BA,17524.0,Salvador,Cliente_00765,1969-08-23 06:00:44
766,F,PR,5247.0,Maringá,Cliente_00766,1967-09-10 10:24:29
767,F,PE,10797.0,Recife,Cliente_00767,1958-06-07 06:52:53
768,M,SP,3107.0,Santos,Cliente_00768,2001-07-13 14:34:42
769,M,PR,22958.0,Maringá,Cliente_00769,1963-11-29 06:10:30
770,F,SP,24617.0,Campinas,Cliente_00770,1982-07-10 08:45:28
771,F,RJ,17950.0,Niterói,Cliente_00771,1987-08-22 08:01:44
772,F,DF,17035.0,Brasília,Cliente_00772,1960-04-16 10:17:50
773,F,PE,9145.0,Caruaru,Cliente_00773,1978-05-06 01:39:12
774,M,DF,10970.0,Brasília,Cliente_00774,1999-05-30 05:25:18
775,M,PE,5658.0,Petrolina,Cliente_00775,1984-01-11 13:12:17
776,F,DF,10505.0,Brasília,Cliente_00776,1960-05-04 00:45:34
777,F,PR,18286.0,Maringá,Cliente_00777,2001-02-23 06:21:59
778,M,DF,9425.0,Brasília,Cliente_00778,1967-06-22 21:54:38
779,M,RS,15140.0,Porto Alegre,Cliente_00779,1956-10-14 07:49:30
780,F,PE,5666.0,Recife,Cliente_00780,1963-11-20 09:04:16
781,F,SP,20809.0,São Paulo,Cliente_00781,1973-10-05 06:30:50
782,F,PE,16576.0,Caruaru,Cliente_00782,1974-05-27 09:33:47
783,M,RJ,20877.0,Niterói,Cliente_00783,1960-11-02 07:42:22
784,M,BA,10778.0,Salvador,Cliente_00784,2007-11-30 05:38:58
785,M,RS,2271.0,Pelotas,Cliente_00785,1995-12-27 07:37:58
786,F,SC,12940.0,Joinville,Cliente_00786,1960-03-25 14:37:56
787,F,PE,23597.0,Caruaru,Cliente_00787,1975-01-07 00:59:13
788,M,MG,9667.0,Belo Horizonte,Cliente_00788,1960-08-16 12:42:22
789,M,PR,3056.0,Londrina,Cliente_00789,1969-06-17 16:57:54
790,F,PR,12650.0,Curitiba,Cliente_00790,2007-10-21 20:29:44
791,M,DF,2651.0,Brasília,Cliente_00791,2000-08-27 00:30:22
792,M,DF,23198.0,Brasília,Cliente_00792,1973-01-28 23:32:31
793,F,PR,19101.0,Londrina,Cliente_00793,1969-12-20 16:02:52
794,M,GO,14034.0,Rio Verde,Cliente_00794,1985-04-19 13:03:22
795,F,RS,21828.0,Pelotas,Cliente_00795,1961-04-22 06:29:16
796,F,RS,9539.0,Caxias do Sul,Cliente_00796,1968-04-07 21:54:33
797,F,SP,19926.0,São Paulo,Cliente_00797,1985-12-26 06:55:34
798,F,PE,16159.0,Caruaru,Cliente_00798,1974-06-19 10:44:44
799,F,SC,7803.0,Florianópolis,Cliente_00799,1965-08-30 18:58:58
800,F,PR,20553.0,Londrina,Cliente_00800,1958-08-28 13:00:22
801,F,PE,19997.0,Petrolina,Cliente_00801,1964-04-22 10:27:10
802,M,RS,4477.0,Pelotas,Cliente_00802,1991-12-07 11:51:07
803,F,RJ,14041.0,Niterói,Cliente_00803,1959-07-29 17:22:52
804,F,PR,22262.0,Londrina,Cliente_00804,2004-02-27 09:59:56
805,M,PE,24145.0,Caruaru,Cliente_00805,2007-12-03 15:42:37
806,M,RS,1922.0,Pelotas,Cliente_00806,1969-04-22 07:53:18
807,M,BA,13485.0,Vitória da Conquista,Cliente_00807,1957-07-06 17:43:58
808,F,RS,17974.0,Porto Alegre,Cliente_00808,1968-03-11 08:08:33
809,M,DF,4872.0,Brasília,Cliente_00809,1994-12-13 07:17:28
810,F,MG,17583.0,Uberlândia,Cliente_00810,1963-03-28 05:11:42
811,F,GO,23920.0,Anápolis,Cliente_00811,1995-12-26 16:28:41
812,F,GO,3442.0,Rio Verde,Cliente_00812,1987-10-06 00:08:33
813,F,DF,21689.0,Brasília,Cliente_00813,1992-02-16 06:56:02
814,M,DF,11450.0,Brasília,Cliente_00814,1999-02-01 03:24:38
815,M,PR,17782.0,Londrina,Cliente_00815,1989-11-26 20:01:55
816,F,BA,17981.0,Salvador,Cliente_00816,1986-09-06 01:15:34
817,F,BA,2979.0,Feira de Santana,Cliente_00817,1989-03-11 18:43:00
818,F,PR,6126.0,Maringá,Cliente_00818,1991-09-02 19:37:01
819,M,PE,12277.0,Caruaru,Cliente_00819,1970-10-22 15:07:51
820,F,PR,6647.0,Maringá,Cliente_00820,1967-09-28 06:22:31
821,F,SC,21531.0,Florianópolis,Cliente_00821,1997-11-14 16:54:44
822,M,SC,6943.0,Florianópolis,Cliente_00822,1987-01-09 00:38:13
823,M,GO,1579.0,Anápolis,Cliente_00823,2006-08-13 13:33:00
824,F,RS,7077.0,Caxias do Sul,Cliente_00824,1994-10-08 06:04:31
825,M,PR,14401.0,Maringá,Cliente_00825,1970-11-21 20:59:16
826,M,PR,3723.0,Curitiba,Cliente_00826,1975-02-14 00:17:30
827,F,PE,4069.0,Recife,Cliente_00827,1968-05-09 21:35:19
828,M,SP,11464.0,São Paulo,Cliente_00828,2002-09-02 18:24:50
829,F,GO,15268.0,Goiânia,Cliente_00829,1991-07-03 07:29:52
830,M,GO,22402.0,Anápolis,Cliente_00830,1988-10-14 23:28:21
831,F,GO,19007.0,Anápolis,Cliente_00831,1958-11-14 19:41:01
832,F,RS,17749.0,Pelotas,Cliente_00832,2006-04-21 11:59:03
833,F,DF,4123.0,Brasília,Cliente_00833,1985-11-30 14:02:02
834,M,RJ,2903.0,Rio de Janeiro,Cliente_00834,1969-09-05 05:29:38
835,F,SP,20462.0,Campinas,Cliente_00835,1988-08-11 12:53:19
836,M,RS,18215.0,Caxias do Sul,Cliente_00836,1997-11-15 15:42:24
837,F,SC,8985.0,Florianópolis,Cliente_00837,1963-06-15 21:32:34
838,F,PE,13300.0,Caruaru,Cliente_00838,1957-12-07 11:27:42
839,M,DF,18623.0,Brasília,Cliente_00839,1972-09-01 01:27:48
840,F,SC,14298.0,Blumenau,Cliente_00840,1968-07-17 15:51:22
841,F,DF,6480.0,Brasília,Cliente_00841,1984-10-05 08:30:23
842,M,BA,5378.0,Vitória da Conquista,Cliente_00842,1982-05-03 12:43:19
843,F,GO,3449.0,Goiânia,Cliente_00843,1978-02-28 07:44:40
844,F,DF,21344.0,Brasília,Cliente_00844,1973-06-27 02:42:51
845,F,MG,20012.0,Juiz de Fora,Cliente_00845,1967-06-28 00:15:36
846,F,GO,22381.0,Anápolis,Cliente_00846,2000-01-16 12:48:51
847,M,GO,20038.0,Rio Verde,Cliente_00847,1972-03-29 02:52:07
848,M,PE,23114.0,Caruaru,Cliente_00848,1983-06-13 17:57:30
849,F,SP,19121.0,São Paulo,Cliente_00849,1981-05-06 07:23:00
850,M,SC,11458.0,Florianópolis,Cliente_00850,1976-06-05 22:22:02
851,F,DF,10197.0,Brasília,Cliente_00851,1973-10-18 03:18:50
852,M,DF,23124.0,Brasília,Cliente_00852,1970-11-02 14:46:02
853,F,BA,16993.0,Feira de Santana,Cliente_00853,1981-05-07 19:58:29
854,F,GO,11533.0,Anápolis,Cliente_00854,1999-09-17 15:50:24
855,F,PR,22699.0,Maringá,Cliente_00855,1971-03-23 21:46:29
856,F,RJ,11086.0,Niterói,Cliente_00856,1988-08-30 01:36:28
857,F,PR,1756.0,Curitiba,Cliente_00857,1958-04-15 22:41:32
858,F,DF,3220.0,Brasília,Cliente_00858,1968-01-22 13:35:56
859,M,PR,14741.0,Londrina,Cliente_00859,1981-07-07 08:35:09
860,F,PE,17734.0,Petrolina,Cliente_00860,2004-05-02 11:23:50
861,M,MG,8576.0,Juiz de Fora,Cliente_00861,1977-04-21 05:02:22
862,F,DF,2571.0,Brasília,Cliente_00862,1969-03-23 22:19:06
863,M,DF,3122.0,Brasília,Cliente_00863,1989-01-20 08:27:39
864,M,MG,3566.0,Uberlândia,Cliente_00864,1986-03-31 00:59:34
865,M,SC,10142.0,Blumenau,Cliente_00865,1959-09-18 04:43:21
866,F,MG,2397.0,Juiz de Fora,Cliente_00866,1972-01-18 20:36:47
867,F,PR,23059.0,Curitiba,Cliente_00867,1966-12-10 07:31:44
868,M,PE,9773.0,Caruaru,Cliente_00868,1998-07-23 13:33:02
869,F,BA,22058.0,Salvador,Cliente_00869,2001-02-07 07:03:20
870,M,SC,7281.0,Florianópolis,Cliente_00870,1984-01-20 06:21:56
871,F,RS,21828.0,Pelotas,Cliente_00871,1975-05-29 02:16:51
872,M,BA,24310.0,Salvador,Cliente_00872,1956-01-10 11:56:21
873,M,SP,15122.0,Campinas,Cliente_00873,1969-03-22 15:40:20
874,F,SP,14784.0,Campinas,Cliente_00874,1977-12-31 23:16:32
875,M,SP,11899.0,Campinas,Cliente_00875,1970-02-05 16:25:39
876,F,SP,23319.0,São Paulo,Cliente_00876,1955-08-01 12:25:27
877,M,PE,11383.0,Caruaru,Cliente_00877,1957-07-25 22:23:16
878,M,BA,10871.0,Feira de Santana,Cliente_00878,2002-07-30 22:43:51
879,F,GO,20819.0,Goiânia,Cliente_00879,1990-02-21 09:49:55
880,F,RJ,23717.0,Rio de Janeiro,Cliente_00880,1985-04-10 16:47:17
881,F,SC,12207.0,Florianópolis,Cliente_00881,1973-07-19 23:00:14
882,M,RS,9588.0,Porto Alegre,Cliente_00882,1976-08-12 18:44:29
883,F,PR,14640.0,Maringá,Cliente_00883,1989-08-31 05:08:19
884,M,DF,18345.0,Brasília,Cliente_00884,1999-12-17 10:18:39
885,M,SP,12593.0,São Paulo,Cliente_00885,1995-03-01 23:18:26
886,F,RS,18000.0,Porto Alegre,Cliente_00886,1994-07-08 18:34:21
887,F,DF,7285.0,Brasília,Cliente_00887,1991-11-08 10:00:57
888,M,RJ,8007.0,Niterói,Cliente_00888,2005-07-17 04:52:01
889,M,RS,7330.0,Caxias do Sul,Cliente_00889,2002-06-21 00:36:06
890,F,BA,6061.0,Salvador,Cliente_00890,1974-04-24 06:23:25
891,F,RS,16019.0,Porto Alegre,Cliente_00891,2003-08-09 09:14:51
892,F,SP,2159.0,São Paulo,Cliente_00892,2005-03-06 21:34:06
893,F,RJ,20006.0,Niterói,Cliente_00893,1991-11-06 21:45:23
894,F,PR,13035.0,Londrina,Cliente_00894,1977-10-18 03:06:33
895,M,GO,15502.0,Goiânia,Cliente_00895,1988-12-26 20:34:48
896,M,MG,19470.0,Uberlândia,Cliente_00896,1961-06-30 06:32:33
897,M,SP,6182.0,Campinas,Cliente_00897,1986-01-06 23:53:36
898,M,DF,24683.0,Brasília,Cliente_00898,2000-03-23 09:57:02
899,F,RJ,17202.0,Rio de Janeiro,Cliente_00899,1974-07-25 07:18:14
900,F,BA,12439.0,Feira de Santana,Cliente_00900,1993-02-19 02:18:22
901,F,PE,10326.0,Recife,Cliente_00901,1989-03-21 01:22:47
902,M,RJ,24871.0,Campos,Cliente_00902,1974-12-09 11:33:53
903,M,DF,,Brasília,Cliente_00903,1986-10-17 22:27:11
904,F,MG,6749.0,Juiz de Fora,Cliente_00904,1978-03-17 12:37:31
905,F,MG,20695.0,Juiz de Fora,Cliente_00905,1980-11-30 12:55:13
906,M,SC,14145.0,Joinville,Cliente_00906,2005-05-12 03:50:44
907,M,GO,23411.0,Rio Verde,Cliente_00907,1968-12-10 06:07:05
908,F,DF,19768.0,Brasília,Cliente_00908,1982-03-07 03:36:52
909,F,MG,11210.0,Uberlândia,Cliente_00909,1988-04-14 02:54:31
910,M,SC,10313.0,Florianópolis,Cliente_00910,1994-01-07 19:58:16
911,F,SC,14269.0,Blumenau,Cliente_00911,1967-12-11 06:28:01
912,F,SC,15661.0,Joinville,Cliente_00912,1990-07-11 14:36:00
913,F,RJ,22957.0,Campos,Cliente_00913,1992-07-02 22:53:38
914,M,SC,11229.0,Joinville,Cliente_00914,1977-02-15 16:23:00
915,M,SP,17180.0,Campinas,Cliente_00915,1961-05-07 05:34:31
916,M,DF,17647.0,Brasília,Cliente_00916,1986-04-17 04:44:13
917,M,SP,23300.0,São Paulo,Cliente_00917,1982-06-09 16:39:36
918,M,PE,23684.0,Caruaru,Cliente_00918,1958-04-20 11:03:09
919,M,MG,24779.0,Uberlândia,Cliente_00919,2001-12-30 18:55:47
920,M,GO,11762.0,Rio Verde,Cliente_00920,2007-01-04 13:53:49
921,F,SC,24199.0,Florianópolis,Cliente_00921,1965-06-06 16:33:01
922,F,BA,22814.0,Feira de Santana,Cliente_00922,1968-02-16 08:03:57
923,F,BA,3865.0,Vitória da Conquista,Cliente_00923,2005-01-10 12:03:33
924,F,MG,14695.0,Belo Horizonte,Cliente_00924,1967-06-07 19:17:08
925,F,PE,12537.0,Caruaru,Cliente_00925,1980-04-13 07:13:35
926,F,BA,12730.0,Vitória da Conquista,Cliente_00926,2006-10-28 00:48:11
927,F,SP,18738.0,São Paulo,Cliente_00927,2006-12-03 05:16:38
928,M,RS,17052.0,Porto Alegre,Cliente_00928,1972-05-20 07:07:59
929,M,RJ,4228.0,Rio de Janeiro,Cliente_00929,1982-03-26 21:45:35
930,F,PR,18799.0,Curitiba,Cliente_00930,1998-01-20 06:09:25
931,F,BA,16977.0,Feira de Santana,Cliente_00931,1985-09-30 21:22:45
932,M,GO,6438.0,Anápolis,Cliente_00932,1958-08-05 00:27:18
933,F,SC,1631.0,Florianópolis,Cliente_00933,2007-11-05 03:42:57
934,F,GO,21477.0,Goiânia,Cliente_00934,1977-12-04 04:14:36
935,M,DF,1793.0,Brasília,Cliente_00935,1986-02-12 20:45:42
936,F,RJ,16227.0,Niterói,Cliente_00936,1976-05-25 23:47:19
937,M,SP,11988.0,Santos,Cliente_00937,1975-02-02 07:48:16
938,F,PE,21569.0,Recife,Cliente_00938,1955-04-23 16:33:44
939,M,RJ,8346.0,Niterói,Cliente_00939,2007-01-10 02:32:07
940,M,PR,9084.0,Londrina,Cliente_00940,2000-10-17 07:57:28
941,M,RS,23240.0,Pelotas,Cliente_00941,2000-03-08 16:44:52
942,F,BA,18170.0,Feira de Santana,Cliente_00942,1966-05-10 01:06:52
943,M,PE,10141.0,Recife,Cliente_00943,1978-05-04 02:17:17
944,F,PE,12932.0,Caruaru,Cliente_00944,1959-02-16 23:28:35
945,F,BA,24470.0,Salvador,Cliente_00945,1967-07-22 05:33:04
946,F,BA,12395.0,Feira de Santana,Cliente_00946,1984-03-17 19:57:28
947,F,BA,6803.0,Salvador,Cliente_00947,1975-04-18 04:05:49
948,M,BA,21000.0,Salvador,Cliente_00948,2001-03-31 20:16:51
949,M,BA,23758.0,Feira de Santana,Cliente_00949,1974-08-28 14:17:55
950,F,PE,24854.0,Recife,Cliente_00950,1982-05-20 12:44:19
951,F,MG,9944.0,Uberlândia,Cliente_00951,1958-09-15 12:45:51
952,M,MG,11111.0,Uberlândia,Cliente_00952,1974-03-06 03:00:17
953,F,GO,12028.0,Anápolis,Cliente_00953,1967-10-09 01:42:19
954,M,MG,19119.0,Belo Horizonte,Cliente_00954,1970-06-15 18:03:38
955,F,PR,2499.0,Londrina,Cliente_00955,1993-07-29 23:45:48
956,F,MG,5260.0,Juiz de Fora,Cliente_00956,1978-01-25 02:42:57
957,M,PE,5616.0,Recife,Cliente_00957,2001-03-01 07:27:19
958,F,BA,5911.0,Vitória da Conquista,Cliente_00958,1974-04-09 01:07:59
959,M,SC,23441.0,Blumenau,Cliente_00959,2006-11-05 13:27:18
960,F,SC,23236.0,Blumenau,Cliente_00960,1987-02-04 06:12:10
961,F,PR,11862.0,Maringá,Cliente_00961,1982-04-03 03:57:29
962,F,DF,12613.0,Brasília,Cliente_00962,1974-10-27 18:57:05
963,M,PE,5183.0,Caruaru,Cliente_00963,1994-11-24 05:59:09
964,F,SP,20145.0,Santos,Cliente_00964,1975-02-10 00:17:53
965,F,RJ,16482.0,Rio de Janeiro,Cliente_00965,1972-08-29 13:39:24
966,F,GO,3353.0,Rio Verde,Cliente_00966,1993-07-23 01:28:37
967,F,SP,14579.0,Santos,Cliente_00967,1973-04-24 22:58:29
968,M,PE,8395.0,Petrolina,Cliente_00968,1958-09-19 21:56:32
969,M,MG,20874.0,Uberlândia,Cliente_00969,1999-08-20 17:28:26
970,F,BA,14435.0,Vitória da Conquista,Cliente_00970,1976-02-23 09:54:56
971,M,SP,14052.0,Santos,Cliente_00971,1992-06-07 18:35:01
972,F,RJ,17553.0,Campos,Cliente_00972,1969-01-01 13:26:02
973,F,DF,2362.0,Brasília,Cliente_00973,1967-07-13 07:03:33
974,F,SC,6027.0,Florianópolis,Cliente_00974,1958-09-25 11:48:03
975,M,DF,13747.0,Brasília,Cliente_00975,1958-06-30 01:12:34
976,M,RJ,19103.0,Niterói,Cliente_00976,1971-09-12 07:59:41
977,M,BA,5295.0,Feira de Santana,Cliente_00977,1988-07-05 22:38:48
978,M,MG,14296.0,Uberlândia,Cliente_00978,1966-07-12 13:04:05
979,M,RJ,14234.0,Rio de Janeiro,Cliente_00979,2001-05-07 16:44:00
980,M,GO,2027.0,Rio Verde,Cliente_00980,1983-05-12 07:22:24
981,M,RJ,4422.0,Rio de Janeiro,Cliente_00981,1961-02-15 00:34:57
982,M,PE,7349.0,Caruaru,Cliente_00982,1975-08-14 08:42:12
983,M,MG,19046.0,Uberlândia,Cliente_00983,2003-06-14 06:57:50
984,F,BA,14456.0,Feira de Santana,Cliente_00984,2007-05-05 06:35:14
985,M,SC,18730.0,Florianópolis,Cliente_00985,2000-07-11 09:38:30
986,M,SC,8459.0,Joinville,Cliente_00986,1960-11-17 15:01:27
987,M,RJ,4586.0,Campos,Cliente_00987,1995-05-07 03:52:38
988,M,PE,11462.0,Recife,Cliente_00988,1959-07-09 06:02:49
989,M,SP,21167.0,Santos,Cliente_00989,1989-06-11 20:19:37
990,M,DF,16919.0,Brasília,Cliente_00990,1994-06-19 14:55:05
991,M,DF,4823.0,Brasília,Cliente_00991,1955-03-16 04:12:02
992,M,DF,1945.0,Brasília,Cliente_00992,1955-05-06 11:09:18
993,M,SP,18909.0,Campinas,Cliente_00993,1968-01-18 16:58:39
994,M,PE,11463.0,Caruaru,Cliente_00994,2006-11-26 16:56:33
995,M,DF,19243.0,Brasília,Cliente_00995,1994-06-16 21:55:39
996,F,GO,23997.0,Goiânia,Cliente_00996,2000-03-14 02:03:11
997,F,SP,16937.0,Santos,Cliente_00997,1986-04-02 02:26:40
998,M,SP,18355.0,São Paulo,Cliente_00998,1976-04-12 02:03:52
999,M,BA,17911.0,Vitória da Conquista,Cliente_00999,1998-07-09 01:55:08
1000,F,BA,12347.0,Feira de Santana,Cliente_01000,1993-10-24 04:10:04
1001,M,MG,4736.0,Belo Horizonte,Cliente_01001,1988-08-04 20:17:18
1002,F,GO,21832.0,Goiânia,Cliente_01002,1982-02-15 18:57:21
1003,F,GO,14987.0,Rio Verde,Cliente_01003,1986-10-16 08:44:01
1004,F,MG,13348.0,Uberlândia,Cliente_01004,1994-04-18 06:19:33
1005,F,GO,14655.0,Anápolis,Cliente_01005,1965-03-22 15:22:53
1006,F,PR,,Maringá,Cliente_01006,2007-10-28 11:38:04
1007,M,RS,24056.0,Pelotas,Cliente_01007,2004-05-19 01:16:33
1008,F,DF,3479.0,Brasília,Cliente_01008,1956-12-26 16:57:33
1009,M,BA,22805.0,Vitória da Conquista,Cliente_01009,1961-10-26 19:39:31
1010,M,MG,10507.0,Juiz de Fora,Cliente_01010,1986-03-19 14:01:32
1011,F,MG,3826.0,Juiz de Fora,Cliente_01011,1960-09-03 23:21:12
1012,F,GO,3830.0,Anápolis,Cliente_01012,1991-08-28 11:54:25
1013,M,SP,2502.0,Campinas,Cliente_01013,1983-12-25 12:54:04
1014,F,SC,11234.0,Florianópolis,Cliente_01014,2000-02-10 01:26:28
1015,F,RJ,7948.0,Niterói,Cliente_01015,1975-11-26 06:31:19
1016,M,RJ,8337.0,Campos,Cliente_01016,1973-02-11 08:25:25
1017,M,MG,13896.0,Uberlândia,Cliente_01017,1988-01-28 10:17:23
1018,F,DF,24351.0,Brasília,Cliente_01018,1994-09-20 18:40:14
1019,M,PR,8854.0,Londrina,Cliente_01019,1960-08-04 00:14:17
1020,F,DF,15751.0,Brasília,Cliente_01020,1989-05-12 21:17:06
1021,F,MG,4029.0,Uberlândia,Cliente_01021,1958-03-06 04:07:47
1022,F,DF,14709.0,Brasília,Cliente_01022,1963-03-07 00:11:52
1023,M,BA,19314.0,Salvador,Cliente_01023,1980-02-08 20:47:48
1024,M,DF,5412.0,Brasília,Cliente_01024,1979-03-19 20:26:29
1025,M,GO,19416.0,Goiânia,Cliente_01025,2005-08-18 20:07:43
1026,M,GO,19776.0,Rio Verde,Cliente_01026,1973-10-30 04:57:46
1027,M,PR,12816.0,Maringá,Cliente_01027,2005-02-06 02:58:41
1028,F,BA,2921.0,Salvador,Cliente_01028,2006-08-24 17:08:40
1029,F,SC,15010.0,Joinville,Cliente_01029,1986-11-19 18:43:51
1030,F,SP,23652.0,Campinas,Cliente_01030,1990-06-03 12:39:18
1031,F,BA,20702.0,Salvador,Cliente_01031,1957-12-13 17:15:36
1032,M,PE,12652.0,Petrolina,Cliente_01032,1980-06-08 06:26:12
1033,F,RS,7117.0,Caxias do Sul,Cliente_01033,1969-03-16 22:35:54
1034,M,MG,2695.0,Juiz de Fora,Cliente_01034,1981-03-06 21:26:02
1035,F,PE,7729.0,Caruaru,Cliente_01035,2004-09-20 02:18:48
1036,M,PR,6805.0,Maringá,Cliente_01036,1990-11-28 16:57:08
1037,M,PE,9577.0,Caruaru,Cliente_01037,1971-12-23 14:53:28
1038,F,GO,17380.0,Rio Verde,Cliente_01038,2005-09-22 21:42:22
1039,F,DF,10845.0,Brasília,Cliente_01039,2001-10-15 00:32:25
1040,F,SP,18726.0,Santos,Cliente_01040,1999-04-23 20:35:06
1041,F,RJ,6700.0,Campos,Cliente_01041,1996-12-26 03:26:31
1042,M,MG,23805.0,Belo Horizonte,Cliente_01042,2005-07-10 13:16:02
1043,F,RJ,11374.0,Campos,Cliente_01043,1993-07-06 07:11:11
1044,F,DF,1794.0,Brasília,Cliente_01044,2004-06-02 13:09:00
1045,M,GO,7597.0,Goiânia,Cliente_01045,2004-06-16 10:45:56
1046,F,GO,7912.0,Goiânia,Cliente_01046,1955-02-18 17:22:57
1047,F,DF,10336.0,Brasília,Cliente_01047,1997-01-22 02:37:28
1048,F,MG,13325.0,Juiz de Fora,Cliente_01048,1982-04-15 03:55:47
1049,F,RJ,8178.0,Rio de Janeiro,Cliente_01049,1961-05-22 13:17:01
1050,F,BA,17235.0,Salvador,Cliente_01050,1959-03-29 09:32:13
1051,M,GO,22904.0,Goiânia,Cliente_01051,1972-07-26 00:59:50
1052,F,RJ,7243.0,Niterói,Cliente_01052,1959-12-25 12:39:51
1053,F,SC,17994.0,Blumenau,Cliente_01053,1991-09-21 15:12:38
1054,F,RJ,10275.0,Rio de Janeiro,Cliente_01054,1988-12-11 12:44:05
1055,F,SC,,Blumenau,Cliente_01055,1965-05-14 11:08:43
1056,F,SC,,Florianópolis,Cliente_01056,1979-06-01 13:01:26
1057,M,GO,6364.0,Rio Verde,Cliente_01057,1961-10-06 11:29:23
1058,F,MG,14967.0,Belo Horizonte,Cliente_01058,1960-05-26 14:39:44
1059,M,PR,3148.0,Londrina,Cliente_01059,1999-02-28 15:54:44
1060,M,GO,17177.0,Anápolis,Cliente_01060,2005-09-08 15:06:15
1061,F,MG,17418.0,Uberlândia,Cliente_01061,1990-10-25 02:15:05
1062,F,MG,24265.0,Belo Horizonte,Cliente_01062,1964-05-18 06:39:01
1063,F,PE,3881.0,Petrolina,Cliente_01063,1987-03-08 20:35:05
1064,F,DF,17989.0,Brasília,Cliente_01064,1976-03-15 00:24:36
1065,M,DF,13245.0,Brasília,Cliente_01065,1989-10-01 20:41:45
1066,F,DF,7318.0,Brasília,Cliente_01066,1991-09-06 05:43:55
1067,F,RS,11386.0,Porto Alegre,Cliente_01067,1958-07-14 11:48:18
1068,F,GO,1881.0,Anápolis,Cliente_01068,1968-08-03 23:01:32
1069,F,MG,5856.0,Belo Horizonte,Cliente_01069,1999-01-19 03:08:31
1070,F,PE,7418.0,Petrolina,Cliente_01070,2004-09-11 09:44:14
1071,F,SC,2816.0,Joinville,Cliente_01071,1966-02-01 04:55:29
1072,M,PR,6954.0,Curitiba,Cliente_01072,1995-04-29 19:18:21
1073,M,PR,14607.0,Maringá,Cliente_01073,1974-02-26 22:03:14
1074,F,SC,5574.0,Joinville,Cliente_01074,1981-06-20 11:10:43
1075,F,RJ,22688.0,Campos,Cliente_01075,1977-02-02 12:58:25
1076,F,RJ,16311.0,Campos,Cliente_01076,1998-08-01 06:46:21
1077,M,DF,18790.0,Brasília,Cliente_01077,1971-02-07 01:19:47
1078,F,GO,9121.0,Anápolis,Cliente_01078,1977-05-27 10:45:02
1079,M,RS,18546.0,Porto Alegre,Cliente_01079,1969-06-20 01:24:05
1080,F,PE,24602.0,Recife,Cliente_01080,1997-03-15 19:06:03
1081,F,PR,17626.0,Curitiba,Cliente_01081,1981-11-05 11:43:38
1082,F,DF,10154.0,Brasília,Cliente_01082,1977-12-17 10:17:58
1083,F,SP,14372.0,São Paulo,Cliente_01083,1987-03-30 11:06:10
1084,M,DF,18826.0,Brasília,Cliente_01084,1989-08-14 17:29:12
1085,M,SP,16451.0,Santos,Cliente_01085,1986-02-23 03:30:46
1086,F,BA,9849.0,Salvador,Cliente_01086,1956-02-27 16:38:55
1087,F,MG,24299.0,Belo Horizonte,Cliente_01087,2004-09-20 19:03:29
1088,M,SC,21193.0,Blumenau,Cliente_01088,1985-01-10 06:34:22
1089,M,MG,19210.0,Juiz de Fora,Cliente_01089,1984-05-19 14:02:19
1090,M,DF,12409.0,Brasília,Cliente_01090,1985-03-28 06:55:53
1091,M,MG,12260.0,Uberlândia,Cliente_01091,1956-04-16 20:37:35
1092,F,PE,13084.0,Petrolina,Cliente_01092,2003-12-17 19:34:51
1093,M,BA,3606.0,Feira de Santana,Cliente_01093,1978-08-06 10:13:48
1094,F,RS,15169.0,Caxias do Sul,Cliente_01094,2006-06-26 12:54:43
1095,M,BA,22683.0,Salvador,Cliente_01095,1994-08-21 07:52:00
1096,M,PR,4438.0,Curitiba,Cliente_01096,1992-09-25 18:18:47
1097,M,PE,3983.0,Recife,Cliente_01097,1987-04-21 23:19:19
1098,M,MG,2875.0,Juiz de Fora,Cliente_01098,2000-02-08 09:44:14
1099,M,RS,11515.0,Pelotas,Cliente_01099,1999-10-28 07:28:23
1100,F,MG,18128.0,Belo Horizonte,Cliente_01100,1974-02-23 00:45:40
1101,F,GO,20232.0,Goiânia,Cliente_01101,1969-04-10 11:00:15
1102,M,GO,16560.0,Rio Verde,Cliente_01102,1978-09-02 05:48:41
1103,M,RJ,18363.0,Niterói,Cliente_01103,1966-09-22 02:44:05
1104,F,BA,12154.0,Feira de Santana,Cliente_01104,1974-06-03 16:09:55
1105,M,RS,19819.0,Porto Alegre,Cliente_01105,1966-01-13 09:44:43
1106,M,GO,15753.0,Goiânia,Cliente_01106,1995-07-04 19:41:07
1107,F,RJ,23641.0,Rio de Janeiro,Cliente_01107,1982-04-09 04:51:31
1108,M,PE,13065.0,Caruaru,Cliente_01108,1971-10-26 11:16:19
1109,M,RS,1587.0,Porto Alegre,Cliente_01109,1965-03-25 14:49:01
1110,F,RJ,10932.0,Niterói,Cliente_01110,1985-10-15 17:47:10
1111,F,SC,10264.0,Blumenau,Cliente_01111,1968-07-02 21:40:37
1112,F,RS,1678.0,Pelotas,Cliente_01112,1960-05-01 20:04:30
1113,M,DF,18046.0,Brasília,Cliente_01113,1981-09-04 01:57:57
1114,F,RJ,4140.0,Campos,Cliente_01114,1959-03-19 05:18:28
1115,F,MG,10697.0,Belo Horizonte,Cliente_01115,1993-02-27 13:21:31
1116,F,DF,20232.0,Brasília,Cliente_01116,1963-11-21 18:36:58
1117,F,SC,3921.0,Blumenau,Cliente_01117,2002-02-25 04:58:53
1118,F,GO,12447.0,Anápolis,Cliente_01118,1965-09-23 13:27:38
1119,F,SP,22182.0,Campinas,Cliente_01119,1978-10-22 09:48:47
1120,M,RJ,22026.0,Niterói,Cliente_01120,1955-02-04 04:51:20
1121,M,PE,22387.0,Recife,Cliente_01121,2007-09-13 10:51:03
1122,F,RJ,2717.0,Rio de Janeiro,Cliente_01122,1984-02-08 03:46:17
1123,F,SP,3974.0,Campinas,Cliente_01123,1962-03-30 22:37:30
1124,F,SC,2429.0,Joinville,Cliente_01124,1988-02-26 13:08:56
1125,M,SC,9458.0,Joinville,Cliente_01125,1990-06-03 23:32:52
1126,M,DF,3002.0,Brasília,Cliente_01126,1969-12-11 21:39:53
1127,M,RS,1920.0,Caxias do Sul,Cliente_01127,1965-05-27 04:22:22
1128,M,PE,15080.0,Petrolina,Cliente_01128,2002-04-04 02:34:07
1129,M,DF,17340.0,Brasília,Cliente_01129,2000-05-08 19:32:35
1130,M,PE,7330.0,Caruaru,Cliente_01130,1996-02-08 14:58:21
1131,M,PE,22242.0,Recife,Cliente_01131,1984-09-04 22:47:01
1132,M,SP,19333.0,São Paulo,Cliente_01132,1967-04-17 05:20:03
1133,M,DF,7311.0,Brasília,Cliente_01133,2000-05-11 02:59:35
1134,F,PE,10119.0,Recife,Cliente_01134,1981-11-06 13:19:27
1135,F,PR,15027.0,Curitiba,Cliente_01135,1967-11-14 15:38:30
1136,F,SP,17723.0,São Paulo,Cliente_01136,1990-02-04 11:26:44
1137,F,SC,1606.0,Joinville,Cliente_01137,2003-06-01 14:34:29
1138,M,SP,5549.0,Campinas,Cliente_01138,1982-02-24 10:37:30
1139,M,MG,9789.0,Juiz de Fora,Cliente_01139,2006-03-06 02:19:18
1140,F,MG,3403.0,Juiz de Fora,Cliente_01140,1994-07-28 06:27:43
1141,M,PE,21454.0,Petrolina,Cliente_01141,1982-11-21 14:52:01
1142,F,DF,12993.0,Brasília,Cliente_01142,1977-08-14 22:03:04
1143,M,SC,6876.0,Joinville,Cliente_01143,1958-06-14 17:46:46
1144,F,SP,1542.0,Santos,Cliente_01144,1969-10-10 07:26:47
1145,M,DF,24269.0,Brasília,Cliente_01145,1956-04-18 09:48:45
1146,M,SP,3077.0,Campinas,Cliente_01146,1975-11-19 14:32:20
1147,F,SP,13882.0,São Paulo,Cliente_01147,1994-08-22 01:53:50
1148,M,PR,23949.0,Londrina,Cliente_01148,1984-09-12 22:49:22
1149,F,MG,7385.0,Uberlândia,Cliente_01149,1974-07-02 15:25:05
1150,F,SP,10076.0,São Paulo,Cliente_01150,1963-02-05 20:28:30
1151,F,PR,14606.0,Curitiba,Cliente_01151,1972-09-25 11:17:37
1152,F,MG,13163.0,Belo Horizonte,Cliente_01152,1977-04-17 09:21:04
1153,M,PR,5077.0,Maringá,Cliente_01153,1998-06-05 17:19:28
1154,M,DF,21122.0,Brasília,Cliente_01154,1979-02-01 12:08:41
1155,M,RS,17642.0,Pelotas,Cliente_01155,1973-10-04 18:36:42
1156,F,MG,6744.0,Juiz de Fora,Cliente_01156,1976-08-16 19:08:55
1157,M,GO,3634.0,Goiânia,Cliente_01157,1994-01-22 15:42:45
1158,F,RS,5392.0,Pelotas,Cliente_01158,1955-10-10 02:40:31
1159,M,DF,5821.0,Brasília,Cliente_01159,1989-06-19 08:07:50
1160,M,SP,7276.0,São Paulo,Cliente_01160,2003-11-10 21:11:44
1161,M,SC,12084.0,Florianópolis,Cliente_01161,1984-10-06 23:50:37
1162,F,DF,17619.0,Brasília,Cliente_01162,1956-10-15 06:26:24
1163,M,PR,7328.0,Curitiba,Cliente_01163,1961-11-16 20:36:40
1164,M,PR,21699.0,Maringá,Cliente_01164,1993-05-27 05:25:10
1165,F,PR,1795.0,Maringá,Cliente_01165,1969-01-24 02:10:13
1166,M,PR,1913.0,Curitiba,Cliente_01166,1955-04-04 09:18:11
1167,F,DF,23840.0,Brasília,Cliente_01167,1975-04-17 02:32:51
1168,M,SC,11687.0,Blumenau,Cliente_01168,2007-06-05 00:46:49
1169,F,RJ,24162.0,Niterói,Cliente_01169,1969-10-27 20:20:47
1170,F,PR,15816.0,Maringá,Cliente_01170,1997-04-13 14:46:31
1171,M,RJ,8168.0,Rio de Janeiro,Cliente_01171,1991-03-14 22:57:48
1172,F,SC,16844.0,Florianópolis,Cliente_01172,1999-04-14 07:55:27
1173,F,SC,9695.0,Florianópolis,Cliente_01173,2000-05-02 23:00:59
1174,F,RS,18061.0,Caxias do Sul,Cliente_01174,1979-09-12 18:49:30
1175,F,MG,5854.0,Belo Horizonte,Cliente_01175,1999-02-20 09:13:00
1176,F,GO,23798.0,Goiânia,Cliente_01176,1992-06-23 18:04:01
1177,F,PE,6982.0,Petrolina,Cliente_01177,1986-05-20 14:14:22
1178,M,GO,17576.0,Anápolis,Cliente_01178,1966-04-03 07:20:49
1179,F,DF,16876.0,Brasília,Cliente_01179,1978-06-01 00:35:22
1180,F,PE,4771.0,Petrolina,Cliente_01180,1968-12-17 14:18:20
1181,M,SC,24571.0,Florianópolis,Cliente_01181,1986-07-20 19:49:34
1182,M,GO,12174.0,Goiânia,Cliente_01182,1982-06-02 09:07:37
1183,M,BA,6892.0,Feira de Santana,Cliente_01183,1960-11-03 21:43:20
1184,M,MG,18173.0,Belo Horizonte,Cliente_01184,2007-11-23 13:22:10
1185,M,GO,15809.0,Anápolis,Cliente_01185,1987-12-23 15:53:38
1186,M,MG,18291.0,Juiz de Fora,Cliente_01186,1979-03-17 00:43:17
1187,M,RJ,2193.0,Niterói,Cliente_01187,2006-09-08 14:23:30
1188,F,DF,2669.0,Brasília,Cliente_01188,1977-12-31 16:24:40
1189,F,MG,10123.0,Juiz de Fora,Cliente_01189,1982-11-15 18:42:47
1190,M,RJ,9282.0,Rio de Janeiro,Cliente_01190,1987-11-10 17:39:01
1191,F,PR,15356.0,Maringá,Cliente_01191,1996-05-27 10:18:31
1192,F,RJ,10674.0,Campos,Cliente_01192,2007-08-27 22:09:23
1193,F,DF,12852.0,Brasília,Cliente_01193,2006-04-20 16:53:34
1194,M,RS,20928.0,Pelotas,Cliente_01194,1985-04-30 09:35:24
1195,M,PR,7030.0,Londrina,Cliente_01195,1961-07-03 09:14:44
1196,F,SC,6492.0,Blumenau,Cliente_01196,1965-10-15 00:47:35
1197,M,SP,21808.0,Campinas,Cliente_01197,1975-11-17 05:28:38
1198,F,RJ,24854.0,Niterói,Cliente_01198,1977-01-03 12:25:43
1199,F,RJ,4812.0,Niterói,Cliente_01199,1968-09-14 06:31:59
1200,F,MG,14565.0,Belo Horizonte,Cliente_01200,1995-11-11 13:28:03
1201,F,SC,5818.0,Florianópolis,Cliente_01201,1976-05-23 06:52:16
1202,M,GO,15559.0,Goiânia,Cliente_01202,1987-11-19 06:54:23
1203,M,BA,3188.0,Feira de Santana,Cliente_01203,1959-09-02 08:05:53
1204,M,PE,1967.0,Recife,Cliente_01204,1974-10-09 14:54:40
1205,F,RJ,11037.0,Campos,Cliente_01205,1960-10-21 01:38:32
1206,M,GO,3922.0,Anápolis,Cliente_01206,1972-06-20 06:59:13
1207,F,BA,22391.0,Salvador,Cliente_01207,1976-09-21 20:16:08
1208,M,PE,16104.0,Caruaru,Cliente_01208,1955-12-31 18:07:33
1209,F,SP,6221.0,São Paulo,Cliente_01209,2007-08-02 06:57:32
1210,F,MG,23255.0,Juiz de Fora,Cliente_01210,1972-01-04 05:21:41
1211,F,GO,10703.0,Anápolis,Cliente_01211,1981-08-03 08:40:02
1212,M,MG,9041.0,Belo Horizonte,Cliente_01212,1990-12-10 19:48:30
1213,M,PE,11369.0,Recife,Cliente_01213,1956-01-29 23:25:58
1214,M,RS,16285.0,Pelotas,Cliente_01214,1980-11-16 09:10:01
1215,M,RJ,15179.0,Campos,Cliente_01215,1959-11-11 02:08:35
1216,F,PR,14042.0,Curitiba,Cliente_01216,2007-08-26 00:55:43
1217,M,BA,19370.0,Salvador,Cliente_01217,1979-07-12 19:19:04
1218,M,SC,15961.0,Joinville,Cliente_01218,1974-10-03 09:29:56
1219,F,DF,12538.0,Brasília,Cliente_01219,1961-01-10 20:14:19
1220,F,RJ,13752.0,Niterói,Cliente_01220,1993-05-22 02:28:34
1221,F,PR,11270.0,Curitiba,Cliente_01221,2006-11-06 03:15:12
1222,M,DF,,Brasília,Cliente_01222,1977-07-22 06:00:44
1223,F,GO,13317.0,Rio Verde,Cliente_01223,1968-01-13 12:31:31
1224,F,DF,4003.0,Brasília,Cliente_01224,1962-06-06 23:04:14
1225,F,SP,9355.0,Campinas,Cliente_01225,1964-04-05 14:48:25
1226,M,RJ,14878.0,Rio de Janeiro,Cliente_01226,1976-08-09 12:19:53
1227,F,MG,12829.0,Juiz de Fora,Cliente_01227,1993-02-14 20:24:51
1228,M,RS,24939.0,Pelotas,Cliente_01228,2003-04-13 19:11:36
1229,M,SC,12601.0,Florianópolis,Cliente_01229,1976-09-19 11:07:19
1230,F,MG,18283.0,Belo Horizonte,Cliente_01230,1976-07-11 21:49:57
1231,F,PR,22266.0,Londrina,Cliente_01231,2002-06-26 06:47:50
1232,M,RJ,13649.0,Rio de Janeiro,Cliente_01232,1982-11-25 23:26:33
1233,F,RS,16119.0,Caxias do Sul,Cliente_01233,2007-08-18 20:20:20
1234,F,DF,19423.0,Brasília,Cliente_01234,1962-01-26 03:18:55
1235,M,RJ,16485.0,Campos,Cliente_01235,1994-04-13 23:38:56
1236,M,DF,16526.0,Brasília,Cliente_01236,1996-06-16 07:54:50
1237,F,GO,,Anápolis,Cliente_01237,1965-08-31 19:04:35
1238,M,SP,22794.0,São Paulo,Cliente_01238,1960-01-27 01:35:18
1239,F,PE,10619.0,Caruaru,Cliente_01239,1978-02-26 09:31:28
1240,F,RJ,22393.0,Campos,Cliente_01240,2001-09-10 12:37:12
1241,F,PR,23935.0,Maringá,Cliente_01241,1957-01-09 16:26:09
1242,M,DF,24036.0,Brasília,Cliente_01242,1962-01-04 00:19:32
1243,F,MG,5624.0,Belo Horizonte,Cliente_01243,1966-07-13 09:06:29
1244,F,GO,20279.0,Anápolis,Cliente_01244,1978-04-01 12:21:20
1245,F,PR,21834.0,Curitiba,Cliente_01245,1970-11-13 01:59:59
1246,M,SC,17875.0,Florianópolis,Cliente_01246,1968-11-22 10:09:01
1247,M,PE,1949.0,Petrolina,Cliente_01247,1987-11-18 12:37:47
1248,M,GO,18263.0,Anápolis,Cliente_01248,1965-08-09 18:41:21
1249,M,SP,16534.0,São Paulo,Cliente_01249,1985-08-08 18:05:58
1250,M,PE,10942.0,Petrolina,Cliente_01250,1958-06-30 19:15:01
1251,F,DF,14143.0,Brasília,Cliente_01251,1969-08-11 23:16:53
1252,M,PR,3801.0,Curitiba,Cliente_01252,1962-06-28 10:36:53
1253,M,SC,9210.0,Joinville,Cliente_01253,1988-07-14 20:37:33
1254,M,BA,7292.0,Salvador,Cliente_01254,1988-12-27 17:53:58
1255,F,SP,11159.0,Campinas,Cliente_01255,1989-05-31 08:30:49
1256,M,RS,8716.0,Pelotas,Cliente_01256,1981-10-09 11:02:03
1257,M,DF,13212.0,Brasília,Cliente_01257,1972-03-22 04:23:09
1258,F,BA,6405.0,Vitória da Conquista,Cliente_01258,1955-02-03 12:58:53
1259,M,RJ,17266.0,Rio de Janeiro,Cliente_01259,1976-08-07 07:05:15
1260,F,SC,7499.0,Blumenau,Cliente_01260,2004-10-12 02:10:48
1261,F,MG,18483.0,Belo Horizonte,Cliente_01261,1985-10-10 02:00:40
1262,F,RS,8788.0,Porto Alegre,Cliente_01262,1957-07-30 23:13:05
1263,F,PR,12766.0,Londrina,Cliente_01263,1965-08-08 09:35:13
1264,F,SC,17086.0,Florianópolis,Cliente_01264,1985-12-18 04:28:09
1265,M,PE,3067.0,Caruaru,Cliente_01265,1997-04-01 16:59:02
1266,F,GO,16610.0,Goiânia,Cliente_01266,2006-08-29 13:03:07
1267,F,PE,17582.0,Caruaru,Cliente_01267,1998-05-12 21:53:17
1268,M,PE,2594.0,Petrolina,Cliente_01268,1958-12-13 20:21:32
1269,F,RJ,12635.0,Rio de Janeiro,Cliente_01269,1977-12-27 18:09:38
1270,M,SP,15008.0,Campinas,Cliente_01270,1960-07-28 05:48:30
1271,M,MG,13845.0,Belo Horizonte,Cliente_01271,1970-11-08 04:59:58
1272,M,RS,11184.0,Caxias do Sul,Cliente_01272,2002-10-06 06:20:18
1273,F,SP,7691.0,Campinas,Cliente_01273,1996-11-06 04:24:50
1274,F,SC,19342.0,Florianópolis,Cliente_01274,1957-05-30 16:48:14
1275,F,PE,9546.0,Recife,Cliente_01275,1982-01-24 07:33:18
1276,M,RJ,6434.0,Campos,Cliente_01276,1969-03-20 22:45:27
1277,F,SC,15538.0,Blumenau,Cliente_01277,1984-01-17 21:20:22
1278,F,GO,2854.0,Rio Verde,Cliente_01278,1970-12-14 19:03:40
1279,F,MG,7973.0,Belo Horizonte,Cliente_01279,1989-10-04 01:44:54
1280,M,RS,21778.0,Pelotas,Cliente_01280,2004-05-23 10:06:22
1281,M,GO,14294.0,Anápolis,Cliente_01281,1974-02-28 00:02:37
1282,F,RJ,4463.0,Rio de Janeiro,Cliente_01282,2001-05-26 02:42:49
1283,F,MG,16003.0,Uberlândia,Cliente_01283,1971-01-11 20:39:38
1284,F,SC,4542.0,Joinville,Cliente_01284,1985-06-03 15:22:04
1285,F,PE,8473.0,Caruaru,Cliente_01285,1976-07-18 04:18:29
1286,M,PE,8639.0,Recife,Cliente_01286,1987-08-23 16:10:37
1287,M,DF,12726.0,Brasília,Cliente_01287,2004-03-19 09:11:36
1288,M,PE,8430.0,Recife,Cliente_01288,1972-02-09 22:56:37
1289,M,BA,16262.0,Vitória da Conquista,Cliente_01289,1977-11-02 08:19:40
1290,F,PE,19616.0,Petrolina,Cliente_01290,1990-08-20 00:06:45
1291,F,BA,6840.0,Vitória da Conquista,Cliente_01291,1980-06-18 19:53:59
1292,F,PR,6611.0,Maringá,Cliente_01292,1997-05-31 11:24:55
1293,M,BA,4581.0,Feira de Santana,Cliente_01293,1969-12-31 20:46:38
1294,F,MG,9302.0,Belo Horizonte,Cliente_01294,1957-06-27 16:36:21
1295,M,GO,10962.0,Rio Verde,Cliente_01295,1980-02-01 02:50:46
1296,M,MG,17080.0,Uberlândia,Cliente_01296,1983-09-01 05:56:51
1297,F,GO,22752.0,Goiânia,Cliente_01297,1979-02-28 02:18:47
1298,F,DF,19413.0,Brasília,Cliente_01298,1968-11-14 17:12:27
1299,F,PR,18965.0,Curitiba,Cliente_01299,1963-11-26 19:38:52
1300,M,GO,9494.0,Goiânia,Cliente_01300,1966-06-06 09:40:01
1301,F,GO,5031.0,Anápolis,Cliente_01301,1960-05-28 13:14:39
1302,M,RJ,10843.0,Campos,Cliente_01302,1993-01-29 16:17:26
1303,F,SP,2216.0,São Paulo,Cliente_01303,1960-10-29 11:06:36
1304,M,SP,7729.0,Campinas,Cliente_01304,1962-10-08 18:22:08
1305,M,RJ,18088.0,Rio de Janeiro,Cliente_01305,1996-12-28 14:20:33
1306,F,PE,24668.0,Caruaru,Cliente_01306,1981-06-26 19:53:17
1307,M,RJ,13521.0,Campos,Cliente_01307,1970-05-03 02:35:03
1308,M,GO,12801.0,Rio Verde,Cliente_01308,1971-11-16 05:52:42
1309,F,GO,5594.0,Goiânia,Cliente_01309,1975-01-05 19:12:09
1310,M,RJ,23366.0,Campos,Cliente_01310,1986-08-31 16:07:58
1311,F,RJ,23624.0,Campos,Cliente_01311,2005-04-09 18:39:56
1312,M,PE,11024.0,Caruaru,Cliente_01312,1971-02-11 11:18:43
1313,F,MG,24038.0,Uberlândia,Cliente_01313,2006-10-04 01:58:37
1314,F,PR,11541.0,Curitiba,Cliente_01314,1958-03-08 02:42:10
1315,M,SC,22726.0,Joinville,Cliente_01315,1981-01-14 20:50:37
1316,M,GO,9603.0,Rio Verde,Cliente_01316,1975-10-24 21:39:29
1317,M,PR,19902.0,Londrina,Cliente_01317,1976-09-13 18:28:10
1318,M,RJ,22935.0,Campos,Cliente_01318,1956-11-19 08:52:35
1319,M,PE,16590.0,Recife,Cliente_01319,1978-12-06 23:45:38
1320,F,BA,17415.0,Vitória da Conquista,Cliente_01320,1988-01-22 19:16:50
1321,M,PE,10209.0,Caruaru,Cliente_01321,1982-06-24 00:01:15
1322,F,RS,2938.0,Caxias do Sul,Cliente_01322,1973-02-13 07:49:12
1323,F,RS,21970.0,Caxias do Sul,Cliente_01323,1993-01-21 01:00:40
1324,M,PR,23011.0,Londrina,Cliente_01324,1963-12-27 05:25:56
1325,F,SP,19936.0,São Paulo,Cliente_01325,1999-06-22 03:14:17
1326,F,RS,16529.0,Pelotas,Cliente_01326,1986-01-21 21:09:04
1327,F,RS,22252.0,Caxias do Sul,Cliente_01327,1994-11-11 17:16:24
1328,F,MG,6017.0,Juiz de Fora,Cliente_01328,1975-11-10 08:40:12
1329,M,BA,20196.0,Salvador,Cliente_01329,1967-07-16 10:33:13
1330,F,MG,23461.0,Juiz de Fora,Cliente_01330,1977-02-26 20:18:36
1331,M,BA,12405.0,Feira de Santana,Cliente_01331,1960-09-04 08:48:06
1332,M,DF,2744.0,Brasília,Cliente_01332,1962-07-30 12:21:53
1333,F,SC,3916.0,Blumenau,Cliente_01333,2002-07-06 13:02:25
1334,M,GO,16793.0,Anápolis,Cliente_01334,1958-06-19 16:52:45
1335,M,RS,7990.0,Caxias do Sul,Cliente_01335,1987-12-22 20:40:35
1336,M,GO,24052.0,Goiânia,Cliente_01336,2002-05-24 22:32:08
1337,F,RS,13183.0,Porto Alegre,Cliente_01337,1978-06-02 02:01:01
1338,M,MG,7339.0,Juiz de Fora,Cliente_01338,1974-02-09 23:50:48
1339,M,SC,16350.0,Blumenau,Cliente_01339,2006-04-29 23:46:21
1340,M,MG,13670.0,Uberlândia,Cliente_01340,1965-02-19 09:15:03
1341,F,MG,24981.0,Uberlândia,Cliente_01341,1972-11-17 08:45:30
1342,M,BA,13467.0,Feira de Santana,Cliente_01342,1955-11-24 13:25:50
1343,F,SP,6509.0,Campinas,Cliente_01343,1992-12-24 17:12:31
1344,F,PE,19466.0,Recife,Cliente_01344,1993-03-10 12:39:16
1345,F,PR,15812.0,Londrina,Cliente_01345,1990-07-10 12:15:57
1346,F,GO,10424.0,Goiânia,Cliente_01346,1982-03-21 01:34:30
1347,F,DF,17421.0,Brasília,Cliente_01347,2006-01-29 17:26:51
1348,F,RS,20311.0,Pelotas,Cliente_01348,1964-03-29 05:44:50
1349,M,MG,7221.0,Juiz de Fora,Cliente_01349,1958-05-23 14:16:35
1350,F,SP,9923.0,São Paulo,Cliente_01350,1990-07-21 06:21:19
1351,M,MG,6430.0,Uberlândia,Cliente_01351,2005-06-19 19:54:00
1352,M,SC,5853.0,Blumenau,Cliente_01352,1961-09-09 13:56:06
1353,F,BA,9332.0,Salvador,Cliente_01353,2006-07-20 04:28:05
1354,M,DF,23259.0,Brasília,Cliente_01354,1971-04-06 20:53:08
1355,M,PE,18286.0,Petrolina,Cliente_01355,2001-10-13 11:41:15
1356,M,SC,24451.0,Joinville,Cliente_01356,1992-05-04 07:26:46
1357,M,RJ,22749.0,Rio de Janeiro,Cliente_01357,1967-06-27 07:02:10
1358,F,DF,17948.0,Brasília,Cliente_01358,1999-06-24 09:34:44
1359,M,MG,20121.0,Juiz de Fora,Cliente_01359,1977-10-22 13:41:37
1360,F,SC,9270.0,Joinville,Cliente_01360,1977-05-14 18:33:24
1361,M,PE,18056.0,Recife,Cliente_01361,2004-12-12 18:08:06
1362,M,SP,16594.0,São Paulo,Cliente_01362,1955-02-12 05:01:50
1363,F,SP,9435.0,São Paulo,Cliente_01363,1963-09-29 21:10:34
1364,M,GO,4175.0,Goiânia,Cliente_01364,1976-05-03 22:11:22
1365,M,PE,,Petrolina,Cliente_01365,2000-02-06 13:03:04
1366,M,SP,5505.0,São Paulo,Cliente_01366,1977-10-18 10:14:15
1367,F,SC,8044.0,Florianópolis,Cliente_01367,1992-10-29 01:18:28
1368,M,GO,18832.0,Goiânia,Cliente_01368,1963-08-21 01:09:52
1369,F,SP,15888.0,São Paulo,Cliente_01369,1975-09-09 15:54:40
1370,M,DF,16459.0,Brasília,Cliente_01370,1992-02-03 00:33:23
1371,F,BA,,Salvador,Cliente_01371,1976-07-31 07:40:52
1372,F,RJ,22641.0,Niterói,Cliente_01372,2000-09-14 16:18:36
1373,M,PE,24166.0,Petrolina,Cliente_01373,1965-11-04 08:43:05
1374,M,SC,16253.0,Joinville,Cliente_01374,1960-09-13 15:17:57
1375,F,RS,18026.0,Pelotas,Cliente_01375,1965-01-19 02:52:50
1376,F,MG,7501.0,Belo Horizonte,Cliente_01376,2005-06-14 14:27:32
1377,M,SC,8152.0,Blumenau,Cliente_01377,1975-12-24 01:07:06
1378,F,SP,16485.0,São Paulo,Cliente_01378,2002-09-04 15:49:32
1379,M,SC,6081.0,Florianópolis,Cliente_01379,1979-10-16 10:13:50
1380,M,RS,6587.0,Caxias do Sul,Cliente_01380,2002-07-20 20:25:06
1381,M,MG,2960.0,Uberlândia,Cliente_01381,1968-06-05 08:50:30
1382,M,GO,5387.0,Anápolis,Cliente_01382,1992-04-17 18:18:42
1383,F,SP,16378.0,Santos,Cliente_01383,1958-04-29 04:31:48
1384,M,PR,9984.0,Maringá,Cliente_01384,2002-04-28 13:52:54
1385,F,SP,11335.0,Campinas,Cliente_01385,1984-10-22 08:58:20
1386,M,RJ,17143.0,Niterói,Cliente_01386,1960-06-30 17:56:18
1387,F,PR,12410.0,Curitiba,Cliente_01387,1968-02-18 10:28:35
1388,M,RJ,18721.0,Campos,Cliente_01388,1963-08-24 09:33:35
1389,F,RS,7346.0,Porto Alegre,Cliente_01389,1994-05-30 05:32:36
1390,F,PE,9963.0,Petrolina,Cliente_01390,1971-07-24 08:13:31
1391,M,MG,,Uberlândia,Cliente_01391,1960-07-03 05:54:00
1392,M,BA,3869.0,Vitória da Conquista,Cliente_01392,1997-11-25 02:58:16
1393,M,GO,15492.0,Rio Verde,Cliente_01393,1998-09-17 05:58:07
1394,M,BA,21058.0,Salvador,Cliente_01394,1976-12-30 12:21:23
1395,F,DF,23869.0,Brasília,Cliente_01395,1973-11-14 05:33:49
1396,M,DF,2382.0,Brasília,Cliente_01396,1976-06-04 02:27:36
1397,F,RS,4671.0,Caxias do Sul,Cliente_01397,2003-10-13 01:45:23
1398,F,PE,3540.0,Caruaru,Cliente_01398,1997-01-12 14:39:45
1399,M,DF,24616.0,Brasília,Cliente_01399,1982-08-18 12:09:36
1400,F,SP,7872.0,Campinas,Cliente_01400,1975-07-11 13:40:03
1401,F,SC,23869.0,Florianópolis,Cliente_01401,1958-01-20 12:42:51
1402,F,RJ,9062.0,Rio de Janeiro,Cliente_01402,1967-05-23 14:33:11
1403,F,DF,13276.0,Brasília,Cliente_01403,1963-01-21 23:27:35
1404,M,RS,7400.0,Porto Alegre,Cliente_01404,1965-07-08 00:54:19
1405,M,RJ,9465.0,Campos,Cliente_01405,1974-05-25 19:58:15
1406,M,SP,23200.0,Santos,Cliente_01406,1975-01-16 01:25:09
1407,M,PE,9965.0,Recife,Cliente_01407,1998-02-01 09:24:24
1408,F,MG,2089.0,Belo Horizonte,Cliente_01408,1989-05-02 11:28:45
1409,F,BA,6563.0,Feira de Santana,Cliente_01409,1994-07-15 04:13:07
1410,M,SP,21517.0,Santos,Cliente_01410,1969-11-18 15:50:44
1411,M,GO,19874.0,Rio Verde,Cliente_01411,1980-06-18 19:29:05
1412,M,PR,24399.0,Londrina,Cliente_01412,1977-07-04 13:34:15
1413,F,RS,17740.0,Caxias do Sul,Cliente_01413,1991-01-26 11:31:20
1414,M,BA,2758.0,Feira de Santana,Cliente_01414,1993-04-15 03:01:58
1415,M,GO,15098.0,Goiânia,Cliente_01415,2002-01-03 16:53:10
1416,M,MG,4366.0,Belo Horizonte,Cliente_01416,1999-11-22 09:04:29
1417,F,GO,21622.0,Goiânia,Cliente_01417,2007-06-03 11:25:41
1418,F,PE,18455.0,Recife,Cliente_01418,1970-12-19 02:23:53
1419,F,PR,10236.0,Curitiba,Cliente_01419,1955-01-02 00:28:26
1420,F,RJ,22106.0,Campos,Cliente_01420,2005-11-30 08:08:41
1421,F,BA,14204.0,Vitória da Conquista,Cliente_01421,1961-11-08 00:50:52
1422,F,PR,2137.0,Maringá,Cliente_01422,1978-07-13 14:45:17
1423,F,SC,6382.0,Joinville,Cliente_01423,1997-07-01 18:41:24
1424,F,SP,17328.0,Santos,Cliente_01424,1967-11-25 08:19:28
1425,M,SC,22276.0,Joinville,Cliente_01425,1963-03-03 03:41:51
1426,M,SP,5172.0,Santos,Cliente_01426,1990-09-12 04:35:16
1427,F,PE,13829.0,Recife,Cliente_01427,1971-06-07 05:21:09
1428,F,PR,16467.0,Maringá,Cliente_01428,1969-10-29 02:09:13
1429,M,MG,6211.0,Belo Horizonte,Cliente_01429,1966-01-29 17:19:59
1430,F,DF,14735.0,Brasília,Cliente_01430,1982-10-13 04:08:33
1431,F,GO,23527.0,Goiânia,Cliente_01431,1975-10-07 13:44:38
1432,F,DF,1659.0,Brasília,Cliente_01432,1995-07-18 19:50:05
1433,M,PR,11644.0,Maringá,Cliente_01433,1960-01-27 15:19:00
1434,M,SC,16293.0,Blumenau,Cliente_01434,1995-02-13 19:15:30
1435,M,DF,11423.0,Brasília,Cliente_01435,1996-09-04 15:25:40
1436,M,RS,7438.0,Porto Alegre,Cliente_01436,1981-08-31 06:00:59
1437,M,DF,12854.0,Brasília,Cliente_01437,1958-08-17 13:04:19
1438,F,SP,11424.0,Campinas,Cliente_01438,1976-05-06 00:03:41
1439,M,RS,2080.0,Caxias do Sul,Cliente_01439,2002-08-14 14:49:13
1440,F,BA,5974.0,Vitória da Conquista,Cliente_01440,1965-09-20 15:41:25
1441,F,DF,11441.0,Brasília,Cliente_01441,1981-04-24 02:38:57
1442,M,RS,8573.0,Porto Alegre,Cliente_01442,1989-03-11 11:42:58
1443,M,PR,11162.0,Londrina,Cliente_01443,1985-03-15 08:56:14
1444,F,GO,6559.0,Rio Verde,Cliente_01444,1962-10-29 14:06:33
1445,F,BA,14957.0,Vitória da Conquista,Cliente_01445,1993-02-28 23:57:36
1446,F,MG,5828.0,Belo Horizonte,Cliente_01446,1972-02-25 05:21:42
1447,M,MG,19278.0,Uberlândia,Cliente_01447,1956-07-09 10:55:20
1448,M,PE,2421.0,Petrolina,Cliente_01448,1966-12-19 00:48:01
1449,M,DF,4273.0,Brasília,Cliente_01449,1994-08-05 18:45:34
1450,M,GO,5962.0,Anápolis,Cliente_01450,1961-10-03 08:05:22
1451,M,RJ,22460.0,Campos,Cliente_01451,1986-03-29 08:31:00
1452,F,RS,21318.0,Pelotas,Cliente_01452,1997-05-03 20:39:17
1453,M,BA,8233.0,Feira de Santana,Cliente_01453,1974-04-25 10:06:31
1454,F,PR,13274.0,Londrina,Cliente_01454,1963-11-19 16:31:31
1455,F,DF,10810.0,Brasília,Cliente_01455,2002-08-14 17:24:01
1456,F,PR,,Curitiba,Cliente_01456,1972-04-04 00:08:18
1457,M,RJ,18608.0,Rio de Janeiro,Cliente_01457,1971-03-29 09:14:30
1458,M,PE,2211.0,Recife,Cliente_01458,1959-03-22 07:25:25
1459,M,RJ,9210.0,Rio de Janeiro,Cliente_01459,2002-12-05 18:43:38
1460,F,SP,22964.0,Campinas,Cliente_01460,1979-07-11 02:39:00
1461,F,SC,14946.0,Florianópolis,Cliente_01461,1963-05-21 05:36:37
1462,F,BA,14894.0,Feira de Santana,Cliente_01462,1956-09-28 21:39:52
1463,F,SC,1890.0,Blumenau,Cliente_01463,2007-03-27 01:03:51
1464,F,RJ,10762.0,Niterói,Cliente_01464,1972-11-01 10:59:53
1465,F,PE,5987.0,Recife,Cliente_01465,1991-10-07 04:46:22
1466,M,PE,12120.0,Caruaru,Cliente_01466,1992-12-25 16:49:36
1467,M,MG,15070.0,Uberlândia,Cliente_01467,1995-01-27 04:36:53
1468,M,DF,24631.0,Brasília,Cliente_01468,1977-01-08 19:47:14
1469,M,MG,7566.0,Uberlândia,Cliente_01469,1995-04-09 16:43:17
1470,F,BA,5994.0,Feira de Santana,Cliente_01470,1992-01-02 14:35:42
1471,F,BA,5072.0,Feira de Santana,Cliente_01471,1993-03-18 19:01:49
1472,M,BA,14170.0,Salvador,Cliente_01472,1971-10-03 00:30:38
1473,F,PR,17439.0,Londrina,Cliente_01473,1986-05-18 03:29:25
1474,M,MG,17760.0,Belo Horizonte,Cliente_01474,1978-10-24 14:08:31
1475,M,PR,11749.0,Maringá,Cliente_01475,1977-05-07 12:50:06
1476,M,SC,3811.0,Joinville,Cliente_01476,1960-12-27 04:53:16
1477,F,DF,12571.0,Brasília,Cliente_01477,1986-12-12 21:54:39
1478,M,RJ,8273.0,Campos,Cliente_01478,1961-04-26 14:51:47
1479,M,RS,8405.0,Porto Alegre,Cliente_01479,2007-06-09 03:41:16
1480,M,MG,5142.0,Uberlândia,Cliente_01480,2000-12-27 02:27:56
1481,F,RS,7838.0,Pelotas,Cliente_01481,1971-01-05 05:25:27
1482,F,PE,17846.0,Recife,Cliente_01482,1974-07-14 04:54:43
1483,M,MG,20493.0,Juiz de Fora,Cliente_01483,1995-06-24 18:50:22
1484,F,SC,11122.0,Joinville,Cliente_01484,1971-01-11 20:19:18
1485,F,MG,17155.0,Uberlândia,Cliente_01485,1965-01-23 08:39:28
1486,F,PR,11605.0,Londrina,Cliente_01486,1967-05-23 01:56:11
1487,F,DF,7740.0,Brasília,Cliente_01487,2003-01-30 21:46:01
1488,F,RJ,16297.0,Rio de Janeiro,Cliente_01488,1995-08-15 16:16:08
1489,F,GO,9306.0,Rio Verde,Cliente_01489,1980-01-14 14:56:22
1490,F,RJ,2257.0,Rio de Janeiro,Cliente_01490,2003-04-10 20:45:53
1491,F,RJ,22970.0,Campos,Cliente_01491,1977-06-15 11:18:49
1492,F,PE,7720.0,Recife,Cliente_01492,1984-12-25 04:32:13
1493,F,SC,11604.0,Joinville,Cliente_01493,1983-07-23 12:12:45
1494,M,RS,23486.0,Pelotas,Cliente_01494,1998-08-04 08:39:07
1495,M,SC,15816.0,Blumenau,Cliente_01495,2003-08-01 03:48:46
1496,F,GO,10826.0,Rio Verde,Cliente_01496,1977-08-15 13:54:33
1497,M,PE,24005.0,Recife,Cliente_01497,1993-06-16 06:11:02
1498,M,DF,10456.0,Brasília,Cliente_01498,1974-07-26 10:41:22
1499,F,RJ,20609.0,Niterói,Cliente_01499,1995-03-22 06:02:13
1500,F,PR,21252.0,Maringá,Cliente_01500,1999-05-29 05:49:40
1501,F,PE,4997.0,Recife,Cliente_01501,1971-12-07 02:59:16
1502,M,BA,11364.0,Vitória da Conquista,Cliente_01502,1977-05-12 11:26:48
1503,M,MG,23526.0,Uberlândia,Cliente_01503,1991-02-09 18:38:26
1504,F,SC,10274.0,Blumenau,Cliente_01504,1984-11-20 07:45:19
1505,F,PE,22650.0,Caruaru,Cliente_01505,1967-08-03 11:35:58
1506,F,BA,15539.0,Salvador,Cliente_01506,1961-07-26 04:23:45
1507,M,RS,22517.0,Porto Alegre,Cliente_01507,1987-08-06 10:50:53
1508,M,GO,3321.0,Anápolis,Cliente_01508,1985-02-21 22:13:44
1509,M,GO,19069.0,Anápolis,Cliente_01509,1955-01-13 04:38:38
1510,M,RJ,14217.0,Rio de Janeiro,Cliente_01510,2000-08-15 20:38:49
1511,F,RJ,19521.0,Niterói,Cliente_01511,1996-03-20 17:03:57
1512,F,PE,11872.0,Caruaru,Cliente_01512,1964-02-03 10:48:03
1513,F,PE,9880.0,Petrolina,Cliente_01513,1998-11-29 04:49:14
1514,F,DF,3246.0,Brasília,Cliente_01514,1991-11-24 08:25:08
1515,M,MG,7297.0,Belo Horizonte,Cliente_01515,1981-11-22 23:21:12
1516,M,SP,17783.0,São Paulo,Cliente_01516,1984-11-26 13:04:36
1517,F,RS,9589.0,Caxias do Sul,Cliente_01517,1965-06-03 20:36:22
1518,F,RJ,20504.0,Niterói,Cliente_01518,1970-10-29 13:28:49
1519,M,SP,13637.0,Campinas,Cliente_01519,1966-08-07 10:08:49
1520,F,SP,9097.0,São Paulo,Cliente_01520,1996-05-31 11:22:59
1521,M,MG,7607.0,Juiz de Fora,Cliente_01521,1998-09-10 00:35:03
1522,F,PR,4293.0,Curitiba,Cliente_01522,1973-12-07 04:41:37
1523,F,PR,12638.0,Maringá,Cliente_01523,1968-05-28 04:46:14
1524,F,RJ,4000.0,Niterói,Cliente_01524,1981-12-12 16:04:47
1525,F,BA,14638.0,Salvador,Cliente_01525,1980-10-09 20:24:44
1526,F,MG,9861.0,Juiz de Fora,Cliente_01526,1966-12-04 23:26:04
1527,F,MG,6425.0,Belo Horizonte,Cliente_01527,1988-07-21 02:46:40
1528,F,SC,18964.0,Blumenau,Cliente_01528,1999-05-30 18:58:32
1529,M,SP,22748.0,Santos,Cliente_01529,1975-02-05 13:08:09
1530,M,SC,5953.0,Florianópolis,Cliente_01530,1961-08-26 08:07:49
1531,M,SP,20132.0,Campinas,Cliente_01531,1999-04-01 14:41:30
1532,M,PR,16279.0,Curitiba,Cliente_01532,1968-03-12 11:18:40
1533,M,RJ,13600.0,Niterói,Cliente_01533,1967-10-25 03:36:57
1534,F,RS,16662.0,Pelotas,Cliente_01534,1974-06-27 04:59:17
1535,F,PR,2825.0,Maringá,Cliente_01535,1957-08-31 11:59:09
1536,M,MG,12869.0,Belo Horizonte,Cliente_01536,1968-12-06 16:38:12
1537,F,RS,21757.0,Porto Alegre,Cliente_01537,1975-06-03 05:09:31
1538,M,PE,11840.0,Caruaru,Cliente_01538,1985-03-08 01:13:40
1539,M,RS,14908.0,Caxias do Sul,Cliente_01539,1972-11-17 16:50:44
1540,F,RS,19572.0,Porto Alegre,Cliente_01540,1996-02-04 01:24:19
1541,F,PR,20869.0,Londrina,Cliente_01541,1972-09-30 09:53:58
1542,F,MG,19960.0,Uberlândia,Cliente_01542,1977-05-19 03:32:14
1543,M,RS,2961.0,Porto Alegre,Cliente_01543,1986-12-22 18:29:48
1544,F,PR,11094.0,Curitiba,Cliente_01544,1971-03-13 05:22:52
1545,M,PR,1572.0,Maringá,Cliente_01545,1959-11-01 06:11:15
1546,M,RS,7530.0,Pelotas,Cliente_01546,1957-05-29 12:45:37
1547,M,SP,22495.0,São Paulo,Cliente_01547,2007-12-07 01:59:43
1548,F,MG,20680.0,Juiz de Fora,Cliente_01548,1973-05-04 04:28:33
1549,F,GO,9217.0,Anápolis,Cliente_01549,1977-04-01 23:58:57
1550,M,RS,14831.0,Porto Alegre,Cliente_01550,1977-07-05 09:55:34
1551,F,SC,15436.0,Blumenau,Cliente_01551,2007-07-16 01:07:15
1552,F,SC,22400.0,Florianópolis,Cliente_01552,1987-07-21 10:36:03
1553,F,PE,20377.0,Petrolina,Cliente_01553,2004-06-25 12:44:00
1554,M,MG,22115.0,Belo Horizonte,Cliente_01554,1968-05-10 05:01:39
1555,M,PR,5076.0,Londrina,Cliente_01555,1959-08-22 15:01:37
1556,F,DF,9600.0,Brasília,Cliente_01556,1990-06-25 01:08:10
1557,M,RJ,15112.0,Campos,Cliente_01557,1996-02-03 04:52:54
1558,F,BA,7228.0,Salvador,Cliente_01558,1978-03-30 03:09:27
1559,F,DF,1532.0,Brasília,Cliente_01559,1972-09-02 14:08:23
1560,F,MG,12386.0,Uberlândia,Cliente_01560,1959-10-24 07:10:21
1561,F,MG,15578.0,Juiz de Fora,Cliente_01561,2007-02-16 20:35:06
1562,M,RS,5873.0,Pelotas,Cliente_01562,1965-08-03 11:08:48
1563,M,RS,15968.0,Porto Alegre,Cliente_01563,1966-01-24 20:18:36
1564,M,DF,14537.0,Brasília,Cliente_01564,2004-12-04 03:53:12
1565,F,PR,21482.0,Londrina,Cliente_01565,1992-11-13 10:09:44
1566,F,PE,15961.0,Recife,Cliente_01566,1972-10-26 09:28:30
1567,F,RS,3892.0,Pelotas,Cliente_01567,2002-09-02 08:45:19
1568,M,BA,12563.0,Salvador,Cliente_01568,1973-08-17 01:41:21
1569,F,BA,24589.0,Salvador,Cliente_01569,1985-12-23 15:19:11
1570,M,PE,24674.0,Caruaru,Cliente_01570,1979-04-28 09:35:31
1571,M,SP,20561.0,Campinas,Cliente_01571,1988-08-29 13:42:04
1572,M,SP,19285.0,Santos,Cliente_01572,1976-04-03 06:54:08
1573,M,MG,2317.0,Uberlândia,Cliente_01573,1978-02-17 18:15:06
1574,M,RS,7703.0,Porto Alegre,Cliente_01574,1988-07-19 05:01:53
1575,M,SC,22446.0,Blumenau,Cliente_01575,1980-01-12 12:27:47
1576,F,DF,22607.0,Brasília,Cliente_01576,1987-08-04 18:36:17
1577,F,GO,3938.0,Anápolis,Cliente_01577,2000-02-09 21:00:48
1578,M,PE,24712.0,Recife,Cliente_01578,1968-01-17 15:49:42
1579,M,MG,19094.0,Belo Horizonte,Cliente_01579,1966-08-15 20:52:21
1580,F,SC,8141.0,Blumenau,Cliente_01580,1962-05-20 00:47:11
1581,M,RS,18483.0,Pelotas,Cliente_01581,2000-12-24 03:33:21
1582,M,SC,15526.0,Joinville,Cliente_01582,1998-04-29 17:50:37
1583,F,SC,23364.0,Joinville,Cliente_01583,1992-12-14 09:28:43
1584,M,PE,19730.0,Caruaru,Cliente_01584,2004-05-22 04:35:38
1585,M,MG,24476.0,Uberlândia,Cliente_01585,1966-01-03 04:07:46
1586,M,PR,19771.0,Maringá,Cliente_01586,2007-05-03 03:52:59
1587,F,BA,18563.0,Salvador,Cliente_01587,1978-05-02 07:28:34
1588,F,DF,21136.0,Brasília,Cliente_01588,1999-08-08 14:40:50
1589,F,MG,,Belo Horizonte,Cliente_01589,2004-08-26 20:14:59
1590,M,GO,13722.0,Anápolis,Cliente_01590,1964-06-28 05:32:32
1591,M,SC,3677.0,Blumenau,Cliente_01591,1965-03-25 04:50:14
1592,F,PR,9642.0,Londrina,Cliente_01592,1974-11-26 07:00:52
1593,M,PE,1648.0,Caruaru,Cliente_01593,2001-07-22 05:38:58
1594,M,RJ,19379.0,Campos,Cliente_01594,1962-10-13 02:14:48
1595,M,DF,14605.0,Brasília,Cliente_01595,1957-05-23 09:29:24
1596,M,DF,3244.0,Brasília,Cliente_01596,1993-11-13 15:51:21
1597,M,BA,3146.0,Salvador,Cliente_01597,1993-11-07 02:14:10
1598,F,RJ,20879.0,Rio de Janeiro,Cliente_01598,1961-12-10 05:56:56
1599,M,RS,24527.0,Caxias do Sul,Cliente_01599,1999-05-05 11:26:08
1600,F,RJ,11364.0,Campos,Cliente_01600,1970-02-12 15:58:53
1601,M,SC,15166.0,Florianópolis,Cliente_01601,1997-11-21 19:25:28
1602,F,SC,5167.0,Florianópolis,Cliente_01602,1997-02-18 07:28:13
1603,M,SC,18460.0,Blumenau,Cliente_01603,1990-06-19 18:13:09
1604,F,SC,12787.0,Blumenau,Cliente_01604,1963-01-03 12:18:09
1605,M,MG,17802.0,Belo Horizonte,Cliente_01605,1998-08-05 05:29:59
1606,F,DF,14510.0,Brasília,Cliente_01606,1978-12-09 02:47:42
1607,M,RJ,6279.0,Niterói,Cliente_01607,1980-12-01 07:11:43
1608,F,DF,9687.0,Brasília,Cliente_01608,1991-12-20 03:45:36
1609,M,GO,14529.0,Anápolis,Cliente_01609,1982-06-02 14:05:42
1610,F,RJ,4472.0,Rio de Janeiro,Cliente_01610,1995-04-02 21:30:51
1611,F,MG,21832.0,Uberlândia,Cliente_01611,2003-11-03 18:28:34
1612,M,GO,24428.0,Anápolis,Cliente_01612,1956-02-06 16:27:31
1613,M,DF,19929.0,Brasília,Cliente_01613,1983-04-16 22:06:38
1614,F,GO,12640.0,Rio Verde,Cliente_01614,1973-03-22 01:35:00
1615,M,BA,19511.0,Vitória da Conquista,Cliente_01615,1964-03-18 14:34:40
1616,F,GO,16347.0,Rio Verde,Cliente_01616,2007-06-14 10:20:26
1617,F,RJ,15923.0,Niterói,Cliente_01617,2000-11-22 18:19:38
1618,F,SC,2988.0,Blumenau,Cliente_01618,1979-10-17 03:08:56
1619,M,SC,10627.0,Blumenau,Cliente_01619,1957-04-09 10:26:46
1620,F,RS,21447.0,Porto Alegre,Cliente_01620,1991-01-13 10:12:49
1621,F,DF,11406.0,Brasília,Cliente_01621,1996-02-25 21:19:24
1622,M,BA,3302.0,Vitória da Conquista,Cliente_01622,1983-02-02 14:02:24
1623,M,RJ,17127.0,Rio de Janeiro,Cliente_01623,2003-04-16 18:11:59
1624,M,RJ,21475.0,Niterói,Cliente_01624,1991-09-28 16:49:49
1625,M,PE,5020.0,Petrolina,Cliente_01625,1958-02-12 15:46:02
1626,F,SP,7396.0,São Paulo,Cliente_01626,2005-09-14 07:37:37
1627,F,DF,24925.0,Brasília,Cliente_01627,1963-12-20 18:08:18
1628,F,RJ,16744.0,Rio de Janeiro,Cliente_01628,1982-09-17 09:06:35
1629,F,PR,4811.0,Curitiba,Cliente_01629,1959-11-28 12:58:10
1630,M,RJ,20189.0,Niterói,Cliente_01630,2000-10-04 11:48:55
1631,F,PE,19851.0,Petrolina,Cliente_01631,1966-08-08 18:18:28
1632,F,GO,9509.0,Anápolis,Cliente_01632,1982-11-29 18:47:14
1633,M,MG,13406.0,Belo Horizonte,Cliente_01633,1978-10-25 06:10:55
1634,F,MG,13727.0,Uberlândia,Cliente_01634,1987-01-25 03:25:09
1635,F,PR,6962.0,Londrina,Cliente_01635,1989-06-12 11:25:55
1636,F,PR,14560.0,Curitiba,Cliente_01636,1997-09-25 01:31:51
1637,F,RS,24781.0,Pelotas,Cliente_01637,1967-02-19 08:20:11
1638,F,MG,4958.0,Juiz de Fora,Cliente_01638,1986-09-22 05:52:35
1639,F,GO,22662.0,Anápolis,Cliente_01639,2003-12-21 03:02:30
1640,M,MG,5230.0,Juiz de Fora,Cliente_01640,1989-07-08 04:51:36
1641,M,SP,22249.0,São Paulo,Cliente_01641,1977-09-15 13:50:20
1642,F,DF,9047.0,Brasília,Cliente_01642,1988-12-26 11:17:11
1643,F,MG,1527.0,Juiz de Fora,Cliente_01643,1979-10-29 01:37:21
1644,M,SC,17008.0,Joinville,Cliente_01644,1973-04-22 03:18:27
1645,F,RS,21375.0,Porto Alegre,Cliente_01645,1977-01-30 20:25:55
1646,F,PE,7923.0,Recife,Cliente_01646,1995-06-30 15:46:53
1647,F,PR,23185.0,Curitiba,Cliente_01647,1970-01-22 02:45:27
1648,M,SP,13953.0,Campinas,Cliente_01648,1986-02-14 12:02:34
1649,F,PR,24044.0,Londrina,Cliente_01649,2001-04-09 15:33:05
1650,M,RS,19057.0,Pelotas,Cliente_01650,1976-03-01 12:08:06
1651,F,RJ,18222.0,Niterói,Cliente_01651,1979-09-13 03:59:30
1652,M,SP,10760.0,São Paulo,Cliente_01652,1971-10-03 20:46:16
1653,M,BA,17361.0,Feira de Santana,Cliente_01653,1993-03-10 00:59:32
1654,F,SP,18725.0,Campinas,Cliente_01654,1965-06-28 18:26:21
1655,M,RS,13976.0,Pelotas,Cliente_01655,1961-02-10 00:07:10
1656,F,PE,14438.0,Recife,Cliente_01656,1981-07-19 13:41:59
1657,M,SP,18177.0,Santos,Cliente_01657,1969-07-10 23:07:10
1658,F,RS,11549.0,Pelotas,Cliente_01658,1999-05-26 03:53:40
1659,F,GO,24442.0,Rio Verde,Cliente_01659,1955-01-12 23:22:56
1660,M,DF,,Brasília,Cliente_01660,1981-10-23 10:24:09
1661,F,MG,22782.0,Belo Horizonte,Cliente_01661,1963-06-21 17:38:03
1662,F,GO,22410.0,Rio Verde,Cliente_01662,1983-07-25 22:45:35
1663,M,RS,7114.0,Porto Alegre,Cliente_01663,1995-09-01 05:00:31
1664,F,SC,13183.0,Blumenau,Cliente_01664,1986-09-17 17:43:31
1665,F,RJ,,Campos,Cliente_01665,1986-05-06 19:52:22
1666,M,MG,5301.0,Belo Horizonte,Cliente_01666,1997-04-28 07:59:00
1667,M,SC,9780.0,Joinville,Cliente_01667,1991-03-15 14:01:13
1668,F,PE,8876.0,Petrolina,Cliente_01668,1955-04-01 11:28:45
1669,F,PR,11648.0,Londrina,Cliente_01669,1997-12-07 21:56:56
1670,M,BA,15560.0,Vitória da Conquista,Cliente_01670,1982-01-07 21:33:37
1671,M,MG,18783.0,Uberlândia,Cliente_01671,1959-03-26 04:25:55
1672,F,GO,21361.0,Anápolis,Cliente_01672,1956-04-28 20:57:46
1673,M,RJ,3244.0,Niterói,Cliente_01673,1987-05-10 00:39:16
1674,F,SC,23980.0,Joinville,Cliente_01674,2003-08-11 07:15:28
1675,F,RS,20137.0,Caxias do Sul,Cliente_01675,1975-10-03 15:33:12
1676,F,MG,13353.0,Belo Horizonte,Cliente_01676,1963-12-08 08:35:14
1677,F,PR,16163.0,Londrina,Cliente_01677,1996-07-04 17:31:59
1678,F,RS,3133.0,Porto Alegre,Cliente_01678,1972-10-29 03:29:55
1679,M,SC,24885.0,Blumenau,Cliente_01679,1959-06-21 16:14:27
1680,M,RJ,24904.0,Rio de Janeiro,Cliente_01680,1999-04-13 03:26:15
1681,M,SP,9649.0,Campinas,Cliente_01681,1999-10-28 10:50:29
1682,M,PR,16171.0,Curitiba,Cliente_01682,1979-01-29 09:31:26
1683,F,RS,6201.0,Caxias do Sul,Cliente_01683,1984-02-20 08:17:37
1684,F,PR,24619.0,Curitiba,Cliente_01684,1972-04-25 06:36:03
1685,F,PE,14849.0,Petrolina,Cliente_01685,1965-11-29 09:01:38
1686,F,RS,2513.0,Caxias do Sul,Cliente_01686,2006-11-04 15:15:31
1687,M,MG,17779.0,Uberlândia,Cliente_01687,2001-04-29 07:07:59
1688,F,SP,4799.0,São Paulo,Cliente_01688,1982-02-07 15:45:59
1689,F,SP,3006.0,São Paulo,Cliente_01689,1957-04-29 02:47:14
1690,M,BA,6303.0,Salvador,Cliente_01690,2002-12-05 08:47:48
1691,M,PR,18861.0,Curitiba,Cliente_01691,1967-02-12 13:59:12
1692,M,GO,19701.0,Goiânia,Cliente_01692,1990-09-13 18:27:08
1693,M,SP,16260.0,Campinas,Cliente_01693,1983-05-18 21:24:33
1694,F,SP,12326.0,Santos,Cliente_01694,1962-07-28 19:10:27
1695,F,PE,22785.0,Recife,Cliente_01695,1967-06-18 17:08:04
1696,M,DF,15321.0,Brasília,Cliente_01696,1999-01-05 00:02:42
1697,F,PE,14507.0,Caruaru,Cliente_01697,1982-03-11 19:27:25
1698,F,PE,17286.0,Petrolina,Cliente_01698,1975-12-16 00:08:27
1699,F,DF,10640.0,Brasília,Cliente_01699,1986-07-18 14:25:02
1700,M,PR,8298.0,Maringá,Cliente_01700,1983-02-03 15:05:53
1701,F,RS,18357.0,Porto Alegre,Cliente_01701,1987-04-21 13:58:44
1702,M,RJ,2067.0,Niterói,Cliente_01702,1983-02-18 02:13:07
1703,F,GO,13124.0,Anápolis,Cliente_01703,1984-08-31 13:27:59
1704,F,SP,13715.0,Campinas,Cliente_01704,1958-02-20 23:30:04
1705,F,BA,9466.0,Feira de Santana,Cliente_01705,2002-02-27 13:16:24
1706,M,GO,20142.0,Anápolis,Cliente_01706,1983-01-11 08:22:13
1707,F,RS,9620.0,Pelotas,Cliente_01707,2006-07-11 19:58:14
1708,M,DF,17779.0,Brasília,Cliente_01708,1968-12-02 09:59:57
1709,M,GO,12836.0,Rio Verde,Cliente_01709,1957-12-20 00:50:34
1710,M,SP,5810.0,Santos,Cliente_01710,2007-06-01 23:54:31
1711,F,GO,14687.0,Anápolis,Cliente_01711,1994-03-23 15:31:26
1712,F,RJ,15589.0,Campos,Cliente_01712,1961-08-15 16:36:29
1713,F,DF,3482.0,Brasília,Cliente_01713,1956-11-26 06:49:56
1714,F,GO,2596.0,Rio Verde,Cliente_01714,1975-07-31 09:20:55
1715,M,SP,24494.0,São Paulo,Cliente_01715,1968-09-19 07:35:53
1716,M,SP,15082.0,Santos,Cliente_01716,1963-09-11 06:39:20
1717,M,GO,21454.0,Goiânia,Cliente_01717,2002-01-19 04:21:05
1718,F,PR,7997.0,Londrina,Cliente_01718,1994-12-06 04:05:00
1719,M,BA,15045.0,Feira de Santana,Cliente_01719,1974-12-14 02:41:34
1720,F,SC,13082.0,Joinville,Cliente_01720,1987-12-10 00:48:59
1721,M,PE,16878.0,Caruaru,Cliente_01721,1958-12-03 10:06:44
1722,F,DF,12364.0,Brasília,Cliente_01722,1976-11-20 14:14:07
1723,F,SC,21530.0,Blumenau,Cliente_01723,1984-03-25 15:22:45
1724,M,RS,20303.0,Porto Alegre,Cliente_01724,1956-12-19 20:27:27
1725,M,RS,5779.0,Caxias do Sul,Cliente_01725,2004-04-09 20:30:59
1726,M,SP,18557.0,Campinas,Cliente_01726,1965-07-16 00:34:31
1727,M,RS,20686.0,Porto Alegre,Cliente_01727,1976-12-05 08:50:49
1728,F,PR,8812.0,Curitiba,Cliente_01728,1966-02-02 14:33:02
1729,M,BA,16940.0,Salvador,Cliente_01729,1959-02-26 08:48:18
1730,M,RS,3869.0,Porto Alegre,Cliente_01730,2003-09-18 06:39:24
1731,M,RJ,22414.0,Rio de Janeiro,Cliente_01731,1968-10-06 18:42:12
1732,F,BA,17692.0,Vitória da Conquista,Cliente_01732,1986-08-21 20:15:13
1733,F,PR,18950.0,Curitiba,Cliente_01733,1987-02-13 10:11:14
1734,M,SC,6932.0,Blumenau,Cliente_01734,2006-07-04 22:00:07
1735,F,BA,2187.0,Salvador,Cliente_01735,1998-08-01 03:26:02
1736,M,BA,14675.0,Salvador,Cliente_01736,1999-09-23 07:10:12
1737,F,SC,1568.0,Joinville,Cliente_01737,1971-10-06 07:27:25
1738,F,PR,11795.0,Londrina,Cliente_01738,1968-03-17 14:29:08
1739,F,RS,8274.0,Caxias do Sul,Cliente_01739,2004-12-17 17:26:48
1740,F,SP,18303.0,Campinas,Cliente_01740,1989-04-21 22:30:58
1741,M,DF,13690.0,Brasília,Cliente_01741,1958-12-16 19:14:19
1742,M,SC,12289.0,Joinville,Cliente_01742,1968-09-27 22:31:10
1743,M,SC,8391.0,Joinville,Cliente_01743,2003-04-26 21:15:05
1744,F,SC,23477.0,Florianópolis,Cliente_01744,2004-08-17 04:08:22
1745,M,SC,11816.0,Florianópolis,Cliente_01745,1958-05-27 09:31:35
1746,M,DF,23988.0,Brasília,Cliente_01746,1958-07-30 21:00:31
1747,M,DF,21776.0,Brasília,Cliente_01747,1993-12-15 18:26:12
1748,F,RS,1939.0,Caxias do Sul,Cliente_01748,1960-06-29 11:54:02
1749,F,GO,19092.0,Anápolis,Cliente_01749,1996-08-11 16:13:25
1750,F,GO,20447.0,Anápolis,Cliente_01750,1999-05-18 03:50:52
1751,M,MG,8966.0,Belo Horizonte,Cliente_01751,1956-02-13 18:03:55
1752,M,SC,19137.0,Joinville,Cliente_01752,2001-01-31 22:39:14
1753,M,SC,4709.0,Joinville,Cliente_01753,1973-01-02 10:42:16
1754,F,BA,5049.0,Salvador,Cliente_01754,1989-12-14 04:25:53
1755,F,GO,18498.0,Goiânia,Cliente_01755,1964-01-17 03:52:34
1756,M,RS,4578.0,Pelotas,Cliente_01756,1989-01-01 10:13:42
1757,F,SP,4990.0,Campinas,Cliente_01757,1992-05-24 03:48:45
1758,F,MG,5043.0,Belo Horizonte,Cliente_01758,1975-10-30 12:57:29
1759,F,MG,19784.0,Juiz de Fora,Cliente_01759,1979-12-09 08:46:15
1760,F,RS,23564.0,Porto Alegre,Cliente_01760,1980-02-20 04:15:32
1761,M,SP,8251.0,Santos,Cliente_01761,1967-04-06 14:38:28
1762,F,BA,16406.0,Vitória da Conquista,Cliente_01762,1996-12-15 00:51:15
1763,F,DF,23746.0,Brasília,Cliente_01763,1990-02-20 09:02:48
1764,F,PE,19596.0,Caruaru,Cliente_01764,1972-10-01 11:46:04
1765,F,GO,15925.0,Anápolis,Cliente_01765,1969-08-06 20:01:31
1766,M,SC,20213.0,Blumenau,Cliente_01766,1973-01-27 17:49:03
1767,M,RS,13311.0,Caxias do Sul,Cliente_01767,1990-11-08 07:50:31
1768,F,GO,19078.0,Goiânia,Cliente_01768,2007-04-04 07:56:39
1769,F,SC,8281.0,Florianópolis,Cliente_01769,1982-08-21 18:21:35
1770,F,PE,22790.0,Petrolina,Cliente_01770,1994-04-17 15:24:49
1771,F,PE,19262.0,Petrolina,Cliente_01771,1975-09-27 13:20:29
1772,F,DF,17063.0,Brasília,Cliente_01772,1968-04-21 04:19:51
1773,F,PR,16297.0,Curitiba,Cliente_01773,2004-05-13 09:23:14
1774,M,PE,18633.0,Recife,Cliente_01774,1986-08-19 17:58:53
1775,F,GO,23176.0,Rio Verde,Cliente_01775,1982-08-16 05:30:50
1776,M,RJ,1800.0,Rio de Janeiro,Cliente_01776,1994-12-13 20:52:36
1777,M,RJ,6195.0,Rio de Janeiro,Cliente_01777,2000-06-15 10:41:30
1778,F,SC,13674.0,Blumenau,Cliente_01778,1958-09-10 19:11:47
1779,M,SC,17722.0,Joinville,Cliente_01779,1995-03-01 17:54:38
1780,M,PR,22508.0,Curitiba,Cliente_01780,1997-08-29 19:29:04
1781,M,RJ,21721.0,Niterói,Cliente_01781,1967-10-13 16:28:55
1782,M,SC,18161.0,Joinville,Cliente_01782,1978-02-20 03:31:45
1783,M,PE,12250.0,Recife,Cliente_01783,1969-04-17 19:13:19
1784,M,SC,21801.0,Joinville,Cliente_01784,1998-08-24 18:47:54
1785,F,MG,8807.0,Juiz de Fora,Cliente_01785,2003-02-21 22:42:11
1786,M,PR,20045.0,Curitiba,Cliente_01786,1970-10-21 01:26:42
1787,M,RS,15318.0,Porto Alegre,Cliente_01787,1964-01-27 17:23:40
1788,M,SP,2889.0,Campinas,Cliente_01788,1981-05-22 21:23:52
1789,F,BA,10382.0,Salvador,Cliente_01789,2001-10-31 17:23:22
1790,M,SP,22616.0,São Paulo,Cliente_01790,1978-02-02 09:40:23
1791,F,SP,21352.0,Campinas,Cliente_01791,1980-08-14 11:51:25
1792,M,DF,11540.0,Brasília,Cliente_01792,1969-06-26 20:21:58
1793,F,RS,7641.0,Caxias do Sul,Cliente_01793,1984-07-08 16:30:16
1794,F,SC,14610.0,Florianópolis,Cliente_01794,1962-10-13 14:50:01
1795,M,DF,7469.0,Brasília,Cliente_01795,1984-05-27 10:02:01
1796,M,SP,14662.0,São Paulo,Cliente_01796,1966-08-18 22:26:24
1797,F,MG,21700.0,Juiz de Fora,Cliente_01797,1995-11-13 11:52:30
1798,M,BA,10631.0,Vitória da Conquista,Cliente_01798,1976-02-03 04:40:58
1799,F,SP,6537.0,São Paulo,Cliente_01799,1988-09-03 01:45:14
1800,F,RJ,23878.0,Rio de Janeiro,Cliente_01800,1994-04-14 19:03:02
1801,F,RS,16193.0,Pelotas,Cliente_01801,1984-01-18 11:17:28
1802,F,RS,3951.0,Caxias do Sul,Cliente_01802,1995-06-07 02:51:57
1803,F,RS,1524.0,Porto Alegre,Cliente_01803,1959-12-05 23:13:08
1804,M,PR,7462.0,Maringá,Cliente_01804,1978-08-15 11:14:57
1805,F,PR,4056.0,Maringá,Cliente_01805,1978-04-08 08:52:45
1806,F,PE,17944.0,Recife,Cliente_01806,1985-08-20 10:32:30
1807,M,GO,9175.0,Goiânia,Cliente_01807,1989-08-08 16:42:30
1808,F,BA,18006.0,Vitória da Conquista,Cliente_01808,1960-01-05 22:52:28
1809,M,DF,7116.0,Brasília,Cliente_01809,1999-08-07 12:44:20
1810,M,SC,11794.0,Florianópolis,Cliente_01810,1997-11-30 09:50:06
1811,M,SP,19070.0,Campinas,Cliente_01811,1992-04-14 12:43:33
1812,F,GO,15510.0,Goiânia,Cliente_01812,1959-11-12 02:28:43
1813,F,SC,23042.0,Blumenau,Cliente_01813,1993-01-21 21:14:08
1814,F,DF,14894.0,Brasília,Cliente_01814,1968-11-28 09:29:41
1815,M,GO,11422.0,Rio Verde,Cliente_01815,2003-04-28 10:20:39
1816,F,SC,5589.0,Florianópolis,Cliente_01816,1962-02-13 04:30:42
1817,M,MG,15948.0,Juiz de Fora,Cliente_01817,1960-01-09 06:01:47
1818,F,PR,3972.0,Londrina,Cliente_01818,2007-01-27 09:19:40
1819,M,DF,11969.0,Brasília,Cliente_01819,1965-02-06 20:23:55
1820,F,BA,8950.0,Salvador,Cliente_01820,2002-05-06 01:14:46
1821,F,RJ,4464.0,Rio de Janeiro,Cliente_01821,1988-10-28 21:13:12
1822,F,MG,9604.0,Juiz de Fora,Cliente_01822,1989-03-25 04:17:04
1823,M,PR,19194.0,Londrina,Cliente_01823,1963-08-23 20:58:28
1824,M,RS,3712.0,Porto Alegre,Cliente_01824,1996-03-06 06:49:59
1825,F,PR,10954.0,Maringá,Cliente_01825,1980-04-11 17:47:24
1826,F,GO,8292.0,Goiânia,Cliente_01826,1995-04-25 18:32:28
1827,M,PE,11054.0,Caruaru,Cliente_01827,2000-08-05 13:47:32
1828,M,MG,10203.0,Juiz de Fora,Cliente_01828,1981-10-27 07:19:57
1829,M,RS,14719.0,Porto Alegre,Cliente_01829,1994-06-13 21:52:31
1830,F,GO,16899.0,Rio Verde,Cliente_01830,1964-07-25 10:48:51
1831,M,DF,19729.0,Brasília,Cliente_01831,1984-01-09 04:13:08
1832,F,BA,9160.0,Vitória da Conquista,Cliente_01832,1955-08-27 12:02:26
1833,M,PR,3202.0,Londrina,Cliente_01833,2005-04-04 10:52:13
1834,F,DF,18274.0,Brasília,Cliente_01834,1961-07-01 16:31:23
1835,M,RS,18538.0,Caxias do Sul,Cliente_01835,1973-10-20 14:51:11
1836,M,GO,23719.0,Goiânia,Cliente_01836,1996-04-15 13:37:33
1837,M,PE,5771.0,Petrolina,Cliente_01837,2003-02-16 22:02:02
1838,M,PR,10455.0,Maringá,Cliente_01838,1970-06-27 23:26:50
1839,M,BA,21284.0,Vitória da Conquista,Cliente_01839,1986-06-29 14:46:49
1840,F,PE,23203.0,Recife,Cliente_01840,1987-07-06 09:45:38
1841,M,SC,12959.0,Joinville,Cliente_01841,1985-05-10 04:39:58
1842,M,GO,24616.0,Anápolis,Cliente_01842,1990-01-19 22:03:45
1843,M,DF,,Brasília,Cliente_01843,1963-03-29 09:20:57
1844,F,PR,18969.0,Maringá,Cliente_01844,1988-04-17 19:29:57
1845,M,PR,6946.0,Curitiba,Cliente_01845,1996-04-25 17:59:37
1846,F,RS,22260.0,Pelotas,Cliente_01846,1957-09-16 07:20:05
1847,M,BA,3463.0,Feira de Santana,Cliente_01847,1999-12-07 05:41:44
1848,M,RJ,11477.0,Campos,Cliente_01848,1978-02-18 07:43:27
1849,F,SC,11966.0,Blumenau,Cliente_01849,1992-05-15 09:59:44
1850,M,PE,6677.0,Petrolina,Cliente_01850,1985-02-10 02:18:26
1851,F,MG,12660.0,Uberlândia,Cliente_01851,1962-03-06 21:27:08
1852,F,MG,6072.0,Belo Horizonte,Cliente_01852,2007-07-11 15:52:16
1853,M,PR,9043.0,Maringá,Cliente_01853,1970-08-26 23:25:10
1854,F,RS,10407.0,Caxias do Sul,Cliente_01854,1971-12-28 21:24:33
1855,M,SP,18126.0,Santos,Cliente_01855,1972-12-16 00:33:14
1856,M,PR,8010.0,Curitiba,Cliente_01856,1958-12-06 10:44:10
1857,F,MG,21799.0,Juiz de Fora,Cliente_01857,1989-07-25 14:06:51
1858,F,MG,18721.0,Belo Horizonte,Cliente_01858,1958-03-01 18:50:59
1859,F,SC,4823.0,Joinville,Cliente_01859,1968-06-14 20:34:05
1860,F,DF,20837.0,Brasília,Cliente_01860,2004-07-14 03:18:36
1861,M,SP,11037.0,São Paulo,Cliente_01861,1958-05-23 00:54:02
1862,M,PR,12115.0,Curitiba,Cliente_01862,2006-04-24 14:16:51
1863,F,SC,2932.0,Joinville,Cliente_01863,1998-05-17 10:56:50
1864,M,RS,24738.0,Porto Alegre,Cliente_01864,1993-03-17 18:11:53
1865,M,SC,9155.0,Florianópolis,Cliente_01865,1965-08-25 15:42:19
1866,M,PR,9931.0,Londrina,Cliente_01866,1955-12-25 09:58:58
1867,M,GO,9830.0,Goiânia,Cliente_01867,1993-04-19 18:21:08
1868,F,RJ,12885.0,Rio de Janeiro,Cliente_01868,1962-09-05 08:57:41
1869,F,PR,10111.0,Maringá,Cliente_01869,1987-10-07 23:12:28
1870,M,BA,15372.0,Salvador,Cliente_01870,1963-07-20 13:57:08
1871,F,MG,18187.0,Belo Horizonte,Cliente_01871,1992-05-29 03:49:42
1872,F,SP,3662.0,São Paulo,Cliente_01872,1973-12-29 21:42:11
1873,F,SP,7986.0,Campinas,Cliente_01873,1971-10-13 23:20:36
1874,M,DF,5602.0,Brasília,Cliente_01874,1962-12-01 04:36:37
1875,M,RJ,24758.0,Rio de Janeiro,Cliente_01875,1990-01-26 20:46:00
1876,M,BA,17448.0,Feira de Santana,Cliente_01876,1991-10-17 17:39:43
1877,F,MG,11918.0,Uberlândia,Cliente_01877,1984-09-22 12:40:41
1878,M,SP,2668.0,São Paulo,Cliente_01878,1999-01-28 23:01:01
1879,M,BA,1915.0,Salvador,Cliente_01879,1987-11-24 22:00:10
1880,F,SC,12405.0,Florianópolis,Cliente_01880,1993-05-10 17:33:36
1881,M,DF,14932.0,Brasília,Cliente_01881,1992-12-29 19:22:03
1882,M,PR,6743.0,Curitiba,Cliente_01882,2004-08-13 06:01:46
1883,F,PR,18033.0,Curitiba,Cliente_01883,1965-01-13 12:17:10
1884,F,GO,24408.0,Goiânia,Cliente_01884,1988-12-20 23:11:25
1885,F,MG,7399.0,Belo Horizonte,Cliente_01885,1975-04-11 00:32:42
1886,M,BA,2338.0,Feira de Santana,Cliente_01886,1971-05-31 08:57:16
1887,M,PE,7644.0,Petrolina,Cliente_01887,1957-04-03 06:25:54
1888,M,SP,11388.0,Campinas,Cliente_01888,1970-06-13 19:27:33
1889,F,RS,14031.0,Porto Alegre,Cliente_01889,1986-01-06 22:49:34
1890,F,RS,17435.0,Pelotas,Cliente_01890,1997-05-07 10:17:17
1891,M,PR,8966.0,Maringá,Cliente_01891,2000-06-18 05:43:59
1892,M,PE,16595.0,Recife,Cliente_01892,2003-01-04 12:35:27
1893,F,RS,12693.0,Porto Alegre,Cliente_01893,1984-09-21 19:33:20
1894,F,RJ,2820.0,Niterói,Cliente_01894,1963-03-17 09:50:52
1895,F,RJ,14764.0,Campos,Cliente_01895,1962-11-26 04:19:45
1896,F,MG,13727.0,Juiz de Fora,Cliente_01896,1992-06-03 14:42:48
1897,M,PE,19407.0,Recife,Cliente_01897,1986-02-11 19:32:38
1898,F,RJ,6734.0,Rio de Janeiro,Cliente_01898,2007-09-26 16:19:00
1899,M,RJ,13570.0,Campos,Cliente_01899,1964-03-01 16:45:07
1900,M,PR,7644.0,Maringá,Cliente_01900,1975-01-25 04:30:09
1901,M,RS,2052.0,Porto Alegre,Cliente_01901,2007-11-11 13:32:01
1902,F,MG,21640.0,Belo Horizonte,Cliente_01902,1963-03-21 07:41:29
1903,F,BA,21555.0,Salvador,Cliente_01903,1986-07-20 15:19:03
1904,F,SC,18365.0,Joinville,Cliente_01904,1955-11-27 12:51:32
1905,F,SP,17469.0,Campinas,Cliente_01905,1970-02-10 18:19:51
1906,M,SP,2099.0,São Paulo,Cliente_01906,1975-06-07 03:48:49
1907,F,DF,16598.0,Brasília,Cliente_01907,1989-09-08 22:22:02
1908,F,SC,16300.0,Joinville,Cliente_01908,1997-05-09 00:16:42
1909,M,SC,10856.0,Blumenau,Cliente_01909,1962-05-27 11:28:50
1910,F,SP,14370.0,Santos,Cliente_01910,1976-01-18 20:57:14
1911,M,SP,13924.0,São Paulo,Cliente_01911,1973-09-09 05:20:07
1912,M,BA,3482.0,Vitória da Conquista,Cliente_01912,1957-05-17 21:16:55
1913,M,PE,19518.0,Petrolina,Cliente_01913,1998-03-18 15:46:08
1914,M,PE,9330.0,Petrolina,Cliente_01914,1978-01-20 11:27:50
1915,M,BA,4497.0,Vitória da Conquista,Cliente_01915,1973-04-10 18:34:28
1916,M,RS,18570.0,Pelotas,Cliente_01916,1985-10-22 17:05:35
1917,M,SC,13106.0,Joinville,Cliente_01917,2003-12-10 10:25:51
1918,M,GO,23413.0,Anápolis,Cliente_01918,1990-04-17 10:15:17
1919,F,SC,3259.0,Florianópolis,Cliente_01919,1986-09-09 04:52:45
1920,F,DF,8523.0,Brasília,Cliente_01920,2000-01-11 10:59:39
1921,F,SP,24092.0,Santos,Cliente_01921,1979-10-18 21:11:17
1922,F,SC,15392.0,Joinville,Cliente_01922,1976-08-17 08:00:50
1923,M,SP,20364.0,Campinas,Cliente_01923,1981-05-10 15:32:48
1924,F,SC,16909.0,Joinville,Cliente_01924,2000-06-14 01:27:24
1925,M,DF,11029.0,Brasília,Cliente_01925,1991-05-18 23:41:05
1926,F,RS,1614.0,Pelotas,Cliente_01926,1986-09-11 19:14:33
1927,F,GO,13649.0,Anápolis,Cliente_01927,1984-03-28 03:14:13
1928,F,RJ,18452.0,Rio de Janeiro,Cliente_01928,1963-11-26 00:39:30
1929,M,BA,17201.0,Salvador,Cliente_01929,1984-06-04 06:03:22
1930,F,BA,11245.0,Vitória da Conquista,Cliente_01930,1969-02-18 20:05:25
1931,M,GO,4189.0,Goiânia,Cliente_01931,1993-08-14 16:11:57
1932,M,SC,,Joinville,Cliente_01932,1973-05-14 17:18:09
1933,F,RJ,21224.0,Campos,Cliente_01933,1976-12-23 20:40:47
1934,F,DF,4488.0,Brasília,Cliente_01934,1994-03-06 23:05:59
1935,F,PE,4651.0,Recife,Cliente_01935,1993-12-18 23:47:24
1936,M,SC,13219.0,Blumenau,Cliente_01936,1971-09-27 15:16:16
1937,F,RS,17158.0,Caxias do Sul,Cliente_01937,1966-02-22 04:40:05
1938,M,SP,20899.0,São Paulo,Cliente_01938,1999-06-04 20:40:31
1939,M,MG,10513.0,Uberlândia,Cliente_01939,2000-05-26 08:49:17
1940,F,SC,7845.0,Florianópolis,Cliente_01940,1955-06-07 11:52:48
1941,F,MG,5074.0,Juiz de Fora,Cliente_01941,1990-11-19 18:56:56
1942,M,SC,9338.0,Florianópolis,Cliente_01942,1968-12-13 00:54:36
1943,M,GO,19492.0,Goiânia,Cliente_01943,1983-07-26 01:49:00
1944,M,MG,18443.0,Belo Horizonte,Cliente_01944,1988-12-06 12:12:56
1945,F,SC,14829.0,Blumenau,Cliente_01945,2001-12-22 04:43:49
1946,M,BA,24505.0,Salvador,Cliente_01946,1981-05-01 23:40:40
1947,F,MG,16323.0,Uberlândia,Cliente_01947,1973-07-12 08:52:45
1948,M,SC,7065.0,Blumenau,Cliente_01948,1978-05-06 13:59:00
1949,M,PE,5935.0,Petrolina,Cliente_01949,1988-07-26 17:00:40
1950,F,SP,7150.0,Campinas,Cliente_01950,1986-11-02 15:26:37
1951,M,PE,19765.0,Petrolina,Cliente_01951,2006-04-08 17:20:13
1952,F,RJ,22053.0,Rio de Janeiro,Cliente_01952,1993-12-14 04:07:31
1953,F,SC,21747.0,Blumenau,Cliente_01953,1962-07-31 10:10:41
1954,M,PR,8936.0,Londrina,Cliente_01954,1967-08-05 15:26:57
1955,F,RS,5208.0,Pelotas,Cliente_01955,1971-05-30 09:15:42
1956,F,PE,15951.0,Caruaru,Cliente_01956,2001-06-30 19:34:01
1957,M,MG,3209.0,Juiz de Fora,Cliente_01957,1981-12-09 06:27:11
1958,F,GO,11453.0,Anápolis,Cliente_01958,1960-03-20 17:14:26
1959,F,RS,3192.0,Pelotas,Cliente_01959,1977-09-14 18:14:40
1960,F,PR,17023.0,Curitiba,Cliente_01960,1973-05-01 06:12:12
1961,M,DF,15822.0,Brasília,Cliente_01961,1976-01-18 16:42:29
1962,F,SC,10937.0,Joinville,Cliente_01962,1962-07-08 09:19:38
1963,M,GO,1625.0,Anápolis,Cliente_01963,1975-09-17 08:50:36
1964,M,SC,14444.0,Blumenau,Cliente_01964,1956-05-12 01:06:14
1965,F,RJ,2699.0,Campos,Cliente_01965,2007-03-24 01:56:24
1966,F,PR,7592.0,Maringá,Cliente_01966,1964-10-01 07:50:05
1967,F,SC,17875.0,Florianópolis,Cliente_01967,1962-08-30 21:07:34
1968,M,MG,4211.0,Juiz de Fora,Cliente_01968,2004-07-17 10:17:07
1969,F,RJ,10682.0,Niterói,Cliente_01969,1972-04-10 14:51:57
1970,F,BA,24112.0,Vitória da Conquista,Cliente_01970,1958-07-22 01:14:59
1971,F,DF,7495.0,Brasília,Cliente_01971,1964-07-03 14:44:07
1972,F,PR,9682.0,Curitiba,Cliente_01972,1979-01-24 05:19:47
1973,F,SP,7002.0,Santos,Cliente_01973,1973-02-19 13:49:04
1974,M,GO,14420.0,Rio Verde,Cliente_01974,1970-01-08 09:59:59
1975,M,PE,23644.0,Caruaru,Cliente_01975,1965-11-04 10:31:52
1976,F,SC,23466.0,Blumenau,Cliente_01976,1995-12-19 01:05:54
1977,F,GO,20382.0,Goiânia,Cliente_01977,2002-02-09 00:34:56
1978,F,GO,4065.0,Rio Verde,Cliente_01978,1995-09-01 22:50:32
1979,F,SP,24873.0,Santos,Cliente_01979,1965-09-24 11:33:46
1980,M,SP,22674.0,Campinas,Cliente_01980,1960-11-16 09:12:58
1981,F,RJ,12289.0,Campos,Cliente_01981,1991-02-18 02:13:01
1982,M,PR,6524.0,Londrina,Cliente_01982,2007-01-11 18:58:38
1983,M,MG,2531.0,Uberlândia,Cliente_01983,1979-11-18 10:32:12
1984,F,DF,2741.0,Brasília,Cliente_01984,1988-06-06 14:17:49
1985,M,SP,3242.0,Santos,Cliente_01985,1975-02-03 23:38:33
1986,M,SP,7209.0,Campinas,Cliente_01986,1971-04-25 12:40:15
1987,M,PE,23883.0,Caruaru,Cliente_01987,1992-11-29 14:42:28
1988,M,BA,16239.0,Vitória da Conquista,Cliente_01988,1977-06-15 06:02:03
1989,F,SP,13330.0,Santos,Cliente_01989,2005-06-07 14:17:50
1990,F,BA,21974.0,Salvador,Cliente_01990,1996-07-29 22:17:01
1991,M,RJ,15278.0,Rio de Janeiro,Cliente_01991,1979-06-01 03:51:52
1992,F,MG,9660.0,Uberlândia,Cliente_01992,1991-05-06 05:59:14
1993,F,GO,24767.0,Anápolis,Cliente_01993,1978-05-05 16:45:41
1994,F,SP,13875.0,Santos,Cliente_01994,1997-09-13 00:40:42
1995,F,SC,23013.0,Florianópolis,Cliente_01995,1994-12-16 13:45:15
1996,F,BA,5903.0,Salvador,Cliente_01996,1981-11-02 00:13:15
1997,M,PE,24461.0,Petrolina,Cliente_01997,1992-04-06 20:06:14
1998,F,DF,6397.0,Brasília,Cliente_01998,1960-04-16 03:45:08
1999,F,PE,1663.0,Petrolina,Cliente_01999,1958-03-22 23:18:51
2000,F,SP,4810.0,Santos,Cliente_02000,1957-08-26 09:52:07
2001,F,PR,21272.0,Maringá,Cliente_02001,1977-08-13 21:51:59
2002,M,GO,18879.0,Goiânia,Cliente_02002,1960-05-24 21:33:57
2003,M,MG,16491.0,Juiz de Fora,Cliente_02003,1989-10-26 14:29:51
2004,M,SC,24045.0,Blumenau,Cliente_02004,1955-05-24 13:35:07
2005,M,PR,19761.0,Curitiba,Cliente_02005,1982-09-09 16:56:44
2006,F,PE,21148.0,Petrolina,Cliente_02006,1981-10-09 02:48:06
2007,M,BA,19232.0,Salvador,Cliente_02007,1973-04-26 11:05:15
2008,F,BA,3751.0,Salvador,Cliente_02008,1989-08-23 00:05:16
2009,F,PR,12592.0,Maringá,Cliente_02009,1968-09-26 05:41:53
2010,F,BA,8090.0,Vitória da Conquista,Cliente_02010,1979-08-19 10:28:38
2011,F,PE,9158.0,Caruaru,Cliente_02011,2005-12-28 10:28:32
2012,F,PR,18316.0,Londrina,Cliente_02012,1993-09-15 07:39:24
2013,M,PE,23627.0,Recife,Cliente_02013,1966-08-17 04:51:59
2014,M,SC,6747.0,Florianópolis,Cliente_02014,1966-01-17 10:57:02
2015,M,GO,9215.0,Anápolis,Cliente_02015,1987-02-11 14:29:15
2016,M,DF,5317.0,Brasília,Cliente_02016,1999-05-22 10:34:40
2017,F,SC,,Florianópolis,Cliente_02017,1955-10-19 02:49:42
2018,M,SC,6100.0,Joinville,Cliente_02018,1965-09-03 21:32:36
2019,F,BA,11482.0,Vitória da Conquista,Cliente_02019,1973-01-16 04:32:16
2020,M,SP,2494.0,Santos,Cliente_02020,1963-01-02 10:20:13
2021,F,RS,22202.0,Pelotas,Cliente_02021,1993-03-04 03:24:30
2022,F,BA,6231.0,Salvador,Cliente_02022,1972-03-05 21:11:24
2023,M,SP,23952.0,Santos,Cliente_02023,1965-01-14 02:02:24
2024,F,PE,9170.0,Recife,Cliente_02024,1992-11-13 21:02:25
2025,F,RS,22651.0,Pelotas,Cliente_02025,1960-06-12 02:32:58
2026,M,BA,18841.0,Salvador,Cliente_02026,1999-02-02 08:11:37
2027,F,RS,9787.0,Porto Alegre,Cliente_02027,1992-10-09 05:08:40
2028,M,RS,20038.0,Caxias do Sul,Cliente_02028,1973-05-04 17:38:03
2029,M,RJ,18515.0,Niterói,Cliente_02029,1961-11-03 17:26:58
2030,M,GO,13376.0,Anápolis,Cliente_02030,1957-08-11 00:33:09
2031,F,RJ,23929.0,Rio de Janeiro,Cliente_02031,1999-02-08 07:02:49
2032,F,SP,18581.0,Campinas,Cliente_02032,1995-09-15 09:37:41
2033,F,MG,17915.0,Uberlândia,Cliente_02033,1989-02-10 11:59:34
2034,M,PR,17352.0,Londrina,Cliente_02034,2007-09-20 21:33:45
2035,F,DF,24093.0,Brasília,Cliente_02035,1967-06-26 19:07:38
2036,M,MG,14990.0,Belo Horizonte,Cliente_02036,1982-05-26 09:30:06
2037,M,PR,22758.0,Curitiba,Cliente_02037,1984-08-13 12:43:46
2038,F,SP,7062.0,Campinas,Cliente_02038,1965-09-07 07:31:35
2039,M,SP,10240.0,Campinas,Cliente_02039,1984-12-10 06:24:14
2040,F,PE,3748.0,Recife,Cliente_02040,2007-11-16 22:52:37
2041,F,DF,7692.0,Brasília,Cliente_02041,1969-02-19 11:43:01
2042,F,GO,11395.0,Goiânia,Cliente_02042,1992-04-24 21:50:02
2043,F,RS,7906.0,Caxias do Sul,Cliente_02043,1972-08-06 08:34:42
2044,F,RJ,2656.0,Niterói,Cliente_02044,1979-02-15 20:32:47
2045,M,RJ,15818.0,Niterói,Cliente_02045,1994-02-11 14:01:14
2046,M,SP,10035.0,São Paulo,Cliente_02046,1982-01-27 23:52:28
2047,M,RJ,6795.0,Niterói,Cliente_02047,1982-04-03 03:14:47
2048,F,SP,13764.0,São Paulo,Cliente_02048,1998-10-10 20:28:06
2049,F,RS,7654.0,Pelotas,Cliente_02049,1962-12-19 15:05:13
2050,F,SP,20132.0,Campinas,Cliente_02050,1963-05-12 16:10:38
2051,M,PE,10636.0,Petrolina,Cliente_02051,1982-12-01 04:27:21
2052,F,GO,14713.0,Goiânia,Cliente_02052,1982-05-29 06:17:26
2053,M,SC,13572.0,Blumenau,Cliente_02053,1955-06-08 23:45:06
2054,M,BA,11742.0,Feira de Santana,Cliente_02054,1992-06-19 03:22:01
2055,F,GO,4785.0,Rio Verde,Cliente_02055,1956-07-16 03:47:25
2056,F,GO,11022.0,Rio Verde,Cliente_02056,1986-09-10 21:06:26
2057,M,MG,3503.0,Juiz de Fora,Cliente_02057,1970-05-02 03:43:16
2058,F,DF,21499.0,Brasília,Cliente_02058,1996-04-15 00:31:55
2059,M,DF,11479.0,Brasília,Cliente_02059,2005-12-02 03:06:48
2060,F,PR,11938.0,Curitiba,Cliente_02060,1970-02-10 03:06:52
2061,F,BA,15727.0,Feira de Santana,Cliente_02061,1957-06-14 16:59:20
2062,M,RS,5172.0,Porto Alegre,Cliente_02062,1967-05-05 07:00:09
2063,F,SC,8958.0,Blumenau,Cliente_02063,1976-06-27 11:49:08
2064,M,SC,20039.0,Blumenau,Cliente_02064,1986-02-14 04:35:55
2065,F,DF,4979.0,Brasília,Cliente_02065,1992-05-10 12:27:25
2066,M,GO,16387.0,Goiânia,Cliente_02066,1964-08-19 04:16:36
2067,M,PE,1551.0,Recife,Cliente_02067,1983-05-16 06:24:37
2068,F,PR,3659.0,Maringá,Cliente_02068,1958-01-29 05:17:32
2069,M,SP,5890.0,Campinas,Cliente_02069,1964-04-07 01:36:37
2070,F,PR,21535.0,Curitiba,Cliente_02070,1994-08-18 23:14:53
2071,F,MG,17580.0,Juiz de Fora,Cliente_02071,1966-06-29 16:19:22
2072,F,PR,3612.0,Maringá,Cliente_02072,1976-11-15 09:43:56
2073,M,GO,14252.0,Anápolis,Cliente_02073,1964-05-24 14:31:08
2074,M,RS,16093.0,Pelotas,Cliente_02074,2000-10-25 07:54:39
2075,F,GO,23649.0,Goiânia,Cliente_02075,2000-11-02 15:24:27
2076,F,DF,16839.0,Brasília,Cliente_02076,1976-04-23 11:56:45
2077,M,RS,2854.0,Pelotas,Cliente_02077,2000-03-17 10:09:41
2078,F,RJ,7120.0,Campos,Cliente_02078,1957-02-25 16:54:40
2079,F,RS,5254.0,Pelotas,Cliente_02079,1984-08-05 02:53:49
2080,M,PR,18093.0,Maringá,Cliente_02080,1984-06-16 03:22:01
2081,F,PR,17667.0,Londrina,Cliente_02081,1974-02-28 06:45:31
2082,M,PR,24116.0,Curitiba,Cliente_02082,1971-12-11 06:14:41
2083,F,RJ,24055.0,Campos,Cliente_02083,1985-12-08 14:39:04
2084,M,DF,1737.0,Brasília,Cliente_02084,1973-10-13 17:49:54
2085,F,SP,10027.0,São Paulo,Cliente_02085,1992-10-20 12:55:37
2086,F,BA,9575.0,Feira de Santana,Cliente_02086,1960-12-03 11:52:10
2087,M,DF,19460.0,Brasília,Cliente_02087,2003-01-08 12:52:17
2088,F,PR,10191.0,Curitiba,Cliente_02088,1956-10-31 02:20:55
2089,M,DF,11256.0,Brasília,Cliente_02089,1996-01-11 02:41:55
2090,F,MG,5040.0,Uberlândia,Cliente_02090,1999-03-11 13:39:54
2091,M,SC,10827.0,Florianópolis,Cliente_02091,1956-06-15 02:29:37
2092,M,SC,12040.0,Florianópolis,Cliente_02092,1965-01-23 22:33:23
2093,M,BA,8757.0,Vitória da Conquista,Cliente_02093,2003-08-28 16:45:26
2094,M,BA,18033.0,Salvador,Cliente_02094,1996-05-05 11:40:14
2095,F,SP,13220.0,Santos,Cliente_02095,2004-08-22 03:16:29
2096,F,MG,3124.0,Juiz de Fora,Cliente_02096,1958-06-30 18:01:10
2097,M,GO,9161.0,Goiânia,Cliente_02097,1963-05-06 10:18:08
2098,M,DF,20458.0,Brasília,Cliente_02098,1978-04-06 07:40:12
2099,M,RS,22312.0,Pelotas,Cliente_02099,1968-11-02 21:44:27
2100,F,RS,9029.0,Porto Alegre,Cliente_02100,1958-07-03 03:37:04
2101,F,GO,22153.0,Rio Verde,Cliente_02101,1966-05-05 17:50:26
2102,F,SC,15154.0,Blumenau,Cliente_02102,1973-03-27 17:21:05
2103,F,GO,3608.0,Anápolis,Cliente_02103,1998-12-13 13:37:35
2104,M,DF,5447.0,Brasília,Cliente_02104,1978-09-19 09:32:38
2105,M,MG,9399.0,Uberlândia,Cliente_02105,2007-02-05 23:33:42
2106,M,PR,14872.0,Curitiba,Cliente_02106,1972-09-16 08:28:52
2107,F,RJ,6414.0,Campos,Cliente_02107,2003-06-07 01:24:31
2108,F,PR,8167.0,Londrina,Cliente_02108,1988-06-04 00:21:59
2109,F,RJ,3763.0,Niterói,Cliente_02109,1985-07-12 07:02:47
2110,M,RS,5315.0,Caxias do Sul,Cliente_02110,1955-01-07 05:17:40
2111,M,BA,2077.0,Vitória da Conquista,Cliente_02111,2001-03-21 05:25:13
2112,F,DF,16529.0,Brasília,Cliente_02112,1966-02-14 01:30:37
2113,M,PR,18306.0,Curitiba,Cliente_02113,1959-07-23 12:59:04
2114,F,GO,4263.0,Rio Verde,Cliente_02114,1978-03-17 09:19:33
2115,F,MG,19113.0,Juiz de Fora,Cliente_02115,1972-10-22 07:05:42
2116,M,MG,17145.0,Uberlândia,Cliente_02116,2005-12-22 02:35:34
2117,F,SC,21060.0,Blumenau,Cliente_02117,1969-04-10 12:54:10
2118,M,MG,10445.0,Juiz de Fora,Cliente_02118,1973-11-05 02:42:00
2119,F,MG,18571.0,Uberlândia,Cliente_02119,1977-01-14 19:03:59
2120,M,BA,18606.0,Feira de Santana,Cliente_02120,1993-03-01 22:27:50
2121,M,GO,15354.0,Rio Verde,Cliente_02121,1985-11-12 01:55:43
2122,M,RS,18630.0,Caxias do Sul,Cliente_02122,1959-05-20 04:20:16
2123,F,MG,22221.0,Belo Horizonte,Cliente_02123,1992-09-04 21:42:33
2124,F,RS,4212.0,Porto Alegre,Cliente_02124,1980-10-30 03:38:20
2125,M,BA,18591.0,Salvador,Cliente_02125,1978-05-10 14:10:07
2126,M,MG,17357.0,Belo Horizonte,Cliente_02126,1965-12-09 09:07:15
2127,F,DF,10126.0,Brasília,Cliente_02127,1996-04-21 01:03:24
2128,F,SC,14568.0,Florianópolis,Cliente_02128,1987-03-11 11:31:18
2129,F,PR,18367.0,Londrina,Cliente_02129,1971-08-17 01:40:53
2130,M,DF,16219.0,Brasília,Cliente_02130,1976-10-14 10:17:41
2131,F,PE,3033.0,Caruaru,Cliente_02131,2000-11-03 07:07:32
2132,F,SP,18053.0,São Paulo,Cliente_02132,2007-09-16 17:57:10
2133,M,MG,18904.0,Belo Horizonte,Cliente_02133,1979-07-24 13:14:48
2134,F,RS,8593.0,Porto Alegre,Cliente_02134,1958-12-01 11:55:09
2135,F,SP,14656.0,Campinas,Cliente_02135,1960-07-02 23:45:25
2136,F,RJ,24350.0,Niterói,Cliente_02136,1966-12-04 21:30:14
2137,M,MG,18731.0,Juiz de Fora,Cliente_02137,2002-02-11 17:56:06
2138,M,PE,15285.0,Petrolina,Cliente_02138,1993-11-05 16:29:25
2139,M,BA,17091.0,Vitória da Conquista,Cliente_02139,1978-02-17 07:20:13
2140,M,SC,16194.0,Blumenau,Cliente_02140,1971-03-16 15:23:12
2141,M,PE,4846.0,Caruaru,Cliente_02141,1969-04-11 08:17:29
2142,M,RS,5513.0,Caxias do Sul,Cliente_02142,1988-10-13 19:17:19
2143,M,BA,1531.0,Feira de Santana,Cliente_02143,1968-10-27 06:13:28
2144,F,PR,12656.0,Londrina,Cliente_02144,1972-01-18 18:11:34
2145,F,BA,11804.0,Salvador,Cliente_02145,2004-07-27 07:51:42
2146,M,MG,9377.0,Juiz de Fora,Cliente_02146,1988-05-05 10:38:10
2147,F,SP,7670.0,Campinas,Cliente_02147,1978-05-09 00:52:57
2148,F,SP,13578.0,Campinas,Cliente_02148,1973-03-09 01:57:35
2149,M,RS,3815.0,Pelotas,Cliente_02149,1967-09-20 12:16:24
2150,F,BA,1565.0,Feira de Santana,Cliente_02150,1969-11-07 10:41:38
2151,F,PE,13920.0,Recife,Cliente_02151,1992-12-01 03:29:54
2152,F,RS,19812.0,Caxias do Sul,Cliente_02152,2007-01-20 05:55:24
2153,F,SC,22895.0,Blumenau,Cliente_02153,1997-07-08 08:28:29
2154,F,RS,9033.0,Porto Alegre,Cliente_02154,1978-09-07 21:03:02
2155,M,RS,24109.0,Porto Alegre,Cliente_02155,1958-07-09 12:37:53
2156,M,PR,15704.0,Maringá,Cliente_02156,1984-03-04 02:19:57
2157,M,DF,16817.0,Brasília,Cliente_02157,1974-08-07 21:11:50
2158,F,MG,23331.0,Juiz de Fora,Cliente_02158,1979-10-29 01:04:22
2159,M,PR,16957.0,Curitiba,Cliente_02159,2001-10-23 21:33:04
2160,F,SP,18468.0,Campinas,Cliente_02160,1962-07-11 21:47:37
2161,F,SP,24354.0,Santos,Cliente_02161,1956-10-26 22:28:42
2162,F,RJ,24569.0,Rio de Janeiro,Cliente_02162,1996-08-31 23:25:24
2163,F,RJ,6744.0,Campos,Cliente_02163,1958-11-16 14:52:13
2164,M,PE,9654.0,Caruaru,Cliente_02164,1963-06-11 01:46:43
2165,M,SP,19632.0,Campinas,Cliente_02165,1998-08-01 11:54:05
2166,F,DF,20088.0,Brasília,Cliente_02166,1998-01-20 19:23:46
2167,M,PR,13322.0,Curitiba,Cliente_02167,1976-07-01 20:24:25
2168,F,SC,3392.0,Joinville,Cliente_02168,1993-06-05 20:47:18
2169,M,DF,8518.0,Brasília,Cliente_02169,1965-12-18 16:46:32
2170,M,RJ,12121.0,Niterói,Cliente_02170,1992-09-19 09:48:15
2171,F,BA,,Feira de Santana,Cliente_02171,1997-05-12 23:02:32
2172,M,DF,2473.0,Brasília,Cliente_02172,1956-10-28 05:25:28
2173,F,DF,21908.0,Brasília,Cliente_02173,2004-08-17 08:16:59
2174,M,DF,12334.0,Brasília,Cliente_02174,1960-05-06 17:18:03
2175,F,DF,8115.0,Brasília,Cliente_02175,1955-08-26 03:07:44
2176,F,DF,5829.0,Brasília,Cliente_02176,1964-01-27 11:13:33
2177,M,RJ,24599.0,Campos,Cliente_02177,1966-04-05 17:35:03
2178,M,SP,2977.0,São Paulo,Cliente_02178,1958-01-17 23:36:13
2179,F,RS,23573.0,Porto Alegre,Cliente_02179,1968-04-17 20:57:17
2180,M,DF,8829.0,Brasília,Cliente_02180,1992-03-06 00:08:41
2181,M,DF,7944.0,Brasília,Cliente_02181,2006-05-26 23:11:28
2182,F,MG,17885.0,Belo Horizonte,Cliente_02182,1965-11-09 20:11:17
2183,F,SP,12906.0,Campinas,Cliente_02183,1965-11-09 09:04:40
2184,M,RS,8343.0,Pelotas,Cliente_02184,1957-04-27 14:05:38
2185,F,SC,7472.0,Florianópolis,Cliente_02185,1962-05-03 01:19:17
2186,F,SC,16795.0,Blumenau,Cliente_02186,1975-01-24 05:26:39
2187,F,BA,6605.0,Salvador,Cliente_02187,1999-02-19 12:53:38
2188,M,GO,12431.0,Anápolis,Cliente_02188,1996-09-07 23:54:50
2189,M,PR,9202.0,Curitiba,Cliente_02189,1985-07-13 09:00:58
2190,F,MG,20798.0,Belo Horizonte,Cliente_02190,1963-11-26 05:09:33
2191,M,SP,23040.0,Campinas,Cliente_02191,1992-11-18 01:50:30
2192,F,SP,15636.0,Campinas,Cliente_02192,1982-02-28 16:40:57
2193,M,GO,21052.0,Goiânia,Cliente_02193,1988-10-05 04:50:51
2194,F,BA,4099.0,Vitória da Conquista,Cliente_02194,1983-01-02 17:19:15
2195,F,PE,23600.0,Caruaru,Cliente_02195,1992-05-05 01:56:35
2196,M,RJ,3735.0,Rio de Janeiro,Cliente_02196,1982-03-20 08:44:38
2197,F,BA,20683.0,Feira de Santana,Cliente_02197,1998-10-23 20:20:20
2198,M,RS,24897.0,Pelotas,Cliente_02198,2003-03-20 09:09:20
2199,M,BA,6973.0,Salvador,Cliente_02199,1966-11-22 16:28:30
2200,F,GO,1518.0,Goiânia,Cliente_02200,1969-10-03 13:55:08
2201,F,GO,2358.0,Rio Verde,Cliente_02201,1998-10-17 07:23:26
2202,M,PR,6880.0,Maringá,Cliente_02202,1974-02-20 02:45:47
2203,F,MG,4532.0,Belo Horizonte,Cliente_02203,1955-01-23 07:00:49
2204,F,DF,22389.0,Brasília,Cliente_02204,1986-05-08 22:30:36
2205,F,SC,23673.0,Blumenau,Cliente_02205,1982-07-26 17:51:31
2206,F,GO,20415.0,Rio Verde,Cliente_02206,1976-01-30 09:08:11
2207,F,PR,8971.0,Curitiba,Cliente_02207,1977-06-08 08:56:14
2208,M,RJ,6219.0,Niterói,Cliente_02208,1998-07-15 18:54:11
2209,M,SC,14443.0,Blumenau,Cliente_02209,1991-09-28 06:27:27
2210,F,PE,6363.0,Caruaru,Cliente_02210,1981-07-15 10:57:17
2211,F,SP,5538.0,Campinas,Cliente_02211,2000-02-28 12:55:16
2212,F,RJ,20336.0,Niterói,Cliente_02212,1958-04-28 08:05:21
2213,M,PE,4346.0,Petrolina,Cliente_02213,1992-06-21 03:19:12
2214,F,SC,9564.0,Florianópolis,Cliente_02214,1972-12-31 08:40:47
2215,M,RJ,12894.0,Rio de Janeiro,Cliente_02215,1976-08-23 03:00:19
2216,M,PR,8122.0,Curitiba,Cliente_02216,1973-04-08 17:04:42
2217,M,PE,13795.0,Recife,Cliente_02217,2007-04-06 00:41:48
2218,F,SP,21346.0,São Paulo,Cliente_02218,1958-03-16 04:39:01
2219,M,DF,13282.0,Brasília,Cliente_02219,1970-11-19 06:37:52
2220,F,PR,2659.0,Curitiba,Cliente_02220,1983-10-09 21:11:36
2221,M,RS,6126.0,Caxias do Sul,Cliente_02221,1975-05-06 16:31:13
2222,F,SP,24940.0,Campinas,Cliente_02222,1977-04-17 18:07:38
2223,M,MG,5222.0,Uberlândia,Cliente_02223,1985-09-25 20:43:11
2224,F,BA,13130.0,Vitória da Conquista,Cliente_02224,1997-06-22 05:36:45
2225,M,MG,21444.0,Juiz de Fora,Cliente_02225,1994-12-05 00:07:47
2226,F,GO,12774.0,Rio Verde,Cliente_02226,1999-09-14 19:19:06
2227,F,DF,24001.0,Brasília,Cliente_02227,1974-05-06 04:09:34
2228,F,RS,16388.0,Porto Alegre,Cliente_02228,2007-05-01 16:50:52
2229,F,RS,8089.0,Caxias do Sul,Cliente_02229,1989-07-02 02:54:29
2230,M,BA,16973.0,Vitória da Conquista,Cliente_02230,2001-02-02 23:25:58
2231,M,PE,24733.0,Caruaru,Cliente_02231,1982-01-24 08:18:27
2232,F,BA,3743.0,Salvador,Cliente_02232,1970-06-15 15:11:53
2233,M,GO,9677.0,Anápolis,Cliente_02233,1994-07-20 12:19:46
2234,F,MG,3260.0,Belo Horizonte,Cliente_02234,1955-01-04 13:00:43
2235,F,RS,17702.0,Pelotas,Cliente_02235,1969-02-03 19:01:08
2236,M,MG,6942.0,Belo Horizonte,Cliente_02236,1998-01-16 00:10:59
2237,F,SP,20559.0,São Paulo,Cliente_02237,1976-05-03 10:39:28
2238,F,DF,23665.0,Brasília,Cliente_02238,1987-07-10 03:33:06
2239,M,RJ,16465.0,Niterói,Cliente_02239,1964-07-22 10:51:24
2240,F,GO,4736.0,Goiânia,Cliente_02240,1973-06-25 03:42:05
2241,F,RJ,17111.0,Campos,Cliente_02241,1959-08-18 14:12:46
2242,F,GO,23782.0,Rio Verde,Cliente_02242,1968-03-21 05:39:33
2243,F,SC,9735.0,Florianópolis,Cliente_02243,1970-04-20 17:34:20
2244,M,DF,17329.0,Brasília,Cliente_02244,1986-08-04 04:46:27
2245,M,SP,10180.0,Campinas,Cliente_02245,1974-11-22 15:32:00
2246,M,DF,22160.0,Brasília,Cliente_02246,1974-08-06 12:46:33
2247,F,PE,12840.0,Petrolina,Cliente_02247,1961-02-03 17:49:16
2248,F,GO,22607.0,Rio Verde,Cliente_02248,1985-07-17 03:12:06
2249,M,RJ,10648.0,Rio de Janeiro,Cliente_02249,2003-11-13 12:03:43
2250,F,GO,11806.0,Goiânia,Cliente_02250,1960-09-17 12:24:44
2251,F,PE,23528.0,Petrolina,Cliente_02251,1995-05-02 21:33:41
2252,F,GO,18999.0,Goiânia,Cliente_02252,1985-02-03 05:15:57
2253,F,DF,19665.0,Brasília,Cliente_02253,1963-03-15 06:41:09
2254,M,PR,12518.0,Curitiba,Cliente_02254,1985-09-30 07:30:23
2255,M,GO,19760.0,Rio Verde,Cliente_02255,1980-08-03 04:33:44
2256,M,SC,23247.0,Joinville,Cliente_02256,2004-10-26 07:13:55
2257,F,SC,12642.0,Joinville,Cliente_02257,1997-03-21 15:01:40
2258,M,RS,21259.0,Pelotas,Cliente_02258,1996-08-05 04:28:45
2259,M,SC,20634.0,Florianópolis,Cliente_02259,1970-12-14 16:31:39
2260,F,GO,11046.0,Rio Verde,Cliente_02260,1969-04-27 08:25:51
2261,F,GO,4776.0,Rio Verde,Cliente_02261,1985-02-22 08:36:20
2262,M,PR,18332.0,Curitiba,Cliente_02262,1996-08-04 20:33:27
2263,M,SC,23421.0,Joinville,Cliente_02263,2000-10-06 18:25:46
2264,M,MG,17508.0,Uberlândia,Cliente_02264,1980-08-26 13:54:17
2265,M,GO,5672.0,Goiânia,Cliente_02265,1964-03-27 08:42:18
2266,F,SP,14683.0,Santos,Cliente_02266,1989-10-17 01:03:42
2267,M,SP,14336.0,São Paulo,Cliente_02267,1992-10-31 09:14:33
2268,M,RJ,10489.0,Campos,Cliente_02268,1959-07-08 06:24:58
2269,F,PR,21380.0,Curitiba,Cliente_02269,1989-09-15 19:16:50
2270,M,PE,15240.0,Recife,Cliente_02270,1993-02-19 19:40:14
2271,F,MG,14602.0,Uberlândia,Cliente_02271,2003-08-25 10:07:51
2272,F,GO,16857.0,Anápolis,Cliente_02272,1960-09-17 01:56:30
2273,F,DF,20066.0,Brasília,Cliente_02273,1983-04-13 09:25:28
2274,M,BA,17113.0,Salvador,Cliente_02274,2007-12-19 19:38:41
2275,M,BA,4826.0,Salvador,Cliente_02275,1986-11-25 21:10:03
2276,F,PE,2219.0,Caruaru,Cliente_02276,1977-05-31 12:47:25
2277,M,RS,19406.0,Pelotas,Cliente_02277,1989-01-30 23:38:31
2278,M,DF,24640.0,Brasília,Cliente_02278,1962-01-08 16:19:59
2279,F,BA,24511.0,Feira de Santana,Cliente_02279,1978-07-03 08:58:28
2280,F,PE,2569.0,Petrolina,Cliente_02280,1988-11-02 15:03:28
2281,M,BA,23446.0,Feira de Santana,Cliente_02281,1956-08-19 18:40:47
2282,F,PR,9249.0,Londrina,Cliente_02282,1985-08-20 00:37:25
2283,M,RJ,14435.0,Campos,Cliente_02283,1963-01-05 13:14:21
2284,M,RS,6387.0,Porto Alegre,Cliente_02284,1966-04-17 04:35:04
2285,M,PR,22558.0,Londrina,Cliente_02285,1974-11-27 02:27:04
2286,M,DF,12767.0,Brasília,Cliente_02286,2004-02-10 01:22:18
2287,F,PE,20040.0,Caruaru,Cliente_02287,2007-03-23 00:34:40
2288,F,MG,9444.0,Uberlândia,Cliente_02288,1971-11-26 02:04:35
2289,F,DF,17434.0,Brasília,Cliente_02289,1974-11-19 20:51:28
2290,F,DF,14247.0,Brasília,Cliente_02290,2006-01-02 08:43:34
2291,M,SC,12005.0,Florianópolis,Cliente_02291,1961-01-15 23:09:38
2292,M,MG,14949.0,Uberlândia,Cliente_02292,1996-03-16 13:36:33
2293,F,SP,13197.0,São Paulo,Cliente_02293,1976-09-10 17:37:49
2294,M,SC,5639.0,Joinville,Cliente_02294,1972-12-19 22:22:31
2295,M,PE,16721.0,Petrolina,Cliente_02295,1998-06-27 10:45:18
2296,M,SP,23513.0,Campinas,Cliente_02296,1985-12-21 08:23:18
2297,F,BA,8587.0,Feira de Santana,Cliente_02297,2007-01-23 01:38:29
2298,F,BA,22962.0,Salvador,Cliente_02298,1958-10-09 05:51:21
2299,F,DF,24289.0,Brasília,Cliente_02299,1975-07-25 10:54:52
2300,M,SC,24755.0,Florianópolis,Cliente_02300,1987-04-19 19:16:53
2301,F,GO,2132.0,Goiânia,Cliente_02301,1971-03-19 00:17:12
2302,F,MG,3699.0,Juiz de Fora,Cliente_02302,1999-06-19 20:46:28
2303,F,SP,16048.0,Santos,Cliente_02303,1985-09-16 21:11:32
2304,F,MG,12755.0,Belo Horizonte,Cliente_02304,1955-09-14 16:09:53
2305,F,SC,23237.0,Blumenau,Cliente_02305,1993-06-20 16:45:09
2306,F,DF,20794.0,Brasília,Cliente_02306,1967-02-10 07:28:11
2307,M,PR,18506.0,Curitiba,Cliente_02307,2006-09-09 14:59:07
2308,M,BA,7573.0,Vitória da Conquista,Cliente_02308,1974-07-12 07:00:59
2309,F,SP,18244.0,São Paulo,Cliente_02309,1988-12-08 14:35:01
2310,F,SP,12059.0,São Paulo,Cliente_02310,1990-10-04 20:28:19
2311,M,PE,24249.0,Petrolina,Cliente_02311,1959-07-11 09:15:06
2312,M,SP,17597.0,Campinas,Cliente_02312,1984-06-25 15:22:30
2313,F,SC,9901.0,Florianópolis,Cliente_02313,1987-03-02 03:31:26
2314,F,SP,13159.0,São Paulo,Cliente_02314,1965-03-10 17:45:35
2315,F,SP,10622.0,Campinas,Cliente_02315,2001-03-20 21:07:04
2316,F,MG,15394.0,Belo Horizonte,Cliente_02316,2007-10-11 14:09:20
2317,M,DF,21827.0,Brasília,Cliente_02317,1971-06-10 03:20:34
2318,F,RJ,22753.0,Rio de Janeiro,Cliente_02318,2001-09-08 08:53:29
2319,F,SP,2377.0,Santos,Cliente_02319,2006-06-09 04:57:34
2320,F,GO,15275.0,Anápolis,Cliente_02320,1966-11-20 20:45:12
2321,F,DF,22679.0,Brasília,Cliente_02321,2000-02-19 21:29:33
2322,M,RS,12191.0,Porto Alegre,Cliente_02322,1970-10-03 23:55:00
2323,M,PE,17610.0,Recife,Cliente_02323,1976-04-19 13:45:25
2324,M,MG,4023.0,Uberlândia,Cliente_02324,1956-04-18 17:04:08
2325,F,PE,14043.0,Caruaru,Cliente_02325,1978-12-09 09:19:19
2326,F,PR,7770.0,Maringá,Cliente_02326,1987-03-29 22:47:59
2327,M,SP,24507.0,Santos,Cliente_02327,2002-11-08 13:30:42
2328,F,BA,6588.0,Vitória da Conquista,Cliente_02328,1974-06-13 13:22:40
2329,F,GO,9064.0,Goiânia,Cliente_02329,1962-05-18 08:04:58
2330,M,MG,,Uberlândia,Cliente_02330,1980-09-16 22:00:43
2331,M,PE,8045.0,Petrolina,Cliente_02331,1958-06-04 15:35:56
2332,M,SP,3821.0,Campinas,Cliente_02332,1971-07-02 20:49:24
2333,M,BA,14632.0,Salvador,Cliente_02333,1964-08-27 01:44:00
2334,F,BA,9830.0,Salvador,Cliente_02334,1987-09-16 10:04:15
2335,F,PR,9794.0,Londrina,Cliente_02335,1969-12-29 05:39:31
2336,M,DF,15053.0,Brasília,Cliente_02336,1968-11-28 13:10:27
2337,F,GO,6833.0,Anápolis,Cliente_02337,2005-09-25 15:11:12
2338,M,RJ,9358.0,Campos,Cliente_02338,1993-09-03 01:22:57
2339,M,GO,22203.0,Anápolis,Cliente_02339,2000-10-31 17:37:20
2340,F,PR,6889.0,Maringá,Cliente_02340,1980-04-16 00:51:30
2341,M,SC,19732.0,Joinville,Cliente_02341,1962-04-24 06:46:52
2342,F,DF,4705.0,Brasília,Cliente_02342,1996-11-21 11:35:44
2343,F,MG,3661.0,Uberlândia,Cliente_02343,2007-09-06 14:52:47
2344,F,DF,19348.0,Brasília,Cliente_02344,2007-09-08 01:15:01
2345,F,PR,2143.0,Londrina,Cliente_02345,1973-06-16 19:42:57
2346,M,PR,16486.0,Curitiba,Cliente_02346,1957-07-19 21:10:01
2347,F,MG,13128.0,Belo Horizonte,Cliente_02347,1977-05-06 19:55:55
2348,M,MG,6851.0,Belo Horizonte,Cliente_02348,1999-10-31 01:41:08
2349,M,MG,6053.0,Juiz de Fora,Cliente_02349,1988-12-11 23:53:11
2350,M,DF,8018.0,Brasília,Cliente_02350,2004-10-21 18:19:08
2351,M,SP,7223.0,Santos,Cliente_02351,1958-08-15 05:09:44
2352,F,PE,9446.0,Recife,Cliente_02352,2004-09-21 23:05:05
2353,F,RS,2110.0,Porto Alegre,Cliente_02353,1964-01-03 13:18:03
2354,M,MG,5802.0,Uberlândia,Cliente_02354,1974-11-07 19:25:15
2355,M,PE,3043.0,Caruaru,Cliente_02355,1978-12-26 13:57:53
2356,F,RS,2966.0,Pelotas,Cliente_02356,1973-06-16 02:23:01
2357,M,DF,10608.0,Brasília,Cliente_02357,1960-04-08 09:49:06
2358,F,PE,16156.0,Petrolina,Cliente_02358,1988-03-19 00:23:52
2359,M,MG,7736.0,Uberlândia,Cliente_02359,1962-12-28 21:24:28
2360,F,RJ,15219.0,Campos,Cliente_02360,2006-06-29 20:42:56
2361,M,PR,19065.0,Curitiba,Cliente_02361,1989-09-20 21:40:27
2362,M,PE,20030.0,Caruaru,Cliente_02362,2000-12-10 14:09:06
2363,F,BA,20156.0,Feira de Santana,Cliente_02363,1959-03-31 00:13:11
2364,M,BA,10543.0,Vitória da Conquista,Cliente_02364,1987-11-01 07:57:59
2365,M,PE,6036.0,Caruaru,Cliente_02365,2000-10-08 15:38:23
2366,F,MG,18603.0,Uberlândia,Cliente_02366,1964-11-17 12:20:07
2367,M,GO,22564.0,Goiânia,Cliente_02367,1963-01-20 14:17:30
2368,F,MG,11706.0,Uberlândia,Cliente_02368,1960-10-19 07:38:01
2369,F,DF,21356.0,Brasília,Cliente_02369,1988-09-19 07:18:04
2370,M,MG,5142.0,Uberlândia,Cliente_02370,1969-12-10 19:38:47
2371,M,DF,13562.0,Brasília,Cliente_02371,1992-06-19 09:52:31
2372,M,GO,17947.0,Anápolis,Cliente_02372,1958-03-09 21:47:11
2373,M,RJ,14555.0,Niterói,Cliente_02373,1979-06-10 20:45:52
2374,M,DF,2059.0,Brasília,Cliente_02374,1993-07-29 15:40:50
2375,M,SC,3233.0,Florianópolis,Cliente_02375,1983-01-21 19:57:52
2376,M,BA,10361.0,Feira de Santana,Cliente_02376,1958-12-07 00:55:42
2377,F,PR,21778.0,Curitiba,Cliente_02377,2002-06-02 19:40:33
2378,M,BA,3042.0,Salvador,Cliente_02378,1993-03-22 23:56:03
2379,F,DF,10963.0,Brasília,Cliente_02379,1959-12-15 15:04:34
2380,M,SC,3915.0,Florianópolis,Cliente_02380,1957-11-03 19:17:16
2381,M,SP,12483.0,Santos,Cliente_02381,1975-04-13 02:03:58
2382,F,RJ,14405.0,Campos,Cliente_02382,2005-06-06 02:43:06
2383,M,RJ,23974.0,Niterói,Cliente_02383,1982-08-20 14:39:49
2384,M,SP,23101.0,São Paulo,Cliente_02384,1987-03-23 08:36:11
2385,F,PR,6887.0,Maringá,Cliente_02385,1976-10-16 14:03:16
2386,M,GO,23063.0,Anápolis,Cliente_02386,2001-01-21 12:54:44
2387,M,RS,9687.0,Pelotas,Cliente_02387,1960-08-16 06:47:05
2388,M,SC,8143.0,Florianópolis,Cliente_02388,1967-10-04 17:29:10
2389,F,DF,17167.0,Brasília,Cliente_02389,1998-09-08 01:49:10
2390,M,RS,12746.0,Caxias do Sul,Cliente_02390,1970-09-29 05:00:40
2391,M,PR,3958.0,Curitiba,Cliente_02391,1958-09-28 08:31:35
2392,M,GO,7528.0,Goiânia,Cliente_02392,1997-07-31 05:21:38
2393,M,RJ,6947.0,Campos,Cliente_02393,1962-02-11 15:02:41
2394,F,DF,22443.0,Brasília,Cliente_02394,1967-03-05 11:55:10
2395,F,DF,20633.0,Brasília,Cliente_02395,1979-02-10 18:58:07
2396,M,GO,3448.0,Anápolis,Cliente_02396,1976-12-06 01:43:11
2397,M,BA,7806.0,Feira de Santana,Cliente_02397,1998-08-06 13:07:37
2398,F,SC,9751.0,Joinville,Cliente_02398,1973-04-21 02:40:21
2399,F,GO,9592.0,Rio Verde,Cliente_02399,2001-04-24 23:02:20
2400,M,MG,13863.0,Uberlândia,Cliente_02400,1991-09-04 06:58:52
2401,F,MG,15566.0,Juiz de Fora,Cliente_02401,2005-08-07 18:29:55
2402,M,GO,17629.0,Anápolis,Cliente_02402,1967-05-04 15:48:15
2403,F,RJ,17276.0,Campos,Cliente_02403,1960-10-30 09:45:06
2404,F,GO,1689.0,Anápolis,Cliente_02404,1995-06-16 19:15:22
2405,F,PE,13252.0,Petrolina,Cliente_02405,1995-01-05 13:00:10
2406,F,PR,23892.0,Curitiba,Cliente_02406,1975-06-07 00:54:57
2407,M,MG,8982.0,Belo Horizonte,Cliente_02407,1974-08-18 08:56:49
2408,F,RS,18179.0,Porto Alegre,Cliente_02408,1973-08-10 22:13:46
2409,F,GO,2299.0,Anápolis,Cliente_02409,1996-02-05 08:07:31
2410,M,MG,24887.0,Juiz de Fora,Cliente_02410,1979-03-04 10:55:12
2411,F,PR,11434.0,Curitiba,Cliente_02411,2002-06-26 09:45:41
2412,F,PR,20584.0,Londrina,Cliente_02412,1963-01-13 05:36:41
2413,M,RS,10288.0,Pelotas,Cliente_02413,1957-05-26 09:38:18
2414,F,DF,11409.0,Brasília,Cliente_02414,2000-08-01 12:54:28
2415,M,PE,13915.0,Recife,Cliente_02415,1965-01-14 06:39:53
2416,M,GO,12290.0,Goiânia,Cliente_02416,2002-03-10 02:29:12
2417,M,SP,15346.0,Campinas,Cliente_02417,1970-03-20 15:31:29
2418,M,GO,23757.0,Rio Verde,Cliente_02418,1992-05-01 02:15:20
2419,F,DF,6214.0,Brasília,Cliente_02419,1996-07-12 23:14:32
2420,M,SC,24375.0,Joinville,Cliente_02420,1974-09-14 02:15:37
2421,F,BA,12908.0,Salvador,Cliente_02421,1996-01-10 09:39:52
2422,F,RJ,4339.0,Niterói,Cliente_02422,2005-06-02 14:06:07
2423,F,DF,5013.0,Brasília,Cliente_02423,1983-06-25 20:17:13
2424,F,PR,15101.0,Londrina,Cliente_02424,1990-03-02 13:21:39
2425,F,SP,2635.0,São Paulo,Cliente_02425,1957-08-21 03:24:04
2426,F,RJ,24241.0,Rio de Janeiro,Cliente_02426,1968-10-07 10:33:27
2427,F,MG,13413.0,Juiz de Fora,Cliente_02427,1981-07-09 08:21:20
2428,F,GO,11601.0,Rio Verde,Cliente_02428,1998-01-18 19:33:35
2429,F,RJ,20131.0,Rio de Janeiro,Cliente_02429,1968-10-17 23:45:29
2430,F,MG,8048.0,Belo Horizonte,Cliente_02430,1977-07-16 19:04:16
2431,M,BA,6016.0,Vitória da Conquista,Cliente_02431,1987-04-17 21:40:21
2432,M,MG,5602.0,Uberlândia,Cliente_02432,1992-11-05 14:23:45
2433,M,SP,17717.0,São Paulo,Cliente_02433,1995-03-31 18:41:05
2434,F,PR,,Curitiba,Cliente_02434,1956-04-03 07:23:52
2435,M,DF,24416.0,Brasília,Cliente_02435,1981-10-11 00:34:47
2436,M,RS,6011.0,Caxias do Sul,Cliente_02436,1969-11-27 03:27:00
2437,M,DF,20715.0,Brasília,Cliente_02437,1998-06-01 06:23:42
2438,F,DF,15524.0,Brasília,Cliente_02438,1970-09-28 05:33:59
2439,F,MG,12913.0,Juiz de Fora,Cliente_02439,1999-05-09 12:24:30
2440,F,GO,17819.0,Rio Verde,Cliente_02440,1981-02-23 06:28:20
2441,F,RJ,20946.0,Niterói,Cliente_02441,1975-08-16 13:57:24
2442,M,RS,14215.0,Porto Alegre,Cliente_02442,1967-10-30 00:02:59
2443,M,RS,9475.0,Caxias do Sul,Cliente_02443,1977-12-31 01:41:36
2444,M,RJ,20936.0,Rio de Janeiro,Cliente_02444,1990-10-20 07:03:36
2445,M,RJ,14121.0,Campos,Cliente_02445,1994-04-23 09:44:01
2446,F,PR,12011.0,Curitiba,Cliente_02446,1982-07-02 14:58:40
2447,F,SP,21423.0,São Paulo,Cliente_02447,1955-07-29 18:29:41
2448,F,BA,12058.0,Salvador,Cliente_02448,2001-04-26 16:48:20
2449,M,SP,2026.0,São Paulo,Cliente_02449,1956-09-24 01:07:54
2450,F,RJ,20691.0,Rio de Janeiro,Cliente_02450,2004-04-13 16:39:28
2451,F,GO,3253.0,Rio Verde,Cliente_02451,1983-11-27 08:22:30
2452,M,PE,16156.0,Caruaru,Cliente_02452,2004-08-16 04:16:22
2453,M,PE,24766.0,Petrolina,Cliente_02453,1965-08-14 22:45:06
2454,F,BA,11720.0,Salvador,Cliente_02454,1998-04-29 03:16:07
2455,F,RJ,19538.0,Niterói,Cliente_02455,1967-10-24 17:06:13
2456,F,PE,14241.0,Recife,Cliente_02456,1994-09-05 23:57:07
2457,F,BA,6341.0,Vitória da Conquista,Cliente_02457,1996-03-14 17:45:29
2458,F,RS,5541.0,Pelotas,Cliente_02458,1991-11-01 14:18:01
2459,F,BA,22908.0,Salvador,Cliente_02459,1984-04-23 06:47:05
2460,M,RS,10465.0,Porto Alegre,Cliente_02460,1981-10-14 21:37:15
2461,M,PR,15918.0,Londrina,Cliente_02461,1976-06-12 10:30:36
2462,M,PE,5917.0,Caruaru,Cliente_02462,1998-08-24 21:13:18
2463,F,BA,10477.0,Salvador,Cliente_02463,1980-08-03 09:12:18
2464,M,BA,,Feira de Santana,Cliente_02464,1978-10-25 17:14:24
2465,F,BA,16087.0,Salvador,Cliente_02465,1970-03-19 19:51:40
2466,F,GO,20767.0,Goiânia,Cliente_02466,1975-09-05 20:48:01
2467,M,BA,,Salvador,Cliente_02467,1976-11-22 16:19:43
2468,F,GO,1948.0,Rio Verde,Cliente_02468,1969-05-20 08:20:01
2469,F,DF,21194.0,Brasília,Cliente_02469,1979-01-02 17:46:06
2470,M,PR,6085.0,Curitiba,Cliente_02470,1975-11-19 03:10:52
2471,M,DF,14251.0,Brasília,Cliente_02471,2004-10-31 09:31:54
2472,M,SC,9608.0,Florianópolis,Cliente_02472,2001-08-27 17:58:27
2473,F,DF,22293.0,Brasília,Cliente_02473,2002-12-24 08:19:45
2474,M,RJ,17034.0,Rio de Janeiro,Cliente_02474,1982-12-27 16:18:38
2475,M,RS,12943.0,Caxias do Sul,Cliente_02475,1977-07-07 13:53:28
2476,F,RJ,23935.0,Rio de Janeiro,Cliente_02476,1965-06-28 02:33:10
2477,M,SP,1794.0,Santos,Cliente_02477,1955-09-23 18:25:11
2478,M,DF,,Brasília,Cliente_02478,1972-12-21 04:51:45
2479,M,PE,16821.0,Petrolina,Cliente_02479,1983-12-30 23:47:26
2480,F,MG,17574.0,Belo Horizonte,Cliente_02480,1959-07-24 14:48:41
2481,F,DF,14549.0,Brasília,Cliente_02481,1981-04-21 11:10:00
2482,F,PR,4316.0,Curitiba,Cliente_02482,1958-09-17 01:34:48
2483,F,DF,,Brasília,Cliente_02483,1989-04-30 00:28:37
2484,M,GO,16179.0,Goiânia,Cliente_02484,1994-08-10 02:27:40
2485,F,SP,3237.0,Santos,Cliente_02485,1997-04-12 10:26:59
2486,F,BA,20073.0,Feira de Santana,Cliente_02486,1997-09-21 12:09:11
2487,M,SP,4265.0,Campinas,Cliente_02487,1970-02-17 02:48:04
2488,M,SP,,São Paulo,Cliente_02488,1984-08-10 03:40:02
2489,M,RS,15730.0,Caxias do Sul,Cliente_02489,1960-07-30 21:51:08
2490,F,MG,12934.0,Juiz de Fora,Cliente_02490,1956-07-27 03:52:26
2491,F,SP,24433.0,São Paulo,Cliente_02491,2000-06-20 03:06:21
2492,F,RS,13591.0,Caxias do Sul,Cliente_02492,1972-02-24 00:29:03
2493,M,BA,1910.0,Salvador,Cliente_02493,1963-09-22 19:49:17
2494,M,RJ,20829.0,Rio de Janeiro,Cliente_02494,1994-12-07 23:08:13
2495,F,BA,6286.0,Vitória da Conquista,Cliente_02495,1994-06-25 13:55:07
2496,M,PE,10569.0,Petrolina,Cliente_02496,1961-04-08 18:41:57
2497,M,SP,18670.0,Campinas,Cliente_02497,1974-07-25 17:40:20
2498,M,SP,19993.0,Santos,Cliente_02498,1965-12-28 01:02:24
2499,F,RJ,23330.0,Rio de Janeiro,Cliente_02499,1995-02-09 18:34:58
2500,M,PR,7335.0,Maringá,Cliente_02500,1995-10-24 00:47:50
2501,M,SP,3486.0,Campinas,Cliente_02501,1988-06-14 10:44:34
2502,F,MG,9626.0,Uberlândia,Cliente_02502,1958-12-04 19:29:20
2503,F,SC,10570.0,Joinville,Cliente_02503,1976-02-29 17:33:11
2504,M,SP,8800.0,Santos,Cliente_02504,1970-02-16 12:28:38
2505,M,SC,23593.0,Blumenau,Cliente_02505,1973-05-25 10:48:20
2506,F,BA,17048.0,Vitória da Conquista,Cliente_02506,1957-03-17 04:02:35
2507,F,DF,3903.0,Brasília,Cliente_02507,1958-07-09 09:02:33
2508,M,PR,9762.0,Maringá,Cliente_02508,2006-10-12 16:20:52
2509,M,RS,12002.0,Pelotas,Cliente_02509,1979-09-14 18:19:01
2510,M,GO,22285.0,Anápolis,Cliente_02510,1987-01-20 14:16:06
2511,M,PR,8201.0,Londrina,Cliente_02511,1990-12-06 04:37:16
2512,F,GO,4795.0,Rio Verde,Cliente_02512,1971-10-28 08:14:26
2513,M,BA,17187.0,Salvador,Cliente_02513,1972-05-31 23:58:18
2514,M,PR,14375.0,Londrina,Cliente_02514,1975-02-10 00:07:39
2515,F,RS,3621.0,Porto Alegre,Cliente_02515,1998-06-24 18:40:45
2516,M,GO,5082.0,Goiânia,Cliente_02516,1962-10-10 13:05:02
2517,F,RJ,15977.0,Niterói,Cliente_02517,2006-11-22 07:20:19
2518,M,MG,22081.0,Belo Horizonte,Cliente_02518,2002-05-07 21:38:08
2519,M,PR,11321.0,Curitiba,Cliente_02519,1999-12-02 17:15:18
2520,F,BA,7200.0,Feira de Santana,Cliente_02520,1979-12-05 13:54:25
2521,F,SP,8732.0,Campinas,Cliente_02521,1974-11-29 14:03:01
2522,M,RS,5788.0,Pelotas,Cliente_02522,2001-02-08 10:22:39
2523,M,GO,2585.0,Anápolis,Cliente_02523,1974-05-14 17:19:06
2524,M,GO,17391.0,Goiânia,Cliente_02524,1960-08-31 11:51:45
2525,F,MG,17100.0,Uberlândia,Cliente_02525,1999-09-27 05:49:35
2526,M,GO,10145.0,Rio Verde,Cliente_02526,1968-10-28 06:25:10
2527,F,SC,20505.0,Joinville,Cliente_02527,1956-09-21 04:06:44
2528,F,PE,10310.0,Recife,Cliente_02528,1972-02-15 22:49:28
2529,M,SC,10328.0,Joinville,Cliente_02529,1956-04-02 03:40:20
2530,F,GO,20232.0,Goiânia,Cliente_02530,1971-11-20 20:29:37
2531,M,RS,6374.0,Caxias do Sul,Cliente_02531,1969-09-23 15:59:52
2532,M,PR,15267.0,Maringá,Cliente_02532,2005-12-16 06:15:57
2533,M,BA,20920.0,Vitória da Conquista,Cliente_02533,1960-02-16 23:09:04
2534,M,SP,12413.0,Campinas,Cliente_02534,1973-02-22 05:33:20
2535,M,PR,17715.0,Curitiba,Cliente_02535,1998-06-24 14:54:07
2536,F,RJ,20233.0,Campos,Cliente_02536,2006-05-26 03:07:56
2537,F,PR,15832.0,Curitiba,Cliente_02537,1968-06-06 05:25:58
2538,M,PR,23627.0,Londrina,Cliente_02538,2002-12-30 01:38:10
2539,M,BA,5932.0,Vitória da Conquista,Cliente_02539,1985-06-28 18:29:43
2540,F,MG,24059.0,Juiz de Fora,Cliente_02540,2001-02-10 08:34:30
2541,F,GO,8765.0,Goiânia,Cliente_02541,1999-05-19 20:40:26
2542,F,MG,7603.0,Juiz de Fora,Cliente_02542,1989-10-31 06:06:39
2543,F,RJ,12512.0,Rio de Janeiro,Cliente_02543,1961-08-20 18:40:54
2544,M,DF,17400.0,Brasília,Cliente_02544,1987-10-31 02:45:20
2545,M,SP,3531.0,São Paulo,Cliente_02545,1963-11-21 01:46:08
2546,F,SC,19133.0,Joinville,Cliente_02546,1991-01-05 07:26:51
2547,M,SP,24692.0,São Paulo,Cliente_02547,1963-12-26 15:10:39
2548,F,GO,21440.0,Rio Verde,Cliente_02548,1984-08-30 05:50:57
2549,M,SP,10019.0,São Paulo,Cliente_02549,1968-01-27 18:48:49
2550,F,PE,10488.0,Petrolina,Cliente_02550,1966-11-27 10:06:50
2551,M,SC,6799.0,Florianópolis,Cliente_02551,2002-01-27 17:32:47
2552,F,RJ,14452.0,Niterói,Cliente_02552,1973-12-17 09:10:14
2553,F,GO,4594.0,Anápolis,Cliente_02553,2007-11-11 04:35:41
2554,M,RS,4477.0,Porto Alegre,Cliente_02554,1994-08-11 21:52:17
2555,F,RJ,18846.0,Rio de Janeiro,Cliente_02555,1984-04-30 05:41:24
2556,M,PE,7225.0,Recife,Cliente_02556,1967-07-24 20:23:32
2557,M,SC,23373.0,Joinville,Cliente_02557,1974-09-20 18:57:11
2558,F,BA,2768.0,Salvador,Cliente_02558,1991-07-08 18:20:56
2559,M,PE,17661.0,Recife,Cliente_02559,1973-04-17 08:45:19
2560,M,RJ,23163.0,Campos,Cliente_02560,1967-08-29 19:10:09
2561,M,GO,18256.0,Anápolis,Cliente_02561,1955-06-25 21:53:07
2562,M,DF,22264.0,Brasília,Cliente_02562,1972-03-08 06:08:49
2563,M,GO,9117.0,Anápolis,Cliente_02563,2001-08-01 23:11:02
2564,F,SC,16532.0,Florianópolis,Cliente_02564,1958-10-11 11:45:16
2565,M,DF,14434.0,Brasília,Cliente_02565,1983-12-12 04:51:45
2566,M,MG,13385.0,Belo Horizonte,Cliente_02566,1977-08-02 15:25:28
2567,M,SC,11296.0,Blumenau,Cliente_02567,1969-02-25 06:13:49
2568,M,SC,7779.0,Florianópolis,Cliente_02568,1963-01-21 07:19:32
2569,M,PE,1595.0,Caruaru,Cliente_02569,1981-09-21 20:44:43
2570,F,GO,16978.0,Rio Verde,Cliente_02570,2003-12-20 07:19:58
2571,M,RJ,22253.0,Niterói,Cliente_02571,2007-02-23 19:58:42
2572,F,BA,21825.0,Salvador,Cliente_02572,1963-09-06 00:25:55
2573,F,SP,8521.0,Santos,Cliente_02573,1975-04-01 17:03:14
2574,F,PR,16685.0,Londrina,Cliente_02574,1980-12-08 12:55:27
2575,F,BA,21828.0,Feira de Santana,Cliente_02575,1974-08-28 22:42:07
2576,M,SP,7368.0,Campinas,Cliente_02576,2002-09-13 18:25:32
2577,F,MG,14571.0,Belo Horizonte,Cliente_02577,1984-12-08 09:52:44
2578,F,RJ,23280.0,Rio de Janeiro,Cliente_02578,2006-09-06 08:12:21
2579,M,GO,9541.0,Goiânia,Cliente_02579,1968-08-02 18:44:25
2580,M,RS,,Porto Alegre,Cliente_02580,1976-12-26 04:12:14
2581,M,SC,12807.0,Joinville,Cliente_02581,1984-09-13 23:33:30
2582,F,BA,8790.0,Vitória da Conquista,Cliente_02582,1963-05-10 19:51:50
2583,M,SP,16995.0,São Paulo,Cliente_02583,1984-11-23 00:45:17
2584,M,RS,8016.0,Pelotas,Cliente_02584,1998-03-01 03:55:04
2585,F,BA,10841.0,Feira de Santana,Cliente_02585,1984-05-15 22:10:01
2586,M,RJ,13202.0,Rio de Janeiro,Cliente_02586,1958-02-24 22:29:12
2587,M,GO,23790.0,Anápolis,Cliente_02587,1960-10-15 03:21:58
2588,M,DF,2307.0,Brasília,Cliente_02588,1959-01-31 19:54:34
2589,M,BA,14531.0,Salvador,Cliente_02589,1996-05-31 16:05:52
2590,F,BA,17934.0,Salvador,Cliente_02590,2002-02-03 14:26:44
2591,M,GO,12900.0,Rio Verde,Cliente_02591,1962-02-19 19:04:25
2592,M,MG,23161.0,Uberlândia,Cliente_02592,1962-12-29 08:21:47
2593,F,PE,17939.0,Caruaru,Cliente_02593,1965-11-21 15:51:54
2594,M,BA,5164.0,Feira de Santana,Cliente_02594,1962-12-08 02:19:49
2595,F,GO,2243.0,Rio Verde,Cliente_02595,1998-06-26 16:20:53
2596,M,PE,7530.0,Petrolina,Cliente_02596,1983-07-27 04:12:20
2597,F,GO,16161.0,Anápolis,Cliente_02597,1984-07-15 11:39:04
2598,F,GO,16475.0,Anápolis,Cliente_02598,1970-04-18 03:11:08
2599,F,MG,1579.0,Belo Horizonte,Cliente_02599,1987-01-05 09:19:57
2600,F,GO,16309.0,Goiânia,Cliente_02600,1955-09-05 13:49:20
2601,M,RJ,13632.0,Campos,Cliente_02601,1991-10-10 01:49:20
2602,F,BA,4466.0,Salvador,Cliente_02602,1962-08-19 20:45:12
2603,M,SP,17034.0,Campinas,Cliente_02603,1957-09-01 11:58:05
2604,F,SP,5228.0,Campinas,Cliente_02604,2004-07-09 20:18:47
2605,F,SP,6036.0,São Paulo,Cliente_02605,1984-06-02 11:10:32
2606,F,GO,18009.0,Goiânia,Cliente_02606,1959-05-16 07:21:26
2607,M,RS,7313.0,Pelotas,Cliente_02607,1968-11-21 11:38:17
2608,F,PE,2447.0,Recife,Cliente_02608,1986-04-03 20:58:48
2609,M,PE,14065.0,Petrolina,Cliente_02609,1992-03-26 01:32:01
2610,M,GO,17344.0,Goiânia,Cliente_02610,1958-09-10 01:08:30
2611,M,RJ,2094.0,Rio de Janeiro,Cliente_02611,1955-07-08 08:59:47
2612,M,RJ,22914.0,Rio de Janeiro,Cliente_02612,1973-12-24 13:10:21
2613,M,SC,18024.0,Florianópolis,Cliente_02613,1980-12-13 01:51:33
2614,M,GO,20939.0,Anápolis,Cliente_02614,1974-01-07 14:04:00
2615,M,PR,15517.0,Londrina,Cliente_02615,1959-12-14 00:05:26
2616,M,MG,5705.0,Uberlândia,Cliente_02616,1978-04-11 09:58:55
2617,M,SP,23055.0,São Paulo,Cliente_02617,1985-05-31 18:29:10
2618,F,MG,9282.0,Juiz de Fora,Cliente_02618,2007-10-02 12:16:22
2619,F,SP,4160.0,São Paulo,Cliente_02619,1970-11-06 06:30:21
2620,F,DF,17513.0,Brasília,Cliente_02620,2005-05-11 00:57:55
2621,F,DF,8356.0,Brasília,Cliente_02621,2002-04-04 04:07:10
2622,F,GO,7589.0,Anápolis,Cliente_02622,1955-08-16 21:33:43
2623,M,DF,6818.0,Brasília,Cliente_02623,2006-11-13 23:07:32
2624,M,RS,16905.0,Pelotas,Cliente_02624,1975-12-28 10:33:37
2625,M,SC,20436.0,Blumenau,Cliente_02625,1990-03-21 02:27:32
2626,M,RJ,21495.0,Niterói,Cliente_02626,1957-07-20 09:26:01
2627,M,RS,9562.0,Porto Alegre,Cliente_02627,2001-08-08 15:03:20
2628,M,MG,18924.0,Juiz de Fora,Cliente_02628,1971-08-25 07:47:05
2629,M,MG,10006.0,Juiz de Fora,Cliente_02629,1992-06-10 17:09:04
2630,F,DF,13151.0,Brasília,Cliente_02630,2006-04-09 09:20:47
2631,F,RJ,22056.0,Niterói,Cliente_02631,1958-03-11 03:28:07
2632,F,SC,20830.0,Blumenau,Cliente_02632,1989-01-31 15:54:36
2633,F,SP,17230.0,Santos,Cliente_02633,1959-11-16 19:12:20
2634,M,RS,4736.0,Pelotas,Cliente_02634,1959-06-06 05:20:59
2635,M,SC,5180.0,Florianópolis,Cliente_02635,1985-05-11 01:44:24
2636,M,BA,16883.0,Salvador,Cliente_02636,1958-01-02 14:12:37
2637,F,PE,22691.0,Caruaru,Cliente_02637,1971-04-19 01:13:19
2638,M,DF,12798.0,Brasília,Cliente_02638,1981-11-28 23:43:35
2639,M,SP,19421.0,São Paulo,Cliente_02639,1984-11-27 22:38:03
2640,M,BA,5372.0,Vitória da Conquista,Cliente_02640,2007-05-13 16:44:00
2641,F,SP,3367.0,São Paulo,Cliente_02641,1955-04-08 21:22:16
2642,M,SP,17320.0,Santos,Cliente_02642,1998-05-10 14:48:24
2643,F,DF,19045.0,Brasília,Cliente_02643,1975-05-14 17:49:38
2644,F,SP,5420.0,Santos,Cliente_02644,1959-06-03 14:23:44
2645,F,SC,7193.0,Florianópolis,Cliente_02645,1964-07-01 16:29:43
2646,F,SC,21766.0,Florianópolis,Cliente_02646,1957-07-31 19:46:47
2647,M,BA,12448.0,Salvador,Cliente_02647,1964-02-12 07:22:51
2648,F,MG,9956.0,Belo Horizonte,Cliente_02648,2007-05-21 00:31:04
2649,F,RJ,7831.0,Niterói,Cliente_02649,1976-08-08 04:29:51
2650,M,RS,23066.0,Porto Alegre,Cliente_02650,1994-04-24 01:09:49
2651,M,RS,14607.0,Caxias do Sul,Cliente_02651,1981-08-08 06:29:19
2652,F,PR,10994.0,Maringá,Cliente_02652,1989-11-02 06:32:56
2653,M,DF,15353.0,Brasília,Cliente_02653,2007-04-29 01:46:49
2654,F,GO,10886.0,Anápolis,Cliente_02654,1997-12-26 11:30:48
2655,F,GO,19410.0,Rio Verde,Cliente_02655,1956-03-20 14:58:35
2656,F,BA,9631.0,Feira de Santana,Cliente_02656,1981-02-26 15:10:20
2657,F,SP,13296.0,Campinas,Cliente_02657,1998-05-31 09:34:02
2658,M,SP,22278.0,Santos,Cliente_02658,1980-11-09 15:04:52
2659,F,DF,2658.0,Brasília,Cliente_02659,1987-10-15 22:08:53
2660,M,PE,22251.0,Caruaru,Cliente_02660,1972-08-21 09:01:25
2661,M,MG,22514.0,Juiz de Fora,Cliente_02661,1958-04-27 22:17:53
2662,M,PR,21397.0,Curitiba,Cliente_02662,2004-07-30 04:42:43
2663,M,SC,19028.0,Blumenau,Cliente_02663,1982-04-24 13:53:47
2664,F,SP,1568.0,Campinas,Cliente_02664,1977-04-28 06:34:54
2665,M,PR,5217.0,Curitiba,Cliente_02665,1979-11-08 15:53:58
2666,F,RS,16718.0,Caxias do Sul,Cliente_02666,1996-06-23 18:59:17
2667,M,PE,12700.0,Recife,Cliente_02667,1960-09-10 15:27:38
2668,M,SC,17355.0,Blumenau,Cliente_02668,1973-07-16 19:47:18
2669,F,DF,10861.0,Brasília,Cliente_02669,1986-09-19 20:07:09
2670,F,PR,17192.0,Curitiba,Cliente_02670,1996-10-21 02:34:35
2671,F,BA,13026.0,Salvador,Cliente_02671,1959-09-17 05:26:07
2672,M,SC,11707.0,Florianópolis,Cliente_02672,1995-10-20 07:27:10
2673,M,DF,10731.0,Brasília,Cliente_02673,1965-01-22 23:58:43
2674,F,GO,16563.0,Anápolis,Cliente_02674,1978-02-11 14:45:28
2675,F,DF,6223.0,Brasília,Cliente_02675,2001-06-28 18:59:10
2676,F,DF,5713.0,Brasília,Cliente_02676,1987-03-24 23:51:14
2677,F,SC,24297.0,Florianópolis,Cliente_02677,1985-08-06 11:44:27
2678,M,PE,4966.0,Petrolina,Cliente_02678,1957-09-04 08:07:57
2679,F,SC,20910.0,Blumenau,Cliente_02679,1957-08-18 02:12:23
2680,F,RJ,24882.0,Campos,Cliente_02680,1997-03-19 03:26:26
2681,F,MG,13949.0,Belo Horizonte,Cliente_02681,1987-04-19 04:46:42
2682,F,PE,4247.0,Petrolina,Cliente_02682,1982-03-18 00:23:20
2683,M,BA,13954.0,Feira de Santana,Cliente_02683,1988-02-14 07:44:25
2684,F,PE,14087.0,Petrolina,Cliente_02684,1967-09-23 13:25:57
2685,M,RS,24055.0,Porto Alegre,Cliente_02685,1997-11-04 00:44:58
2686,F,BA,21739.0,Vitória da Conquista,Cliente_02686,1962-04-01 12:41:33
2687,F,GO,17883.0,Goiânia,Cliente_02687,1968-01-25 05:39:31
2688,M,SC,3703.0,Florianópolis,Cliente_02688,1981-08-11 21:51:41
2689,F,DF,15135.0,Brasília,Cliente_02689,1992-08-12 23:09:21
2690,M,SC,21303.0,Blumenau,Cliente_02690,2005-08-01 05:03:07
2691,M,RS,2644.0,Caxias do Sul,Cliente_02691,1964-07-06 14:24:47
2692,F,PR,20583.0,Londrina,Cliente_02692,1994-08-27 19:55:07
2693,M,RS,13713.0,Pelotas,Cliente_02693,1984-04-18 01:22:10
2694,M,RJ,18444.0,Rio de Janeiro,Cliente_02694,1981-05-31 07:40:36
2695,M,DF,2687.0,Brasília,Cliente_02695,2000-12-18 02:45:18
2696,M,DF,4633.0,Brasília,Cliente_02696,1957-02-10 00:00:47
2697,M,SP,4911.0,Santos,Cliente_02697,1988-09-25 01:10:28
2698,M,PR,3189.0,Curitiba,Cliente_02698,1994-09-13 13:27:40
2699,M,SP,5907.0,São Paulo,Cliente_02699,1996-01-27 17:06:19
2700,M,GO,3923.0,Goiânia,Cliente_02700,1998-01-03 23:37:30
2701,F,MG,19253.0,Uberlândia,Cliente_02701,1983-12-30 14:40:00
2702,F,MG,23891.0,Uberlândia,Cliente_02702,1997-02-16 20:06:11
2703,M,SC,8228.0,Blumenau,Cliente_02703,1980-06-29 10:00:10
2704,F,MG,2476.0,Uberlândia,Cliente_02704,2003-11-04 15:50:42
2705,M,DF,22156.0,Brasília,Cliente_02705,1983-02-23 04:43:08
2706,M,RS,24381.0,Porto Alegre,Cliente_02706,1959-11-19 14:07:58
2707,F,PR,14301.0,Curitiba,Cliente_02707,2005-07-02 14:34:22
2708,M,SC,12048.0,Blumenau,Cliente_02708,1993-07-07 14:24:49
2709,M,SC,1618.0,Florianópolis,Cliente_02709,1975-09-20 00:53:58
2710,M,PR,3042.0,Maringá,Cliente_02710,1974-12-10 04:46:33
2711,M,DF,22746.0,Brasília,Cliente_02711,1975-02-18 02:18:00
2712,F,GO,20927.0,Rio Verde,Cliente_02712,1965-01-04 09:06:24
2713,M,GO,2472.0,Goiânia,Cliente_02713,1994-11-19 01:52:27
2714,M,SC,2415.0,Joinville,Cliente_02714,1994-02-12 12:11:18
2715,M,GO,8121.0,Goiânia,Cliente_02715,1970-10-29 06:03:22
2716,F,DF,18470.0,Brasília,Cliente_02716,1964-06-19 17:31:39
2717,M,RJ,23509.0,Rio de Janeiro,Cliente_02717,1984-09-04 15:33:04
2718,F,RJ,16030.0,Campos,Cliente_02718,1998-05-10 07:30:12
2719,F,SP,8854.0,Campinas,Cliente_02719,1974-10-06 10:20:48
2720,M,PE,15261.0,Petrolina,Cliente_02720,1983-12-18 21:07:35
2721,M,BA,6091.0,Salvador,Cliente_02721,1997-09-27 21:33:16
2722,F,MG,20446.0,Juiz de Fora,Cliente_02722,1956-04-05 15:45:18
2723,M,GO,24723.0,Rio Verde,Cliente_02723,1995-03-18 00:32:03
2724,F,RJ,9964.0,Rio de Janeiro,Cliente_02724,1992-08-13 14:20:27
2725,F,RS,20811.0,Pelotas,Cliente_02725,1957-11-30 15:26:56
2726,M,PR,24079.0,Curitiba,Cliente_02726,1974-05-18 08:42:24
2727,M,PE,14050.0,Petrolina,Cliente_02727,1967-05-25 23:06:31
2728,F,SP,24160.0,Campinas,Cliente_02728,1972-05-14 11:41:02
2729,F,BA,15851.0,Salvador,Cliente_02729,1966-03-29 09:57:17
2730,F,RJ,5790.0,Niterói,Cliente_02730,2006-04-01 21:58:54
2731,F,SP,23766.0,Santos,Cliente_02731,1976-05-26 03:57:07
2732,M,PE,7946.0,Caruaru,Cliente_02732,1958-09-08 13:56:25
2733,M,PR,23051.0,Londrina,Cliente_02733,1998-09-24 06:07:06
2734,M,MG,14932.0,Uberlândia,Cliente_02734,1986-10-28 08:22:41
2735,M,RJ,3022.0,Campos,Cliente_02735,1961-06-16 15:02:51
2736,M,PR,2061.0,Curitiba,Cliente_02736,1992-06-07 23:05:09
2737,F,BA,5040.0,Vitória da Conquista,Cliente_02737,1987-10-21 07:12:15
2738,M,GO,13828.0,Rio Verde,Cliente_02738,2000-03-16 03:44:38
2739,M,PE,2979.0,Petrolina,Cliente_02739,2006-05-18 15:21:26
2740,M,BA,8177.0,Salvador,Cliente_02740,2004-04-07 15:37:22
2741,M,MG,19089.0,Juiz de Fora,Cliente_02741,1976-07-06 07:22:51
2742,M,PR,24544.0,Maringá,Cliente_02742,2005-10-04 11:46:57
2743,F,DF,10348.0,Brasília,Cliente_02743,1985-06-22 23:06:17
2744,F,MG,18473.0,Belo Horizonte,Cliente_02744,2006-01-07 11:18:30
2745,F,SC,22210.0,Florianópolis,Cliente_02745,1984-11-25 15:23:42
2746,M,RJ,22788.0,Rio de Janeiro,Cliente_02746,1989-12-18 09:54:43
2747,F,GO,14266.0,Anápolis,Cliente_02747,1978-12-07 12:25:52
2748,F,PE,15020.0,Recife,Cliente_02748,1995-02-28 00:29:36
2749,M,RS,13443.0,Caxias do Sul,Cliente_02749,1970-12-08 18:40:52
2750,M,PR,24305.0,Londrina,Cliente_02750,1959-06-22 09:21:40
2751,M,DF,21643.0,Brasília,Cliente_02751,1990-01-19 03:45:36
2752,F,RS,11792.0,Pelotas,Cliente_02752,1956-06-18 07:03:46
2753,F,RJ,11576.0,Niterói,Cliente_02753,2007-09-20 00:15:49
2754,M,RJ,17517.0,Campos,Cliente_02754,2000-04-23 17:07:37
2755,M,PE,10155.0,Caruaru,Cliente_02755,1962-02-08 02:38:46
2756,F,DF,10445.0,Brasília,Cliente_02756,1956-09-25 23:59:06
2757,F,RJ,23820.0,Rio de Janeiro,Cliente_02757,1976-05-24 22:44:16
2758,M,RS,10274.0,Pelotas,Cliente_02758,1987-08-31 20:07:03
2759,M,DF,3705.0,Brasília,Cliente_02759,1964-02-28 04:02:43
2760,F,RS,21998.0,Caxias do Sul,Cliente_02760,1956-11-14 06:36:12
2761,M,MG,13842.0,Juiz de Fora,Cliente_02761,1963-08-08 15:42:16
2762,F,BA,5527.0,Salvador,Cliente_02762,1964-10-13 22:29:14
2763,F,DF,17827.0,Brasília,Cliente_02763,1990-01-24 12:39:22
2764,F,SP,22700.0,Campinas,Cliente_02764,1983-06-07 16:54:08
2765,F,BA,8688.0,Feira de Santana,Cliente_02765,2004-01-11 14:30:41
2766,M,BA,4308.0,Salvador,Cliente_02766,1962-11-28 00:00:02
2767,M,DF,15351.0,Brasília,Cliente_02767,1963-02-23 00:28:41
2768,F,GO,16854.0,Anápolis,Cliente_02768,2000-03-25 02:39:02
2769,F,RJ,16558.0,Niterói,Cliente_02769,2005-06-09 16:42:03
2770,F,MG,16120.0,Juiz de Fora,Cliente_02770,1999-09-19 23:29:20
2771,F,GO,21487.0,Anápolis,Cliente_02771,1981-07-14 17:04:24
2772,F,GO,5413.0,Goiânia,Cliente_02772,1996-09-21 01:38:25
2773,M,SP,19303.0,Campinas,Cliente_02773,1966-01-26 14:41:46
2774,M,PR,3667.0,Maringá,Cliente_02774,1979-09-03 12:12:50
2775,M,DF,3644.0,Brasília,Cliente_02775,1994-02-08 00:33:28
2776,M,RS,3667.0,Caxias do Sul,Cliente_02776,1996-07-03 05:49:58
2777,F,RJ,11252.0,Campos,Cliente_02777,1982-11-14 12:09:18
2778,F,GO,10868.0,Anápolis,Cliente_02778,1999-10-15 15:54:49
2779,F,MG,23775.0,Juiz de Fora,Cliente_02779,2006-01-10 19:46:51
2780,F,PR,24420.0,Maringá,Cliente_02780,1972-12-24 12:06:10
2781,F,SP,19050.0,Campinas,Cliente_02781,1971-07-31 01:03:14
2782,M,SC,5075.0,Florianópolis,Cliente_02782,1987-04-15 21:04:14
2783,F,RJ,20725.0,Rio de Janeiro,Cliente_02783,1974-06-06 00:08:52
2784,M,SC,19754.0,Joinville,Cliente_02784,1981-12-27 21:36:57
2785,M,BA,20770.0,Feira de Santana,Cliente_02785,1962-01-22 18:36:20
2786,M,GO,18043.0,Anápolis,Cliente_02786,1966-06-27 17:10:51
2787,M,PE,8743.0,Caruaru,Cliente_02787,1992-02-11 10:41:48
2788,F,RJ,21647.0,Niterói,Cliente_02788,1983-05-09 05:16:40
2789,M,RS,14426.0,Porto Alegre,Cliente_02789,1988-05-28 15:47:52
2790,M,PR,2555.0,Maringá,Cliente_02790,1982-05-17 11:32:05
2791,M,MG,18217.0,Juiz de Fora,Cliente_02791,1965-05-07 14:30:50
2792,F,RJ,21480.0,Rio de Janeiro,Cliente_02792,1979-11-16 04:03:06
2793,F,RS,10583.0,Porto Alegre,Cliente_02793,1982-02-11 00:33:26
2794,F,DF,2862.0,Brasília,Cliente_02794,1999-05-06 10:43:21
2795,M,SC,2425.0,Blumenau,Cliente_02795,1997-04-16 18:25:43
2796,M,DF,23403.0,Brasília,Cliente_02796,1984-05-18 18:53:28
2797,F,PR,20327.0,Curitiba,Cliente_02797,1980-03-28 20:00:05
2798,M,SP,17821.0,Campinas,Cliente_02798,1974-11-01 04:03:35
2799,F,GO,12269.0,Goiânia,Cliente_02799,2001-09-13 22:37:05
2800,F,RJ,5480.0,Rio de Janeiro,Cliente_02800,1973-05-15 07:16:07
2801,M,PE,8760.0,Recife,Cliente_02801,1962-12-12 16:49:18
2802,M,SC,17651.0,Florianópolis,Cliente_02802,1973-02-09 11:43:40
2803,M,SC,12097.0,Blumenau,Cliente_02803,1977-10-17 15:06:18
2804,M,RJ,2919.0,Campos,Cliente_02804,1992-11-09 09:26:57
2805,F,BA,12567.0,Vitória da Conquista,Cliente_02805,1973-06-21 19:33:05
2806,F,DF,1559.0,Brasília,Cliente_02806,2005-09-09 16:06:58
2807,F,SC,4024.0,Blumenau,Cliente_02807,2006-11-06 09:08:06
2808,F,RS,21681.0,Caxias do Sul,Cliente_02808,2000-10-16 06:23:20
2809,F,MG,3078.0,Uberlândia,Cliente_02809,1983-02-05 22:17:38
2810,M,GO,14098.0,Rio Verde,Cliente_02810,1994-05-16 13:43:48
2811,F,SC,16027.0,Blumenau,Cliente_02811,1975-05-07 20:24:24
2812,F,RS,17547.0,Pelotas,Cliente_02812,2002-01-16 02:51:18
2813,F,PR,2207.0,Curitiba,Cliente_02813,1956-04-01 23:58:23
2814,M,PR,6777.0,Londrina,Cliente_02814,1994-01-10 03:58:53
2815,M,GO,3280.0,Anápolis,Cliente_02815,1988-05-14 21:43:16
2816,M,BA,15311.0,Salvador,Cliente_02816,1979-10-08 15:26:00
2817,M,PE,20297.0,Recife,Cliente_02817,1960-11-25 02:23:45
2818,F,GO,14645.0,Goiânia,Cliente_02818,1983-01-22 15:13:07
2819,F,SP,16162.0,Campinas,Cliente_02819,2002-09-10 22:00:35
2820,M,BA,20045.0,Salvador,Cliente_02820,1994-08-14 21:41:04
2821,M,SC,13231.0,Florianópolis,Cliente_02821,1959-01-07 01:16:09
2822,F,GO,10300.0,Goiânia,Cliente_02822,1988-05-10 17:44:22
2823,F,DF,18192.0,Brasília,Cliente_02823,1958-05-08 04:08:01
2824,M,PR,6939.0,Maringá,Cliente_02824,1999-02-17 22:52:10
2825,M,RS,5807.0,Porto Alegre,Cliente_02825,1973-12-26 17:25:34
2826,M,GO,3864.0,Rio Verde,Cliente_02826,1985-06-17 22:19:24
2827,M,DF,18068.0,Brasília,Cliente_02827,1969-12-23 08:36:47
2828,F,BA,6824.0,Feira de Santana,Cliente_02828,1998-05-23 14:20:24
2829,F,SP,6983.0,Campinas,Cliente_02829,1988-10-06 09:13:42
2830,F,RS,1745.0,Caxias do Sul,Cliente_02830,1966-12-26 06:59:08
2831,M,MG,9930.0,Juiz de Fora,Cliente_02831,1995-02-17 02:36:46
2832,M,SP,9683.0,São Paulo,Cliente_02832,1998-11-21 12:08:28
2833,F,SC,7424.0,Joinville,Cliente_02833,1975-10-04 07:14:51
2834,F,DF,18403.0,Brasília,Cliente_02834,1997-04-03 22:57:47
2835,F,GO,15401.0,Goiânia,Cliente_02835,1960-10-11 11:18:37
2836,F,GO,5407.0,Rio Verde,Cliente_02836,1971-12-02 09:38:30
2837,M,RJ,1776.0,Niterói,Cliente_02837,1995-04-02 07:53:18
2838,F,PR,6601.0,Curitiba,Cliente_02838,1986-11-13 11:20:29
2839,F,SC,16037.0,Florianópolis,Cliente_02839,1973-10-19 22:43:43
2840,F,DF,14001.0,Brasília,Cliente_02840,1992-09-06 19:19:04
2841,F,GO,22457.0,Anápolis,Cliente_02841,1958-09-02 21:58:49
2842,F,MG,6103.0,Belo Horizonte,Cliente_02842,1980-12-15 15:09:35
2843,F,RS,17835.0,Pelotas,Cliente_02843,1977-02-05 07:29:12
2844,F,SC,14886.0,Joinville,Cliente_02844,1971-01-18 15:17:35
2845,M,BA,5553.0,Feira de Santana,Cliente_02845,1977-02-20 12:17:05
2846,M,MG,24696.0,Uberlândia,Cliente_02846,1975-03-17 06:13:29
2847,M,RS,7573.0,Caxias do Sul,Cliente_02847,1998-06-04 23:56:08
2848,M,PE,18025.0,Petrolina,Cliente_02848,1987-10-27 10:22:09
2849,F,PR,12061.0,Maringá,Cliente_02849,1978-04-26 03:39:24
2850,M,SC,19601.0,Florianópolis,Cliente_02850,1989-01-11 19:52:01
2851,M,DF,14248.0,Brasília,Cliente_02851,1984-12-15 18:47:56
2852,F,SP,8813.0,Santos,Cliente_02852,1993-07-04 03:41:48
2853,F,RS,7214.0,Porto Alegre,Cliente_02853,1999-10-02 03:37:59
2854,M,BA,18283.0,Salvador,Cliente_02854,1980-06-16 01:33:54
2855,M,GO,22647.0,Anápolis,Cliente_02855,1982-01-18 09:56:30
2856,F,SP,11026.0,São Paulo,Cliente_02856,1999-03-14 17:22:10
2857,M,MG,15082.0,Uberlândia,Cliente_02857,1961-06-13 15:35:18
2858,F,PR,12315.0,Curitiba,Cliente_02858,1975-02-10 07:55:10
2859,F,DF,15260.0,Brasília,Cliente_02859,1959-02-18 21:26:33
2860,F,SP,7755.0,Santos,Cliente_02860,1974-12-13 22:14:14
2861,F,BA,18122.0,Feira de Santana,Cliente_02861,1978-06-06 21:24:37
2862,M,RS,4715.0,Porto Alegre,Cliente_02862,1973-05-16 05:52:13
2863,F,DF,9041.0,Brasília,Cliente_02863,1956-06-14 08:09:44
2864,F,PE,5147.0,Petrolina,Cliente_02864,1974-08-11 12:17:21
2865,M,GO,23292.0,Rio Verde,Cliente_02865,2002-07-01 06:34:34
2866,F,PR,11308.0,Londrina,Cliente_02866,1998-03-13 01:33:25
2867,M,SP,24224.0,Campinas,Cliente_02867,1966-09-10 01:27:42
2868,M,PR,20313.0,Londrina,Cliente_02868,1981-02-04 14:21:33
2869,M,PR,5152.0,Curitiba,Cliente_02869,1973-11-20 22:34:54
2870,F,PR,15528.0,Londrina,Cliente_02870,2001-01-20 19:38:27
2871,M,RS,15303.0,Pelotas,Cliente_02871,2003-01-02 23:22:45
2872,M,PR,7807.0,Maringá,Cliente_02872,2007-06-18 15:33:09
2873,F,PE,23024.0,Caruaru,Cliente_02873,1958-09-28 08:07:39
2874,M,MG,20762.0,Uberlândia,Cliente_02874,1980-02-07 11:38:17
2875,M,BA,3035.0,Vitória da Conquista,Cliente_02875,1968-12-30 01:49:06
2876,M,DF,16432.0,Brasília,Cliente_02876,1980-12-08 18:49:11
2877,M,PE,,Recife,Cliente_02877,1970-10-20 16:56:36
2878,M,DF,10227.0,Brasília,Cliente_02878,1958-10-29 05:06:17
2879,F,BA,24138.0,Vitória da Conquista,Cliente_02879,1967-02-10 07:18:02
2880,M,MG,18832.0,Juiz de Fora,Cliente_02880,1971-05-07 21:35:47
2881,M,SC,12334.0,Blumenau,Cliente_02881,1997-10-07 19:38:21
2882,F,DF,21825.0,Brasília,Cliente_02882,1994-04-15 16:56:28
2883,F,DF,10713.0,Brasília,Cliente_02883,1990-03-12 12:28:17
2884,F,MG,24487.0,Uberlândia,Cliente_02884,1997-02-05 06:00:29
2885,M,SP,16937.0,São Paulo,Cliente_02885,2007-09-22 00:11:37
2886,F,PE,2903.0,Recife,Cliente_02886,1964-04-17 12:21:04
2887,M,SP,21395.0,Campinas,Cliente_02887,1967-04-02 04:15:10
2888,M,SP,20819.0,Santos,Cliente_02888,1993-02-23 09:13:00
2889,F,SP,22762.0,Campinas,Cliente_02889,1992-11-08 03:45:58
2890,F,PR,9006.0,Londrina,Cliente_02890,1960-04-28 10:42:33
2891,M,GO,9091.0,Goiânia,Cliente_02891,1970-11-07 22:47:54
2892,F,DF,14496.0,Brasília,Cliente_02892,1956-11-21 11:34:26
2893,M,SP,6560.0,São Paulo,Cliente_02893,2003-07-23 22:05:54
2894,F,PE,21217.0,Caruaru,Cliente_02894,2003-02-04 14:37:22
2895,F,GO,16562.0,Anápolis,Cliente_02895,1961-02-11 19:52:25
2896,F,GO,3102.0,Goiânia,Cliente_02896,1981-07-07 17:41:15
2897,M,SP,14972.0,São Paulo,Cliente_02897,2000-06-16 02:47:24
2898,F,RS,3696.0,Pelotas,Cliente_02898,1991-07-11 12:56:02
2899,M,SP,12591.0,Campinas,Cliente_02899,1997-01-28 18:52:33
2900,M,RS,16540.0,Pelotas,Cliente_02900,1998-09-06 08:52:21
2901,M,SP,17994.0,Santos,Cliente_02901,1993-05-02 14:21:01
2902,M,PE,17516.0,Petrolina,Cliente_02902,1977-03-07 18:50:01
2903,F,RS,7523.0,Porto Alegre,Cliente_02903,1986-01-01 14:13:22
2904,M,PR,22043.0,Maringá,Cliente_02904,1993-02-20 11:25:20
2905,M,GO,5367.0,Goiânia,Cliente_02905,2002-06-27 03:21:13
2906,F,SP,11069.0,São Paulo,Cliente_02906,1978-10-28 19:31:24
2907,M,GO,9141.0,Goiânia,Cliente_02907,1999-06-06 16:40:40
2908,F,SP,6504.0,Campinas,Cliente_02908,1982-03-30 11:27:27
2909,M,DF,11463.0,Brasília,Cliente_02909,1961-05-03 07:39:01
2910,F,DF,15296.0,Brasília,Cliente_02910,1959-01-31 06:48:53
2911,M,RJ,9704.0,Campos,Cliente_02911,1993-12-15 17:30:32
2912,F,SP,8577.0,São Paulo,Cliente_02912,1972-06-22 13:34:25
2913,M,RJ,14026.0,Niterói,Cliente_02913,1959-05-07 17:42:33
2914,M,MG,4761.0,Uberlândia,Cliente_02914,1990-02-16 17:19:57
2915,F,MG,18546.0,Uberlândia,Cliente_02915,1964-06-22 17:28:30
2916,F,GO,14897.0,Goiânia,Cliente_02916,2006-10-01 20:02:58
2917,F,RS,4890.0,Porto Alegre,Cliente_02917,1960-08-14 03:14:10
2918,F,SP,20902.0,São Paulo,Cliente_02918,1999-01-27 12:04:34
2919,M,BA,16799.0,Feira de Santana,Cliente_02919,1979-09-26 14:12:48
2920,M,SP,3402.0,São Paulo,Cliente_02920,1965-11-09 16:23:21
2921,F,SP,22055.0,Santos,Cliente_02921,1983-03-18 11:32:06
2922,M,BA,18212.0,Salvador,Cliente_02922,2005-11-27 19:16:41
2923,F,MG,11131.0,Belo Horizonte,Cliente_02923,1974-10-08 23:15:24
2924,F,RJ,17062.0,Campos,Cliente_02924,1987-05-30 21:37:10
2925,M,GO,15040.0,Goiânia,Cliente_02925,2000-01-08 03:21:05
2926,M,MG,24179.0,Belo Horizonte,Cliente_02926,2003-12-08 21:52:21
2927,M,BA,5346.0,Salvador,Cliente_02927,2004-04-30 07:40:03
2928,M,SP,13859.0,São Paulo,Cliente_02928,1985-07-01 04:11:22
2929,M,MG,18108.0,Uberlândia,Cliente_02929,1958-10-22 11:18:46
2930,M,PE,4020.0,Recife,Cliente_02930,1969-03-06 17:17:01
2931,M,DF,9564.0,Brasília,Cliente_02931,1982-02-22 09:54:37
2932,F,SP,21598.0,Santos,Cliente_02932,1973-06-16 12:55:50
2933,F,SC,20291.0,Blumenau,Cliente_02933,1997-09-03 14:18:27
2934,F,BA,8183.0,Feira de Santana,Cliente_02934,1985-04-16 15:16:34
2935,F,PR,18694.0,Curitiba,Cliente_02935,1955-09-05 09:13:12
2936,F,RS,24636.0,Pelotas,Cliente_02936,1982-02-23 23:45:39
2937,M,PR,4617.0,Londrina,Cliente_02937,1988-08-03 06:49:41
2938,F,MG,22657.0,Belo Horizonte,Cliente_02938,1956-07-07 15:39:02
2939,F,SP,17104.0,Campinas,Cliente_02939,1983-07-08 08:40:41
2940,F,RS,21174.0,Porto Alegre,Cliente_02940,2000-01-16 18:11:46
2941,F,RS,14078.0,Caxias do Sul,Cliente_02941,1955-08-04 14:08:20
2942,F,GO,3751.0,Anápolis,Cliente_02942,1959-02-25 03:11:27
2943,F,PR,15013.0,Maringá,Cliente_02943,1993-08-23 00:09:31
2944,F,SP,6161.0,Santos,Cliente_02944,1999-08-21 17:19:25
2945,M,GO,15603.0,Anápolis,Cliente_02945,1965-06-23 22:36:16
2946,M,RJ,22490.0,Rio de Janeiro,Cliente_02946,1974-04-22 22:30:14
2947,F,PR,,Curitiba,Cliente_02947,1979-09-09 20:18:50
2948,M,DF,20936.0,Brasília,Cliente_02948,2002-01-09 06:33:23
2949,M,DF,22335.0,Brasília,Cliente_02949,1985-03-29 15:25:00
2950,M,GO,6425.0,Goiânia,Cliente_02950,1969-02-12 15:00:21
2951,M,RJ,13702.0,Rio de Janeiro,Cliente_02951,1991-10-27 05:53:40
2952,F,PE,4146.0,Recife,Cliente_02952,1997-09-01 19:37:37
2953,M,PE,20790.0,Petrolina,Cliente_02953,1981-08-12 17:21:20
2954,M,DF,19630.0,Brasília,Cliente_02954,2004-02-04 22:26:19
2955,M,SC,5809.0,Joinville,Cliente_02955,1985-04-29 00:58:19
2956,F,BA,18332.0,Vitória da Conquista,Cliente_02956,1998-09-14 18:28:05
2957,F,BA,20896.0,Salvador,Cliente_02957,1955-03-03 18:48:38
2958,F,SC,19452.0,Joinville,Cliente_02958,2002-06-02 07:51:17
2959,F,GO,21375.0,Goiânia,Cliente_02959,1963-08-26 04:38:49
2960,F,BA,14167.0,Salvador,Cliente_02960,1955-07-31 22:58:39
2961,F,BA,8810.0,Feira de Santana,Cliente_02961,1971-10-11 01:34:20
2962,F,PR,24767.0,Curitiba,Cliente_02962,1956-12-23 15:11:41
2963,M,PR,16467.0,Maringá,Cliente_02963,1956-12-27 03:11:34
2964,M,SC,23868.0,Blumenau,Cliente_02964,1986-09-22 10:06:44
2965,M,SP,10739.0,Santos,Cliente_02965,1999-07-29 05:23:28
2966,F,RJ,8588.0,Rio de Janeiro,Cliente_02966,1978-11-10 14:00:16
2967,F,GO,14322.0,Rio Verde,Cliente_02967,1955-07-13 18:44:40
2968,F,PR,22652.0,Curitiba,Cliente_02968,1973-10-24 10:25:56
2969,F,PR,18948.0,Curitiba,Cliente_02969,2007-05-01 06:42:37
2970,F,PE,5321.0,Petrolina,Cliente_02970,1976-12-12 02:19:08
2971,M,RJ,2936.0,Campos,Cliente_02971,1967-04-20 21:49:46
2972,M,PE,14397.0,Recife,Cliente_02972,1998-08-24 11:41:50
2973,F,SP,23981.0,São Paulo,Cliente_02973,2003-12-01 10:39:24
2974,F,RJ,20367.0,Rio de Janeiro,Cliente_02974,1965-05-18 07:42:09
2975,F,BA,9219.0,Salvador,Cliente_02975,1967-08-02 05:02:10
2976,F,PE,22684.0,Petrolina,Cliente_02976,1962-10-09 22:46:40
2977,M,DF,24266.0,Brasília,Cliente_02977,1975-04-07 18:42:13
2978,F,GO,22713.0,Goiânia,Cliente_02978,1979-10-09 15:07:55
2979,F,BA,24037.0,Salvador,Cliente_02979,1982-01-17 10:57:06
2980,F,RJ,4294.0,Rio de Janeiro,Cliente_02980,1997-05-19 02:14:06
2981,F,DF,13028.0,Brasília,Cliente_02981,1968-09-03 04:22:56
2982,M,SP,11582.0,São Paulo,Cliente_02982,1980-05-04 11:11:48
2983,F,DF,14518.0,Brasília,Cliente_02983,1986-07-10 12:51:40
2984,F,PR,18981.0,Curitiba,Cliente_02984,2007-04-02 11:54:42
2985,M,SC,19522.0,Joinville,Cliente_02985,1962-09-14 03:30:12
2986,M,DF,17084.0,Brasília,Cliente_02986,1963-03-15 07:33:33
2987,M,RS,11350.0,Caxias do Sul,Cliente_02987,1991-09-23 21:23:47
2988,F,SP,9955.0,Campinas,Cliente_02988,1989-10-02 00:27:33
2989,F,BA,12684.0,Vitória da Conquista,Cliente_02989,1990-09-20 00:12:11
2990,M,PE,14707.0,Recife,Cliente_02990,1963-01-29 04:17:35
2991,M,MG,1660.0,Juiz de Fora,Cliente_02991,1967-09-25 09:36:17
2992,M,SP,23790.0,São Paulo,Cliente_02992,1962-12-13 14:00:29
2993,M,RS,9918.0,Caxias do Sul,Cliente_02993,1981-12-17 13:59:40
2994,M,PR,8581.0,Curitiba,Cliente_02994,1968-05-15 20:39:15
2995,M,PE,5912.0,Petrolina,Cliente_02995,1958-10-01 15:22:00
2996,F,GO,11614.0,Rio Verde,Cliente_02996,1980-12-11 22:41:23
2997,F,MG,21041.0,Belo Horizonte,Cliente_02997,1970-06-02 21:55:18
2998,F,DF,20222.0,Brasília,Cliente_02998,1998-12-09 21:44:42
2999,M,RS,23472.0,Pelotas,Cliente_02999,1966-10-10 09:22:12
3000,M,DF,19485.0,Brasília,Cliente_03000,2002-09-13 23:05:00
3001,M,GO,7388.0,Anápolis,Cliente_03001,1995-07-15 20:48:17
3002,M,SP,5218.0,São Paulo,Cliente_03002,1974-04-12 04:27:51
3003,M,SC,23430.0,Joinville,Cliente_03003,1966-05-03 04:18:34
3004,M,RS,12114.0,Caxias do Sul,Cliente_03004,2000-05-08 03:05:29
3005,F,RJ,19809.0,Campos,Cliente_03005,1982-04-24 01:43:05
3006,F,BA,20799.0,Salvador,Cliente_03006,1993-07-13 04:57:37
3007,M,RJ,24782.0,Niterói,Cliente_03007,1966-11-22 12:43:14
3008,F,SC,9943.0,Joinville,Cliente_03008,1973-01-20 09:23:37
3009,M,GO,23536.0,Goiânia,Cliente_03009,1990-08-31 06:05:10
3010,F,RJ,21385.0,Campos,Cliente_03010,1991-02-17 17:51:00
3011,M,PR,16703.0,Londrina,Cliente_03011,1979-05-31 00:26:55
3012,M,RS,17869.0,Porto Alegre,Cliente_03012,1958-07-27 22:19:21
3013,F,PR,8774.0,Curitiba,Cliente_03013,1987-03-15 21:56:26
3014,F,MG,17259.0,Uberlândia,Cliente_03014,2007-07-21 19:48:34
3015,M,SC,19486.0,Joinville,Cliente_03015,1956-04-19 01:11:59
3016,M,MG,18397.0,Uberlândia,Cliente_03016,1997-10-24 05:07:23
3017,F,MG,16604.0,Juiz de Fora,Cliente_03017,1998-10-11 09:28:10
3018,F,MG,10133.0,Juiz de Fora,Cliente_03018,1958-01-11 22:05:09
3019,M,SP,9692.0,São Paulo,Cliente_03019,1978-01-13 22:28:41
3020,F,SP,8001.0,São Paulo,Cliente_03020,1993-03-31 23:30:40
3021,M,SC,18786.0,Joinville,Cliente_03021,1994-12-30 09:49:11
3022,M,PE,7219.0,Recife,Cliente_03022,1991-06-24 13:06:12
3023,M,RJ,10912.0,Campos,Cliente_03023,1957-09-04 10:23:16
3024,M,SP,17463.0,São Paulo,Cliente_03024,1975-11-05 13:07:57
3025,F,DF,20205.0,Brasília,Cliente_03025,1997-04-21 18:05:26
3026,F,PR,2355.0,Curitiba,Cliente_03026,1991-07-22 17:29:40
3027,F,SP,2517.0,Campinas,Cliente_03027,1988-09-03 13:41:27
3028,F,GO,6779.0,Anápolis,Cliente_03028,2004-04-20 09:56:36
3029,F,MG,11912.0,Juiz de Fora,Cliente_03029,2005-07-16 04:02:54
3030,F,SP,9212.0,São Paulo,Cliente_03030,1998-08-11 14:10:00
3031,F,SC,17317.0,Florianópolis,Cliente_03031,1978-02-12 06:47:32
3032,M,PR,22564.0,Curitiba,Cliente_03032,2002-11-07 11:04:50
3033,F,PR,24956.0,Londrina,Cliente_03033,1986-05-12 13:30:04
3034,F,PE,8124.0,Petrolina,Cliente_03034,1992-02-19 07:50:25
3035,M,BA,18079.0,Salvador,Cliente_03035,1994-03-08 03:04:04
3036,F,BA,16631.0,Salvador,Cliente_03036,1970-02-19 19:26:17
3037,F,RJ,6194.0,Rio de Janeiro,Cliente_03037,1962-07-25 00:36:44
3038,M,DF,15547.0,Brasília,Cliente_03038,2002-08-31 13:32:41
3039,F,RS,6151.0,Porto Alegre,Cliente_03039,1978-12-13 14:12:20
3040,F,SC,24875.0,Blumenau,Cliente_03040,2000-01-04 16:32:31
3041,F,GO,14226.0,Rio Verde,Cliente_03041,1975-04-02 16:44:21
3042,M,SP,20581.0,Santos,Cliente_03042,1977-08-06 14:26:55
3043,F,SC,12799.0,Joinville,Cliente_03043,1996-01-20 01:53:05
3044,F,DF,18941.0,Brasília,Cliente_03044,1976-05-16 12:49:08
3045,M,BA,6707.0,Salvador,Cliente_03045,1970-10-20 16:06:06
3046,F,SC,12397.0,Florianópolis,Cliente_03046,1991-10-18 14:44:48
3047,M,SP,4292.0,São Paulo,Cliente_03047,1976-05-09 03:00:02
3048,M,PE,1920.0,Recife,Cliente_03048,2003-01-24 19:08:18
3049,F,RJ,20698.0,Campos,Cliente_03049,2006-03-06 04:45:06
3050,M,PE,4340.0,Caruaru,Cliente_03050,1972-04-26 18:29:34
3051,M,BA,14937.0,Feira de Santana,Cliente_03051,1967-03-09 20:11:14
3052,F,MG,18915.0,Belo Horizonte,Cliente_03052,1996-11-12 08:39:35
3053,M,BA,9139.0,Vitória da Conquista,Cliente_03053,1992-04-21 22:31:28
3054,M,RJ,19375.0,Niterói,Cliente_03054,1995-07-16 22:10:29
3055,F,SP,6475.0,Campinas,Cliente_03055,1985-12-04 23:34:40
3056,F,DF,22831.0,Brasília,Cliente_03056,1965-02-23 01:09:35
3057,F,RS,18393.0,Porto Alegre,Cliente_03057,1979-01-09 01:57:20
3058,M,PE,,Caruaru,Cliente_03058,1991-09-30 02:35:46
3059,F,BA,17035.0,Salvador,Cliente_03059,1967-08-22 05:05:02
3060,M,DF,6561.0,Brasília,Cliente_03060,1958-11-07 20:22:23
3061,M,PE,3358.0,Petrolina,Cliente_03061,1988-02-17 02:20:39
3062,M,BA,15178.0,Salvador,Cliente_03062,1968-09-17 07:41:57
3063,M,RJ,23491.0,Niterói,Cliente_03063,1972-06-14 01:45:24
3064,M,PE,3565.0,Recife,Cliente_03064,1972-04-08 21:34:53
3065,M,BA,15891.0,Salvador,Cliente_03065,2005-08-19 03:39:46
3066,M,SP,20850.0,São Paulo,Cliente_03066,1981-04-10 18:33:18
3067,F,RJ,14846.0,Rio de Janeiro,Cliente_03067,1984-10-01 15:44:29
3068,F,DF,16737.0,Brasília,Cliente_03068,1958-03-07 15:58:38
3069,M,DF,8273.0,Brasília,Cliente_03069,1958-04-13 15:10:02
3070,M,RS,11288.0,Porto Alegre,Cliente_03070,1970-09-07 00:44:10
3071,F,SC,15594.0,Florianópolis,Cliente_03071,2001-06-18 13:10:45
3072,M,MG,5942.0,Uberlândia,Cliente_03072,1979-10-26 14:08:37
3073,F,SP,10747.0,São Paulo,Cliente_03073,1955-12-21 07:10:32
3074,F,RJ,14695.0,Niterói,Cliente_03074,1972-07-24 01:28:13
3075,F,PE,10715.0,Recife,Cliente_03075,2006-09-24 04:26:06
3076,M,DF,4704.0,Brasília,Cliente_03076,1995-12-24 03:48:09
3077,M,SP,18459.0,Santos,Cliente_03077,1976-06-10 08:35:08
3078,F,RJ,18082.0,Rio de Janeiro,Cliente_03078,2003-03-12 15:03:33
3079,F,RJ,2865.0,Niterói,Cliente_03079,1996-02-28 16:29:37
3080,F,PE,19882.0,Caruaru,Cliente_03080,1983-01-06 12:20:35
3081,F,RJ,23234.0,Campos,Cliente_03081,1966-12-19 21:12:14
3082,F,GO,24328.0,Goiânia,Cliente_03082,1975-03-04 06:24:53
3083,M,SP,18900.0,Santos,Cliente_03083,1980-12-20 12:53:30
3084,F,BA,21502.0,Salvador,Cliente_03084,1991-01-24 03:10:57
3085,M,DF,1525.0,Brasília,Cliente_03085,1957-12-02 13:18:22
3086,F,DF,5224.0,Brasília,Cliente_03086,1980-12-03 07:51:01
3087,M,BA,4958.0,Salvador,Cliente_03087,1975-07-09 21:25:19
3088,M,SP,24477.0,Campinas,Cliente_03088,1967-06-06 15:59:21
3089,M,MG,12059.0,Juiz de Fora,Cliente_03089,1983-07-26 06:19:06
3090,M,SP,6246.0,Santos,Cliente_03090,1983-11-01 03:09:45
3091,M,PR,14717.0,Londrina,Cliente_03091,1967-05-09 06:41:58
3092,M,RJ,24862.0,Niterói,Cliente_03092,1974-03-19 05:39:57
3093,F,SC,10567.0,Blumenau,Cliente_03093,1976-05-08 03:35:09
3094,M,PE,10633.0,Caruaru,Cliente_03094,1993-05-08 13:50:15
3095,F,GO,4541.0,Goiânia,Cliente_03095,1978-10-21 17:28:44
3096,M,SC,9265.0,Blumenau,Cliente_03096,1969-06-01 01:54:32
3097,M,BA,6904.0,Vitória da Conquista,Cliente_03097,1992-04-06 17:04:36
3098,F,PE,2071.0,Caruaru,Cliente_03098,1964-08-25 19:53:12
3099,M,PE,10296.0,Recife,Cliente_03099,2007-11-23 10:49:02
3100,F,PE,14112.0,Petrolina,Cliente_03100,1990-08-30 14:04:26
3101,F,DF,16805.0,Brasília,Cliente_03101,1995-02-01 08:59:18
3102,F,GO,22864.0,Rio Verde,Cliente_03102,1981-07-04 10:46:15
3103,F,DF,10073.0,Brasília,Cliente_03103,1965-02-03 07:00:20
3104,M,RJ,2736.0,Rio de Janeiro,Cliente_03104,1999-06-11 01:11:24
3105,M,PR,3880.0,Londrina,Cliente_03105,1971-06-01 11:56:10
3106,F,RS,8677.0,Caxias do Sul,Cliente_03106,1988-08-15 19:12:55
3107,M,GO,16038.0,Anápolis,Cliente_03107,1977-07-13 21:00:17
3108,M,SC,13471.0,Joinville,Cliente_03108,1982-05-25 17:30:53
3109,F,RJ,11797.0,Rio de Janeiro,Cliente_03109,1998-08-04 04:23:34
3110,M,SP,3017.0,São Paulo,Cliente_03110,1996-04-12 18:23:31
3111,F,BA,19417.0,Vitória da Conquista,Cliente_03111,1970-07-30 18:49:00
3112,F,PR,7387.0,Maringá,Cliente_03112,1964-04-22 05:12:52
3113,M,RJ,12986.0,Rio de Janeiro,Cliente_03113,1958-07-18 02:09:41
3114,M,SP,21373.0,Santos,Cliente_03114,1970-05-26 10:00:08
3115,M,PR,6142.0,Curitiba,Cliente_03115,1999-07-13 01:17:20
3116,F,SP,,Campinas,Cliente_03116,2006-09-28 05:47:08
3117,F,GO,23203.0,Goiânia,Cliente_03117,1974-10-01 16:55:22
3118,M,SP,12923.0,São Paulo,Cliente_03118,1976-03-05 15:15:24
3119,M,PR,21650.0,Maringá,Cliente_03119,1981-04-27 20:17:05
3120,M,SP,22844.0,São Paulo,Cliente_03120,1969-10-17 23:21:43
3121,M,SC,12899.0,Joinville,Cliente_03121,1975-11-18 11:48:06
3122,F,RJ,7561.0,Niterói,Cliente_03122,1957-07-26 21:07:01
3123,M,PR,14185.0,Maringá,Cliente_03123,1969-08-03 21:27:27
3124,F,SC,23741.0,Blumenau,Cliente_03124,2005-01-27 12:23:59
3125,F,SP,5987.0,São Paulo,Cliente_03125,1992-11-15 10:54:27
3126,M,SP,13518.0,Santos,Cliente_03126,1962-12-05 16:51:34
3127,M,PE,9250.0,Caruaru,Cliente_03127,2004-04-01 08:35:18
3128,M,PR,18961.0,Maringá,Cliente_03128,1970-01-12 07:53:02
3129,F,GO,19184.0,Rio Verde,Cliente_03129,2006-08-09 17:13:33
3130,M,SP,11850.0,Campinas,Cliente_03130,1956-11-30 02:05:53
3131,M,BA,15910.0,Salvador,Cliente_03131,1977-09-29 11:17:30
3132,F,DF,24533.0,Brasília,Cliente_03132,1962-08-09 13:06:25
3133,M,RS,16605.0,Porto Alegre,Cliente_03133,1980-10-25 03:12:43
3134,F,DF,20413.0,Brasília,Cliente_03134,1985-10-14 17:59:16
3135,M,GO,4760.0,Rio Verde,Cliente_03135,1973-07-21 03:33:07
3136,F,RJ,18247.0,Niterói,Cliente_03136,1981-03-02 09:23:11
3137,M,MG,16074.0,Uberlândia,Cliente_03137,1993-12-14 00:12:12
3138,M,BA,15212.0,Feira de Santana,Cliente_03138,1987-08-13 02:50:39
3139,F,MG,18729.0,Belo Horizonte,Cliente_03139,1992-03-06 00:58:14
3140,F,SP,20916.0,Campinas,Cliente_03140,1995-05-27 22:08:01
3141,M,RJ,19211.0,Niterói,Cliente_03141,1979-07-08 21:14:56
3142,F,SC,4755.0,Florianópolis,Cliente_03142,1964-06-06 08:02:52
3143,F,SP,23020.0,Campinas,Cliente_03143,1981-09-03 10:19:54
3144,F,MG,24992.0,Belo Horizonte,Cliente_03144,1993-11-27 13:36:36
3145,F,SP,4737.0,Santos,Cliente_03145,1967-08-10 09:41:48
3146,M,RS,13933.0,Pelotas,Cliente_03146,1978-01-11 13:30:30
3147,M,PE,10997.0,Petrolina,Cliente_03147,2004-01-19 10:56:44
3148,F,RS,17850.0,Pelotas,Cliente_03148,1983-05-10 23:44:39
3149,F,RJ,23552.0,Campos,Cliente_03149,1974-10-30 08:45:30
3150,F,SC,17441.0,Florianópolis,Cliente_03150,1989-03-09 06:47:35
3151,F,RS,24196.0,Porto Alegre,Cliente_03151,1997-07-29 06:33:45
3152,M,PR,11724.0,Curitiba,Cliente_03152,1963-02-07 05:08:40
3153,M,SC,10456.0,Joinville,Cliente_03153,1996-02-04 06:24:58
3154,F,MG,6965.0,Juiz de Fora,Cliente_03154,2001-04-08 07:11:06
3155,F,RS,18382.0,Caxias do Sul,Cliente_03155,1993-05-05 21:48:11
3156,F,PE,23946.0,Caruaru,Cliente_03156,1994-03-22 02:18:08
3157,M,SC,4444.0,Joinville,Cliente_03157,1993-01-27 02:21:26
3158,F,SP,7356.0,Santos,Cliente_03158,1969-03-12 19:08:09
3159,M,PE,13496.0,Caruaru,Cliente_03159,2006-11-09 21:59:35
3160,F,SP,14152.0,Santos,Cliente_03160,2004-05-01 13:06:45
3161,M,RS,7577.0,Pelotas,Cliente_03161,1998-05-06 11:55:05
3162,F,BA,1635.0,Vitória da Conquista,Cliente_03162,1995-09-27 06:47:59
3163,M,BA,17273.0,Feira de Santana,Cliente_03163,1973-04-21 23:49:47
3164,F,MG,10792.0,Juiz de Fora,Cliente_03164,2007-03-03 01:53:10
3165,F,PE,5533.0,Petrolina,Cliente_03165,1977-02-21 05:05:38
3166,F,SP,24584.0,São Paulo,Cliente_03166,2006-01-24 22:47:49
3167,M,GO,21997.0,Anápolis,Cliente_03167,1988-07-27 19:01:05
3168,F,PE,15678.0,Recife,Cliente_03168,1963-11-30 12:27:01
3169,M,PR,8046.0,Curitiba,Cliente_03169,1974-11-15 05:09:13
3170,M,MG,9896.0,Uberlândia,Cliente_03170,1987-05-26 01:31:46
3171,F,DF,22478.0,Brasília,Cliente_03171,1975-10-08 12:37:00
3172,F,DF,12063.0,Brasília,Cliente_03172,1964-04-02 12:37:27
3173,F,SP,,São Paulo,Cliente_03173,1981-02-22 09:38:11
3174,M,BA,18445.0,Vitória da Conquista,Cliente_03174,1955-11-03 14:22:06
3175,F,SC,23284.0,Florianópolis,Cliente_03175,1969-06-28 08:15:39
3176,M,PR,4814.0,Curitiba,Cliente_03176,2000-02-26 16:25:17
3177,M,DF,21844.0,Brasília,Cliente_03177,1997-02-23 06:02:27
3178,F,SP,20095.0,Santos,Cliente_03178,1968-12-01 07:41:26
3179,F,SP,20255.0,São Paulo,Cliente_03179,1962-02-18 08:06:15
3180,F,RS,24858.0,Pelotas,Cliente_03180,1966-02-09 12:00:11
3181,F,BA,14427.0,Feira de Santana,Cliente_03181,1994-12-05 09:42:01
3182,F,PE,4181.0,Recife,Cliente_03182,1965-10-29 23:44:39
3183,F,SC,4306.0,Joinville,Cliente_03183,2006-10-11 13:35:57
3184,M,RS,13461.0,Porto Alegre,Cliente_03184,1970-07-08 20:21:39
3185,M,DF,20139.0,Brasília,Cliente_03185,1965-04-28 07:52:01
3186,M,SC,14102.0,Blumenau,Cliente_03186,1964-06-20 12:37:45
3187,F,MG,10592.0,Belo Horizonte,Cliente_03187,1971-10-13 16:12:31
3188,M,BA,7882.0,Feira de Santana,Cliente_03188,1989-12-14 07:14:28
3189,M,DF,11442.0,Brasília,Cliente_03189,1998-12-03 20:34:30
3190,M,SP,22783.0,Santos,Cliente_03190,1987-03-08 01:58:22
3191,M,DF,4659.0,Brasília,Cliente_03191,1964-06-06 11:32:05
3192,M,GO,7156.0,Rio Verde,Cliente_03192,1973-01-18 20:57:59
3193,F,RJ,2952.0,Niterói,Cliente_03193,1978-01-10 03:12:41
3194,F,RJ,10935.0,Niterói,Cliente_03194,1955-09-27 16:37:48
3195,M,DF,20206.0,Brasília,Cliente_03195,1988-06-20 15:08:21
3196,M,GO,11362.0,Goiânia,Cliente_03196,1957-07-15 00:25:09
3197,M,DF,11719.0,Brasília,Cliente_03197,1973-02-13 15:03:17
3198,F,RJ,24981.0,Rio de Janeiro,Cliente_03198,1970-06-17 06:01:23
3199,F,RS,3268.0,Pelotas,Cliente_03199,1982-04-13 16:40:44
3200,M,MG,7596.0,Uberlândia,Cliente_03200,1966-02-08 08:36:47
3201,F,RJ,6685.0,Niterói,Cliente_03201,1980-08-31 13:49:06
3202,F,MG,13355.0,Belo Horizonte,Cliente_03202,1994-12-20 01:01:04
3203,M,SP,11994.0,São Paulo,Cliente_03203,2002-09-10 17:58:25
3204,F,MG,15960.0,Juiz de Fora,Cliente_03204,1990-10-22 22:16:49
3205,F,RS,2669.0,Caxias do Sul,Cliente_03205,1987-09-03 06:37:26
3206,M,GO,22594.0,Anápolis,Cliente_03206,1991-12-03 00:50:21
3207,F,MG,8090.0,Uberlândia,Cliente_03207,1984-05-28 23:37:25
3208,F,SC,18270.0,Joinville,Cliente_03208,1961-01-18 07:07:58
3209,M,PE,20314.0,Recife,Cliente_03209,2006-07-08 11:34:44
3210,F,RJ,19289.0,Rio de Janeiro,Cliente_03210,2007-12-25 08:49:46
3211,F,GO,1623.0,Goiânia,Cliente_03211,1959-05-06 22:48:19
3212,M,PR,21881.0,Maringá,Cliente_03212,1993-11-03 05:50:05
3213,M,SP,17126.0,Campinas,Cliente_03213,1988-10-31 16:35:38
3214,M,PE,7409.0,Recife,Cliente_03214,1967-07-19 05:12:02
3215,F,SC,5396.0,Joinville,Cliente_03215,1980-06-25 10:40:17
3216,M,BA,9566.0,Salvador,Cliente_03216,1962-11-17 12:36:06
3217,F,RS,10873.0,Pelotas,Cliente_03217,1957-11-23 03:36:45
3218,M,DF,18611.0,Brasília,Cliente_03218,1985-05-06 06:18:27
3219,F,PE,8539.0,Recife,Cliente_03219,2003-08-23 15:47:08
3220,M,GO,13576.0,Rio Verde,Cliente_03220,1969-01-13 15:05:43
3221,M,GO,5170.0,Anápolis,Cliente_03221,1996-05-18 21:12:16
3222,M,GO,19025.0,Goiânia,Cliente_03222,1995-06-18 13:41:27
3223,M,SP,12067.0,São Paulo,Cliente_03223,1997-04-19 13:22:44
3224,F,MG,21915.0,Belo Horizonte,Cliente_03224,1996-08-29 15:42:35
3225,M,RJ,16529.0,Niterói,Cliente_03225,1963-02-15 14:16:48
3226,M,BA,17293.0,Vitória da Conquista,Cliente_03226,1964-12-05 18:09:16
3227,F,DF,10050.0,Brasília,Cliente_03227,1981-11-01 00:59:33
3228,M,GO,16838.0,Rio Verde,Cliente_03228,1989-11-24 22:23:09
3229,F,DF,21626.0,Brasília,Cliente_03229,1977-11-23 10:17:12
3230,M,PR,20728.0,Curitiba,Cliente_03230,1989-10-02 04:34:48
3231,M,SP,20095.0,Campinas,Cliente_03231,2003-12-22 08:14:00
3232,M,GO,2472.0,Rio Verde,Cliente_03232,1978-11-11 14:03:06
3233,F,PR,1860.0,Maringá,Cliente_03233,1957-11-20 16:57:55
3234,M,BA,4132.0,Vitória da Conquista,Cliente_03234,1968-10-05 19:42:29
3235,M,BA,4690.0,Vitória da Conquista,Cliente_03235,1983-03-31 03:46:05
3236,M,RJ,6448.0,Campos,Cliente_03236,1982-12-25 13:28:43
3237,F,SC,16846.0,Florianópolis,Cliente_03237,1957-11-13 11:53:13
3238,F,RJ,17054.0,Rio de Janeiro,Cliente_03238,1969-10-03 15:04:04
3239,M,MG,19508.0,Belo Horizonte,Cliente_03239,1960-05-01 08:02:57
3240,F,DF,13620.0,Brasília,Cliente_03240,1976-11-30 01:54:20
3241,M,RS,19640.0,Pelotas,Cliente_03241,1986-05-28 11:47:12
3242,M,BA,9318.0,Vitória da Conquista,Cliente_03242,1991-12-22 15:07:32
3243,M,RS,6619.0,Pelotas,Cliente_03243,1963-12-26 08:21:08
3244,M,SP,23910.0,São Paulo,Cliente_03244,2001-09-25 10:47:36
3245,M,PE,14453.0,Petrolina,Cliente_03245,1958-10-13 14:05:26
3246,M,GO,16400.0,Goiânia,Cliente_03246,1971-11-25 03:31:21
3247,M,SP,24859.0,Santos,Cliente_03247,2001-03-05 20:07:56
3248,F,BA,2475.0,Salvador,Cliente_03248,1971-10-23 21:03:35
3249,F,PR,17765.0,Londrina,Cliente_03249,1958-01-25 05:35:25
3250,F,DF,5818.0,Brasília,Cliente_03250,1971-05-11 03:31:13
3251,F,RS,23807.0,Pelotas,Cliente_03251,1957-05-06 04:34:25
3252,F,RJ,3813.0,Campos,Cliente_03252,1983-05-02 22:14:06
3253,F,PE,18671.0,Recife,Cliente_03253,1999-12-13 11:46:39
3254,F,SC,20312.0,Blumenau,Cliente_03254,1992-08-31 04:28:07
3255,M,SP,10247.0,São Paulo,Cliente_03255,1984-10-30 18:54:29
3256,M,SC,11801.0,Florianópolis,Cliente_03256,1995-09-04 12:26:31
3257,M,RS,16548.0,Caxias do Sul,Cliente_03257,1965-12-11 04:53:44
3258,M,RS,14634.0,Caxias do Sul,Cliente_03258,1971-04-01 03:43:20
3259,F,GO,8164.0,Rio Verde,Cliente_03259,1991-12-15 10:38:23
3260,F,PR,14882.0,Maringá,Cliente_03260,1984-01-07 18:06:18
3261,M,PR,12341.0,Curitiba,Cliente_03261,1983-03-30 14:35:35
3262,M,MG,13927.0,Belo Horizonte,Cliente_03262,1958-10-16 19:06:06
3263,F,RJ,8983.0,Rio de Janeiro,Cliente_03263,1973-02-06 20:28:33
3264,M,BA,2863.0,Salvador,Cliente_03264,1984-12-07 13:16:07
3265,M,BA,5459.0,Vitória da Conquista,Cliente_03265,1957-03-12 04:41:04
3266,M,RS,3249.0,Caxias do Sul,Cliente_03266,1958-11-01 02:09:03
3267,M,SP,24555.0,Santos,Cliente_03267,1955-10-29 10:34:08
3268,F,DF,,Brasília,Cliente_03268,1996-12-04 21:08:42
3269,M,BA,9134.0,Vitória da Conquista,Cliente_03269,1979-12-09 04:58:08
3270,M,BA,12114.0,Vitória da Conquista,Cliente_03270,1964-02-06 23:30:40
3271,F,SP,11782.0,Campinas,Cliente_03271,1966-07-29 11:06:43
3272,F,RJ,21819.0,Campos,Cliente_03272,1960-02-18 16:47:25
3273,M,PE,5458.0,Caruaru,Cliente_03273,1976-01-07 06:02:19
3274,F,PR,16912.0,Curitiba,Cliente_03274,1958-11-29 11:32:43
3275,M,GO,5359.0,Rio Verde,Cliente_03275,1985-06-13 05:10:55
3276,M,GO,9550.0,Goiânia,Cliente_03276,1994-02-10 16:01:39
3277,F,GO,,Goiânia,Cliente_03277,1988-12-24 10:51:09
3278,M,SP,19541.0,São Paulo,Cliente_03278,1989-06-09 17:39:53
3279,M,GO,7685.0,Rio Verde,Cliente_03279,1970-11-03 08:29:30
3280,M,RS,22312.0,Porto Alegre,Cliente_03280,1983-12-26 07:23:39
3281,M,MG,18923.0,Juiz de Fora,Cliente_03281,1984-02-16 21:15:21
3282,F,SP,20000.0,São Paulo,Cliente_03282,1999-07-20 12:17:06
3283,F,SP,15888.0,Santos,Cliente_03283,2000-03-02 16:51:26
3284,M,PR,10376.0,Maringá,Cliente_03284,2004-01-29 11:29:13
3285,F,GO,5518.0,Rio Verde,Cliente_03285,1997-09-16 21:18:14
3286,M,SC,11489.0,Florianópolis,Cliente_03286,1975-03-27 21:24:26
3287,M,PE,19708.0,Petrolina,Cliente_03287,1991-12-11 00:11:28
3288,M,MG,21418.0,Belo Horizonte,Cliente_03288,1972-05-15 15:53:17
3289,M,SP,24554.0,Campinas,Cliente_03289,2006-10-23 12:43:57
3290,M,MG,9952.0,Belo Horizonte,Cliente_03290,1994-09-19 20:01:45
3291,F,SP,5071.0,São Paulo,Cliente_03291,1978-04-03 13:39:28
3292,M,RJ,21076.0,Campos,Cliente_03292,1996-06-09 11:31:02
3293,F,PR,22837.0,Curitiba,Cliente_03293,1997-03-18 23:29:34
3294,F,RS,11180.0,Caxias do Sul,Cliente_03294,1979-01-04 06:26:49
3295,M,RJ,15818.0,Campos,Cliente_03295,1960-12-25 17:48:57
3296,M,DF,22159.0,Brasília,Cliente_03296,1971-01-10 15:47:57
3297,M,GO,18238.0,Goiânia,Cliente_03297,1964-01-05 10:02:59
3298,M,DF,6529.0,Brasília,Cliente_03298,1986-11-12 22:07:44
3299,M,PE,17168.0,Recife,Cliente_03299,1999-05-02 22:41:12
3300,F,SC,4274.0,Blumenau,Cliente_03300,1989-07-23 03:41:02
3301,M,RS,18472.0,Pelotas,Cliente_03301,1985-07-31 11:24:49
3302,M,RJ,15548.0,Rio de Janeiro,Cliente_03302,1997-10-25 04:21:23
3303,F,MG,2104.0,Belo Horizonte,Cliente_03303,1967-06-29 20:46:43
3304,F,MG,11920.0,Juiz de Fora,Cliente_03304,1997-05-15 22:25:27
3305,M,PE,9865.0,Petrolina,Cliente_03305,1981-10-24 05:55:29
3306,F,SP,16189.0,Campinas,Cliente_03306,1965-04-04 13:45:46
3307,M,MG,18237.0,Uberlândia,Cliente_03307,2003-12-18 03:57:24
3308,F,GO,17514.0,Anápolis,Cliente_03308,1983-05-17 05:42:49
3309,F,SC,23318.0,Blumenau,Cliente_03309,1986-11-01 06:03:51
3310,M,PR,1933.0,Maringá,Cliente_03310,2007-06-17 14:55:59
3311,F,GO,12644.0,Rio Verde,Cliente_03311,1995-09-02 16:13:09
3312,F,SC,2367.0,Florianópolis,Cliente_03312,2003-08-30 09:28:19
3313,F,PE,15840.0,Petrolina,Cliente_03313,1984-05-24 19:56:49
3314,F,GO,13337.0,Goiânia,Cliente_03314,1968-04-22 06:00:36
3315,F,PR,15791.0,Maringá,Cliente_03315,1997-03-23 02:05:22
3316,F,PR,10287.0,Maringá,Cliente_03316,2002-02-16 16:09:03
3317,M,BA,23648.0,Salvador,Cliente_03317,1993-07-01 15:02:03
3318,M,SP,1893.0,Santos,Cliente_03318,1986-07-23 10:21:06
3319,F,PE,13556.0,Petrolina,Cliente_03319,1959-09-11 11:49:58
3320,M,GO,11892.0,Rio Verde,Cliente_03320,1997-11-01 11:18:10
3321,M,RS,13689.0,Caxias do Sul,Cliente_03321,1969-12-17 21:02:59
3322,M,RS,14641.0,Pelotas,Cliente_03322,1985-03-04 02:35:02
3323,F,PE,21638.0,Recife,Cliente_03323,1988-06-18 17:43:09
3324,M,GO,22254.0,Goiânia,Cliente_03324,1990-09-01 14:47:53
3325,F,RJ,13121.0,Rio de Janeiro,Cliente_03325,1999-11-29 01:31:37
3326,M,RJ,22405.0,Campos,Cliente_03326,1975-12-24 14:51:40
3327,F,SP,22462.0,São Paulo,Cliente_03327,1978-05-22 02:42:57
3328,F,GO,20010.0,Anápolis,Cliente_03328,1982-02-10 05:33:13
3329,M,PR,9830.0,Curitiba,Cliente_03329,1975-03-02 12:12:54
3330,M,MG,22077.0,Juiz de Fora,Cliente_03330,2001-12-20 22:22:23
3331,F,RS,5460.0,Caxias do Sul,Cliente_03331,1980-06-27 08:27:26
3332,M,GO,2163.0,Goiânia,Cliente_03332,1958-01-06 01:15:05
3333,M,GO,16033.0,Anápolis,Cliente_03333,1998-07-18 17:51:46
3334,M,MG,20716.0,Belo Horizonte,Cliente_03334,2006-11-09 08:22:18
3335,F,MG,15991.0,Juiz de Fora,Cliente_03335,1979-12-14 00:54:46
3336,F,SC,10765.0,Joinville,Cliente_03336,1984-08-07 02:29:57
3337,M,BA,6074.0,Salvador,Cliente_03337,2004-10-03 17:15:05
3338,M,SP,24255.0,São Paulo,Cliente_03338,1988-03-08 09:55:07
3339,M,RS,24176.0,Caxias do Sul,Cliente_03339,1978-01-26 16:07:08
3340,F,MG,23061.0,Uberlândia,Cliente_03340,1973-04-29 16:58:06
3341,F,RJ,24890.0,Niterói,Cliente_03341,1981-11-10 22:51:41
3342,M,PE,21062.0,Caruaru,Cliente_03342,2006-12-16 02:50:22
3343,M,RJ,7046.0,Rio de Janeiro,Cliente_03343,1970-06-30 02:11:08
3344,M,SC,22374.0,Florianópolis,Cliente_03344,1994-03-29 11:46:55
3345,M,SC,22780.0,Florianópolis,Cliente_03345,1980-05-04 06:34:15
3346,M,MG,1685.0,Juiz de Fora,Cliente_03346,1974-10-22 07:02:04
3347,M,SC,22537.0,Joinville,Cliente_03347,1988-08-26 19:23:39
3348,F,PR,19864.0,Curitiba,Cliente_03348,1995-09-03 09:15:40
3349,M,DF,22425.0,Brasília,Cliente_03349,2000-11-20 13:31:31
3350,F,GO,9308.0,Anápolis,Cliente_03350,1958-04-22 20:34:24
3351,M,GO,2329.0,Anápolis,Cliente_03351,2002-01-16 11:59:21
3352,M,MG,21403.0,Belo Horizonte,Cliente_03352,2003-10-16 07:54:42
3353,F,SC,15060.0,Joinville,Cliente_03353,1993-04-07 01:12:05
3354,F,PE,13020.0,Caruaru,Cliente_03354,1995-12-13 21:51:46
3355,F,PR,13040.0,Londrina,Cliente_03355,1996-02-19 14:12:45
3356,F,SP,23793.0,Campinas,Cliente_03356,1957-12-29 22:22:35
3357,M,SC,12177.0,Joinville,Cliente_03357,1988-02-18 00:24:03
3358,F,PR,14303.0,Curitiba,Cliente_03358,1979-06-19 15:01:08
3359,M,BA,15388.0,Salvador,Cliente_03359,1999-03-16 15:36:22
3360,F,SP,14734.0,Campinas,Cliente_03360,1988-05-16 00:17:47
3361,M,GO,2725.0,Anápolis,Cliente_03361,2003-01-14 16:10:02
3362,M,BA,7274.0,Feira de Santana,Cliente_03362,1977-01-23 07:02:30
3363,M,MG,14543.0,Juiz de Fora,Cliente_03363,1970-11-20 05:02:15
3364,M,RS,17663.0,Caxias do Sul,Cliente_03364,1992-04-16 19:51:57
3365,M,MG,4344.0,Juiz de Fora,Cliente_03365,1956-05-20 17:49:52
3366,M,PE,8847.0,Petrolina,Cliente_03366,1988-06-29 19:35:17
3367,F,PR,20617.0,Maringá,Cliente_03367,1981-11-17 04:26:02
3368,M,RS,22304.0,Porto Alegre,Cliente_03368,1990-11-22 06:10:16
3369,F,SP,5496.0,Santos,Cliente_03369,2007-12-29 05:57:26
3370,F,SP,11190.0,Campinas,Cliente_03370,2005-05-27 01:13:40
3371,M,BA,3188.0,Feira de Santana,Cliente_03371,1973-02-05 19:02:20
3372,F,PE,15787.0,Recife,Cliente_03372,2007-12-02 11:59:25
3373,M,GO,20331.0,Goiânia,Cliente_03373,1969-07-09 18:51:21
3374,F,SC,18751.0,Joinville,Cliente_03374,2004-12-24 17:01:14
3375,M,SC,14004.0,Florianópolis,Cliente_03375,1979-11-27 01:42:48
3376,F,RS,8452.0,Porto Alegre,Cliente_03376,2005-12-28 10:07:02
3377,M,PE,13216.0,Petrolina,Cliente_03377,1958-02-24 14:39:52
3378,M,PE,17263.0,Petrolina,Cliente_03378,2007-05-31 06:59:42
3379,M,SP,7584.0,São Paulo,Cliente_03379,1983-11-15 03:55:11
3380,M,GO,14719.0,Anápolis,Cliente_03380,1968-09-25 01:38:57
3381,F,PR,11704.0,Maringá,Cliente_03381,1984-02-05 13:56:25
3382,M,GO,17597.0,Anápolis,Cliente_03382,1959-07-03 10:38:13
3383,F,RJ,23189.0,Rio de Janeiro,Cliente_03383,1978-11-06 05:10:54
3384,F,PE,5549.0,Caruaru,Cliente_03384,1956-05-23 22:24:46
3385,F,MG,4957.0,Uberlândia,Cliente_03385,1993-11-01 06:04:50
3386,M,DF,21112.0,Brasília,Cliente_03386,1959-07-13 12:34:31
3387,F,PE,19132.0,Caruaru,Cliente_03387,1980-09-25 18:58:21
3388,F,RS,19051.0,Caxias do Sul,Cliente_03388,1991-03-20 01:11:16
3389,F,MG,4990.0,Belo Horizonte,Cliente_03389,1977-09-22 22:28:31
3390,M,RS,16970.0,Porto Alegre,Cliente_03390,1986-02-04 15:18:20
3391,M,BA,17689.0,Vitória da Conquista,Cliente_03391,1987-08-09 03:53:06
3392,F,DF,14662.0,Brasília,Cliente_03392,1997-10-26 13:11:03
3393,M,DF,19781.0,Brasília,Cliente_03393,1965-11-07 14:42:04
3394,M,SP,13228.0,Santos,Cliente_03394,1988-08-12 21:20:55
3395,F,PE,20063.0,Petrolina,Cliente_03395,1994-03-25 19:37:05
3396,F,SP,14412.0,Santos,Cliente_03396,1965-12-02 10:40:54
3397,M,SC,7455.0,Joinville,Cliente_03397,1985-01-07 18:45:26
3398,F,RS,11662.0,Pelotas,Cliente_03398,1955-09-26 19:51:12
3399,M,RJ,4220.0,Campos,Cliente_03399,2000-01-22 19:32:53
3400,M,RJ,12073.0,Niterói,Cliente_03400,1985-10-17 14:11:53
3401,M,SC,19827.0,Florianópolis,Cliente_03401,1969-01-08 04:39:34
3402,M,BA,12838.0,Vitória da Conquista,Cliente_03402,1981-05-14 09:08:19
3403,M,RJ,23796.0,Rio de Janeiro,Cliente_03403,1999-03-19 14:50:18
3404,M,RS,13175.0,Pelotas,Cliente_03404,1989-04-07 06:50:55
3405,F,RJ,21580.0,Rio de Janeiro,Cliente_03405,1967-10-28 21:57:14
3406,F,SC,15871.0,Blumenau,Cliente_03406,1983-09-03 11:49:15
3407,M,MG,20709.0,Belo Horizonte,Cliente_03407,1976-09-26 15:28:05
3408,M,SP,15436.0,São Paulo,Cliente_03408,1998-12-24 14:56:19
3409,M,PR,11519.0,Maringá,Cliente_03409,1989-12-13 17:53:34
3410,F,RS,9914.0,Porto Alegre,Cliente_03410,1971-09-10 23:05:54
3411,M,SP,3246.0,Santos,Cliente_03411,1955-07-22 15:49:07
3412,F,DF,18413.0,Brasília,Cliente_03412,1961-03-19 11:35:49
3413,M,GO,24268.0,Rio Verde,Cliente_03413,1957-09-03 05:17:08
3414,M,RJ,9825.0,Niterói,Cliente_03414,1985-10-17 13:27:45
3415,F,RJ,13495.0,Campos,Cliente_03415,1998-09-26 23:33:02
3416,F,BA,5986.0,Vitória da Conquista,Cliente_03416,1979-03-27 11:31:45
3417,M,SP,17985.0,Santos,Cliente_03417,1960-11-02 08:48:50
3418,M,GO,15828.0,Rio Verde,Cliente_03418,1957-06-01 14:03:06
3419,M,RJ,21607.0,Niterói,Cliente_03419,1968-06-05 01:29:09
3420,F,DF,20612.0,Brasília,Cliente_03420,1968-05-08 13:18:35
3421,F,BA,20429.0,Feira de Santana,Cliente_03421,1957-11-09 17:21:33
3422,F,SP,20442.0,Campinas,Cliente_03422,1999-06-15 06:35:12
3423,F,BA,24730.0,Feira de Santana,Cliente_03423,1967-02-08 07:41:14
3424,F,SP,12733.0,São Paulo,Cliente_03424,1979-12-01 17:50:46
3425,F,PE,18832.0,Petrolina,Cliente_03425,1986-04-15 17:28:23
3426,M,PE,11260.0,Caruaru,Cliente_03426,1997-02-26 07:45:26
3427,M,SC,17202.0,Blumenau,Cliente_03427,1990-04-14 22:05:30
3428,F,RS,22820.0,Caxias do Sul,Cliente_03428,2001-07-07 00:03:01
3429,M,BA,19937.0,Vitória da Conquista,Cliente_03429,1956-06-17 21:59:58
3430,M,SC,1693.0,Florianópolis,Cliente_03430,1996-07-07 16:20:19
3431,F,BA,20843.0,Feira de Santana,Cliente_03431,1956-07-10 23:52:50
3432,M,RJ,13112.0,Rio de Janeiro,Cliente_03432,1990-06-17 02:01:24
3433,F,PR,20807.0,Curitiba,Cliente_03433,2006-07-31 11:20:05
3434,F,BA,21123.0,Vitória da Conquista,Cliente_03434,1958-05-20 05:14:15
3435,M,RJ,21749.0,Niterói,Cliente_03435,1981-01-18 20:40:27
3436,F,GO,9729.0,Goiânia,Cliente_03436,1964-06-15 05:23:33
3437,F,PE,6066.0,Petrolina,Cliente_03437,2003-10-22 21:39:20
3438,F,SC,8095.0,Blumenau,Cliente_03438,1999-05-21 02:11:42
3439,F,PR,7109.0,Maringá,Cliente_03439,1999-09-10 19:54:49
3440,F,DF,21097.0,Brasília,Cliente_03440,1966-11-27 23:40:57
3441,F,PE,6608.0,Recife,Cliente_03441,1983-11-07 12:57:01
3442,F,SC,3283.0,Blumenau,Cliente_03442,1975-10-31 02:32:25
3443,F,PR,11658.0,Maringá,Cliente_03443,1986-03-03 22:33:07
3444,M,DF,23714.0,Brasília,Cliente_03444,1964-09-30 01:45:53
3445,M,MG,7331.0,Juiz de Fora,Cliente_03445,1973-06-30 15:30:51
3446,M,RJ,1541.0,Rio de Janeiro,Cliente_03446,1958-11-04 01:34:48
3447,F,MG,12686.0,Juiz de Fora,Cliente_03447,1993-09-12 20:55:06
3448,F,RJ,24093.0,Rio de Janeiro,Cliente_03448,1961-12-09 02:58:55
3449,M,SP,13061.0,Santos,Cliente_03449,1975-11-09 21:51:14
3450,M,RS,18945.0,Porto Alegre,Cliente_03450,2002-08-04 05:51:38
3451,M,PR,11368.0,Curitiba,Cliente_03451,1983-08-21 02:59:34
3452,F,MG,5189.0,Uberlândia,Cliente_03452,1993-10-28 20:26:51
3453,M,RS,9095.0,Caxias do Sul,Cliente_03453,1970-05-12 07:47:07
3454,M,PR,24691.0,Londrina,Cliente_03454,1970-01-30 11:23:28
3455,F,SC,16187.0,Florianópolis,Cliente_03455,1964-05-11 15:41:11
3456,M,SP,21881.0,Santos,Cliente_03456,2001-05-01 10:53:55
3457,F,SC,1825.0,Blumenau,Cliente_03457,1973-05-03 23:03:54
3458,F,RJ,2620.0,Rio de Janeiro,Cliente_03458,1979-05-03 13:28:05
3459,F,RS,17991.0,Pelotas,Cliente_03459,1964-03-05 04:47:03
3460,M,PR,12370.0,Curitiba,Cliente_03460,1967-02-15 04:47:21
3461,M,BA,7794.0,Vitória da Conquista,Cliente_03461,1983-05-22 00:32:33
3462,F,RS,6693.0,Porto Alegre,Cliente_03462,1970-06-11 22:36:56
3463,M,GO,16713.0,Anápolis,Cliente_03463,2003-11-28 23:04:41
3464,M,DF,17111.0,Brasília,Cliente_03464,1971-08-08 09:10:10
3465,M,MG,15730.0,Uberlândia,Cliente_03465,1976-03-22 10:14:07
3466,M,PR,19923.0,Maringá,Cliente_03466,1980-09-08 07:10:41
3467,F,PE,18687.0,Petrolina,Cliente_03467,1960-12-27 10:00:39
3468,M,PE,11540.0,Petrolina,Cliente_03468,1973-11-27 11:21:45
3469,F,DF,2266.0,Brasília,Cliente_03469,1992-04-25 10:25:57
3470,F,RJ,15196.0,Campos,Cliente_03470,1957-12-27 00:22:02
3471,M,RS,5027.0,Caxias do Sul,Cliente_03471,1985-03-23 10:37:36
3472,F,RS,20190.0,Caxias do Sul,Cliente_03472,1965-04-26 16:56:56
3473,M,PE,12521.0,Recife,Cliente_03473,1965-02-22 16:25:02
3474,M,RS,19372.0,Pelotas,Cliente_03474,2005-09-15 21:17:26
3475,F,DF,5629.0,Brasília,Cliente_03475,1957-09-20 14:19:37
3476,F,RS,13258.0,Caxias do Sul,Cliente_03476,1974-02-17 06:29:14
3477,F,RJ,20257.0,Rio de Janeiro,Cliente_03477,1959-09-29 14:10:04
3478,F,MG,21193.0,Belo Horizonte,Cliente_03478,2007-09-03 11:46:45
3479,M,GO,24718.0,Goiânia,Cliente_03479,1986-12-01 21:24:23
3480,M,MG,15812.0,Uberlândia,Cliente_03480,1971-06-16 16:14:55
3481,M,GO,23619.0,Goiânia,Cliente_03481,1968-12-26 00:01:04
3482,F,BA,13304.0,Vitória da Conquista,Cliente_03482,1956-01-28 22:28:20
3483,F,MG,22718.0,Belo Horizonte,Cliente_03483,1971-06-01 17:12:23
3484,F,DF,15277.0,Brasília,Cliente_03484,1964-05-29 21:17:38
3485,M,SP,12483.0,São Paulo,Cliente_03485,1972-08-15 16:18:52
3486,F,BA,8490.0,Feira de Santana,Cliente_03486,1995-06-01 15:24:26
3487,M,GO,5483.0,Goiânia,Cliente_03487,1986-08-13 02:00:27
3488,F,GO,5268.0,Anápolis,Cliente_03488,1985-11-15 21:28:21
3489,M,BA,3004.0,Feira de Santana,Cliente_03489,1959-02-21 11:40:09
3490,M,GO,24677.0,Rio Verde,Cliente_03490,2006-05-15 05:41:30
3491,F,PR,3950.0,Curitiba,Cliente_03491,2002-04-27 17:21:37
3492,F,SP,12736.0,Santos,Cliente_03492,1984-08-21 13:28:08
3493,M,DF,19917.0,Brasília,Cliente_03493,1999-06-04 22:24:01
3494,M,PR,9502.0,Maringá,Cliente_03494,1974-07-29 14:07:16
3495,F,GO,11391.0,Goiânia,Cliente_03495,1979-08-25 02:01:22
3496,F,MG,7519.0,Belo Horizonte,Cliente_03496,2006-08-23 22:16:43
3497,M,PR,15398.0,Londrina,Cliente_03497,1963-11-05 16:26:48
3498,F,MG,11972.0,Belo Horizonte,Cliente_03498,1975-07-02 16:23:04
3499,M,BA,16764.0,Feira de Santana,Cliente_03499,1991-07-06 22:49:40
3500,M,RS,19191.0,Pelotas,Cliente_03500,1962-11-12 06:32:40
3501,F,SC,12219.0,Blumenau,Cliente_03501,1982-06-12 01:26:09
3502,F,GO,2475.0,Anápolis,Cliente_03502,1979-10-13 02:06:01
3503,F,SC,11748.0,Florianópolis,Cliente_03503,2001-04-25 02:18:24
3504,F,SP,14502.0,São Paulo,Cliente_03504,1977-06-30 04:23:21
3505,F,MG,15713.0,Uberlândia,Cliente_03505,1966-05-17 06:49:45
3506,M,PR,12118.0,Maringá,Cliente_03506,1978-01-15 04:05:55
3507,M,SC,12120.0,Joinville,Cliente_03507,2001-12-17 11:08:57
3508,F,RJ,22823.0,Rio de Janeiro,Cliente_03508,1994-07-10 09:51:51
3509,F,GO,5233.0,Goiânia,Cliente_03509,1984-01-30 16:51:01
3510,F,SC,10051.0,Joinville,Cliente_03510,1993-07-17 02:48:17
3511,M,PR,3723.0,Curitiba,Cliente_03511,2002-02-05 11:06:12
3512,F,PR,18368.0,Maringá,Cliente_03512,1968-07-21 01:58:00
3513,F,SP,2928.0,Campinas,Cliente_03513,1955-10-18 15:00:15
3514,M,PE,3580.0,Petrolina,Cliente_03514,1980-04-20 23:39:27
3515,M,DF,15276.0,Brasília,Cliente_03515,1955-11-24 14:22:13
3516,F,RJ,2195.0,Campos,Cliente_03516,1979-10-16 22:21:10
3517,F,SC,24184.0,Joinville,Cliente_03517,1996-11-13 01:03:11
3518,F,DF,22544.0,Brasília,Cliente_03518,1962-08-02 14:18:36
3519,M,RJ,1701.0,Niterói,Cliente_03519,1971-09-19 22:18:50
3520,F,PE,13549.0,Recife,Cliente_03520,2004-03-11 18:03:32
3521,F,SC,17128.0,Florianópolis,Cliente_03521,1956-05-09 20:11:26
3522,F,RJ,9765.0,Niterói,Cliente_03522,1979-05-14 18:58:58
3523,M,DF,13960.0,Brasília,Cliente_03523,2000-10-04 21:28:02
3524,M,MG,4977.0,Uberlândia,Cliente_03524,1986-04-18 01:04:47
3525,F,PR,3702.0,Curitiba,Cliente_03525,2001-07-23 08:07:27
3526,F,RS,17042.0,Porto Alegre,Cliente_03526,2007-03-20 12:15:48
3527,M,BA,16124.0,Salvador,Cliente_03527,1965-09-21 11:36:04
3528,M,GO,9949.0,Anápolis,Cliente_03528,1993-10-17 07:24:24
3529,M,RS,13350.0,Caxias do Sul,Cliente_03529,1979-10-25 15:14:20
3530,M,SC,7817.0,Florianópolis,Cliente_03530,1970-06-18 09:38:24
3531,M,SC,22309.0,Blumenau,Cliente_03531,1965-10-21 07:29:29
3532,M,RJ,6850.0,Campos,Cliente_03532,1987-02-27 22:13:07
3533,M,PR,4306.0,Curitiba,Cliente_03533,1999-07-23 17:44:11
3534,M,PE,8663.0,Caruaru,Cliente_03534,1969-05-13 21:01:49
3535,M,SP,1685.0,Campinas,Cliente_03535,1998-10-27 09:28:19
3536,F,RJ,9570.0,Campos,Cliente_03536,1961-10-30 04:07:20
3537,F,SP,13045.0,São Paulo,Cliente_03537,2006-07-30 16:55:22
3538,F,BA,24934.0,Vitória da Conquista,Cliente_03538,1958-02-11 10:25:23
3539,M,DF,19958.0,Brasília,Cliente_03539,1970-05-02 17:27:02
3540,F,RJ,17506.0,Campos,Cliente_03540,1975-11-29 05:43:34
3541,M,BA,1701.0,Salvador,Cliente_03541,1980-04-02 12:17:33
3542,M,GO,12784.0,Rio Verde,Cliente_03542,1960-05-08 07:16:17
3543,F,RJ,7210.0,Niterói,Cliente_03543,1993-08-27 15:55:55
3544,M,PR,21049.0,Maringá,Cliente_03544,1969-05-30 09:36:42
3545,F,PR,17198.0,Curitiba,Cliente_03545,1972-08-05 01:51:35
3546,F,SC,3602.0,Joinville,Cliente_03546,1966-12-02 10:12:23
3547,F,GO,10602.0,Anápolis,Cliente_03547,1988-07-27 11:26:17
3548,M,SC,3071.0,Blumenau,Cliente_03548,1958-10-04 19:37:11
3549,F,SP,6625.0,Campinas,Cliente_03549,1989-11-23 13:42:34
3550,M,RS,8197.0,Porto Alegre,Cliente_03550,1996-11-28 20:13:56
3551,F,PE,23053.0,Petrolina,Cliente_03551,1984-02-01 05:21:43
3552,F,GO,20043.0,Anápolis,Cliente_03552,1986-07-01 12:19:32
3553,F,DF,15534.0,Brasília,Cliente_03553,1993-09-09 01:45:44
3554,M,PE,2829.0,Recife,Cliente_03554,1970-09-08 12:31:12
3555,M,PE,21497.0,Petrolina,Cliente_03555,1986-02-01 21:13:08
3556,M,MG,10152.0,Belo Horizonte,Cliente_03556,1975-04-08 01:59:14
3557,F,RJ,5199.0,Niterói,Cliente_03557,1990-04-27 13:27:29
3558,F,DF,7527.0,Brasília,Cliente_03558,1973-01-06 07:05:22
3559,M,GO,20157.0,Rio Verde,Cliente_03559,2003-12-12 19:24:38
3560,M,SC,12167.0,Blumenau,Cliente_03560,1969-03-08 00:09:18
3561,M,SP,6323.0,Campinas,Cliente_03561,1986-11-21 10:06:31
3562,M,RJ,10847.0,Rio de Janeiro,Cliente_03562,1985-09-03 11:20:30
3563,M,MG,24959.0,Uberlândia,Cliente_03563,1987-04-08 09:08:07
3564,M,SP,18381.0,Santos,Cliente_03564,1957-11-06 02:25:30
3565,F,GO,8459.0,Rio Verde,Cliente_03565,1973-10-02 17:53:43
3566,M,RS,15116.0,Caxias do Sul,Cliente_03566,1979-02-24 00:34:08
3567,F,PE,7710.0,Recife,Cliente_03567,2005-04-18 10:25:14
3568,F,MG,14017.0,Uberlândia,Cliente_03568,1996-03-16 13:03:34
3569,M,SP,14120.0,São Paulo,Cliente_03569,1956-05-31 11:05:53
3570,M,SC,5476.0,Florianópolis,Cliente_03570,1992-12-10 08:46:18
3571,F,MG,24304.0,Juiz de Fora,Cliente_03571,1989-12-08 06:37:34
3572,M,SP,19491.0,São Paulo,Cliente_03572,1992-08-15 11:45:13
3573,M,MG,10412.0,Juiz de Fora,Cliente_03573,2005-05-03 20:56:03
3574,F,SC,19158.0,Florianópolis,Cliente_03574,2000-06-10 07:51:48
3575,F,SC,13559.0,Florianópolis,Cliente_03575,1978-09-02 19:59:23
3576,F,DF,2190.0,Brasília,Cliente_03576,1975-02-13 20:35:12
3577,M,PR,21907.0,Maringá,Cliente_03577,1958-11-24 17:44:45
3578,F,PE,13844.0,Recife,Cliente_03578,1970-11-20 13:26:43
3579,M,RJ,4937.0,Niterói,Cliente_03579,1977-05-22 10:20:35
3580,F,RJ,3855.0,Rio de Janeiro,Cliente_03580,2001-06-14 06:31:08
3581,F,GO,23465.0,Rio Verde,Cliente_03581,1995-03-21 21:38:04
3582,F,BA,2249.0,Vitória da Conquista,Cliente_03582,1963-05-31 20:27:06
3583,M,GO,20935.0,Anápolis,Cliente_03583,1986-10-22 11:52:25
3584,M,BA,14465.0,Salvador,Cliente_03584,1998-07-16 20:32:48
3585,F,MG,21448.0,Uberlândia,Cliente_03585,1956-12-26 06:20:39
3586,F,BA,14347.0,Salvador,Cliente_03586,1974-05-18 11:21:23
3587,F,PR,7258.0,Londrina,Cliente_03587,1995-06-06 16:35:15
3588,M,PR,19588.0,Maringá,Cliente_03588,1984-05-07 11:26:09
3589,F,PE,13137.0,Petrolina,Cliente_03589,1986-12-25 13:35:48
3590,M,SP,7574.0,Campinas,Cliente_03590,1997-07-25 10:49:10
3591,F,RJ,14878.0,Rio de Janeiro,Cliente_03591,1978-02-04 18:50:49
3592,F,PE,20261.0,Recife,Cliente_03592,1987-10-04 12:46:00
3593,F,PR,16029.0,Maringá,Cliente_03593,2001-06-30 14:31:55
3594,F,SP,6774.0,São Paulo,Cliente_03594,2007-10-26 00:22:51
3595,F,GO,21115.0,Anápolis,Cliente_03595,1986-10-21 07:26:04
3596,F,RJ,15507.0,Niterói,Cliente_03596,2002-12-23 02:40:17
3597,M,DF,7909.0,Brasília,Cliente_03597,1980-07-17 15:43:07
3598,F,RJ,20099.0,Rio de Janeiro,Cliente_03598,1999-08-30 22:37:59
3599,M,MG,7788.0,Juiz de Fora,Cliente_03599,1956-07-11 07:16:38
3600,F,RS,24213.0,Pelotas,Cliente_03600,1964-05-13 07:44:49
3601,F,RJ,2385.0,Campos,Cliente_03601,1979-08-05 20:36:18
3602,M,PR,2364.0,Maringá,Cliente_03602,1972-05-21 03:29:29
3603,F,MG,8417.0,Juiz de Fora,Cliente_03603,2001-07-12 16:08:28
3604,M,SC,13186.0,Joinville,Cliente_03604,1982-10-24 10:00:05
3605,M,BA,4554.0,Salvador,Cliente_03605,1975-02-06 11:34:18
3606,F,GO,10477.0,Anápolis,Cliente_03606,1978-10-01 07:17:52
3607,M,DF,17699.0,Brasília,Cliente_03607,1993-03-11 22:07:16
3608,M,GO,10036.0,Rio Verde,Cliente_03608,2005-10-02 05:33:04
3609,F,SC,16570.0,Blumenau,Cliente_03609,1970-03-23 04:00:42
3610,M,RS,18437.0,Porto Alegre,Cliente_03610,1956-11-19 11:23:38
3611,F,RJ,23000.0,Rio de Janeiro,Cliente_03611,1969-10-15 19:48:07
3612,F,PE,9183.0,Recife,Cliente_03612,1967-07-06 23:00:17
3613,F,MG,18671.0,Uberlândia,Cliente_03613,1972-11-04 20:29:51
3614,F,DF,11511.0,Brasília,Cliente_03614,1968-02-04 02:42:32
3615,M,SC,16771.0,Florianópolis,Cliente_03615,2000-10-15 12:29:28
3616,F,RS,10396.0,Caxias do Sul,Cliente_03616,1997-06-01 14:58:45
3617,F,GO,16082.0,Rio Verde,Cliente_03617,1989-08-03 18:21:26
3618,M,SC,22791.0,Joinville,Cliente_03618,1967-01-14 16:21:23
3619,F,DF,8690.0,Brasília,Cliente_03619,1957-08-14 18:10:41
3620,F,DF,10644.0,Brasília,Cliente_03620,2001-10-11 13:30:17
3621,M,RS,2314.0,Porto Alegre,Cliente_03621,1995-03-28 19:18:33
3622,M,GO,11240.0,Anápolis,Cliente_03622,1980-02-12 01:16:32
3623,M,PR,4277.0,Londrina,Cliente_03623,1960-06-07 02:25:30
3624,M,DF,21650.0,Brasília,Cliente_03624,1957-12-19 18:24:47
3625,M,MG,6458.0,Uberlândia,Cliente_03625,1965-01-17 13:12:57
3626,M,MG,5325.0,Belo Horizonte,Cliente_03626,1989-10-10 07:20:58
3627,M,BA,19100.0,Feira de Santana,Cliente_03627,1965-07-18 04:45:52
3628,F,GO,16300.0,Goiânia,Cliente_03628,2004-12-21 04:42:19
3629,M,SC,11499.0,Joinville,Cliente_03629,2002-12-08 09:26:43
3630,M,MG,22354.0,Uberlândia,Cliente_03630,1957-03-23 23:16:16
3631,M,RS,14464.0,Caxias do Sul,Cliente_03631,1962-09-06 14:57:19
3632,F,SC,8272.0,Florianópolis,Cliente_03632,1956-06-27 06:04:58
3633,F,GO,10981.0,Goiânia,Cliente_03633,2006-09-26 07:16:19
3634,M,RS,17237.0,Porto Alegre,Cliente_03634,1994-05-29 15:18:58
3635,M,RJ,18746.0,Campos,Cliente_03635,2007-05-29 21:49:44
3636,M,SP,24101.0,São Paulo,Cliente_03636,1990-04-26 04:53:32
3637,F,MG,12177.0,Uberlândia,Cliente_03637,1958-10-19 16:52:36
3638,F,MG,23822.0,Juiz de Fora,Cliente_03638,1998-01-31 00:51:26
3639,M,BA,3855.0,Salvador,Cliente_03639,1970-06-23 05:33:44
3640,F,PR,10657.0,Curitiba,Cliente_03640,1991-02-25 23:16:25
3641,M,BA,3895.0,Vitória da Conquista,Cliente_03641,1991-10-26 10:21:51
3642,F,GO,2024.0,Rio Verde,Cliente_03642,1956-06-20 07:10:29
3643,F,BA,2061.0,Salvador,Cliente_03643,1976-01-27 16:57:28
3644,M,PR,9667.0,Maringá,Cliente_03644,1989-03-08 16:52:47
3645,M,PR,17684.0,Londrina,Cliente_03645,1983-10-23 18:10:04
3646,M,DF,6164.0,Brasília,Cliente_03646,1998-07-11 09:44:51
3647,M,DF,2705.0,Brasília,Cliente_03647,1974-06-04 01:33:23
3648,F,SP,13539.0,Campinas,Cliente_03648,1969-10-23 15:58:21
3649,F,RS,13893.0,Caxias do Sul,Cliente_03649,2006-10-02 02:37:45
3650,F,RJ,3738.0,Rio de Janeiro,Cliente_03650,1971-03-01 12:46:01
3651,M,PR,19044.0,Londrina,Cliente_03651,1996-03-10 15:13:57
3652,F,RJ,14487.0,Campos,Cliente_03652,1997-03-28 05:16:41
3653,M,MG,6739.0,Uberlândia,Cliente_03653,1960-02-15 08:17:02
3654,F,PE,13517.0,Petrolina,Cliente_03654,2007-12-19 04:12:12
3655,M,SP,24858.0,Campinas,Cliente_03655,1956-07-25 02:25:04
3656,M,GO,17955.0,Rio Verde,Cliente_03656,1981-08-18 03:12:57
3657,F,SC,18638.0,Joinville,Cliente_03657,1984-02-03 02:51:00
3658,M,RJ,24484.0,Niterói,Cliente_03658,1962-11-04 03:14:22
3659,M,BA,10596.0,Feira de Santana,Cliente_03659,1957-08-17 22:29:22
3660,F,PR,16314.0,Maringá,Cliente_03660,1974-02-27 10:15:01
3661,M,RJ,14791.0,Campos,Cliente_03661,1970-12-29 04:16:18
3662,M,SC,4121.0,Joinville,Cliente_03662,1974-06-23 17:07:23
3663,M,PR,4690.0,Maringá,Cliente_03663,1968-04-29 11:22:00
3664,F,GO,5448.0,Rio Verde,Cliente_03664,1991-05-30 03:09:21
3665,F,PE,2787.0,Recife,Cliente_03665,1963-06-10 00:48:16
3666,M,BA,23242.0,Feira de Santana,Cliente_03666,2003-12-24 18:43:05
3667,F,RJ,24920.0,Campos,Cliente_03667,1999-10-23 22:19:55
3668,M,DF,16090.0,Brasília,Cliente_03668,1996-03-04 12:58:38
3669,M,SP,22664.0,Santos,Cliente_03669,1987-09-18 08:25:52
3670,M,RJ,17168.0,Campos,Cliente_03670,1969-03-24 10:40:13
3671,M,RJ,3272.0,Campos,Cliente_03671,1956-05-31 12:32:54
3672,M,SC,21786.0,Florianópolis,Cliente_03672,1967-01-19 10:42:09
3673,F,SC,23610.0,Blumenau,Cliente_03673,1977-01-20 02:48:35
3674,M,SP,7700.0,Santos,Cliente_03674,1972-10-15 02:56:51
3675,F,RJ,17262.0,Rio de Janeiro,Cliente_03675,1968-12-04 07:37:37
3676,F,RS,4638.0,Caxias do Sul,Cliente_03676,1976-08-16 02:24:53
3677,M,GO,8713.0,Anápolis,Cliente_03677,1960-12-28 12:49:29
3678,M,SC,16441.0,Florianópolis,Cliente_03678,1993-11-19 16:24:13
3679,F,SC,3916.0,Joinville,Cliente_03679,1984-02-16 20:36:01
3680,F,RS,17464.0,Caxias do Sul,Cliente_03680,1983-07-16 04:31:55
3681,F,PR,24935.0,Curitiba,Cliente_03681,1981-03-05 01:46:15
3682,M,RJ,19468.0,Campos,Cliente_03682,1960-07-06 10:40:51
3683,F,SP,2546.0,São Paulo,Cliente_03683,2001-01-31 21:08:48
3684,M,SC,16409.0,Florianópolis,Cliente_03684,1990-12-29 19:36:06
3685,M,SP,15078.0,São Paulo,Cliente_03685,1999-12-14 23:47:10
3686,M,SP,24868.0,São Paulo,Cliente_03686,1959-05-26 23:44:05
3687,F,GO,20049.0,Goiânia,Cliente_03687,1993-12-04 20:57:31
3688,M,DF,7219.0,Brasília,Cliente_03688,1998-08-23 20:35:41
3689,M,SC,17460.0,Blumenau,Cliente_03689,1967-10-16 11:02:45
3690,M,BA,19060.0,Feira de Santana,Cliente_03690,1968-07-17 10:36:57
3691,M,PR,17098.0,Curitiba,Cliente_03691,1970-11-11 10:30:14
3692,M,SP,17124.0,Santos,Cliente_03692,2000-10-04 22:46:29
3693,F,SC,7911.0,Florianópolis,Cliente_03693,1992-03-01 10:10:33
3694,M,PR,9574.0,Maringá,Cliente_03694,1961-04-07 16:19:53
3695,M,BA,11852.0,Feira de Santana,Cliente_03695,2005-02-11 19:43:52
3696,F,SC,16503.0,Blumenau,Cliente_03696,2005-05-19 14:28:02
3697,M,RJ,10723.0,Campos,Cliente_03697,2004-09-17 06:48:34
3698,F,SP,21172.0,Campinas,Cliente_03698,1957-06-28 00:29:39
3699,M,BA,14218.0,Feira de Santana,Cliente_03699,1965-02-04 00:11:46
3700,F,RJ,2815.0,Campos,Cliente_03700,1956-08-03 22:39:47
3701,F,SP,18776.0,São Paulo,Cliente_03701,2005-12-31 12:24:37
3702,M,MG,23053.0,Belo Horizonte,Cliente_03702,1965-02-09 23:27:44
3703,M,PE,20964.0,Caruaru,Cliente_03703,2000-08-26 23:34:09
3704,M,RS,10436.0,Porto Alegre,Cliente_03704,1984-08-24 21:51:55
3705,F,SP,15267.0,Campinas,Cliente_03705,1980-10-31 04:56:43
3706,F,BA,7966.0,Vitória da Conquista,Cliente_03706,1968-04-14 03:29:49
3707,F,BA,16685.0,Vitória da Conquista,Cliente_03707,1972-09-07 16:45:36
3708,M,PE,6590.0,Recife,Cliente_03708,1999-04-17 12:41:25
3709,F,SC,5740.0,Joinville,Cliente_03709,1959-11-01 16:19:09
3710,F,RS,18295.0,Porto Alegre,Cliente_03710,2001-04-26 14:46:50
3711,M,PR,16410.0,Curitiba,Cliente_03711,1976-01-04 22:45:15
3712,F,SP,3946.0,Santos,Cliente_03712,1990-01-30 07:30:00
3713,F,SC,4846.0,Florianópolis,Cliente_03713,1977-11-01 08:58:47
3714,M,RJ,13911.0,Campos,Cliente_03714,1974-03-23 21:04:35
3715,F,PR,17969.0,Londrina,Cliente_03715,1972-02-14 14:47:01
3716,M,RS,9249.0,Porto Alegre,Cliente_03716,1967-06-26 03:36:10
3717,M,SC,5642.0,Blumenau,Cliente_03717,1984-03-26 06:29:49
3718,M,DF,17570.0,Brasília,Cliente_03718,1991-07-10 15:42:28
3719,M,PR,15687.0,Curitiba,Cliente_03719,1956-06-26 16:48:21
3720,M,GO,8587.0,Anápolis,Cliente_03720,1992-12-01 10:07:09
3721,F,GO,17135.0,Goiânia,Cliente_03721,2000-09-01 04:30:53
3722,F,SP,23718.0,São Paulo,Cliente_03722,1965-06-24 00:35:21
3723,M,SP,17307.0,Santos,Cliente_03723,1970-09-13 22:58:42
3724,M,SP,11697.0,Campinas,Cliente_03724,1977-08-29 17:42:22
3725,F,RS,13771.0,Caxias do Sul,Cliente_03725,1999-06-20 18:30:31
3726,M,DF,18687.0,Brasília,Cliente_03726,1958-02-20 19:40:04
3727,M,SC,16224.0,Joinville,Cliente_03727,1964-07-27 10:57:40
3728,M,RJ,24603.0,Rio de Janeiro,Cliente_03728,1997-11-28 13:39:39
3729,F,MG,23969.0,Juiz de Fora,Cliente_03729,1982-01-19 00:56:25
3730,F,BA,10761.0,Salvador,Cliente_03730,1989-12-18 13:48:11
3731,M,RJ,14979.0,Rio de Janeiro,Cliente_03731,1955-01-07 20:12:25
3732,M,SC,17304.0,Florianópolis,Cliente_03732,2002-07-29 07:31:38
3733,F,DF,13833.0,Brasília,Cliente_03733,2000-01-18 14:49:11
3734,F,RS,14327.0,Caxias do Sul,Cliente_03734,1998-03-13 13:31:52
3735,M,PR,22066.0,Maringá,Cliente_03735,1994-08-22 15:57:16
3736,M,RJ,11100.0,Niterói,Cliente_03736,1981-09-26 03:34:20
3737,F,PR,13432.0,Curitiba,Cliente_03737,1967-09-21 01:58:38
3738,F,MG,18148.0,Belo Horizonte,Cliente_03738,2001-11-22 11:53:04
3739,F,SC,13540.0,Blumenau,Cliente_03739,1966-08-25 12:51:02
3740,M,DF,20977.0,Brasília,Cliente_03740,1993-12-17 13:37:40
3741,F,SC,17627.0,Joinville,Cliente_03741,1994-06-15 09:36:46
3742,M,BA,22682.0,Salvador,Cliente_03742,1987-12-19 16:53:55
3743,F,RS,13973.0,Porto Alegre,Cliente_03743,1997-09-28 01:29:22
3744,F,BA,18209.0,Vitória da Conquista,Cliente_03744,1979-09-11 10:40:27
3745,F,SC,2706.0,Florianópolis,Cliente_03745,1981-12-26 14:34:49
3746,F,BA,11196.0,Feira de Santana,Cliente_03746,1981-07-24 02:40:22
3747,M,PE,15214.0,Caruaru,Cliente_03747,1974-01-12 11:20:01
3748,M,SC,2940.0,Florianópolis,Cliente_03748,1971-11-26 19:48:20
3749,F,DF,23068.0,Brasília,Cliente_03749,1967-11-08 01:05:21
3750,M,RJ,10647.0,Rio de Janeiro,Cliente_03750,1997-12-28 14:45:10
3751,F,DF,17767.0,Brasília,Cliente_03751,1971-05-09 01:12:37
3752,F,PE,10246.0,Recife,Cliente_03752,1976-07-17 22:30:20
3753,F,RJ,6636.0,Campos,Cliente_03753,1956-10-28 10:51:21
3754,F,PE,12946.0,Petrolina,Cliente_03754,2006-07-21 06:56:46
3755,M,RJ,13831.0,Niterói,Cliente_03755,1970-07-03 06:48:54
3756,F,DF,14688.0,Brasília,Cliente_03756,2002-10-02 15:49:47
3757,F,SC,7319.0,Joinville,Cliente_03757,1975-04-17 23:34:00
3758,M,SP,9569.0,São Paulo,Cliente_03758,1969-09-16 02:21:00
3759,F,GO,14269.0,Goiânia,Cliente_03759,1960-05-05 06:30:48
3760,F,GO,19920.0,Goiânia,Cliente_03760,1984-07-19 20:20:22
3761,F,PE,7060.0,Petrolina,Cliente_03761,2000-08-18 13:12:33
3762,M,GO,14353.0,Rio Verde,Cliente_03762,2003-02-04 19:43:11
3763,F,DF,11959.0,Brasília,Cliente_03763,1963-07-23 10:34:11
3764,M,PR,5129.0,Curitiba,Cliente_03764,1967-06-18 04:26:41
3765,F,PE,13157.0,Recife,Cliente_03765,2005-08-29 04:58:24
3766,F,RJ,6814.0,Niterói,Cliente_03766,1973-08-11 11:36:41
3767,M,RS,20340.0,Pelotas,Cliente_03767,1977-07-14 03:20:45
3768,F,BA,10162.0,Salvador,Cliente_03768,1968-12-15 00:59:58
3769,F,DF,19254.0,Brasília,Cliente_03769,1986-02-28 12:25:56
3770,M,RJ,9129.0,Campos,Cliente_03770,1998-12-10 13:35:07
3771,M,PR,12824.0,Curitiba,Cliente_03771,2000-12-16 07:34:10
3772,M,RS,19058.0,Porto Alegre,Cliente_03772,1998-11-25 07:00:58
3773,M,GO,17994.0,Anápolis,Cliente_03773,1968-03-04 22:20:40
3774,M,PR,21443.0,Londrina,Cliente_03774,2007-12-16 01:46:15
3775,F,PE,8192.0,Caruaru,Cliente_03775,1992-09-19 20:17:25
3776,M,MG,10718.0,Belo Horizonte,Cliente_03776,1958-11-06 12:30:29
3777,F,MG,13246.0,Uberlândia,Cliente_03777,1986-10-07 16:08:11
3778,F,GO,16872.0,Goiânia,Cliente_03778,1972-06-09 11:07:31
3779,F,MG,21117.0,Juiz de Fora,Cliente_03779,1985-05-08 20:03:59
3780,M,MG,14131.0,Juiz de Fora,Cliente_03780,1962-01-31 02:15:45
3781,M,RJ,2972.0,Rio de Janeiro,Cliente_03781,1960-04-06 21:20:43
3782,F,RJ,16099.0,Niterói,Cliente_03782,1987-10-16 11:25:39
3783,M,BA,6372.0,Feira de Santana,Cliente_03783,1973-11-11 07:16:13
3784,M,SC,12073.0,Blumenau,Cliente_03784,1989-07-12 16:25:37
3785,M,GO,15191.0,Goiânia,Cliente_03785,1972-08-03 00:48:28
3786,M,MG,12982.0,Belo Horizonte,Cliente_03786,2007-02-09 05:06:14
3787,F,BA,6253.0,Salvador,Cliente_03787,1983-04-29 18:12:46
3788,F,GO,3333.0,Rio Verde,Cliente_03788,1974-09-26 14:15:04
3789,M,MG,7428.0,Juiz de Fora,Cliente_03789,1974-02-03 14:38:52
3790,F,DF,10145.0,Brasília,Cliente_03790,2000-12-14 22:57:21
3791,M,SP,8316.0,Campinas,Cliente_03791,1978-03-26 19:28:08
3792,M,DF,18624.0,Brasília,Cliente_03792,1980-02-03 07:36:24
3793,F,RS,8756.0,Porto Alegre,Cliente_03793,1985-09-29 06:35:51
3794,F,GO,20264.0,Goiânia,Cliente_03794,2000-01-11 09:47:12
3795,F,SC,12049.0,Florianópolis,Cliente_03795,1997-01-25 09:44:36
3796,M,RS,16562.0,Porto Alegre,Cliente_03796,2000-04-06 18:07:43
3797,F,BA,11135.0,Vitória da Conquista,Cliente_03797,1986-10-16 20:02:01
3798,M,BA,21564.0,Feira de Santana,Cliente_03798,1988-06-16 11:21:48
3799,F,MG,11440.0,Juiz de Fora,Cliente_03799,2000-04-09 18:03:40
3800,F,RS,3901.0,Caxias do Sul,Cliente_03800,1968-08-21 03:44:10
3801,M,MG,14611.0,Belo Horizonte,Cliente_03801,2006-03-14 09:55:34
3802,M,GO,12863.0,Goiânia,Cliente_03802,1994-06-23 04:20:42
3803,M,BA,13932.0,Salvador,Cliente_03803,1958-08-30 09:54:22
3804,M,SP,,São Paulo,Cliente_03804,1981-07-14 14:16:23
3805,M,BA,11478.0,Salvador,Cliente_03805,1996-04-27 13:19:57
3806,M,RJ,19293.0,Campos,Cliente_03806,1993-08-28 08:51:05
3807,M,PR,19646.0,Londrina,Cliente_03807,1973-08-23 15:54:34
3808,M,SC,2409.0,Blumenau,Cliente_03808,1957-06-14 23:46:23
3809,F,RS,2260.0,Porto Alegre,Cliente_03809,1997-01-01 23:31:56
3810,M,MG,24522.0,Uberlândia,Cliente_03810,1967-12-08 00:13:27
3811,M,PR,7112.0,Londrina,Cliente_03811,1985-09-04 15:36:49
3812,F,PR,4740.0,Curitiba,Cliente_03812,1967-01-10 20:01:54
3813,M,DF,2030.0,Brasília,Cliente_03813,2006-07-17 16:08:25
3814,F,PE,11051.0,Caruaru,Cliente_03814,1966-12-12 09:16:30
3815,F,DF,11719.0,Brasília,Cliente_03815,1988-12-29 00:01:45
3816,M,DF,17716.0,Brasília,Cliente_03816,1955-08-04 11:59:18
3817,F,SC,4060.0,Blumenau,Cliente_03817,1978-07-15 15:22:13
3818,M,RJ,20061.0,Campos,Cliente_03818,1979-01-22 13:55:19
3819,F,BA,6603.0,Vitória da Conquista,Cliente_03819,1970-07-31 13:18:47
3820,F,DF,19421.0,Brasília,Cliente_03820,1957-04-30 21:44:06
3821,F,GO,10965.0,Rio Verde,Cliente_03821,1987-05-04 20:30:20
3822,M,BA,4281.0,Feira de Santana,Cliente_03822,1988-10-25 05:48:59
3823,M,RJ,18830.0,Campos,Cliente_03823,1986-07-11 13:55:29
3824,F,MG,6757.0,Uberlândia,Cliente_03824,1969-06-30 04:28:33
3825,F,PE,22981.0,Recife,Cliente_03825,2004-06-09 17:01:06
3826,M,BA,20395.0,Vitória da Conquista,Cliente_03826,1987-03-30 18:50:11
3827,M,RS,3688.0,Porto Alegre,Cliente_03827,1992-06-06 13:07:09
3828,F,SC,7563.0,Blumenau,Cliente_03828,2006-09-25 07:38:14
3829,F,PR,17115.0,Curitiba,Cliente_03829,1986-08-13 08:06:51
3830,M,MG,2381.0,Belo Horizonte,Cliente_03830,1963-10-10 22:44:41
3831,M,RJ,3347.0,Rio de Janeiro,Cliente_03831,1974-04-15 16:52:13
3832,M,DF,8099.0,Brasília,Cliente_03832,1971-11-07 11:05:58
3833,M,GO,19859.0,Goiânia,Cliente_03833,1960-05-10 20:35:32
3834,M,GO,24461.0,Goiânia,Cliente_03834,1976-08-16 20:07:05
3835,F,PE,23610.0,Caruaru,Cliente_03835,1969-02-17 06:32:23
3836,M,RJ,6068.0,Niterói,Cliente_03836,1967-02-24 18:52:22
3837,F,MG,17814.0,Juiz de Fora,Cliente_03837,2001-07-20 14:15:43
3838,M,RS,8663.0,Caxias do Sul,Cliente_03838,2007-08-10 10:38:53
3839,F,PR,12656.0,Curitiba,Cliente_03839,1973-03-25 00:42:08
3840,M,DF,24466.0,Brasília,Cliente_03840,2000-08-30 07:12:00
3841,M,SC,12755.0,Joinville,Cliente_03841,1977-12-28 16:42:19
3842,F,SP,12820.0,Campinas,Cliente_03842,2006-10-06 22:33:51
3843,F,SP,3716.0,São Paulo,Cliente_03843,1970-10-12 02:59:16
3844,M,DF,7201.0,Brasília,Cliente_03844,1955-03-07 04:55:09
3845,M,MG,20492.0,Uberlândia,Cliente_03845,2006-04-25 21:59:27
3846,M,DF,13280.0,Brasília,Cliente_03846,1980-05-25 05:53:21
3847,M,RJ,12194.0,Rio de Janeiro,Cliente_03847,1963-11-19 15:35:04
3848,M,SP,6309.0,Campinas,Cliente_03848,1972-04-20 02:50:09
3849,F,PE,24229.0,Recife,Cliente_03849,1983-08-11 16:43:23
3850,F,RJ,18062.0,Campos,Cliente_03850,1966-12-31 15:52:56
3851,M,SP,15892.0,Campinas,Cliente_03851,1961-04-11 00:06:01
3852,F,RS,9271.0,Pelotas,Cliente_03852,1955-11-13 23:14:41
3853,F,PR,3429.0,Curitiba,Cliente_03853,1995-09-02 21:35:10
3854,F,GO,15806.0,Goiânia,Cliente_03854,1981-07-06 00:26:43
3855,M,RJ,20432.0,Campos,Cliente_03855,1990-03-30 08:43:30
3856,F,GO,22718.0,Goiânia,Cliente_03856,1996-07-15 22:27:01
3857,M,GO,15744.0,Goiânia,Cliente_03857,2003-09-20 00:24:35
3858,F,SP,1611.0,São Paulo,Cliente_03858,1970-04-03 18:52:24
3859,M,RJ,12911.0,Rio de Janeiro,Cliente_03859,1957-11-27 20:45:00
3860,F,PR,18598.0,Curitiba,Cliente_03860,1995-10-28 05:24:57
3861,M,RS,12616.0,Porto Alegre,Cliente_03861,1969-12-28 05:46:21
3862,M,BA,23918.0,Salvador,Cliente_03862,1991-01-27 03:57:12
3863,F,PE,17207.0,Recife,Cliente_03863,1962-03-21 19:40:18
3864,M,GO,19265.0,Rio Verde,Cliente_03864,1974-04-19 05:38:16
3865,M,PR,4627.0,Londrina,Cliente_03865,1987-08-05 03:28:13
3866,M,SC,14600.0,Florianópolis,Cliente_03866,1996-12-26 06:53:35
3867,M,SC,12703.0,Blumenau,Cliente_03867,1990-11-16 02:08:08
3868,M,BA,2708.0,Salvador,Cliente_03868,1980-10-11 12:10:36
3869,M,BA,12817.0,Feira de Santana,Cliente_03869,1957-03-19 12:59:16
3870,M,BA,1536.0,Salvador,Cliente_03870,1994-12-26 14:54:36
3871,M,PE,19712.0,Petrolina,Cliente_03871,1999-06-29 21:45:50
3872,F,PE,12752.0,Petrolina,Cliente_03872,1969-11-25 19:15:04
3873,F,RS,21225.0,Caxias do Sul,Cliente_03873,1997-05-16 23:30:06
3874,M,GO,8506.0,Goiânia,Cliente_03874,1975-12-19 00:32:13
3875,M,MG,16567.0,Juiz de Fora,Cliente_03875,1986-11-09 22:22:43
3876,F,SC,6847.0,Joinville,Cliente_03876,1959-06-15 11:22:31
3877,F,SP,2309.0,Campinas,Cliente_03877,1982-09-13 18:22:30
3878,F,SP,5618.0,São Paulo,Cliente_03878,2000-05-16 03:35:54
3879,M,BA,19410.0,Vitória da Conquista,Cliente_03879,1992-02-23 18:12:32
3880,F,DF,14583.0,Brasília,Cliente_03880,1982-10-16 18:58:33
3881,M,SC,18379.0,Florianópolis,Cliente_03881,1987-10-16 19:19:04
3882,M,MG,14687.0,Belo Horizonte,Cliente_03882,1988-10-14 17:59:31
3883,F,MG,1924.0,Belo Horizonte,Cliente_03883,1981-02-09 23:19:46
3884,M,SP,20631.0,Santos,Cliente_03884,1956-06-04 03:48:56
3885,M,DF,3482.0,Brasília,Cliente_03885,1976-07-10 15:39:19
3886,M,MG,19352.0,Uberlândia,Cliente_03886,1993-05-22 14:50:33
3887,M,SC,17418.0,Florianópolis,Cliente_03887,1993-09-09 20:05:26
3888,F,GO,24654.0,Goiânia,Cliente_03888,1968-11-20 00:26:11
3889,F,PR,16898.0,Maringá,Cliente_03889,1957-06-28 16:44:02
3890,M,DF,13492.0,Brasília,Cliente_03890,1973-10-04 22:06:03
3891,M,MG,2733.0,Belo Horizonte,Cliente_03891,1981-03-10 18:59:31
3892,F,DF,11489.0,Brasília,Cliente_03892,1992-07-22 11:08:59
3893,M,DF,16046.0,Brasília,Cliente_03893,1986-05-19 22:45:48
3894,F,GO,10256.0,Anápolis,Cliente_03894,1959-05-31 23:50:53
3895,M,SC,4519.0,Florianópolis,Cliente_03895,1955-10-22 03:53:55
3896,M,SP,2804.0,Campinas,Cliente_03896,1966-09-11 19:53:39
3897,F,GO,15644.0,Goiânia,Cliente_03897,1968-06-16 12:46:57
3898,F,MG,18016.0,Belo Horizonte,Cliente_03898,1993-05-03 00:34:54
3899,F,BA,18332.0,Salvador,Cliente_03899,1956-01-25 23:16:45
3900,F,GO,24291.0,Anápolis,Cliente_03900,2006-03-16 23:51:50
3901,M,BA,11522.0,Salvador,Cliente_03901,1963-06-04 01:58:12
3902,F,RJ,11850.0,Rio de Janeiro,Cliente_03902,2004-03-20 11:18:45
3903,M,SP,13318.0,São Paulo,Cliente_03903,1997-12-17 01:58:27
3904,F,SC,2349.0,Joinville,Cliente_03904,1994-02-19 15:55:22
3905,F,PR,23241.0,Curitiba,Cliente_03905,1992-05-14 16:25:12
3906,M,DF,5462.0,Brasília,Cliente_03906,1977-08-09 21:48:18
3907,F,BA,6354.0,Vitória da Conquista,Cliente_03907,1985-04-07 15:33:30
3908,F,PR,3039.0,Londrina,Cliente_03908,2000-04-04 01:46:48
3909,F,PR,19783.0,Maringá,Cliente_03909,2003-01-23 08:10:31
3910,F,BA,4444.0,Salvador,Cliente_03910,1958-09-24 03:58:48
3911,M,PR,22841.0,Londrina,Cliente_03911,1997-01-09 07:51:05
3912,M,DF,23827.0,Brasília,Cliente_03912,1977-06-03 10:33:03
3913,F,RS,4744.0,Caxias do Sul,Cliente_03913,1992-10-17 15:50:58
3914,F,RJ,24220.0,Rio de Janeiro,Cliente_03914,1972-12-21 14:14:34
3915,F,BA,14755.0,Vitória da Conquista,Cliente_03915,1965-02-20 22:00:48
3916,M,DF,3091.0,Brasília,Cliente_03916,1991-12-03 10:42:58
3917,M,SP,17268.0,Campinas,Cliente_03917,2003-06-11 20:37:16
3918,M,BA,9355.0,Feira de Santana,Cliente_03918,1979-12-22 21:26:38
3919,M,DF,21626.0,Brasília,Cliente_03919,1984-09-27 21:54:05
3920,F,DF,20011.0,Brasília,Cliente_03920,1969-10-13 20:06:11
3921,F,GO,3101.0,Anápolis,Cliente_03921,1978-04-17 15:50:13
3922,F,RS,14309.0,Caxias do Sul,Cliente_03922,1983-12-24 18:17:29
3923,M,BA,19106.0,Feira de Santana,Cliente_03923,1985-06-04 08:37:00
3924,F,SC,7190.0,Florianópolis,Cliente_03924,1980-10-10 03:56:37
3925,M,DF,14021.0,Brasília,Cliente_03925,1959-04-03 06:40:12
3926,M,RJ,3342.0,Niterói,Cliente_03926,1983-01-01 16:45:37
3927,F,GO,11983.0,Rio Verde,Cliente_03927,1968-06-17 08:36:37
3928,F,DF,9558.0,Brasília,Cliente_03928,2001-03-09 13:33:39
3929,F,BA,15204.0,Feira de Santana,Cliente_03929,2000-07-28 01:30:28
3930,M,MG,7065.0,Belo Horizonte,Cliente_03930,1985-12-21 01:51:26
3931,M,DF,12588.0,Brasília,Cliente_03931,1965-01-24 22:42:14
3932,F,PE,5988.0,Recife,Cliente_03932,1988-05-05 00:46:46
3933,F,MG,24834.0,Juiz de Fora,Cliente_03933,1955-08-20 10:19:27
3934,M,DF,10406.0,Brasília,Cliente_03934,1965-12-11 07:29:57
3935,F,PR,3427.0,Londrina,Cliente_03935,2006-10-25 03:19:53
3936,M,DF,17012.0,Brasília,Cliente_03936,1995-04-14 18:24:37
3937,M,SP,9801.0,Santos,Cliente_03937,1993-11-09 20:49:41
3938,F,PR,22813.0,Maringá,Cliente_03938,1966-10-03 16:38:27
3939,F,BA,9957.0,Vitória da Conquista,Cliente_03939,1966-11-03 04:00:32
3940,F,RJ,6992.0,Campos,Cliente_03940,1962-08-16 16:24:31
3941,F,MG,4723.0,Uberlândia,Cliente_03941,1994-11-20 08:01:22
3942,M,SC,24011.0,Florianópolis,Cliente_03942,2006-05-02 10:23:41
3943,M,GO,22955.0,Goiânia,Cliente_03943,1974-09-27 02:32:50
3944,M,RJ,2454.0,Niterói,Cliente_03944,1963-12-23 20:44:39
3945,F,PR,24934.0,Maringá,Cliente_03945,1968-07-23 05:25:11
3946,M,GO,11041.0,Anápolis,Cliente_03946,1968-05-22 08:18:26
3947,F,MG,16507.0,Juiz de Fora,Cliente_03947,1955-02-27 06:47:53
3948,F,SC,3074.0,Blumenau,Cliente_03948,1963-08-15 05:08:11
3949,F,PE,24552.0,Caruaru,Cliente_03949,1955-04-05 14:11:11
3950,F,PE,17174.0,Caruaru,Cliente_03950,1995-01-24 17:26:36
3951,F,SC,16926.0,Blumenau,Cliente_03951,1996-03-04 10:54:54
3952,F,GO,8595.0,Rio Verde,Cliente_03952,1977-10-21 03:28:07
3953,M,BA,13523.0,Vitória da Conquista,Cliente_03953,1997-10-03 06:19:03
3954,F,GO,4755.0,Rio Verde,Cliente_03954,1985-11-07 03:51:53
3955,M,DF,2558.0,Brasília,Cliente_03955,1956-10-18 14:18:33
3956,M,GO,3457.0,Anápolis,Cliente_03956,1960-09-16 13:45:12
3957,F,BA,24532.0,Salvador,Cliente_03957,1987-05-16 04:51:52
3958,F,RJ,6444.0,Rio de Janeiro,Cliente_03958,1986-12-04 13:06:06
3959,F,MG,6558.0,Juiz de Fora,Cliente_03959,1996-12-29 05:49:42
3960,M,GO,4019.0,Goiânia,Cliente_03960,1992-10-17 02:49:29
3961,F,MG,13345.0,Belo Horizonte,Cliente_03961,2000-06-14 03:33:22
3962,M,PR,4070.0,Curitiba,Cliente_03962,1987-08-15 02:57:10
3963,F,PE,8950.0,Recife,Cliente_03963,1970-03-08 10:23:47
3964,F,PE,21771.0,Recife,Cliente_03964,1988-05-27 16:10:25
3965,M,BA,9203.0,Salvador,Cliente_03965,2005-05-18 04:15:51
3966,M,PR,24301.0,Maringá,Cliente_03966,1981-04-25 17:18:57
3967,F,PE,17398.0,Petrolina,Cliente_03967,1975-08-02 03:40:16
3968,M,BA,15889.0,Vitória da Conquista,Cliente_03968,1992-02-06 16:10:51
3969,M,GO,16914.0,Anápolis,Cliente_03969,1974-06-03 09:47:27
3970,M,PR,2244.0,Curitiba,Cliente_03970,1968-04-02 03:38:28
3971,M,DF,24304.0,Brasília,Cliente_03971,1995-06-10 20:10:49
3972,M,DF,5014.0,Brasília,Cliente_03972,1975-06-02 15:30:48
3973,F,DF,20814.0,Brasília,Cliente_03973,1958-05-23 05:00:36
3974,F,RJ,23421.0,Rio de Janeiro,Cliente_03974,1994-08-18 12:58:02
3975,M,DF,12371.0,Brasília,Cliente_03975,1995-01-07 14:57:21
3976,F,PR,15036.0,Londrina,Cliente_03976,1965-11-25 09:24:09
3977,F,SP,24597.0,São Paulo,Cliente_03977,2006-11-07 08:24:35
3978,M,PE,1675.0,Petrolina,Cliente_03978,1999-05-14 00:59:19
3979,F,DF,18449.0,Brasília,Cliente_03979,2000-12-15 15:56:06
3980,M,PR,4717.0,Maringá,Cliente_03980,2004-06-23 03:04:52
3981,M,RS,16606.0,Caxias do Sul,Cliente_03981,2002-05-08 06:42:37
3982,F,GO,15196.0,Rio Verde,Cliente_03982,2001-04-12 01:01:35
3983,M,RJ,22241.0,Niterói,Cliente_03983,1996-01-15 17:56:38
3984,M,MG,23857.0,Juiz de Fora,Cliente_03984,1974-09-03 21:33:08
3985,M,BA,11086.0,Salvador,Cliente_03985,1981-10-18 12:38:31
3986,M,RS,7302.0,Pelotas,Cliente_03986,1989-03-30 21:53:42
3987,M,RS,8534.0,Caxias do Sul,Cliente_03987,1964-09-25 02:17:26
3988,F,RJ,17763.0,Rio de Janeiro,Cliente_03988,1999-06-24 07:00:08
3989,F,BA,10912.0,Feira de Santana,Cliente_03989,1961-03-22 06:44:07
3990,M,RJ,18831.0,Rio de Janeiro,Cliente_03990,1966-10-02 14:30:36
3991,M,DF,10276.0,Brasília,Cliente_03991,1960-04-06 22:55:55
3992,F,MG,12554.0,Belo Horizonte,Cliente_03992,2007-12-29 05:34:31
3993,M,BA,11312.0,Vitória da Conquista,Cliente_03993,1984-06-14 07:04:38
3994,F,PR,21239.0,Maringá,Cliente_03994,1989-09-30 17:02:15
3995,M,PE,23135.0,Recife,Cliente_03995,1977-05-31 00:50:04
3996,M,RJ,21075.0,Campos,Cliente_03996,1980-11-28 14:21:56
3997,M,MG,23731.0,Juiz de Fora,Cliente_03997,1989-12-19 19:18:17
3998,M,GO,12899.0,Anápolis,Cliente_03998,1975-12-11 23:48:01
3999,M,SP,16463.0,Santos,Cliente_03999,1960-09-19 19:49:10
4000,M,GO,24600.0,Goiânia,Cliente_04000,2003-01-08 22:25:54
4001,M,SP,12268.0,Santos,Cliente_04001,1964-12-24 01:04:09
4002,F,SC,2031.0,Florianópolis,Cliente_04002,2002-09-12 06:34:50
4003,F,PR,19115.0,Curitiba,Cliente_04003,1983-07-17 09:07:49
4004,F,SC,19581.0,Joinville,Cliente_04004,1969-01-20 23:04:42
4005,M,RJ,21254.0,Rio de Janeiro,Cliente_04005,1991-12-15 15:17:03
4006,M,RJ,19429.0,Rio de Janeiro,Cliente_04006,1955-03-25 22:38:59
4007,M,SP,12857.0,Campinas,Cliente_04007,1976-04-08 06:48:44
4008,M,BA,2937.0,Salvador,Cliente_04008,1968-08-21 06:37:26
4009,M,MG,22388.0,Uberlândia,Cliente_04009,1999-09-30 13:23:28
4010,M,DF,7002.0,Brasília,Cliente_04010,1997-06-16 20:16:22
4011,M,RS,9108.0,Porto Alegre,Cliente_04011,2001-06-21 11:21:45
4012,F,RJ,23881.0,Campos,Cliente_04012,1985-06-19 08:33:16
4013,M,SC,7066.0,Joinville,Cliente_04013,1978-03-01 10:04:25
4014,F,SC,10308.0,Joinville,Cliente_04014,1981-12-27 15:55:18
4015,F,GO,22050.0,Goiânia,Cliente_04015,1974-04-06 19:27:37
4016,M,PR,5514.0,Londrina,Cliente_04016,1987-06-13 20:31:24
4017,M,SP,20140.0,São Paulo,Cliente_04017,2007-03-22 04:53:55
4018,F,RS,22238.0,Caxias do Sul,Cliente_04018,1997-03-17 18:53:47
4019,F,SP,21194.0,Campinas,Cliente_04019,2000-04-16 17:57:23
4020,M,RJ,15113.0,Campos,Cliente_04020,2002-03-09 00:10:11
4021,M,PE,8899.0,Recife,Cliente_04021,1967-10-10 19:04:08
4022,F,RS,2431.0,Pelotas,Cliente_04022,1966-12-29 01:26:01
4023,M,GO,20213.0,Anápolis,Cliente_04023,1986-03-07 18:01:35
4024,M,SC,18277.0,Florianópolis,Cliente_04024,1965-10-05 21:48:40
4025,M,GO,3965.0,Rio Verde,Cliente_04025,2006-04-24 18:12:43
4026,F,RJ,21161.0,Niterói,Cliente_04026,1964-12-20 12:13:23
4027,F,PE,17123.0,Petrolina,Cliente_04027,1976-08-15 22:03:02
4028,F,DF,23314.0,Brasília,Cliente_04028,1997-06-27 21:28:28
4029,M,RS,24886.0,Caxias do Sul,Cliente_04029,1966-10-10 03:08:59
4030,M,SP,15508.0,Campinas,Cliente_04030,1981-09-27 15:48:46
4031,F,RS,10317.0,Porto Alegre,Cliente_04031,1967-09-19 14:26:19
4032,F,SC,7488.0,Florianópolis,Cliente_04032,1978-04-23 21:13:03
4033,F,SP,9009.0,São Paulo,Cliente_04033,2005-09-30 22:21:12
4034,M,DF,23816.0,Brasília,Cliente_04034,1989-06-14 02:41:03
4035,F,DF,14349.0,Brasília,Cliente_04035,1966-09-15 23:41:45
4036,F,PR,12571.0,Londrina,Cliente_04036,1982-06-03 09:06:58
4037,M,SP,15581.0,Santos,Cliente_04037,1959-02-21 14:39:24
4038,M,MG,14728.0,Belo Horizonte,Cliente_04038,1969-06-29 01:01:09
4039,M,PE,13114.0,Recife,Cliente_04039,1990-02-07 15:44:23
4040,F,MG,11801.0,Belo Horizonte,Cliente_04040,2000-01-22 03:32:48
4041,M,DF,4281.0,Brasília,Cliente_04041,1966-06-19 05:38:43
4042,M,SP,11583.0,São Paulo,Cliente_04042,1966-10-15 21:57:35
4043,F,PR,12874.0,Londrina,Cliente_04043,2000-10-18 16:05:21
4044,M,RS,3139.0,Pelotas,Cliente_04044,1955-06-27 06:55:03
4045,F,RS,15338.0,Caxias do Sul,Cliente_04045,1984-08-22 19:48:27
4046,F,RS,10473.0,Caxias do Sul,Cliente_04046,1955-11-03 17:40:00
4047,M,PR,15482.0,Londrina,Cliente_04047,1987-03-13 05:26:07
4048,M,RJ,14384.0,Rio de Janeiro,Cliente_04048,1984-02-05 04:01:45
4049,M,SP,11748.0,Santos,Cliente_04049,1999-06-22 10:56:34
4050,M,MG,12015.0,Uberlândia,Cliente_04050,2002-07-14 18:52:11
4051,M,PE,3774.0,Caruaru,Cliente_04051,1969-09-09 06:31:39
4052,M,DF,12330.0,Brasília,Cliente_04052,1978-09-29 06:59:51
4053,F,PE,3980.0,Caruaru,Cliente_04053,1956-02-28 11:36:15
4054,F,DF,8299.0,Brasília,Cliente_04054,1964-03-24 10:16:24
4055,M,SP,10047.0,São Paulo,Cliente_04055,1986-04-25 06:58:31
4056,F,SP,15828.0,São Paulo,Cliente_04056,1981-10-04 16:16:00
4057,M,GO,14179.0,Anápolis,Cliente_04057,1982-01-01 03:48:32
4058,F,MG,22558.0,Belo Horizonte,Cliente_04058,2003-03-16 17:17:25
4059,F,SC,15428.0,Blumenau,Cliente_04059,1990-07-02 12:27:07
4060,F,DF,21406.0,Brasília,Cliente_04060,1995-06-05 21:44:00
4061,M,BA,12159.0,Salvador,Cliente_04061,1978-12-11 04:13:32
4062,F,SC,,Joinville,Cliente_04062,2006-06-03 06:53:49
4063,M,RS,23703.0,Pelotas,Cliente_04063,1986-08-31 20:53:25
4064,F,PE,18047.0,Recife,Cliente_04064,1975-02-16 12:21:40
4065,F,SP,24806.0,Campinas,Cliente_04065,1966-06-18 01:25:00
4066,F,BA,14425.0,Vitória da Conquista,Cliente_04066,1969-10-12 03:24:37
4067,F,DF,4881.0,Brasília,Cliente_04067,1974-06-14 20:01:07
4068,F,RJ,3564.0,Campos,Cliente_04068,1964-08-06 16:04:48
4069,M,DF,8089.0,Brasília,Cliente_04069,2000-05-17 10:31:18
4070,M,PE,8947.0,Petrolina,Cliente_04070,1963-11-03 19:16:25
4071,F,DF,21868.0,Brasília,Cliente_04071,1972-10-09 05:51:52
4072,F,DF,21771.0,Brasília,Cliente_04072,1959-05-03 18:39:08
4073,F,PR,1839.0,Curitiba,Cliente_04073,1975-08-30 06:57:39
4074,F,MG,22705.0,Juiz de Fora,Cliente_04074,1992-03-19 23:40:31
4075,M,SC,21665.0,Florianópolis,Cliente_04075,1995-01-28 19:23:52
4076,F,RJ,21474.0,Niterói,Cliente_04076,1991-06-05 04:22:27
4077,M,SP,6630.0,São Paulo,Cliente_04077,1972-08-14 08:19:05
4078,F,DF,9233.0,Brasília,Cliente_04078,2000-01-02 16:59:51
4079,M,RJ,14610.0,Rio de Janeiro,Cliente_04079,1979-09-12 16:00:26
4080,F,GO,6549.0,Anápolis,Cliente_04080,1998-01-24 01:47:15
4081,F,DF,11818.0,Brasília,Cliente_04081,1996-01-20 22:01:14
4082,M,PR,14133.0,Curitiba,Cliente_04082,1964-05-20 12:31:19
4083,F,PR,22588.0,Curitiba,Cliente_04083,1970-03-09 00:40:07
4084,F,BA,17108.0,Feira de Santana,Cliente_04084,1993-09-30 11:29:07
4085,F,RS,2138.0,Pelotas,Cliente_04085,1962-01-01 22:36:35
4086,M,PE,9209.0,Caruaru,Cliente_04086,1976-12-15 20:45:52
4087,F,SC,6643.0,Blumenau,Cliente_04087,1963-07-01 22:41:23
4088,F,GO,2724.0,Goiânia,Cliente_04088,1970-04-14 04:49:31
4089,M,PE,15966.0,Caruaru,Cliente_04089,2005-11-27 02:30:04
4090,M,PE,16779.0,Petrolina,Cliente_04090,2003-05-01 09:46:03
4091,M,BA,13602.0,Salvador,Cliente_04091,1987-10-19 20:08:59
4092,F,PR,5745.0,Curitiba,Cliente_04092,1981-01-02 00:28:52
4093,F,MG,11241.0,Belo Horizonte,Cliente_04093,1985-08-06 17:03:27
4094,F,RJ,23307.0,Campos,Cliente_04094,1967-03-21 13:01:39
4095,M,SP,24491.0,Santos,Cliente_04095,1994-03-09 13:23:41
4096,F,MG,8907.0,Juiz de Fora,Cliente_04096,1975-11-19 09:30:39
4097,F,MG,16290.0,Belo Horizonte,Cliente_04097,1968-12-23 07:53:13
4098,M,RS,17142.0,Pelotas,Cliente_04098,1978-12-28 22:46:39
4099,M,RS,11067.0,Caxias do Sul,Cliente_04099,1958-02-28 21:44:39
4100,M,MG,10359.0,Juiz de Fora,Cliente_04100,1992-07-20 17:50:03
4101,M,PR,7268.0,Maringá,Cliente_04101,1978-10-26 20:15:27
4102,M,PE,20258.0,Recife,Cliente_04102,1991-09-15 01:08:40
4103,F,RJ,21974.0,Niterói,Cliente_04103,1970-06-06 12:10:42
4104,M,PE,18899.0,Caruaru,Cliente_04104,1963-03-03 12:07:53
4105,F,PE,1835.0,Caruaru,Cliente_04105,1985-09-23 04:48:26
4106,F,PE,14453.0,Petrolina,Cliente_04106,1974-09-09 17:48:36
4107,M,RJ,16830.0,Rio de Janeiro,Cliente_04107,1971-05-01 00:07:15
4108,M,RJ,17964.0,Campos,Cliente_04108,1992-09-24 17:32:46
4109,M,BA,3634.0,Salvador,Cliente_04109,1982-08-03 05:12:53
4110,F,SC,18141.0,Joinville,Cliente_04110,1978-01-29 11:49:00
4111,M,MG,1684.0,Juiz de Fora,Cliente_04111,2002-03-28 13:40:09
4112,M,DF,24725.0,Brasília,Cliente_04112,1967-05-05 11:04:05
4113,M,BA,18006.0,Salvador,Cliente_04113,1967-08-02 09:38:42
4114,M,BA,9556.0,Vitória da Conquista,Cliente_04114,1995-07-15 16:02:53
4115,M,SP,8763.0,São Paulo,Cliente_04115,1990-12-22 22:24:02
4116,F,DF,22584.0,Brasília,Cliente_04116,2007-11-17 09:44:37
4117,F,RS,24542.0,Caxias do Sul,Cliente_04117,1964-09-22 05:02:52
4118,F,SP,14691.0,Santos,Cliente_04118,1959-07-07 09:43:09
4119,M,RS,5014.0,Caxias do Sul,Cliente_04119,2005-06-29 22:14:38
4120,M,SC,23517.0,Blumenau,Cliente_04120,1993-03-19 16:33:29
4121,M,GO,7577.0,Rio Verde,Cliente_04121,1977-09-22 06:13:03
4122,F,RS,19278.0,Porto Alegre,Cliente_04122,1992-04-18 17:54:22
4123,M,PE,3852.0,Recife,Cliente_04123,1999-10-08 13:29:33
4124,M,RS,17216.0,Porto Alegre,Cliente_04124,1987-07-11 02:11:10
4125,M,DF,11000.0,Brasília,Cliente_04125,1983-01-29 02:02:31
4126,F,RJ,16492.0,Niterói,Cliente_04126,1994-09-03 19:09:28
4127,M,DF,23845.0,Brasília,Cliente_04127,1957-03-09 09:43:41
4128,F,SC,21828.0,Joinville,Cliente_04128,1960-06-04 23:06:38
4129,M,BA,11633.0,Vitória da Conquista,Cliente_04129,1978-01-15 14:55:14
4130,F,PE,7905.0,Recife,Cliente_04130,2004-03-24 00:46:19
4131,F,GO,18374.0,Anápolis,Cliente_04131,1992-09-27 14:20:07
4132,F,SC,18938.0,Blumenau,Cliente_04132,1983-08-08 23:59:36
4133,M,BA,18585.0,Feira de Santana,Cliente_04133,1982-12-24 23:16:27
4134,M,PR,4434.0,Maringá,Cliente_04134,2004-02-01 18:04:57
4135,F,DF,23271.0,Brasília,Cliente_04135,1970-10-10 09:44:38
4136,F,SC,15847.0,Florianópolis,Cliente_04136,1960-10-11 05:00:41
4137,M,DF,15002.0,Brasília,Cliente_04137,1982-01-26 23:00:16
4138,M,GO,15211.0,Rio Verde,Cliente_04138,1980-08-20 19:19:42
4139,F,BA,15348.0,Vitória da Conquista,Cliente_04139,1966-07-24 01:52:53
4140,M,DF,23921.0,Brasília,Cliente_04140,1977-09-11 12:25:36
4141,M,RJ,15926.0,Rio de Janeiro,Cliente_04141,1958-09-08 20:48:44
4142,M,RS,6195.0,Porto Alegre,Cliente_04142,1976-04-12 04:57:55
4143,M,SP,17703.0,Santos,Cliente_04143,1999-06-24 00:39:18
4144,F,GO,17360.0,Anápolis,Cliente_04144,1961-08-21 20:29:53
4145,M,SP,15597.0,São Paulo,Cliente_04145,1989-11-11 05:40:18
4146,M,MG,16136.0,Juiz de Fora,Cliente_04146,1997-10-05 13:12:47
4147,F,RS,10343.0,Porto Alegre,Cliente_04147,1997-01-11 17:28:21
4148,F,GO,18300.0,Goiânia,Cliente_04148,1990-03-09 06:11:04
4149,M,SC,17073.0,Joinville,Cliente_04149,2004-11-08 22:49:07
4150,M,RJ,7066.0,Rio de Janeiro,Cliente_04150,1962-11-07 22:42:06
4151,M,SC,23057.0,Blumenau,Cliente_04151,1969-11-13 03:27:49
4152,M,PR,7499.0,Maringá,Cliente_04152,1956-03-17 01:35:39
4153,F,MG,5366.0,Belo Horizonte,Cliente_04153,1962-01-16 16:05:58
4154,F,RJ,10437.0,Rio de Janeiro,Cliente_04154,1963-07-10 21:10:11
4155,F,DF,3502.0,Brasília,Cliente_04155,1981-07-31 13:12:34
4156,M,DF,18123.0,Brasília,Cliente_04156,1968-08-07 07:37:08
4157,M,PE,19828.0,Caruaru,Cliente_04157,1969-02-03 09:46:51
4158,M,DF,24445.0,Brasília,Cliente_04158,2005-01-28 07:51:47
4159,M,BA,10547.0,Feira de Santana,Cliente_04159,1955-05-22 08:22:46
4160,F,MG,17425.0,Uberlândia,Cliente_04160,1991-12-12 10:03:01
4161,F,BA,23751.0,Vitória da Conquista,Cliente_04161,1980-05-29 01:21:35
4162,M,RS,21078.0,Caxias do Sul,Cliente_04162,1980-02-17 06:57:25
4163,F,PE,14207.0,Petrolina,Cliente_04163,1998-03-23 19:35:27
4164,M,PE,24243.0,Caruaru,Cliente_04164,1963-08-19 16:35:13
4165,M,DF,22688.0,Brasília,Cliente_04165,1967-07-06 11:51:41
4166,F,RJ,12290.0,Campos,Cliente_04166,1977-10-07 18:28:06
4167,M,RS,16801.0,Porto Alegre,Cliente_04167,1973-08-26 00:04:31
4168,M,PR,17096.0,Maringá,Cliente_04168,2003-08-17 07:37:59
4169,F,MG,2853.0,Belo Horizonte,Cliente_04169,2003-07-31 19:45:10
4170,M,MG,11727.0,Juiz de Fora,Cliente_04170,1966-10-16 13:44:35
4171,M,GO,20764.0,Rio Verde,Cliente_04171,1962-02-13 21:57:07
4172,F,SC,17328.0,Florianópolis,Cliente_04172,1992-12-10 06:08:59
4173,M,DF,18563.0,Brasília,Cliente_04173,1997-01-09 14:43:57
4174,F,GO,10178.0,Rio Verde,Cliente_04174,1964-09-09 05:16:24
4175,M,PR,21504.0,Maringá,Cliente_04175,1998-12-29 04:05:24
4176,F,PE,14410.0,Caruaru,Cliente_04176,1961-11-21 00:29:56
4177,F,SP,22198.0,São Paulo,Cliente_04177,2003-11-17 19:36:30
4178,F,PR,8364.0,Curitiba,Cliente_04178,1979-02-08 17:06:04
4179,M,PR,16216.0,Londrina,Cliente_04179,1975-03-05 16:33:45
4180,F,RJ,19368.0,Niterói,Cliente_04180,1984-12-26 06:13:27
4181,F,RJ,16650.0,Rio de Janeiro,Cliente_04181,1965-01-25 18:51:05
4182,F,RJ,18574.0,Rio de Janeiro,Cliente_04182,1997-03-18 08:48:09
4183,F,RJ,7625.0,Rio de Janeiro,Cliente_04183,2004-11-18 12:39:24
4184,F,SC,10704.0,Joinville,Cliente_04184,2000-01-23 01:44:01
4185,M,DF,24552.0,Brasília,Cliente_04185,1962-11-25 14:15:09
4186,M,MG,3847.0,Uberlândia,Cliente_04186,1962-05-28 09:03:54
4187,M,DF,16243.0,Brasília,Cliente_04187,1983-11-05 19:10:44
4188,M,DF,5208.0,Brasília,Cliente_04188,1968-11-28 07:03:39
4189,M,MG,24260.0,Juiz de Fora,Cliente_04189,1963-07-28 03:36:51
4190,M,RJ,11614.0,Niterói,Cliente_04190,1959-05-16 06:51:43
4191,M,DF,2137.0,Brasília,Cliente_04191,1967-11-20 05:35:24
4192,F,SC,7366.0,Blumenau,Cliente_04192,1959-06-21 07:41:01
4193,M,RJ,24677.0,Campos,Cliente_04193,1978-01-12 19:20:15
4194,F,SC,4508.0,Joinville,Cliente_04194,1985-02-27 13:20:04
4195,F,GO,17751.0,Anápolis,Cliente_04195,2004-12-15 14:04:41
4196,M,DF,7100.0,Brasília,Cliente_04196,1981-04-14 09:46:23
4197,F,BA,13149.0,Feira de Santana,Cliente_04197,2006-10-29 01:10:50
4198,F,SC,12866.0,Joinville,Cliente_04198,1975-09-18 19:50:20
4199,F,GO,13380.0,Goiânia,Cliente_04199,1995-11-25 12:25:39
4200,F,RS,19283.0,Caxias do Sul,Cliente_04200,1961-05-04 07:13:32
4201,M,RS,19389.0,Pelotas,Cliente_04201,1997-11-09 05:50:21
4202,M,GO,23726.0,Rio Verde,Cliente_04202,2000-08-25 02:48:03
4203,M,PE,9941.0,Recife,Cliente_04203,1957-12-06 03:39:52
4204,M,PE,6820.0,Recife,Cliente_04204,1997-05-22 19:45:51
4205,M,RJ,10227.0,Niterói,Cliente_04205,1970-11-04 21:54:30
4206,M,PE,13224.0,Recife,Cliente_04206,1985-05-07 06:20:50
4207,M,RS,7943.0,Caxias do Sul,Cliente_04207,1970-12-18 11:46:39
4208,M,PE,21433.0,Caruaru,Cliente_04208,2007-08-03 08:29:57
4209,M,BA,14894.0,Salvador,Cliente_04209,1998-03-10 02:54:04
4210,M,RS,8452.0,Porto Alegre,Cliente_04210,1986-10-31 14:56:48
4211,F,SC,10149.0,Blumenau,Cliente_04211,1984-06-01 03:18:38
4212,M,PR,20622.0,Curitiba,Cliente_04212,1971-09-12 00:54:17
4213,F,PE,,Recife,Cliente_04213,1997-06-14 01:39:00
4214,F,PE,22019.0,Recife,Cliente_04214,1979-01-10 07:25:48
4215,F,DF,9483.0,Brasília,Cliente_04215,1991-12-30 11:40:23
4216,F,MG,13388.0,Juiz de Fora,Cliente_04216,1996-04-04 11:10:50
4217,M,BA,21295.0,Feira de Santana,Cliente_04217,1992-03-06 04:27:27
4218,F,RS,7135.0,Pelotas,Cliente_04218,1956-04-22 01:14:10
4219,M,RS,5569.0,Porto Alegre,Cliente_04219,1998-08-14 02:26:35
4220,M,SP,7751.0,São Paulo,Cliente_04220,1983-11-17 22:06:51
4221,F,MG,13079.0,Belo Horizonte,Cliente_04221,1970-03-11 02:47:31
4222,M,PE,21069.0,Caruaru,Cliente_04222,2000-04-05 07:36:38
4223,F,GO,21122.0,Rio Verde,Cliente_04223,2005-09-23 13:54:54
4224,F,DF,7237.0,Brasília,Cliente_04224,1960-07-11 11:54:55
4225,M,SC,10939.0,Blumenau,Cliente_04225,1973-07-25 18:25:25
4226,M,DF,4073.0,Brasília,Cliente_04226,1986-08-19 14:29:18
4227,F,PE,24737.0,Caruaru,Cliente_04227,1986-08-13 02:17:17
4228,M,SP,1625.0,Santos,Cliente_04228,2007-12-14 19:41:42
4229,M,PR,10921.0,Londrina,Cliente_04229,1975-05-26 12:12:28
4230,M,RS,12903.0,Caxias do Sul,Cliente_04230,1998-04-11 14:09:44
4231,F,SC,2806.0,Blumenau,Cliente_04231,1965-03-09 23:28:49
4232,F,MG,3601.0,Juiz de Fora,Cliente_04232,1967-12-20 18:34:42
4233,M,PE,16181.0,Caruaru,Cliente_04233,1972-06-20 17:43:49
4234,M,BA,1635.0,Vitória da Conquista,Cliente_04234,1975-01-10 12:03:42
4235,M,GO,8811.0,Anápolis,Cliente_04235,1970-03-06 16:19:48
4236,M,DF,19343.0,Brasília,Cliente_04236,1974-08-22 10:22:47
4237,M,SP,22115.0,Santos,Cliente_04237,2004-02-04 17:33:53
4238,F,PR,2312.0,Maringá,Cliente_04238,1996-11-02 03:22:39
4239,M,RJ,11630.0,Campos,Cliente_04239,2000-06-29 17:59:49
4240,F,GO,18754.0,Rio Verde,Cliente_04240,2001-01-25 18:54:48
4241,M,PE,16727.0,Petrolina,Cliente_04241,1958-01-18 11:10:44
4242,F,PR,15260.0,Curitiba,Cliente_04242,1982-06-25 09:25:36
4243,M,GO,10326.0,Goiânia,Cliente_04243,1999-11-29 04:15:56
4244,F,GO,15439.0,Rio Verde,Cliente_04244,1974-06-15 10:30:15
4245,M,RS,2168.0,Pelotas,Cliente_04245,2000-01-02 12:02:27
4246,F,GO,19177.0,Rio Verde,Cliente_04246,1976-07-12 15:18:47
4247,F,BA,9960.0,Feira de Santana,Cliente_04247,1988-11-15 01:40:46
4248,F,PR,10173.0,Curitiba,Cliente_04248,1978-10-08 08:16:51
4249,F,PE,4890.0,Caruaru,Cliente_04249,1974-10-23 21:31:22
4250,F,PE,10953.0,Recife,Cliente_04250,1965-07-30 02:34:47
4251,F,BA,17404.0,Salvador,Cliente_04251,1966-11-23 15:53:28
4252,M,MG,16896.0,Juiz de Fora,Cliente_04252,1982-03-02 10:55:48
4253,F,PR,23433.0,Maringá,Cliente_04253,2004-09-10 06:04:49
4254,M,GO,22771.0,Anápolis,Cliente_04254,1993-12-20 15:25:44
4255,M,SP,5834.0,Campinas,Cliente_04255,1996-11-04 00:35:06
4256,M,SC,23568.0,Blumenau,Cliente_04256,1982-05-08 20:28:51
4257,M,PR,24634.0,Maringá,Cliente_04257,1976-03-08 10:54:26
4258,M,RJ,17785.0,Rio de Janeiro,Cliente_04258,1973-09-07 01:19:29
4259,F,SP,3735.0,São Paulo,Cliente_04259,1974-03-29 19:00:18
4260,F,BA,22867.0,Vitória da Conquista,Cliente_04260,1990-04-09 04:47:43
4261,F,GO,6519.0,Goiânia,Cliente_04261,1967-10-19 22:57:23
4262,M,MG,20461.0,Uberlândia,Cliente_04262,1983-07-04 14:35:52
4263,F,RJ,2175.0,Rio de Janeiro,Cliente_04263,2001-12-16 12:22:29
4264,F,MG,20323.0,Juiz de Fora,Cliente_04264,1967-09-14 11:23:37
4265,F,MG,11373.0,Belo Horizonte,Cliente_04265,2003-04-21 17:11:10
4266,F,DF,7087.0,Brasília,Cliente_04266,2002-11-17 01:36:04
4267,F,RS,7445.0,Pelotas,Cliente_04267,1973-06-23 09:14:16
4268,M,RJ,6267.0,Rio de Janeiro,Cliente_04268,1987-11-07 02:43:03
4269,F,SC,8504.0,Joinville,Cliente_04269,1963-12-11 13:06:45
4270,M,RS,9228.0,Caxias do Sul,Cliente_04270,1990-09-02 20:18:42
4271,M,RJ,8109.0,Campos,Cliente_04271,1965-01-20 01:24:46
4272,M,MG,22818.0,Juiz de Fora,Cliente_04272,1959-05-01 03:40:09
4273,M,RS,21532.0,Pelotas,Cliente_04273,1960-10-31 18:07:17
4274,M,RJ,8631.0,Rio de Janeiro,Cliente_04274,1960-11-03 09:11:59
4275,F,SC,19196.0,Florianópolis,Cliente_04275,1996-08-21 09:07:11
4276,F,SP,5599.0,São Paulo,Cliente_04276,1994-10-29 23:57:02
4277,F,PR,19538.0,Londrina,Cliente_04277,1992-07-31 03:18:34
4278,M,GO,17359.0,Rio Verde,Cliente_04278,1972-08-15 01:30:37
4279,F,RJ,17082.0,Rio de Janeiro,Cliente_04279,2004-07-01 21:42:06
4280,F,SC,23902.0,Joinville,Cliente_04280,1987-02-26 13:39:03
4281,M,PR,19169.0,Maringá,Cliente_04281,1958-09-07 15:00:11
4282,M,RS,24930.0,Caxias do Sul,Cliente_04282,1965-05-29 12:00:05
4283,M,RJ,13139.0,Campos,Cliente_04283,1970-11-10 14:51:25
4284,M,RJ,6680.0,Rio de Janeiro,Cliente_04284,1976-10-07 15:01:30
4285,F,BA,19263.0,Feira de Santana,Cliente_04285,1986-06-03 11:21:29
4286,M,RJ,17692.0,Niterói,Cliente_04286,2000-11-12 12:05:07
4287,M,GO,18529.0,Anápolis,Cliente_04287,2005-04-01 05:26:33
4288,F,BA,6912.0,Vitória da Conquista,Cliente_04288,2000-07-07 23:23:55
4289,F,PR,6152.0,Maringá,Cliente_04289,1995-06-01 05:51:02
4290,M,RS,8334.0,Caxias do Sul,Cliente_04290,2007-12-10 05:15:18
4291,F,RS,5951.0,Pelotas,Cliente_04291,1959-04-02 14:29:46
4292,M,PE,23987.0,Caruaru,Cliente_04292,1996-10-08 17:39:06
4293,M,PE,8584.0,Recife,Cliente_04293,2007-08-15 21:42:29
4294,F,PR,14362.0,Londrina,Cliente_04294,1965-11-29 20:00:18
4295,F,DF,22008.0,Brasília,Cliente_04295,1996-02-09 03:04:39
4296,M,SC,16192.0,Joinville,Cliente_04296,1968-09-12 22:38:38
4297,M,DF,18248.0,Brasília,Cliente_04297,1965-06-22 10:45:17
4298,M,SC,4155.0,Blumenau,Cliente_04298,1973-07-21 01:07:47
4299,F,BA,8933.0,Vitória da Conquista,Cliente_04299,1982-07-28 15:46:20
4300,M,PR,2814.0,Maringá,Cliente_04300,1990-07-03 10:54:24
4301,M,SC,16402.0,Florianópolis,Cliente_04301,1985-07-13 04:51:43
4302,M,PE,6772.0,Recife,Cliente_04302,1983-01-21 11:48:43
4303,M,PE,1718.0,Recife,Cliente_04303,1969-03-08 19:09:27
4304,M,MG,6203.0,Juiz de Fora,Cliente_04304,1957-07-08 09:21:54
4305,F,SC,17494.0,Joinville,Cliente_04305,1971-04-05 03:08:57
4306,M,PR,23015.0,Londrina,Cliente_04306,2007-02-04 16:21:52
4307,M,SP,3039.0,Campinas,Cliente_04307,1969-07-10 18:13:40
4308,M,BA,21317.0,Vitória da Conquista,Cliente_04308,1973-04-08 18:35:44
4309,M,RJ,14645.0,Campos,Cliente_04309,1976-01-02 14:08:52
4310,F,RJ,19486.0,Rio de Janeiro,Cliente_04310,2000-11-11 18:53:42
4311,F,SC,20588.0,Blumenau,Cliente_04311,1976-06-19 05:42:44
4312,F,DF,6564.0,Brasília,Cliente_04312,1988-12-28 07:27:20
4313,M,BA,15288.0,Feira de Santana,Cliente_04313,1988-08-10 09:20:19
4314,M,RS,21532.0,Porto Alegre,Cliente_04314,2007-01-14 06:43:56
4315,F,GO,18989.0,Goiânia,Cliente_04315,1999-09-22 23:05:44
4316,F,RJ,23620.0,Campos,Cliente_04316,1999-09-16 03:45:19
4317,F,PE,23696.0,Recife,Cliente_04317,1973-01-17 17:56:43
4318,M,BA,13103.0,Salvador,Cliente_04318,1965-12-28 21:48:23
4319,M,DF,3988.0,Brasília,Cliente_04319,1999-05-27 21:58:05
4320,F,PR,20302.0,Maringá,Cliente_04320,1971-12-25 13:05:00
4321,F,DF,17911.0,Brasília,Cliente_04321,1976-06-25 21:15:28
4322,F,BA,9707.0,Salvador,Cliente_04322,2005-02-09 03:08:44
4323,M,RS,14270.0,Caxias do Sul,Cliente_04323,1995-09-27 06:41:39
4324,M,RJ,9477.0,Campos,Cliente_04324,2001-02-13 00:46:30
4325,M,PE,,Caruaru,Cliente_04325,1980-10-15 04:07:12
4326,F,SP,6049.0,Campinas,Cliente_04326,2005-09-26 03:09:47
4327,F,PR,21837.0,Londrina,Cliente_04327,1965-06-22 23:49:43
4328,M,PE,22145.0,Caruaru,Cliente_04328,1988-05-17 15:22:55
4329,F,RS,16529.0,Porto Alegre,Cliente_04329,1966-09-14 19:57:01
4330,M,GO,6473.0,Goiânia,Cliente_04330,1993-08-29 06:28:10
4331,F,RS,9936.0,Pelotas,Cliente_04331,2001-04-17 08:37:53
4332,F,RS,11586.0,Pelotas,Cliente_04332,1972-10-05 15:55:03
4333,F,RJ,19240.0,Niterói,Cliente_04333,1959-03-10 04:26:22
4334,F,BA,21351.0,Feira de Santana,Cliente_04334,1962-12-25 19:51:38
4335,M,BA,8464.0,Vitória da Conquista,Cliente_04335,1991-01-18 02:46:04
4336,F,PE,16342.0,Petrolina,Cliente_04336,2006-02-16 07:29:39
4337,M,GO,24951.0,Rio Verde,Cliente_04337,1965-09-10 19:33:11
4338,M,GO,3245.0,Rio Verde,Cliente_04338,1990-06-18 04:05:20
4339,M,DF,14197.0,Brasília,Cliente_04339,1967-04-03 05:10:06
4340,F,SP,5379.0,Campinas,Cliente_04340,2005-05-27 09:45:47
4341,M,RS,21661.0,Pelotas,Cliente_04341,1961-11-04 15:21:56
4342,M,SP,19999.0,São Paulo,Cliente_04342,1962-05-22 10:39:04
4343,M,MG,24141.0,Uberlândia,Cliente_04343,1969-12-19 23:20:06
4344,F,SC,3767.0,Florianópolis,Cliente_04344,1985-07-06 02:50:42
4345,F,RS,20151.0,Pelotas,Cliente_04345,1981-08-17 09:31:59
4346,M,SP,11188.0,São Paulo,Cliente_04346,1970-11-19 01:20:03
4347,F,RJ,16565.0,Campos,Cliente_04347,1956-12-16 23:00:06
4348,M,SC,12488.0,Florianópolis,Cliente_04348,1993-11-18 07:59:41
4349,M,GO,24970.0,Anápolis,Cliente_04349,1984-11-22 06:19:56
4350,F,RS,5981.0,Porto Alegre,Cliente_04350,1981-04-01 22:29:16
4351,M,RS,2429.0,Caxias do Sul,Cliente_04351,1999-05-10 09:23:31
4352,F,GO,9273.0,Goiânia,Cliente_04352,1999-08-26 00:22:42
4353,F,DF,4824.0,Brasília,Cliente_04353,1971-08-13 14:43:38
4354,M,RJ,6087.0,Rio de Janeiro,Cliente_04354,1971-08-19 12:35:21
4355,F,RS,1856.0,Caxias do Sul,Cliente_04355,1959-08-24 04:10:35
4356,F,SP,17287.0,Campinas,Cliente_04356,2007-02-03 19:04:56
4357,M,RS,22194.0,Pelotas,Cliente_04357,1958-07-22 08:10:58
4358,M,SC,21948.0,Joinville,Cliente_04358,1968-10-05 19:18:38
4359,F,RS,6999.0,Caxias do Sul,Cliente_04359,2005-01-02 09:50:30
4360,F,SP,5341.0,Santos,Cliente_04360,2002-08-05 07:35:10
4361,M,PR,13622.0,Londrina,Cliente_04361,1995-08-23 12:24:55
4362,F,SC,23217.0,Joinville,Cliente_04362,1955-07-07 16:16:16
4363,F,PE,14909.0,Recife,Cliente_04363,1975-09-13 15:41:47
4364,F,PE,24555.0,Petrolina,Cliente_04364,1997-01-15 09:11:43
4365,F,SC,8559.0,Blumenau,Cliente_04365,2004-08-22 03:51:45
4366,F,RJ,2165.0,Rio de Janeiro,Cliente_04366,1998-01-08 20:03:15
4367,F,PR,24737.0,Maringá,Cliente_04367,1979-10-29 01:26:08
4368,F,SC,11720.0,Florianópolis,Cliente_04368,1982-06-14 10:33:20
4369,M,SP,12274.0,Campinas,Cliente_04369,1986-04-14 01:36:30
4370,M,MG,2053.0,Juiz de Fora,Cliente_04370,1965-11-01 03:36:33
4371,M,BA,15360.0,Feira de Santana,Cliente_04371,1975-08-19 09:51:49
4372,M,RS,8545.0,Pelotas,Cliente_04372,1966-04-30 22:04:49
4373,M,DF,10880.0,Brasília,Cliente_04373,1962-10-19 06:54:52
4374,F,PR,1649.0,Londrina,Cliente_04374,1984-08-27 12:33:18
4375,F,SP,17873.0,Santos,Cliente_04375,1958-01-19 22:41:00
4376,F,DF,14843.0,Brasília,Cliente_04376,1990-11-02 12:41:31
4377,F,PE,4353.0,Petrolina,Cliente_04377,2002-12-24 06:50:35
4378,M,SC,11628.0,Joinville,Cliente_04378,1996-03-08 06:42:55
4379,F,PR,14080.0,Curitiba,Cliente_04379,1981-02-25 20:03:54
4380,F,GO,16754.0,Rio Verde,Cliente_04380,1999-12-21 03:56:17
4381,M,RS,4236.0,Porto Alegre,Cliente_04381,1955-02-10 14:45:59
4382,F,BA,2456.0,Salvador,Cliente_04382,1977-10-30 01:37:35
4383,F,PE,12940.0,Recife,Cliente_04383,1957-04-02 04:11:00
4384,M,SC,6680.0,Florianópolis,Cliente_04384,1977-07-08 23:15:41
4385,F,RS,10107.0,Porto Alegre,Cliente_04385,1959-12-11 05:10:22
4386,F,PE,13146.0,Recife,Cliente_04386,1996-09-20 21:54:31
4387,F,GO,20529.0,Rio Verde,Cliente_04387,1968-07-16 10:57:47
4388,F,DF,21658.0,Brasília,Cliente_04388,1978-09-18 04:35:25
4389,F,BA,15842.0,Salvador,Cliente_04389,1965-07-01 02:21:15
4390,M,BA,6513.0,Vitória da Conquista,Cliente_04390,1960-03-20 22:07:09
4391,M,RS,1584.0,Pelotas,Cliente_04391,1963-07-04 17:58:15
4392,M,SP,3435.0,Santos,Cliente_04392,1978-12-12 09:06:41
4393,M,RS,11108.0,Caxias do Sul,Cliente_04393,1999-04-20 17:42:14
4394,M,PE,10762.0,Recife,Cliente_04394,1974-07-03 11:45:28
4395,M,SP,13104.0,Campinas,Cliente_04395,1983-03-24 08:59:55
4396,F,BA,11213.0,Salvador,Cliente_04396,1977-01-22 11:19:19
4397,M,MG,24633.0,Uberlândia,Cliente_04397,1975-12-31 17:29:12
4398,M,BA,19385.0,Vitória da Conquista,Cliente_04398,2001-08-13 19:15:08
4399,F,RS,24453.0,Caxias do Sul,Cliente_04399,1957-11-17 02:21:07
4400,F,PE,3973.0,Petrolina,Cliente_04400,1994-07-14 17:05:51
4401,M,SP,2235.0,Campinas,Cliente_04401,1990-04-04 17:21:45
4402,F,SC,4338.0,Florianópolis,Cliente_04402,1978-11-19 15:16:30
4403,M,SP,4062.0,São Paulo,Cliente_04403,1977-07-26 04:26:32
4404,F,GO,14940.0,Anápolis,Cliente_04404,2004-11-22 01:58:32
4405,M,RJ,5406.0,Niterói,Cliente_04405,1997-08-18 02:21:55
4406,F,RJ,2772.0,Rio de Janeiro,Cliente_04406,1983-11-27 10:41:26
4407,F,PR,6336.0,Londrina,Cliente_04407,1964-03-24 23:54:45
4408,M,DF,3362.0,Brasília,Cliente_04408,1972-02-15 10:05:15
4409,M,PR,5726.0,Londrina,Cliente_04409,1980-05-07 03:45:15
4410,M,PR,14110.0,Curitiba,Cliente_04410,2006-05-22 15:50:06
4411,M,SP,10514.0,Santos,Cliente_04411,1963-03-05 04:25:22
4412,M,PE,18426.0,Recife,Cliente_04412,1960-07-27 22:50:33
4413,F,PR,7709.0,Curitiba,Cliente_04413,1962-06-22 03:33:41
4414,M,RS,20649.0,Caxias do Sul,Cliente_04414,1964-11-25 11:57:11
4415,M,SP,11770.0,São Paulo,Cliente_04415,1969-02-17 02:06:54
4416,F,PE,18768.0,Recife,Cliente_04416,1973-03-16 11:57:47
4417,F,RJ,5149.0,Niterói,Cliente_04417,1983-04-25 13:24:39
4418,M,MG,15626.0,Uberlândia,Cliente_04418,2007-04-01 06:43:10
4419,F,RS,24774.0,Pelotas,Cliente_04419,1999-10-20 07:15:31
4420,F,SC,17573.0,Florianópolis,Cliente_04420,2005-08-07 02:03:31
4421,M,DF,21455.0,Brasília,Cliente_04421,1991-04-01 21:19:29
4422,F,SC,21817.0,Blumenau,Cliente_04422,1959-07-15 20:32:46
4423,F,PE,23740.0,Petrolina,Cliente_04423,1958-01-18 21:18:18
4424,M,GO,5166.0,Rio Verde,Cliente_04424,1980-10-11 04:46:49
4425,M,PE,14857.0,Petrolina,Cliente_04425,2000-05-24 10:44:59
4426,F,MG,16948.0,Belo Horizonte,Cliente_04426,1962-05-17 15:59:24
4427,F,RJ,11413.0,Rio de Janeiro,Cliente_04427,1962-08-01 20:49:04
4428,M,BA,10066.0,Salvador,Cliente_04428,1982-12-26 19:51:09
4429,F,PE,17105.0,Petrolina,Cliente_04429,1961-01-18 18:45:09
4430,F,RJ,2057.0,Niterói,Cliente_04430,1965-10-30 01:03:51
4431,F,SC,10972.0,Florianópolis,Cliente_04431,1979-04-12 05:17:30
4432,M,PE,13115.0,Petrolina,Cliente_04432,1973-11-29 11:40:22
4433,F,PE,7540.0,Petrolina,Cliente_04433,2000-06-05 16:59:24
4434,F,PR,15384.0,Maringá,Cliente_04434,1992-09-20 16:23:34
4435,M,SC,2628.0,Blumenau,Cliente_04435,1985-08-23 23:33:09
4436,F,DF,19244.0,Brasília,Cliente_04436,1989-10-23 08:54:02
4437,F,DF,23304.0,Brasília,Cliente_04437,1998-01-09 18:56:19
4438,M,RS,10792.0,Pelotas,Cliente_04438,2004-07-08 01:23:36
4439,M,GO,6849.0,Rio Verde,Cliente_04439,1984-11-25 10:25:46
4440,M,BA,20509.0,Salvador,Cliente_04440,1993-09-29 02:17:56
4441,M,PE,13819.0,Caruaru,Cliente_04441,1986-02-25 07:14:16
4442,F,PE,11323.0,Recife,Cliente_04442,1979-12-14 22:02:38
4443,F,RS,1557.0,Porto Alegre,Cliente_04443,2003-05-10 03:20:58
4444,M,GO,10003.0,Rio Verde,Cliente_04444,1965-08-27 22:55:23
4445,M,SC,23732.0,Florianópolis,Cliente_04445,1977-09-15 21:33:12
4446,F,PE,11693.0,Caruaru,Cliente_04446,1962-11-22 01:04:35
4447,M,RJ,20621.0,Niterói,Cliente_04447,1971-08-10 17:35:29
4448,F,SP,6993.0,Santos,Cliente_04448,1979-12-23 06:33:37
4449,M,GO,5377.0,Anápolis,Cliente_04449,1982-12-24 18:20:40
4450,F,PE,3782.0,Petrolina,Cliente_04450,1979-12-25 06:49:44
4451,M,GO,24670.0,Anápolis,Cliente_04451,1969-12-25 08:20:30
4452,M,DF,12875.0,Brasília,Cliente_04452,1960-12-07 09:15:32
4453,F,BA,23392.0,Feira de Santana,Cliente_04453,1967-10-09 06:14:09
4454,M,PE,2931.0,Recife,Cliente_04454,1971-10-30 00:24:33
4455,F,BA,14026.0,Feira de Santana,Cliente_04455,1956-04-10 22:13:45
4456,F,MG,3275.0,Juiz de Fora,Cliente_04456,1965-11-22 06:50:04
4457,F,SP,22091.0,Campinas,Cliente_04457,1994-07-29 18:16:00
4458,F,RS,12851.0,Caxias do Sul,Cliente_04458,1991-08-18 17:44:01
4459,F,BA,16139.0,Salvador,Cliente_04459,1996-10-09 02:00:13
4460,M,PE,5885.0,Petrolina,Cliente_04460,1980-04-07 08:49:03
4461,M,PR,24235.0,Maringá,Cliente_04461,1995-12-17 02:04:54
4462,F,RS,16703.0,Pelotas,Cliente_04462,1991-04-25 10:35:58
4463,M,RS,5474.0,Porto Alegre,Cliente_04463,1984-07-16 00:32:16
4464,F,SC,7405.0,Joinville,Cliente_04464,2002-07-17 22:17:44
4465,M,BA,22561.0,Vitória da Conquista,Cliente_04465,2004-04-06 13:49:00
4466,M,PR,5965.0,Londrina,Cliente_04466,2003-01-27 00:39:29
4467,M,BA,21186.0,Feira de Santana,Cliente_04467,1990-08-24 12:59:38
4468,M,SC,8445.0,Joinville,Cliente_04468,1989-12-19 21:07:43
4469,F,SP,12558.0,São Paulo,Cliente_04469,1956-06-11 07:31:58
4470,F,PE,14136.0,Caruaru,Cliente_04470,1993-02-10 22:48:51
4471,M,DF,3802.0,Brasília,Cliente_04471,2005-07-17 14:33:14
4472,M,DF,24169.0,Brasília,Cliente_04472,1956-12-16 18:24:18
4473,F,BA,6466.0,Salvador,Cliente_04473,1959-10-23 22:51:25
4474,M,SC,14947.0,Florianópolis,Cliente_04474,1974-07-27 20:43:06
4475,F,GO,21610.0,Goiânia,Cliente_04475,1984-01-02 04:02:02
4476,F,PE,19926.0,Petrolina,Cliente_04476,1984-03-20 20:52:45
4477,F,BA,15662.0,Salvador,Cliente_04477,2002-11-08 03:42:02
4478,M,GO,17558.0,Rio Verde,Cliente_04478,1965-12-11 13:23:27
4479,F,PE,10214.0,Recife,Cliente_04479,1994-08-31 23:06:30
4480,M,GO,12399.0,Goiânia,Cliente_04480,1967-01-02 00:11:05
4481,F,RS,4498.0,Porto Alegre,Cliente_04481,1977-12-08 04:15:25
4482,M,BA,2409.0,Salvador,Cliente_04482,1957-05-01 06:21:53
4483,M,SC,14229.0,Joinville,Cliente_04483,1999-08-29 16:34:41
4484,M,PE,22017.0,Caruaru,Cliente_04484,1962-11-12 08:26:16
4485,F,DF,3380.0,Brasília,Cliente_04485,1981-02-21 16:41:57
4486,F,BA,13997.0,Salvador,Cliente_04486,2002-08-30 14:51:38
4487,M,PE,20444.0,Caruaru,Cliente_04487,1963-07-28 18:08:30
4488,M,PE,9027.0,Petrolina,Cliente_04488,1974-07-03 06:35:42
4489,M,GO,7196.0,Anápolis,Cliente_04489,2005-01-22 05:52:54
4490,F,GO,4572.0,Anápolis,Cliente_04490,1960-08-28 15:57:40
4491,F,PR,13518.0,Londrina,Cliente_04491,1955-10-15 05:16:44
4492,F,BA,5976.0,Salvador,Cliente_04492,1990-07-27 19:04:52
4493,F,MG,12567.0,Juiz de Fora,Cliente_04493,1971-06-08 21:43:26
4494,M,RJ,5989.0,Rio de Janeiro,Cliente_04494,1977-02-04 11:48:51
4495,M,MG,22375.0,Juiz de Fora,Cliente_04495,1981-03-03 22:05:13
4496,F,PE,17719.0,Recife,Cliente_04496,1966-11-04 02:54:06
4497,F,PR,15867.0,Londrina,Cliente_04497,1972-04-24 17:43:49
4498,M,PE,8355.0,Petrolina,Cliente_04498,1988-11-10 06:37:15
4499,F,MG,4597.0,Uberlândia,Cliente_04499,1962-10-03 04:04:00
4500,F,PE,13317.0,Petrolina,Cliente_04500,1977-03-03 22:29:19
4501,F,GO,21389.0,Rio Verde,Cliente_04501,2006-07-25 12:27:50
4502,F,BA,2584.0,Salvador,Cliente_04502,1970-12-08 10:26:06
4503,F,DF,2052.0,Brasília,Cliente_04503,1965-12-06 21:06:47
4504,F,MG,23444.0,Belo Horizonte,Cliente_04504,1963-01-07 10:06:53
4505,M,RJ,2653.0,Niterói,Cliente_04505,1989-03-10 01:06:49
4506,F,RJ,23357.0,Niterói,Cliente_04506,1995-11-23 11:23:03
4507,F,GO,20129.0,Rio Verde,Cliente_04507,1958-11-11 23:00:50
4508,M,BA,19570.0,Vitória da Conquista,Cliente_04508,1957-01-30 08:17:58
4509,M,SP,23719.0,São Paulo,Cliente_04509,1990-12-01 21:12:44
4510,M,SP,18577.0,São Paulo,Cliente_04510,1983-11-22 19:47:42
4511,F,SC,23719.0,Florianópolis,Cliente_04511,1997-08-21 14:48:26
4512,M,SC,10189.0,Florianópolis,Cliente_04512,1972-07-15 02:54:10
4513,F,MG,24678.0,Belo Horizonte,Cliente_04513,1967-05-02 06:34:04
4514,F,GO,14983.0,Rio Verde,Cliente_04514,1988-03-29 23:26:13
4515,F,GO,16534.0,Rio Verde,Cliente_04515,2002-03-31 22:38:32
4516,M,PE,13659.0,Caruaru,Cliente_04516,1976-08-21 17:54:04
4517,M,RJ,2305.0,Campos,Cliente_04517,1965-07-20 02:52:24
4518,M,RJ,2420.0,Rio de Janeiro,Cliente_04518,1995-04-19 11:59:55
4519,M,RJ,14662.0,Campos,Cliente_04519,1984-06-24 21:22:13
4520,M,PR,21488.0,Maringá,Cliente_04520,1994-08-26 14:45:30
4521,F,BA,2943.0,Vitória da Conquista,Cliente_04521,2000-05-03 14:27:39
4522,F,RS,8548.0,Caxias do Sul,Cliente_04522,2005-12-31 19:09:43
4523,F,PE,15207.0,Caruaru,Cliente_04523,1979-07-31 19:11:10
4524,F,SP,19429.0,Santos,Cliente_04524,1963-09-18 17:54:46
4525,M,GO,2710.0,Rio Verde,Cliente_04525,1993-01-16 18:16:13
4526,M,SP,17504.0,São Paulo,Cliente_04526,2007-07-01 04:51:51
4527,F,PR,11772.0,Londrina,Cliente_04527,2000-04-09 10:30:10
4528,M,SP,7712.0,São Paulo,Cliente_04528,1997-04-09 04:34:54
4529,M,RJ,22571.0,Rio de Janeiro,Cliente_04529,1962-10-01 03:54:58
4530,F,DF,23194.0,Brasília,Cliente_04530,1963-11-12 05:54:57
4531,F,PE,11840.0,Petrolina,Cliente_04531,1961-04-23 23:22:56
4532,M,DF,11200.0,Brasília,Cliente_04532,1991-09-15 07:00:18
4533,M,SC,18797.0,Blumenau,Cliente_04533,1968-06-06 03:41:51
4534,F,DF,20664.0,Brasília,Cliente_04534,1964-10-08 04:51:39
4535,F,RS,10081.0,Pelotas,Cliente_04535,1993-01-03 18:08:30
4536,F,GO,22871.0,Goiânia,Cliente_04536,1969-11-15 16:59:36
4537,M,PR,21509.0,Curitiba,Cliente_04537,1971-06-20 08:29:47
4538,F,GO,14545.0,Goiânia,Cliente_04538,1989-12-07 06:36:32
4539,F,RS,4070.0,Pelotas,Cliente_04539,1970-09-26 02:47:10
4540,M,GO,21621.0,Rio Verde,Cliente_04540,2000-12-15 20:33:11
4541,M,DF,4279.0,Brasília,Cliente_04541,1987-06-30 17:51:12
4542,M,BA,19860.0,Vitória da Conquista,Cliente_04542,1970-09-04 10:05:22
4543,M,GO,13128.0,Goiânia,Cliente_04543,1985-07-17 17:54:43
4544,M,SC,18678.0,Florianópolis,Cliente_04544,1985-12-09 07:10:18
4545,F,PE,3222.0,Caruaru,Cliente_04545,1994-11-24 04:51:51
4546,F,PE,15385.0,Petrolina,Cliente_04546,2005-08-06 05:12:12
4547,M,SP,18782.0,São Paulo,Cliente_04547,1986-11-20 11:45:36
4548,M,MG,1602.0,Uberlândia,Cliente_04548,1995-12-05 11:27:55
4549,M,DF,14762.0,Brasília,Cliente_04549,2005-06-04 23:27:45
4550,M,RJ,8953.0,Rio de Janeiro,Cliente_04550,1989-07-09 23:22:50
4551,M,RS,11139.0,Porto Alegre,Cliente_04551,2006-12-29 23:15:32
4552,F,PR,13906.0,Maringá,Cliente_04552,2002-04-24 21:57:25
4553,F,DF,19916.0,Brasília,Cliente_04553,1971-04-14 19:37:56
4554,F,PE,13724.0,Caruaru,Cliente_04554,1955-03-13 10:50:26
4555,F,SP,7672.0,São Paulo,Cliente_04555,1985-03-13 04:16:57
4556,M,GO,12752.0,Anápolis,Cliente_04556,2005-11-22 09:51:50
4557,F,RJ,19418.0,Niterói,Cliente_04557,1973-01-04 21:03:23
4558,M,RJ,8697.0,Campos,Cliente_04558,1985-06-15 08:52:32
4559,M,MG,15177.0,Uberlândia,Cliente_04559,1962-10-24 22:46:34
4560,M,BA,12539.0,Vitória da Conquista,Cliente_04560,1989-01-13 13:07:57
4561,F,MG,6070.0,Juiz de Fora,Cliente_04561,1984-04-12 10:37:12
4562,M,GO,8206.0,Rio Verde,Cliente_04562,1967-10-16 20:38:53
4563,F,DF,13155.0,Brasília,Cliente_04563,1981-02-13 15:46:59
4564,F,SC,1934.0,Joinville,Cliente_04564,1973-02-24 01:34:16
4565,M,RS,16639.0,Porto Alegre,Cliente_04565,2003-07-30 11:00:22
4566,M,RJ,10949.0,Campos,Cliente_04566,1981-07-23 08:40:04
4567,M,PR,10622.0,Curitiba,Cliente_04567,1998-06-09 21:15:33
4568,F,DF,15103.0,Brasília,Cliente_04568,1975-03-27 04:48:45
4569,M,PR,12491.0,Londrina,Cliente_04569,1978-03-13 07:29:59
4570,F,SP,15359.0,São Paulo,Cliente_04570,1999-02-25 09:14:01
4571,M,PR,17071.0,Curitiba,Cliente_04571,1974-09-28 01:51:58
4572,M,RJ,7961.0,Campos,Cliente_04572,2002-04-18 16:26:52
4573,F,RJ,21967.0,Campos,Cliente_04573,1985-03-02 12:19:35
4574,F,RJ,7496.0,Campos,Cliente_04574,2005-06-11 12:47:56
4575,F,DF,6352.0,Brasília,Cliente_04575,1974-07-17 22:36:59
4576,F,DF,4012.0,Brasília,Cliente_04576,1972-07-24 18:43:25
4577,F,RS,16946.0,Caxias do Sul,Cliente_04577,1969-09-16 03:02:32
4578,F,PE,23412.0,Recife,Cliente_04578,1961-03-01 15:11:59
4579,M,BA,2763.0,Feira de Santana,Cliente_04579,1993-06-23 11:31:42
4580,M,GO,23835.0,Anápolis,Cliente_04580,1967-06-22 05:55:01
4581,F,GO,4247.0,Anápolis,Cliente_04581,2007-04-21 15:56:48
4582,M,SP,16916.0,Campinas,Cliente_04582,2003-12-31 15:21:00
4583,F,MG,8780.0,Juiz de Fora,Cliente_04583,1969-10-10 06:32:12
4584,M,RS,12474.0,Porto Alegre,Cliente_04584,1993-05-18 11:50:29
4585,M,PE,18977.0,Petrolina,Cliente_04585,1976-09-28 05:55:12
4586,F,SC,12478.0,Blumenau,Cliente_04586,1988-05-23 10:18:00
4587,F,SP,12507.0,Campinas,Cliente_04587,1990-08-01 19:00:42
4588,F,DF,5263.0,Brasília,Cliente_04588,1963-11-14 05:41:36
4589,M,PE,13727.0,Petrolina,Cliente_04589,1984-07-21 13:05:32
4590,F,RJ,14531.0,Rio de Janeiro,Cliente_04590,1963-09-26 09:09:22
4591,M,DF,12015.0,Brasília,Cliente_04591,1964-11-20 08:17:35
4592,F,MG,1732.0,Uberlândia,Cliente_04592,1965-11-15 04:29:45
4593,M,MG,19985.0,Juiz de Fora,Cliente_04593,1984-08-25 01:51:48
4594,M,GO,14044.0,Anápolis,Cliente_04594,1974-06-29 21:07:58
4595,F,BA,3528.0,Salvador,Cliente_04595,1958-02-26 13:59:01
4596,M,BA,24117.0,Feira de Santana,Cliente_04596,1999-02-17 02:52:36
4597,M,SC,19813.0,Blumenau,Cliente_04597,1999-04-06 16:36:28
4598,F,DF,17522.0,Brasília,Cliente_04598,2001-05-27 07:40:42
4599,M,DF,11150.0,Brasília,Cliente_04599,1988-07-12 16:01:03
4600,F,MG,21224.0,Juiz de Fora,Cliente_04600,2006-01-21 06:38:04
4601,F,RJ,19861.0,Rio de Janeiro,Cliente_04601,1993-02-05 01:43:47
4602,F,RJ,3913.0,Rio de Janeiro,Cliente_04602,1996-06-18 11:44:32
4603,F,PR,9526.0,Londrina,Cliente_04603,1974-01-11 09:12:01
4604,M,RJ,6918.0,Campos,Cliente_04604,1998-01-15 19:05:33
4605,M,PE,23909.0,Recife,Cliente_04605,2001-10-25 15:39:08
4606,M,BA,22821.0,Salvador,Cliente_04606,1984-10-14 03:23:40
4607,F,RJ,,Campos,Cliente_04607,2007-01-18 22:50:07
4608,M,RS,5097.0,Porto Alegre,Cliente_04608,1984-01-25 16:10:50
4609,M,DF,19262.0,Brasília,Cliente_04609,1976-08-06 05:29:16
4610,F,RJ,2120.0,Rio de Janeiro,Cliente_04610,1986-11-14 00:34:28
4611,F,PR,2429.0,Maringá,Cliente_04611,1965-07-25 01:25:07
4612,M,SC,24428.0,Florianópolis,Cliente_04612,1993-02-04 13:53:42
4613,F,SC,16955.0,Blumenau,Cliente_04613,2004-02-17 11:44:19
4614,F,MG,23710.0,Juiz de Fora,Cliente_04614,1979-01-28 06:43:18
4615,F,RJ,16405.0,Niterói,Cliente_04615,1977-03-12 07:25:14
4616,F,DF,2474.0,Brasília,Cliente_04616,1974-07-16 11:05:27
4617,M,DF,14179.0,Brasília,Cliente_04617,1963-10-15 10:49:42
4618,F,BA,19573.0,Vitória da Conquista,Cliente_04618,1971-07-10 00:40:33
4619,F,SC,6171.0,Florianópolis,Cliente_04619,1970-09-27 17:14:08
4620,F,MG,24804.0,Uberlândia,Cliente_04620,1968-10-30 04:01:24
4621,F,RJ,24660.0,Niterói,Cliente_04621,1973-11-08 06:33:00
4622,F,SC,15099.0,Florianópolis,Cliente_04622,1985-01-11 02:46:55
4623,F,SC,14310.0,Joinville,Cliente_04623,1984-06-02 14:43:56
4624,F,DF,10417.0,Brasília,Cliente_04624,1991-04-02 05:29:47
4625,F,RJ,9853.0,Rio de Janeiro,Cliente_04625,1963-07-21 07:42:04
4626,M,SP,9284.0,Campinas,Cliente_04626,2005-03-11 11:49:58
4627,F,RJ,15725.0,Rio de Janeiro,Cliente_04627,1991-05-03 22:17:15
4628,M,PE,2158.0,Petrolina,Cliente_04628,1977-07-25 03:45:52
4629,F,SC,4397.0,Blumenau,Cliente_04629,1972-04-07 02:19:38
4630,F,BA,23552.0,Feira de Santana,Cliente_04630,1955-06-15 02:24:39
4631,F,SP,24109.0,Campinas,Cliente_04631,2005-05-11 13:00:50
4632,F,PR,13791.0,Maringá,Cliente_04632,1975-09-16 00:32:38
4633,M,MG,20426.0,Belo Horizonte,Cliente_04633,2001-08-23 12:27:30
4634,F,RJ,15072.0,Niterói,Cliente_04634,1961-02-06 08:21:07
4635,F,BA,4705.0,Vitória da Conquista,Cliente_04635,1985-12-12 12:28:55
4636,M,PR,5544.0,Londrina,Cliente_04636,1994-09-09 14:27:57
4637,M,PR,4933.0,Maringá,Cliente_04637,1997-02-10 11:28:01
4638,F,SC,8211.0,Blumenau,Cliente_04638,1955-03-19 09:51:01
4639,M,PE,8884.0,Petrolina,Cliente_04639,1957-10-03 08:42:23
4640,M,SC,18761.0,Florianópolis,Cliente_04640,1986-12-14 05:29:29
4641,M,MG,18975.0,Uberlândia,Cliente_04641,1959-10-25 17:02:32
4642,F,SP,4559.0,São Paulo,Cliente_04642,2006-07-31 12:05:13
4643,F,DF,24891.0,Brasília,Cliente_04643,1993-05-16 20:39:20
4644,F,RS,17415.0,Porto Alegre,Cliente_04644,2000-08-19 04:13:40
4645,M,SP,23146.0,Santos,Cliente_04645,1973-12-08 17:15:58
4646,F,MG,9013.0,Belo Horizonte,Cliente_04646,1984-09-01 05:17:38
4647,M,DF,15365.0,Brasília,Cliente_04647,1982-02-18 05:06:54
4648,F,PR,3174.0,Londrina,Cliente_04648,1963-06-12 09:41:09
4649,F,SP,11300.0,Campinas,Cliente_04649,1999-07-23 17:09:31
4650,M,DF,20710.0,Brasília,Cliente_04650,1983-07-07 01:06:48
4651,F,RJ,20936.0,Campos,Cliente_04651,1979-01-12 15:15:59
4652,M,SC,15478.0,Blumenau,Cliente_04652,1964-04-18 15:14:39
4653,M,RS,18197.0,Caxias do Sul,Cliente_04653,1966-11-13 01:20:51
4654,F,BA,18267.0,Feira de Santana,Cliente_04654,1968-04-11 09:36:26
4655,M,RJ,7384.0,Campos,Cliente_04655,1996-02-15 06:48:44
4656,F,SP,19696.0,São Paulo,Cliente_04656,1986-12-29 13:30:28
4657,F,GO,20208.0,Anápolis,Cliente_04657,1965-10-08 05:05:26
4658,M,DF,14883.0,Brasília,Cliente_04658,1976-12-19 09:15:53
4659,F,PR,6748.0,Maringá,Cliente_04659,1964-12-22 12:34:04
4660,M,PR,4929.0,Maringá,Cliente_04660,1959-11-04 13:29:38
4661,F,GO,21175.0,Anápolis,Cliente_04661,2000-08-17 06:19:41
4662,F,SP,22730.0,Santos,Cliente_04662,1965-11-08 19:08:59
4663,F,PR,24651.0,Londrina,Cliente_04663,2001-10-09 15:47:36
4664,F,PE,18111.0,Petrolina,Cliente_04664,1970-08-27 17:15:44
4665,F,PR,23957.0,Maringá,Cliente_04665,1994-08-16 13:50:44
4666,M,RS,11756.0,Porto Alegre,Cliente_04666,1963-03-15 07:46:55
4667,M,PE,23588.0,Petrolina,Cliente_04667,1983-08-13 03:45:45
4668,M,MG,9703.0,Uberlândia,Cliente_04668,1975-08-08 01:36:49
4669,M,MG,9265.0,Uberlândia,Cliente_04669,1987-08-15 09:12:32
4670,M,DF,3022.0,Brasília,Cliente_04670,1965-08-10 22:16:06
4671,M,PE,2191.0,Recife,Cliente_04671,1976-05-27 17:28:11
4672,F,RJ,3239.0,Niterói,Cliente_04672,2004-09-06 19:07:22
4673,F,DF,3025.0,Brasília,Cliente_04673,1993-07-31 06:53:17
4674,M,RJ,17953.0,Campos,Cliente_04674,1962-10-16 12:26:44
4675,M,RS,7751.0,Porto Alegre,Cliente_04675,1966-08-31 00:06:18
4676,F,SC,11940.0,Joinville,Cliente_04676,1991-07-03 12:39:15
4677,F,SP,21007.0,Santos,Cliente_04677,1959-01-20 14:19:39
4678,F,PE,15360.0,Recife,Cliente_04678,1998-09-19 00:08:12
4679,M,GO,22608.0,Rio Verde,Cliente_04679,1989-04-24 21:38:15
4680,M,BA,9149.0,Feira de Santana,Cliente_04680,1961-06-28 09:13:51
4681,M,SP,2787.0,Campinas,Cliente_04681,1992-04-06 02:24:48
4682,F,RS,14693.0,Caxias do Sul,Cliente_04682,1974-03-09 07:39:58
4683,F,PE,10267.0,Caruaru,Cliente_04683,2001-11-12 18:21:02
4684,M,MG,17413.0,Belo Horizonte,Cliente_04684,1999-07-21 15:43:01
4685,M,SP,17129.0,Campinas,Cliente_04685,2003-03-05 05:48:49
4686,F,RJ,6454.0,Rio de Janeiro,Cliente_04686,1962-03-27 11:50:10
4687,F,GO,2244.0,Goiânia,Cliente_04687,2006-03-15 03:42:30
4688,F,SP,12219.0,Santos,Cliente_04688,1970-11-20 11:28:33
4689,F,BA,24159.0,Feira de Santana,Cliente_04689,1984-04-03 03:00:54
4690,M,RS,13902.0,Pelotas,Cliente_04690,1968-05-27 10:22:23
4691,F,RS,6076.0,Pelotas,Cliente_04691,1991-03-06 21:20:28
4692,F,DF,22960.0,Brasília,Cliente_04692,1972-08-17 18:41:32
4693,F,RS,10716.0,Pelotas,Cliente_04693,1985-04-08 12:38:05
4694,M,DF,17863.0,Brasília,Cliente_04694,1968-08-21 07:26:22
4695,M,RS,18825.0,Pelotas,Cliente_04695,1989-11-09 04:37:43
4696,F,BA,6550.0,Vitória da Conquista,Cliente_04696,1955-12-11 14:19:34
4697,F,RS,15448.0,Caxias do Sul,Cliente_04697,1977-11-15 19:31:09
4698,F,GO,18651.0,Rio Verde,Cliente_04698,1981-04-22 08:13:02
4699,M,SC,3938.0,Florianópolis,Cliente_04699,2007-08-27 03:43:07
4700,M,MG,11882.0,Belo Horizonte,Cliente_04700,1967-02-12 00:55:31
4701,M,GO,16163.0,Anápolis,Cliente_04701,1958-04-01 01:41:13
4702,F,RS,15569.0,Porto Alegre,Cliente_04702,1979-05-27 09:56:28
4703,M,PE,10319.0,Petrolina,Cliente_04703,1995-01-18 13:45:12
4704,F,RJ,18260.0,Rio de Janeiro,Cliente_04704,1984-08-01 13:34:54
4705,F,SC,13578.0,Blumenau,Cliente_04705,2006-04-04 10:23:05
4706,F,MG,17973.0,Uberlândia,Cliente_04706,1996-10-03 17:32:24
4707,M,RJ,12547.0,Rio de Janeiro,Cliente_04707,2001-05-22 11:51:16
4708,F,GO,10757.0,Goiânia,Cliente_04708,2000-01-03 00:05:42
4709,M,BA,23950.0,Salvador,Cliente_04709,1993-12-05 09:26:30
4710,M,BA,15305.0,Feira de Santana,Cliente_04710,1977-06-19 06:11:04
4711,F,RJ,17712.0,Niterói,Cliente_04711,1956-11-16 09:22:19
4712,F,PE,11796.0,Recife,Cliente_04712,2006-06-27 15:20:15
4713,M,RJ,23459.0,Niterói,Cliente_04713,1964-06-02 21:05:10
4714,F,GO,16070.0,Rio Verde,Cliente_04714,1992-05-30 03:30:15
4715,M,RJ,4155.0,Niterói,Cliente_04715,1984-08-25 16:52:22
4716,F,MG,16227.0,Belo Horizonte,Cliente_04716,2007-10-21 06:56:42
4717,M,PE,19399.0,Petrolina,Cliente_04717,1975-02-09 11:44:03
4718,M,PR,4517.0,Curitiba,Cliente_04718,1981-10-22 08:06:19
4719,M,SP,15642.0,São Paulo,Cliente_04719,1993-10-21 16:27:29
4720,M,PR,8843.0,Curitiba,Cliente_04720,2006-11-12 15:20:38
4721,F,DF,13839.0,Brasília,Cliente_04721,1988-12-10 16:21:17
4722,F,RJ,3073.0,Niterói,Cliente_04722,1960-07-06 03:35:22
4723,M,BA,7097.0,Salvador,Cliente_04723,1974-02-03 07:18:18
4724,M,PR,5426.0,Maringá,Cliente_04724,1998-09-25 19:41:32
4725,F,RS,11744.0,Pelotas,Cliente_04725,1961-06-27 12:49:00
4726,F,GO,5296.0,Rio Verde,Cliente_04726,1979-04-24 10:34:05
4727,F,PR,10323.0,Curitiba,Cliente_04727,1984-09-15 15:23:38
4728,F,SC,11553.0,Blumenau,Cliente_04728,1961-08-30 07:02:41
4729,F,PE,19116.0,Petrolina,Cliente_04729,1958-06-05 08:43:09
4730,F,GO,20148.0,Rio Verde,Cliente_04730,1992-07-11 22:13:26
4731,M,BA,19931.0,Vitória da Conquista,Cliente_04731,1969-02-12 13:40:03
4732,F,DF,2035.0,Brasília,Cliente_04732,1974-12-01 01:49:35
4733,F,PR,17201.0,Londrina,Cliente_04733,1984-02-22 06:11:34
4734,M,PE,9384.0,Recife,Cliente_04734,1982-10-19 04:15:55
4735,F,SP,13225.0,São Paulo,Cliente_04735,2006-09-09 01:17:24
4736,F,PE,8381.0,Petrolina,Cliente_04736,1981-05-27 05:01:58
4737,F,PE,14517.0,Recife,Cliente_04737,1992-01-02 09:29:09
4738,F,GO,20981.0,Rio Verde,Cliente_04738,1955-06-04 15:25:16
4739,F,SP,10967.0,Santos,Cliente_04739,1961-08-21 11:52:27
4740,M,PE,4573.0,Petrolina,Cliente_04740,1988-05-02 19:22:38
4741,F,SC,17463.0,Florianópolis,Cliente_04741,1996-04-02 08:52:56
4742,M,PR,2525.0,Londrina,Cliente_04742,2005-01-27 13:35:40
4743,M,PR,3551.0,Curitiba,Cliente_04743,1957-02-19 20:20:12
4744,F,SC,5121.0,Florianópolis,Cliente_04744,1978-08-24 05:45:30
4745,M,PR,22447.0,Londrina,Cliente_04745,1974-10-11 11:32:00
4746,F,PE,15905.0,Recife,Cliente_04746,1978-04-07 08:43:28
4747,M,DF,5903.0,Brasília,Cliente_04747,1979-09-24 11:26:09
4748,M,PE,4823.0,Caruaru,Cliente_04748,2000-04-30 17:25:11
4749,F,GO,21242.0,Rio Verde,Cliente_04749,1970-01-03 00:39:10
4750,F,RS,24025.0,Caxias do Sul,Cliente_04750,1984-07-21 13:53:46
4751,F,DF,6517.0,Brasília,Cliente_04751,1978-07-06 12:48:26
4752,F,BA,7935.0,Vitória da Conquista,Cliente_04752,1994-06-16 11:48:38
4753,F,BA,20855.0,Feira de Santana,Cliente_04753,1959-06-06 01:23:28
4754,M,DF,16992.0,Brasília,Cliente_04754,2000-01-26 22:05:31
4755,M,PE,14670.0,Petrolina,Cliente_04755,2003-11-15 19:17:26
4756,M,RJ,21229.0,Rio de Janeiro,Cliente_04756,2002-05-31 22:07:19
4757,M,RS,7316.0,Caxias do Sul,Cliente_04757,1960-05-31 10:49:42
4758,M,SC,6104.0,Florianópolis,Cliente_04758,2007-04-07 23:10:20
4759,M,PE,4924.0,Petrolina,Cliente_04759,2007-12-11 15:54:35
4760,M,DF,21984.0,Brasília,Cliente_04760,2003-01-16 21:30:03
4761,F,RJ,16128.0,Niterói,Cliente_04761,1991-12-30 23:05:58
4762,F,PE,13361.0,Caruaru,Cliente_04762,1993-10-06 01:09:29
4763,M,RJ,14001.0,Niterói,Cliente_04763,1992-04-23 05:07:27
4764,M,DF,21361.0,Brasília,Cliente_04764,1962-12-08 05:04:42
4765,F,PE,22542.0,Recife,Cliente_04765,1963-06-03 15:53:19
4766,F,SP,4312.0,Santos,Cliente_04766,1978-09-19 00:01:37
4767,F,PR,1544.0,Curitiba,Cliente_04767,1970-06-28 05:22:32
4768,F,DF,18517.0,Brasília,Cliente_04768,2000-06-24 17:07:13
4769,M,BA,10902.0,Feira de Santana,Cliente_04769,1990-10-20 21:59:32
4770,F,BA,24688.0,Vitória da Conquista,Cliente_04770,1969-06-03 08:09:49
4771,M,RS,20652.0,Pelotas,Cliente_04771,2001-01-23 22:19:10
4772,M,MG,10285.0,Belo Horizonte,Cliente_04772,1961-05-19 18:15:03
4773,M,BA,16081.0,Salvador,Cliente_04773,1981-07-08 08:06:29
4774,F,MG,3426.0,Uberlândia,Cliente_04774,1995-09-03 15:29:03
4775,F,SP,2356.0,Campinas,Cliente_04775,1959-05-16 21:58:51
4776,M,DF,7488.0,Brasília,Cliente_04776,1989-02-28 20:52:24
4777,M,RJ,10243.0,Niterói,Cliente_04777,1964-09-18 08:57:41
4778,M,RS,5638.0,Caxias do Sul,Cliente_04778,1991-12-12 01:03:48
4779,F,PR,12580.0,Maringá,Cliente_04779,1987-10-04 15:53:06
4780,M,SC,17582.0,Joinville,Cliente_04780,2003-03-01 12:53:31
4781,F,MG,22158.0,Uberlândia,Cliente_04781,1962-05-21 18:21:30
4782,M,PR,16370.0,Londrina,Cliente_04782,1985-12-08 15:23:13
4783,M,RS,2106.0,Porto Alegre,Cliente_04783,1975-10-09 20:18:53
4784,M,RS,10363.0,Porto Alegre,Cliente_04784,1980-01-19 00:01:02
4785,F,BA,6522.0,Salvador,Cliente_04785,1998-12-08 00:43:38
4786,F,PR,17900.0,Londrina,Cliente_04786,1970-07-05 20:46:54
4787,M,PE,23618.0,Petrolina,Cliente_04787,1984-05-20 00:58:54
4788,F,GO,20757.0,Anápolis,Cliente_04788,1956-02-12 15:25:48
4789,M,RS,6649.0,Porto Alegre,Cliente_04789,1978-11-10 12:56:49
4790,F,MG,6811.0,Belo Horizonte,Cliente_04790,1984-11-06 14:19:01
4791,F,SC,3984.0,Joinville,Cliente_04791,1955-11-19 22:01:53
4792,F,SC,24206.0,Blumenau,Cliente_04792,1962-12-29 07:29:52
4793,M,SP,16512.0,Santos,Cliente_04793,1974-12-12 09:28:32
4794,F,SP,17333.0,Santos,Cliente_04794,1958-05-25 05:33:07
4795,F,BA,24661.0,Salvador,Cliente_04795,1957-08-26 16:56:15
4796,M,PE,21089.0,Recife,Cliente_04796,1972-02-09 02:37:23
4797,M,BA,12541.0,Vitória da Conquista,Cliente_04797,1977-01-07 09:53:57
4798,M,SC,22291.0,Joinville,Cliente_04798,1982-11-23 04:34:45
4799,M,RJ,5307.0,Campos,Cliente_04799,1969-10-18 02:09:28
4800,F,SC,4673.0,Joinville,Cliente_04800,1975-10-13 00:15:11
4801,F,RS,19357.0,Porto Alegre,Cliente_04801,1994-06-02 22:58:27
4802,F,PR,15712.0,Curitiba,Cliente_04802,2001-07-04 23:53:09
4803,F,PR,21222.0,Curitiba,Cliente_04803,1983-07-07 12:57:18
4804,F,RS,11699.0,Pelotas,Cliente_04804,1980-03-25 10:24:57
4805,M,RS,22441.0,Pelotas,Cliente_04805,1967-01-06 19:32:48
4806,F,SC,3912.0,Florianópolis,Cliente_04806,1979-04-09 17:53:10
4807,F,PR,17593.0,Curitiba,Cliente_04807,1966-08-12 16:05:30
4808,F,PR,20035.0,Curitiba,Cliente_04808,1964-09-25 07:49:52
4809,M,DF,4682.0,Brasília,Cliente_04809,1961-05-21 11:16:55
4810,M,PR,22448.0,Maringá,Cliente_04810,1963-01-24 17:33:33
4811,F,RS,2514.0,Pelotas,Cliente_04811,2006-03-01 19:56:52
4812,M,SP,19488.0,São Paulo,Cliente_04812,1996-10-15 03:17:00
4813,M,PE,18753.0,Petrolina,Cliente_04813,1974-01-20 14:11:10
4814,M,RJ,8413.0,Campos,Cliente_04814,1968-04-06 13:28:14
4815,M,RS,4227.0,Pelotas,Cliente_04815,1998-06-15 05:52:40
4816,M,PR,4352.0,Maringá,Cliente_04816,1959-05-31 06:17:22
4817,M,MG,10577.0,Belo Horizonte,Cliente_04817,1968-08-06 14:46:40
4818,M,SC,20492.0,Florianópolis,Cliente_04818,1978-04-10 02:46:10
4819,F,SC,2773.0,Blumenau,Cliente_04819,1981-11-30 02:33:33
4820,F,PE,9149.0,Recife,Cliente_04820,1986-10-22 17:16:01
4821,M,RS,3455.0,Porto Alegre,Cliente_04821,1989-05-30 16:37:46
4822,F,PE,10278.0,Recife,Cliente_04822,1989-11-27 17:15:10
4823,F,SP,6049.0,Campinas,Cliente_04823,1985-01-07 22:02:43
4824,M,GO,17363.0,Goiânia,Cliente_04824,1966-07-02 09:09:21
4825,F,BA,13309.0,Salvador,Cliente_04825,1994-12-08 15:09:43
4826,M,MG,9802.0,Juiz de Fora,Cliente_04826,1962-04-28 11:14:12
4827,M,BA,9600.0,Vitória da Conquista,Cliente_04827,2005-08-05 01:41:36
4828,M,GO,4411.0,Anápolis,Cliente_04828,1994-06-24 19:07:39
4829,F,MG,13591.0,Uberlândia,Cliente_04829,1996-08-01 06:49:10
4830,F,BA,10599.0,Salvador,Cliente_04830,1973-10-07 14:06:20
4831,F,MG,23752.0,Belo Horizonte,Cliente_04831,2003-09-04 15:31:27
4832,F,PE,7163.0,Petrolina,Cliente_04832,1966-12-25 13:00:48
4833,M,RJ,13381.0,Rio de Janeiro,Cliente_04833,1958-05-22 23:21:32
4834,M,DF,15868.0,Brasília,Cliente_04834,1985-01-01 03:32:27
4835,F,MG,18438.0,Belo Horizonte,Cliente_04835,1966-05-13 13:29:54
4836,M,GO,9798.0,Goiânia,Cliente_04836,1982-10-05 07:44:08
4837,M,PE,4836.0,Recife,Cliente_04837,1992-08-11 12:32:47
4838,F,DF,7869.0,Brasília,Cliente_04838,1982-03-30 02:43:08
4839,M,PE,4034.0,Recife,Cliente_04839,1971-11-21 12:41:33
4840,F,SP,3726.0,São Paulo,Cliente_04840,1963-01-12 21:54:37
4841,M,PR,21177.0,Curitiba,Cliente_04841,2002-06-29 01:14:36
4842,F,SC,11085.0,Florianópolis,Cliente_04842,1970-07-06 22:00:46
4843,M,SP,1666.0,Santos,Cliente_04843,1963-04-27 22:34:19
4844,M,GO,12402.0,Anápolis,Cliente_04844,1971-04-07 03:47:10
4845,F,RS,5124.0,Porto Alegre,Cliente_04845,1976-03-02 18:53:57
4846,F,RS,20231.0,Pelotas,Cliente_04846,1975-01-27 01:51:42
4847,F,SC,19288.0,Florianópolis,Cliente_04847,1997-07-05 19:27:55
4848,F,PE,24062.0,Recife,Cliente_04848,1990-04-25 08:48:34
4849,M,RJ,11217.0,Niterói,Cliente_04849,2004-11-23 19:32:20
4850,M,GO,14101.0,Rio Verde,Cliente_04850,1975-03-30 14:58:15
4851,F,SC,14603.0,Florianópolis,Cliente_04851,1990-08-24 17:45:22
4852,M,DF,14530.0,Brasília,Cliente_04852,1990-12-06 14:00:20
4853,F,DF,4274.0,Brasília,Cliente_04853,1970-11-21 14:49:01
4854,F,RS,10517.0,Caxias do Sul,Cliente_04854,1973-01-31 19:03:11
4855,M,PR,11650.0,Londrina,Cliente_04855,1966-06-06 10:01:54
4856,M,PE,5239.0,Recife,Cliente_04856,1998-02-16 23:42:21
4857,F,RS,16411.0,Porto Alegre,Cliente_04857,1973-05-09 09:42:14
4858,F,RJ,5964.0,Campos,Cliente_04858,1958-11-26 23:13:34
4859,F,SC,13881.0,Blumenau,Cliente_04859,1957-10-06 23:05:51
4860,M,MG,15246.0,Belo Horizonte,Cliente_04860,1965-08-19 21:57:57
4861,M,RJ,5594.0,Rio de Janeiro,Cliente_04861,1964-06-19 09:00:05
4862,M,MG,4430.0,Uberlândia,Cliente_04862,1964-06-26 14:18:08
4863,M,PE,2263.0,Petrolina,Cliente_04863,1980-03-04 09:22:57
4864,F,SC,13052.0,Florianópolis,Cliente_04864,1967-08-27 00:56:53
4865,F,DF,4950.0,Brasília,Cliente_04865,1969-01-03 23:30:44
4866,F,DF,21279.0,Brasília,Cliente_04866,1971-03-25 14:39:07
4867,F,SP,21603.0,São Paulo,Cliente_04867,1965-09-27 22:48:36
4868,F,DF,22685.0,Brasília,Cliente_04868,1999-01-10 07:30:32
4869,F,GO,15602.0,Rio Verde,Cliente_04869,1964-04-05 17:41:09
4870,M,SP,3361.0,São Paulo,Cliente_04870,1962-07-12 15:19:56
4871,M,SP,12306.0,Campinas,Cliente_04871,1983-07-08 18:18:52
4872,F,DF,14783.0,Brasília,Cliente_04872,1986-12-24 14:21:40
4873,F,RS,17993.0,Caxias do Sul,Cliente_04873,1956-02-06 07:34:49
4874,M,PR,13936.0,Curitiba,Cliente_04874,1992-08-29 13:17:16
4875,M,PR,24433.0,Maringá,Cliente_04875,2004-12-29 05:51:07
4876,M,GO,10390.0,Anápolis,Cliente_04876,1997-12-14 12:47:43
4877,M,BA,16852.0,Vitória da Conquista,Cliente_04877,2006-03-15 20:19:57
4878,F,RS,7029.0,Pelotas,Cliente_04878,2003-01-18 06:19:07
4879,F,BA,,Vitória da Conquista,Cliente_04879,1957-08-17 07:51:37
4880,F,MG,9799.0,Uberlândia,Cliente_04880,1968-09-04 12:38:07
4881,F,RS,10080.0,Caxias do Sul,Cliente_04881,1986-12-12 11:39:30
4882,F,SC,10116.0,Florianópolis,Cliente_04882,2007-09-20 02:59:53
4883,M,BA,20378.0,Vitória da Conquista,Cliente_04883,1966-12-12 00:20:41
4884,F,GO,12657.0,Anápolis,Cliente_04884,1955-12-10 00:19:00
4885,M,GO,11691.0,Anápolis,Cliente_04885,1955-06-18 20:57:30
4886,F,RS,23643.0,Porto Alegre,Cliente_04886,1969-02-04 22:01:24
4887,F,SP,13267.0,Campinas,Cliente_04887,2002-05-10 05:52:39
4888,F,SC,19411.0,Joinville,Cliente_04888,1971-07-19 10:15:38
4889,F,PE,3526.0,Caruaru,Cliente_04889,1962-02-01 13:38:05
4890,F,SC,12458.0,Florianópolis,Cliente_04890,1982-06-17 11:50:29
4891,M,GO,3355.0,Goiânia,Cliente_04891,1969-08-30 01:08:19
4892,M,MG,16563.0,Juiz de Fora,Cliente_04892,1977-10-03 21:47:32
4893,M,BA,16415.0,Feira de Santana,Cliente_04893,1959-02-28 07:31:38
4894,F,BA,19481.0,Salvador,Cliente_04894,1989-02-03 17:43:18
4895,F,MG,18732.0,Belo Horizonte,Cliente_04895,2003-12-06 14:04:45
4896,M,RJ,7458.0,Rio de Janeiro,Cliente_04896,1997-08-14 12:17:27
4897,F,RS,16205.0,Pelotas,Cliente_04897,2007-05-26 15:07:48
4898,F,GO,11608.0,Rio Verde,Cliente_04898,1972-07-11 15:02:09
4899,M,PR,21413.0,Maringá,Cliente_04899,1971-05-25 08:46:58
4900,F,DF,19802.0,Brasília,Cliente_04900,1982-05-12 08:25:42
4901,M,MG,7261.0,Juiz de Fora,Cliente_04901,1966-01-27 01:09:41
4902,F,MG,2188.0,Juiz de Fora,Cliente_04902,1973-04-11 15:17:31
4903,M,SC,7806.0,Joinville,Cliente_04903,2001-03-17 17:37:38
4904,F,RS,6572.0,Caxias do Sul,Cliente_04904,1962-02-14 20:24:48
4905,F,RS,19239.0,Porto Alegre,Cliente_04905,1980-07-25 15:22:42
4906,M,PR,19571.0,Maringá,Cliente_04906,1958-09-01 06:08:05
4907,F,DF,12409.0,Brasília,Cliente_04907,1956-11-20 15:12:42
4908,F,RS,14213.0,Pelotas,Cliente_04908,1980-06-06 04:35:47
4909,M,SP,14114.0,São Paulo,Cliente_04909,1986-05-26 04:01:20
4910,F,GO,10821.0,Anápolis,Cliente_04910,1976-11-09 20:00:43
4911,M,SP,22234.0,Santos,Cliente_04911,1978-12-05 15:21:27
4912,F,RJ,24385.0,Campos,Cliente_04912,2004-08-31 07:07:46
4913,F,GO,7586.0,Rio Verde,Cliente_04913,2001-09-24 09:05:19
4914,F,PE,14231.0,Caruaru,Cliente_04914,1958-10-20 00:57:06
4915,F,GO,22092.0,Anápolis,Cliente_04915,1963-05-02 17:26:37
4916,M,GO,14841.0,Rio Verde,Cliente_04916,1979-06-22 08:49:54
4917,F,PR,8167.0,Maringá,Cliente_04917,1998-06-22 03:08:54
4918,M,SP,14476.0,São Paulo,Cliente_04918,2005-08-12 01:11:53
4919,F,DF,18874.0,Brasília,Cliente_04919,1964-12-28 16:04:07
4920,F,SC,13833.0,Florianópolis,Cliente_04920,1990-07-13 21:12:10
4921,F,PR,6790.0,Londrina,Cliente_04921,2004-06-13 06:56:30
4922,F,GO,14544.0,Goiânia,Cliente_04922,1973-05-17 20:01:27
4923,M,SC,19260.0,Blumenau,Cliente_04923,1998-10-14 18:41:22
4924,M,BA,15037.0,Feira de Santana,Cliente_04924,1980-12-09 11:48:52
4925,M,SC,17169.0,Florianópolis,Cliente_04925,1965-08-12 20:02:32
4926,M,MG,24188.0,Uberlândia,Cliente_04926,1985-11-22 13:03:58
4927,F,PR,17840.0,Maringá,Cliente_04927,1959-07-31 16:22:15
4928,M,PR,17455.0,Curitiba,Cliente_04928,1965-01-31 07:29:13
4929,M,MG,4387.0,Belo Horizonte,Cliente_04929,1983-05-06 22:02:57
4930,F,BA,17294.0,Salvador,Cliente_04930,1974-03-21 14:27:12
4931,F,RS,24565.0,Pelotas,Cliente_04931,2006-11-28 08:28:12
4932,F,RS,16060.0,Caxias do Sul,Cliente_04932,1990-03-31 02:02:52
4933,F,RS,2840.0,Porto Alegre,Cliente_04933,1975-06-16 00:44:51
4934,M,RS,13429.0,Caxias do Sul,Cliente_04934,1998-11-26 20:37:12
4935,M,SP,1594.0,Campinas,Cliente_04935,2007-07-05 03:10:03
4936,F,MG,21180.0,Uberlândia,Cliente_04936,1988-03-19 07:41:43
4937,F,BA,23782.0,Vitória da Conquista,Cliente_04937,1987-05-17 23:56:02
4938,F,GO,14340.0,Rio Verde,Cliente_04938,1962-05-08 11:10:17
4939,M,RJ,20576.0,Rio de Janeiro,Cliente_04939,1987-02-17 00:55:07
4940,M,PR,22045.0,Curitiba,Cliente_04940,1992-08-14 00:01:19
4941,F,SC,17256.0,Joinville,Cliente_04941,1999-10-05 23:40:27
4942,F,RS,9626.0,Caxias do Sul,Cliente_04942,2005-09-15 11:29:28
4943,M,SC,21165.0,Joinville,Cliente_04943,1980-08-14 23:11:51
4944,F,RJ,19381.0,Campos,Cliente_04944,2002-01-22 00:46:28
4945,F,PR,12423.0,Maringá,Cliente_04945,1987-08-16 17:57:47
4946,M,PE,8553.0,Recife,Cliente_04946,1967-06-05 12:47:23
4947,F,DF,16672.0,Brasília,Cliente_04947,1985-11-08 19:11:20
4948,M,BA,24598.0,Feira de Santana,Cliente_04948,1983-10-18 21:20:50
4949,F,SP,12435.0,Campinas,Cliente_04949,2000-04-15 19:37:47
4950,F,SC,13967.0,Blumenau,Cliente_04950,1960-08-25 04:17:39
4951,M,RS,12573.0,Porto Alegre,Cliente_04951,1975-11-25 10:14:17
4952,M,MG,9191.0,Uberlândia,Cliente_04952,1997-08-23 15:29:42
4953,F,SC,15270.0,Joinville,Cliente_04953,1960-05-17 11:36:25
4954,M,PR,17188.0,Curitiba,Cliente_04954,2005-10-08 08:14:15
4955,F,PE,1701.0,Caruaru,Cliente_04955,1969-09-29 00:45:10
4956,F,BA,19382.0,Vitória da Conquista,Cliente_04956,1961-04-16 05:39:22
4957,M,MG,15329.0,Belo Horizonte,Cliente_04957,1980-03-05 03:14:24
4958,F,DF,4586.0,Brasília,Cliente_04958,1982-02-11 15:35:55
4959,F,PR,12805.0,Londrina,Cliente_04959,2004-02-05 16:37:11
4960,M,PE,4090.0,Caruaru,Cliente_04960,1959-05-10 00:10:41
4961,M,MG,8625.0,Juiz de Fora,Cliente_04961,1959-05-08 06:23:46
4962,F,DF,9360.0,Brasília,Cliente_04962,1993-02-11 23:51:56
4963,M,SC,6908.0,Blumenau,Cliente_04963,1975-12-12 14:54:25
4964,M,PR,3448.0,Maringá,Cliente_04964,1960-10-12 03:41:01
4965,M,GO,5463.0,Anápolis,Cliente_04965,1973-07-04 16:40:14
4966,M,DF,2193.0,Brasília,Cliente_04966,1969-09-02 13:04:17
4967,F,PE,6863.0,Caruaru,Cliente_04967,1956-02-23 22:21:16
4968,F,GO,13625.0,Anápolis,Cliente_04968,1983-02-23 07:49:18
4969,F,GO,13424.0,Goiânia,Cliente_04969,1968-03-04 06:47:29
4970,M,SP,7387.0,Santos,Cliente_04970,2001-06-14 17:48:43
4971,M,PE,12351.0,Recife,Cliente_04971,1962-08-25 17:09:30
4972,M,GO,9234.0,Rio Verde,Cliente_04972,1986-02-09 09:06:38
4973,M,SC,11413.0,Joinville,Cliente_04973,2003-08-31 07:47:00
4974,M,PR,17691.0,Curitiba,Cliente_04974,1972-01-27 18:07:44
4975,M,PR,23601.0,Curitiba,Cliente_04975,1996-10-17 07:59:08
4976,M,SC,6793.0,Blumenau,Cliente_04976,1960-05-20 01:51:39
4977,F,SP,21935.0,São Paulo,Cliente_04977,1959-05-23 09:53:02
4978,F,BA,15345.0,Salvador,Cliente_04978,1979-02-24 10:20:09
4979,M,SP,15320.0,Campinas,Cliente_04979,1961-08-23 01:28:23
4980,M,PR,3791.0,Maringá,Cliente_04980,1994-12-04 08:52:49
4981,M,BA,15895.0,Salvador,Cliente_04981,1989-07-08 05:12:21
4982,F,SP,13891.0,Campinas,Cliente_04982,1979-12-15 04:01:56
4983,F,GO,4198.0,Goiânia,Cliente_04983,2005-04-18 04:13:37
4984,M,BA,13066.0,Feira de Santana,Cliente_04984,2006-02-26 08:16:09
4985,M,PR,,Curitiba,Cliente_04985,1965-03-18 13:14:51
4986,F,SC,15555.0,Joinville,Cliente_04986,1995-08-17 02:33:20
4987,F,RS,2541.0,Caxias do Sul,Cliente_04987,1991-10-17 02:11:33
4988,F,GO,19441.0,Rio Verde,Cliente_04988,1979-10-13 07:01:01
4989,F,GO,19091.0,Anápolis,Cliente_04989,1978-07-17 07:54:29
4990,M,RS,11372.0,Porto Alegre,Cliente_04990,1963-11-26 08:06:54
4991,F,DF,5121.0,Brasília,Cliente_04991,1995-04-19 01:45:54
4992,F,RJ,4852.0,Niterói,Cliente_04992,1959-02-01 10:24:44
4993,M,MG,19562.0,Uberlândia,Cliente_04993,1988-07-30 04:54:47
4994,F,PE,12437.0,Recife,Cliente_04994,1997-04-06 20:48:24
4995,F,SP,16102.0,São Paulo,Cliente_04995,1996-08-23 12:53:12
4996,F,RJ,10472.0,Niterói,Cliente_04996,1988-07-28 08:07:35
4997,M,SP,24636.0,São Paulo,Cliente_04997,1962-05-14 18:54:13
4998,F,RJ,2445.0,Niterói,Cliente_04998,1975-05-29 14:58:03
4999,M,BA,21312.0,Feira de Santana,Cliente_04999,1969-11-10 06:47:55
5000,M,SC,9473.0,Joinville,Cliente_05000,1981-12-14 06:29:08
5001,F,PE,15618.0,Recife,Cliente_05001,1999-03-13 14:19:37
5002,F,PE,12790.0,Petrolina,Cliente_05002,1974-07-13 20:42:01
5003,F,SP,17883.0,Santos,Cliente_05003,2003-04-04 13:04:22
5004,F,RS,20868.0,Caxias do Sul,Cliente_05004,2002-07-29 15:04:16
5005,M,BA,20474.0,Feira de Santana,Cliente_05005,1977-06-26 01:37:29
5006,F,DF,11866.0,Brasília,Cliente_05006,1986-10-26 03:19:40
5007,F,PE,3297.0,Recife,Cliente_05007,1963-07-06 09:33:10
5008,F,MG,12748.0,Juiz de Fora,Cliente_05008,2001-09-01 06:53:23
5009,M,SP,22927.0,Santos,Cliente_05009,1974-09-25 20:29:14
5010,F,GO,3757.0,Rio Verde,Cliente_05010,1990-06-26 21:16:19
5011,F,MG,3697.0,Belo Horizonte,Cliente_05011,1983-08-28 01:17:46
5012,M,PR,9722.0,Curitiba,Cliente_05012,1976-12-07 14:53:34
5013,M,SP,15652.0,São Paulo,Cliente_05013,2004-01-02 23:51:05
5014,F,SP,22281.0,Campinas,Cliente_05014,2004-10-20 19:11:33
5015,F,GO,4412.0,Goiânia,Cliente_05015,1955-04-19 01:25:22
5016,F,BA,12504.0,Feira de Santana,Cliente_05016,1998-08-06 14:06:21
5017,F,GO,10374.0,Anápolis,Cliente_05017,1970-06-11 12:07:20
5018,F,PE,16916.0,Caruaru,Cliente_05018,1961-06-29 18:55:27
5019,M,SC,7652.0,Joinville,Cliente_05019,2003-06-12 17:46:54
5020,M,SP,8672.0,São Paulo,Cliente_05020,1969-07-08 04:45:25
5021,F,PR,20778.0,Curitiba,Cliente_05021,1971-01-10 23:44:10
5022,F,RS,4685.0,Pelotas,Cliente_05022,1987-01-22 10:03:39
5023,M,SP,20616.0,Santos,Cliente_05023,1987-08-17 09:26:57
5024,F,GO,23208.0,Anápolis,Cliente_05024,1978-06-24 13:02:02
5025,F,RJ,10661.0,Campos,Cliente_05025,2005-11-30 20:31:00
5026,F,SP,17265.0,Santos,Cliente_05026,1957-09-25 20:08:57
5027,F,SP,18967.0,Santos,Cliente_05027,1960-10-24 18:52:53
5028,F,PR,23089.0,Londrina,Cliente_05028,1966-07-19 18:48:02
5029,M,PR,6362.0,Maringá,Cliente_05029,2002-10-21 10:52:35
5030,F,SP,4570.0,São Paulo,Cliente_05030,1969-09-03 19:54:44
5031,F,RJ,13440.0,Niterói,Cliente_05031,2000-06-16 04:49:55
5032,F,SC,10063.0,Florianópolis,Cliente_05032,1995-09-11 19:28:08
5033,M,DF,16431.0,Brasília,Cliente_05033,1974-05-12 15:30:35
5034,M,RJ,18085.0,Niterói,Cliente_05034,1983-10-15 19:53:54
5035,M,RJ,17972.0,Rio de Janeiro,Cliente_05035,1993-05-13 10:07:00
5036,M,RJ,16272.0,Campos,Cliente_05036,1976-09-10 11:22:55
5037,F,SC,15955.0,Joinville,Cliente_05037,2006-04-04 03:47:18
5038,M,BA,7799.0,Salvador,Cliente_05038,1999-10-22 16:01:17
5039,F,BA,11688.0,Feira de Santana,Cliente_05039,1998-04-16 19:50:45
5040,F,RJ,14186.0,Rio de Janeiro,Cliente_05040,1997-07-16 22:51:26
5041,M,DF,15511.0,Brasília,Cliente_05041,2002-03-30 02:12:38
5042,M,GO,23055.0,Rio Verde,Cliente_05042,1984-05-10 21:05:46
5043,M,MG,19438.0,Uberlândia,Cliente_05043,1998-04-10 11:29:44
5044,M,BA,23483.0,Feira de Santana,Cliente_05044,1976-12-22 04:12:00
5045,M,RS,14374.0,Porto Alegre,Cliente_05045,2006-04-11 01:27:36
5046,F,PR,14941.0,Curitiba,Cliente_05046,1976-05-07 04:04:42
5047,M,SC,1554.0,Blumenau,Cliente_05047,1989-01-05 18:32:22
5048,M,SC,22250.0,Florianópolis,Cliente_05048,1997-09-02 04:21:25
5049,M,MG,5531.0,Belo Horizonte,Cliente_05049,1956-04-26 04:51:11
5050,F,BA,10815.0,Salvador,Cliente_05050,1958-12-08 02:03:47
5051,M,DF,21024.0,Brasília,Cliente_05051,1980-04-20 12:41:23
5052,F,DF,3052.0,Brasília,Cliente_05052,1992-12-01 13:38:50
5053,M,PR,9295.0,Maringá,Cliente_05053,1999-03-03 11:19:51
5054,M,RJ,6771.0,Campos,Cliente_05054,1993-07-18 12:04:07
5055,F,GO,16165.0,Anápolis,Cliente_05055,1998-06-13 01:44:49
5056,M,BA,1615.0,Vitória da Conquista,Cliente_05056,1999-06-30 07:11:27
5057,F,DF,5113.0,Brasília,Cliente_05057,1985-07-14 00:33:51
5058,F,MG,7872.0,Belo Horizonte,Cliente_05058,2004-07-15 00:14:12
5059,F,PR,17630.0,Londrina,Cliente_05059,1980-10-06 15:52:15
5060,M,SP,5337.0,Santos,Cliente_05060,1964-06-20 09:19:24
5061,M,PR,5033.0,Maringá,Cliente_05061,1961-06-09 08:53:51
5062,M,DF,11110.0,Brasília,Cliente_05062,2004-12-09 23:39:04
5063,F,SP,12608.0,São Paulo,Cliente_05063,2002-03-30 01:03:07
5064,M,RS,7331.0,Porto Alegre,Cliente_05064,1956-05-13 14:30:05
5065,F,PE,23847.0,Petrolina,Cliente_05065,2000-11-09 07:14:06
5066,M,PR,2794.0,Londrina,Cliente_05066,1969-07-27 23:26:00
5067,F,MG,23854.0,Belo Horizonte,Cliente_05067,2003-11-02 15:27:02
5068,F,MG,17163.0,Juiz de Fora,Cliente_05068,1990-03-19 00:45:01
5069,F,GO,9050.0,Rio Verde,Cliente_05069,1961-09-27 03:05:55
5070,M,RJ,19959.0,Rio de Janeiro,Cliente_05070,1965-01-05 18:08:10
5071,F,PR,15330.0,Londrina,Cliente_05071,1958-08-16 15:56:22
5072,F,DF,14531.0,Brasília,Cliente_05072,2002-08-28 20:44:02
5073,F,PE,13369.0,Caruaru,Cliente_05073,2001-03-15 12:18:26
5074,F,BA,23091.0,Feira de Santana,Cliente_05074,1971-11-14 07:12:52
5075,F,DF,7317.0,Brasília,Cliente_05075,1979-02-07 08:28:26
5076,F,MG,19662.0,Belo Horizonte,Cliente_05076,1981-03-05 21:27:24
5077,M,RS,14367.0,Porto Alegre,Cliente_05077,1978-08-30 23:07:49
5078,M,DF,13586.0,Brasília,Cliente_05078,1975-03-13 06:37:59
5079,F,SC,12190.0,Florianópolis,Cliente_05079,2003-08-22 05:57:20
5080,M,MG,18257.0,Uberlândia,Cliente_05080,1994-11-21 02:42:30
5081,M,PR,16270.0,Londrina,Cliente_05081,1998-01-06 16:46:31
5082,F,RS,15829.0,Porto Alegre,Cliente_05082,1959-05-16 06:27:48
5083,F,SC,11957.0,Florianópolis,Cliente_05083,1956-04-26 12:55:23
5084,F,SP,11534.0,São Paulo,Cliente_05084,1988-02-17 14:49:45
5085,M,PE,19457.0,Caruaru,Cliente_05085,1999-02-25 02:34:38
5086,F,MG,23910.0,Juiz de Fora,Cliente_05086,1990-03-18 19:44:01
5087,M,PR,22328.0,Maringá,Cliente_05087,1999-01-29 16:45:23
5088,F,SC,18671.0,Joinville,Cliente_05088,1971-11-28 22:11:01
5089,M,SC,3045.0,Florianópolis,Cliente_05089,1999-06-30 15:23:42
5090,F,RJ,14859.0,Rio de Janeiro,Cliente_05090,1982-02-06 18:38:48
5091,F,SC,14646.0,Florianópolis,Cliente_05091,1994-04-11 08:24:33
5092,M,PE,14998.0,Recife,Cliente_05092,2001-09-03 01:03:10
5093,M,RS,14671.0,Caxias do Sul,Cliente_05093,1983-09-25 14:43:31
5094,M,RS,15702.0,Pelotas,Cliente_05094,1957-09-15 00:30:33
5095,M,SC,5874.0,Blumenau,Cliente_05095,1998-06-12 05:16:04
5096,M,PR,23331.0,Londrina,Cliente_05096,1986-10-17 07:23:09
5097,M,MG,11349.0,Belo Horizonte,Cliente_05097,1965-05-13 14:31:51
5098,F,PR,21939.0,Maringá,Cliente_05098,2007-06-08 02:04:49
5099,M,GO,18490.0,Anápolis,Cliente_05099,1999-07-29 03:01:57
5100,F,MG,14836.0,Belo Horizonte,Cliente_05100,1991-03-13 16:27:08
5101,F,SP,4076.0,Santos,Cliente_05101,1992-04-27 04:18:06
5102,M,PE,24453.0,Caruaru,Cliente_05102,2007-12-22 11:41:01
5103,F,PR,22008.0,Maringá,Cliente_05103,1984-09-05 04:49:08
5104,M,RJ,6551.0,Campos,Cliente_05104,1968-03-04 18:57:27
5105,M,RS,18206.0,Caxias do Sul,Cliente_05105,1984-02-21 09:17:13
5106,F,SC,11568.0,Joinville,Cliente_05106,1964-03-25 08:36:17
5107,F,MG,18467.0,Juiz de Fora,Cliente_05107,1966-08-07 17:45:17
5108,M,SC,23273.0,Blumenau,Cliente_05108,1977-02-22 19:01:00
5109,M,SP,12501.0,Campinas,Cliente_05109,1964-06-18 14:54:53
5110,F,GO,10347.0,Goiânia,Cliente_05110,1962-02-28 14:01:12
5111,F,SC,6381.0,Florianópolis,Cliente_05111,2002-11-29 09:56:06
5112,F,PR,9914.0,Curitiba,Cliente_05112,1971-04-16 11:24:50
5113,F,MG,20006.0,Belo Horizonte,Cliente_05113,2002-03-18 21:23:23
5114,M,RJ,9199.0,Niterói,Cliente_05114,2000-09-03 03:44:37
5115,M,SP,17545.0,São Paulo,Cliente_05115,1976-12-03 14:26:58
5116,M,DF,20104.0,Brasília,Cliente_05116,1999-05-26 04:07:01
5117,M,PE,6623.0,Petrolina,Cliente_05117,1990-06-13 10:15:54
5118,F,GO,17711.0,Goiânia,Cliente_05118,1983-05-10 18:07:14
5119,F,PR,5050.0,Londrina,Cliente_05119,1994-03-27 02:00:16
5120,M,PE,23663.0,Recife,Cliente_05120,2007-10-18 05:47:27
5121,M,RJ,12134.0,Rio de Janeiro,Cliente_05121,1974-03-03 00:14:31
5122,M,PE,22812.0,Caruaru,Cliente_05122,1996-08-22 11:43:19
5123,M,RS,13677.0,Porto Alegre,Cliente_05123,2006-01-02 23:36:55
5124,M,MG,1666.0,Uberlândia,Cliente_05124,1992-07-22 13:02:10
5125,M,PE,24327.0,Recife,Cliente_05125,1976-11-02 23:31:42
5126,M,PR,9809.0,Londrina,Cliente_05126,1975-10-04 19:01:59
5127,M,DF,24539.0,Brasília,Cliente_05127,2001-02-20 20:56:51
5128,M,RS,11501.0,Porto Alegre,Cliente_05128,1982-10-06 12:46:26
5129,F,RS,3706.0,Pelotas,Cliente_05129,1984-07-29 05:27:11
5130,M,PE,2750.0,Petrolina,Cliente_05130,1997-11-28 06:12:55
5131,F,GO,21890.0,Anápolis,Cliente_05131,1975-11-21 22:59:03
5132,F,BA,6058.0,Feira de Santana,Cliente_05132,2003-11-02 07:52:11
5133,M,GO,11363.0,Anápolis,Cliente_05133,1958-01-16 17:13:53
5134,M,SC,3651.0,Blumenau,Cliente_05134,1991-07-15 18:09:20
5135,F,PR,6577.0,Londrina,Cliente_05135,1974-06-29 09:45:43
5136,F,BA,17052.0,Salvador,Cliente_05136,1981-04-19 03:31:05
5137,M,MG,3797.0,Uberlândia,Cliente_05137,2006-06-05 23:17:19
5138,F,RS,10728.0,Caxias do Sul,Cliente_05138,1967-02-18 10:30:43
5139,M,PR,4114.0,Curitiba,Cliente_05139,1996-08-09 00:42:05
5140,M,RJ,3379.0,Rio de Janeiro,Cliente_05140,1972-12-29 07:36:06
5141,M,SC,2120.0,Blumenau,Cliente_05141,1958-09-13 05:11:41
5142,F,DF,24582.0,Brasília,Cliente_05142,1998-03-12 19:53:13
5143,F,SC,23391.0,Florianópolis,Cliente_05143,1957-08-07 13:40:30
5144,M,PR,9762.0,Curitiba,Cliente_05144,2006-11-20 02:40:11
5145,F,MG,19687.0,Uberlândia,Cliente_05145,2006-10-22 09:14:56
5146,F,RS,25000.0,Pelotas,Cliente_05146,1994-08-14 00:37:59
5147,F,SP,22417.0,São Paulo,Cliente_05147,2003-08-16 11:13:29
5148,F,SP,3425.0,Santos,Cliente_05148,1961-08-19 00:13:12
5149,F,PR,18921.0,Curitiba,Cliente_05149,1966-12-10 08:17:29
5150,F,PE,21067.0,Petrolina,Cliente_05150,2000-10-03 23:52:56
5151,F,GO,12053.0,Goiânia,Cliente_05151,1979-07-20 01:22:03
5152,M,SC,11130.0,Joinville,Cliente_05152,1974-10-28 15:58:34
5153,F,MG,13503.0,Juiz de Fora,Cliente_05153,1982-05-28 02:02:51
5154,F,SC,10176.0,Blumenau,Cliente_05154,1967-03-01 03:53:34
5155,F,RJ,22148.0,Rio de Janeiro,Cliente_05155,2005-06-09 18:37:03
5156,F,SP,6398.0,Santos,Cliente_05156,1993-03-17 05:03:20
5157,F,RS,16101.0,Porto Alegre,Cliente_05157,1963-05-05 06:39:22
5158,F,RJ,14636.0,Campos,Cliente_05158,2004-12-10 12:53:07
5159,F,RS,16078.0,Pelotas,Cliente_05159,1967-04-08 15:04:41
5160,F,SC,7621.0,Joinville,Cliente_05160,1990-07-04 17:25:06
5161,M,MG,7289.0,Uberlândia,Cliente_05161,1993-12-09 12:29:37
5162,F,SP,21255.0,Santos,Cliente_05162,1980-06-16 17:04:29
5163,F,SC,17810.0,Joinville,Cliente_05163,1999-01-29 15:40:48
5164,F,SP,19234.0,Santos,Cliente_05164,1977-11-01 11:36:21
5165,F,PR,23598.0,Curitiba,Cliente_05165,1994-02-09 17:38:11
5166,M,DF,14634.0,Brasília,Cliente_05166,2003-09-02 03:11:18
5167,M,DF,21698.0,Brasília,Cliente_05167,1960-06-24 12:56:38
5168,M,RS,7985.0,Pelotas,Cliente_05168,2007-06-17 12:02:33
5169,M,SC,11480.0,Blumenau,Cliente_05169,1962-06-27 04:29:52
5170,M,BA,5125.0,Feira de Santana,Cliente_05170,2006-04-10 23:19:23
5171,M,SP,13012.0,Campinas,Cliente_05171,1996-01-31 03:57:16
5172,M,SP,10451.0,São Paulo,Cliente_05172,1983-09-27 15:22:15
5173,M,BA,9617.0,Salvador,Cliente_05173,1988-07-05 16:19:37
5174,M,PE,10489.0,Recife,Cliente_05174,1985-09-01 22:24:30
5175,M,SC,18415.0,Blumenau,Cliente_05175,1972-09-14 09:22:04
5176,M,BA,22021.0,Salvador,Cliente_05176,1959-08-17 13:45:43
5177,M,DF,13108.0,Brasília,Cliente_05177,1965-04-24 01:47:48
5178,M,SP,2098.0,São Paulo,Cliente_05178,2001-08-20 22:21:52
5179,M,DF,8928.0,Brasília,Cliente_05179,1969-03-31 09:22:22
5180,M,SC,6404.0,Joinville,Cliente_05180,1991-01-17 04:04:51
5181,M,MG,4409.0,Uberlândia,Cliente_05181,1980-09-25 18:24:06
5182,F,MG,15051.0,Belo Horizonte,Cliente_05182,2003-11-10 22:39:41
5183,M,RS,18562.0,Porto Alegre,Cliente_05183,1963-02-20 15:23:23
5184,F,DF,21268.0,Brasília,Cliente_05184,1997-01-31 05:13:24
5185,M,DF,10422.0,Brasília,Cliente_05185,1971-05-03 10:16:02
5186,M,DF,3525.0,Brasília,Cliente_05186,1959-09-02 18:42:03
5187,F,PE,14720.0,Petrolina,Cliente_05187,1973-04-28 09:42:43
5188,M,DF,14690.0,Brasília,Cliente_05188,1971-08-26 14:57:21
5189,F,MG,22112.0,Juiz de Fora,Cliente_05189,1962-04-09 19:51:03
5190,F,PE,4266.0,Caruaru,Cliente_05190,1971-04-25 06:36:49
5191,F,RS,19982.0,Porto Alegre,Cliente_05191,1961-06-01 07:42:21
5192,M,PR,24645.0,Curitiba,Cliente_05192,1957-05-26 00:51:06
5193,M,RJ,1891.0,Rio de Janeiro,Cliente_05193,1977-12-05 10:52:21
5194,M,RS,12435.0,Porto Alegre,Cliente_05194,1995-03-31 19:26:21
5195,F,GO,5284.0,Goiânia,Cliente_05195,1974-03-25 01:41:26
5196,F,PE,24550.0,Petrolina,Cliente_05196,1978-12-29 18:07:34
5197,M,MG,21721.0,Juiz de Fora,Cliente_05197,1974-08-28 07:27:08
5198,M,MG,19569.0,Belo Horizonte,Cliente_05198,1956-03-31 19:02:56
5199,M,SC,24381.0,Blumenau,Cliente_05199,1973-03-02 18:31:03
5200,M,SP,4414.0,Santos,Cliente_05200,1999-09-29 16:25:28
5201,M,DF,25000.0,Brasília,Cliente_05201,1986-01-01 09:38:37
5202,F,MG,14743.0,Belo Horizonte,Cliente_05202,2000-01-08 23:20:12
5203,F,DF,13782.0,Brasília,Cliente_05203,1996-01-10 04:29:11
5204,F,BA,21610.0,Vitória da Conquista,Cliente_05204,1992-08-12 02:28:35
5205,M,SP,14465.0,São Paulo,Cliente_05205,2000-04-02 15:12:27
5206,F,BA,13005.0,Vitória da Conquista,Cliente_05206,2004-05-02 07:03:19
5207,F,DF,6451.0,Brasília,Cliente_05207,1975-01-03 08:41:54
5208,F,PE,23942.0,Recife,Cliente_05208,1972-06-24 07:11:56
5209,F,GO,9155.0,Goiânia,Cliente_05209,2005-10-29 10:56:48
5210,F,SP,6110.0,Santos,Cliente_05210,1968-11-06 06:09:16
5211,M,PE,18968.0,Petrolina,Cliente_05211,1983-11-15 01:38:04
5212,F,MG,9083.0,Uberlândia,Cliente_05212,1995-01-07 07:18:15
5213,M,GO,19201.0,Goiânia,Cliente_05213,1980-11-08 20:52:30
5214,M,PR,8380.0,Curitiba,Cliente_05214,1983-02-12 15:32:26
5215,M,MG,3849.0,Belo Horizonte,Cliente_05215,2000-05-12 05:47:55
5216,M,RJ,20577.0,Rio de Janeiro,Cliente_05216,1979-12-25 08:03:33
5217,M,RS,8708.0,Pelotas,Cliente_05217,1958-12-20 03:19:52
5218,F,SP,15220.0,Santos,Cliente_05218,1995-11-19 23:10:58
5219,F,RJ,8381.0,Niterói,Cliente_05219,2002-05-06 13:39:35
5220,M,DF,5222.0,Brasília,Cliente_05220,1980-01-10 01:26:48
5221,M,SP,21577.0,São Paulo,Cliente_05221,2005-05-17 10:12:24
5222,M,RS,16832.0,Caxias do Sul,Cliente_05222,2002-12-11 22:16:59
5223,F,SP,22276.0,Campinas,Cliente_05223,1972-02-18 16:33:33
5224,M,PE,8724.0,Caruaru,Cliente_05224,1999-05-15 01:45:42
5225,F,BA,14729.0,Feira de Santana,Cliente_05225,1960-08-02 01:36:59
5226,M,SC,9302.0,Joinville,Cliente_05226,1967-07-11 17:19:06
5227,F,PE,23601.0,Petrolina,Cliente_05227,1994-10-26 18:18:49
5228,M,RS,12939.0,Pelotas,Cliente_05228,1983-08-09 00:32:02
5229,F,SP,4634.0,Campinas,Cliente_05229,1980-09-18 01:00:02
5230,M,PE,4098.0,Petrolina,Cliente_05230,1955-01-18 02:50:56
5231,F,BA,5552.0,Vitória da Conquista,Cliente_05231,1994-04-06 11:17:48
5232,F,RJ,14241.0,Niterói,Cliente_05232,1963-02-14 20:35:13
5233,F,PE,5324.0,Petrolina,Cliente_05233,1990-03-18 05:17:36
5234,F,DF,5020.0,Brasília,Cliente_05234,1981-10-23 19:07:05
5235,F,RJ,2749.0,Campos,Cliente_05235,2003-09-20 16:01:52
5236,F,RS,24470.0,Porto Alegre,Cliente_05236,1988-01-26 15:53:29
5237,F,RJ,17065.0,Niterói,Cliente_05237,1961-05-03 22:22:15
5238,M,SP,19958.0,São Paulo,Cliente_05238,1996-08-22 03:53:56
5239,M,GO,20388.0,Goiânia,Cliente_05239,1988-12-17 14:15:05
5240,M,GO,14497.0,Anápolis,Cliente_05240,1978-12-03 14:47:43
5241,M,PR,3514.0,Curitiba,Cliente_05241,1973-05-25 00:42:10
5242,M,DF,6444.0,Brasília,Cliente_05242,1995-10-29 16:44:53
5243,F,SP,2448.0,São Paulo,Cliente_05243,1995-05-03 23:46:51
5244,F,RS,17990.0,Pelotas,Cliente_05244,1962-08-24 00:50:08
5245,F,MG,12183.0,Belo Horizonte,Cliente_05245,1991-06-04 18:16:41
5246,F,GO,15512.0,Anápolis,Cliente_05246,1983-06-08 12:04:33
5247,F,RS,6192.0,Pelotas,Cliente_05247,1981-03-11 23:44:44
5248,M,RJ,4740.0,Campos,Cliente_05248,1967-06-02 23:07:52
5249,M,PE,11262.0,Petrolina,Cliente_05249,2003-04-19 12:48:26
5250,M,GO,15231.0,Anápolis,Cliente_05250,1977-08-25 17:50:10
5251,M,SP,23187.0,Campinas,Cliente_05251,2002-10-20 12:13:23
5252,F,GO,19518.0,Anápolis,Cliente_05252,1994-08-08 17:04:02
5253,F,BA,11630.0,Salvador,Cliente_05253,1960-02-09 00:24:05
5254,F,BA,19416.0,Salvador,Cliente_05254,1988-11-22 18:41:13
5255,M,BA,9108.0,Vitória da Conquista,Cliente_05255,1955-01-19 11:32:24
5256,F,DF,13909.0,Brasília,Cliente_05256,1970-04-27 19:44:16
5257,M,GO,19324.0,Rio Verde,Cliente_05257,1961-05-25 04:51:53
5258,F,PR,21530.0,Londrina,Cliente_05258,1994-08-15 22:21:25
5259,F,RS,13089.0,Caxias do Sul,Cliente_05259,1993-03-13 00:11:27
5260,M,BA,23483.0,Salvador,Cliente_05260,1958-07-30 21:10:08
5261,F,RJ,13937.0,Rio de Janeiro,Cliente_05261,2005-01-31 23:54:18
5262,F,SP,19499.0,Campinas,Cliente_05262,1972-01-29 03:48:22
5263,M,DF,11205.0,Brasília,Cliente_05263,1966-11-25 04:23:31
5264,F,SC,24180.0,Joinville,Cliente_05264,1969-09-04 16:03:21
5265,M,BA,16876.0,Salvador,Cliente_05265,1965-01-22 17:36:20
5266,F,RS,20482.0,Pelotas,Cliente_05266,1984-01-13 13:25:33
5267,F,RJ,13111.0,Campos,Cliente_05267,1976-08-09 11:10:16
5268,F,SP,21414.0,São Paulo,Cliente_05268,1960-10-24 13:21:20
5269,F,PE,9090.0,Recife,Cliente_05269,1957-05-22 00:11:40
5270,F,MG,20211.0,Juiz de Fora,Cliente_05270,1990-02-25 01:21:31
5271,F,RJ,8065.0,Rio de Janeiro,Cliente_05271,1978-04-05 16:15:47
5272,F,PR,19860.0,Maringá,Cliente_05272,1980-07-06 10:40:12
5273,F,RJ,3335.0,Campos,Cliente_05273,1981-10-28 17:53:37
5274,M,RJ,22783.0,Rio de Janeiro,Cliente_05274,1955-06-05 08:44:46
5275,M,PR,18238.0,Londrina,Cliente_05275,1955-02-11 02:41:44
5276,F,PE,11297.0,Caruaru,Cliente_05276,1987-08-30 09:49:54
5277,F,DF,22357.0,Brasília,Cliente_05277,1975-06-03 12:24:35
5278,M,GO,4695.0,Anápolis,Cliente_05278,1992-02-15 19:40:27
5279,F,SP,15368.0,Campinas,Cliente_05279,1988-03-19 10:44:13
5280,F,RJ,10679.0,Niterói,Cliente_05280,1999-02-27 11:01:18
5281,M,RJ,9845.0,Niterói,Cliente_05281,1967-10-13 02:31:42
5282,F,PR,2406.0,Londrina,Cliente_05282,1965-09-08 15:11:03
5283,F,RS,13455.0,Porto Alegre,Cliente_05283,2002-09-16 03:11:45
5284,M,RJ,17268.0,Rio de Janeiro,Cliente_05284,1979-09-07 06:46:25
5285,F,RJ,8698.0,Niterói,Cliente_05285,1970-11-03 06:16:59
5286,F,PR,3120.0,Curitiba,Cliente_05286,1970-12-06 13:15:01
5287,M,RS,13320.0,Pelotas,Cliente_05287,1998-01-08 18:24:08
5288,F,PR,13266.0,Londrina,Cliente_05288,1988-03-18 17:05:31
5289,M,DF,22302.0,Brasília,Cliente_05289,1961-03-18 21:30:32
5290,F,RJ,10023.0,Campos,Cliente_05290,1977-06-17 09:09:01
5291,F,BA,5838.0,Salvador,Cliente_05291,1972-12-30 00:35:12
5292,M,SP,17411.0,Campinas,Cliente_05292,1980-07-04 11:45:55
5293,M,RS,18313.0,Pelotas,Cliente_05293,2005-10-28 19:34:59
5294,F,BA,6801.0,Salvador,Cliente_05294,1959-09-30 18:52:21
5295,M,PR,16644.0,Londrina,Cliente_05295,1960-04-27 19:01:50
5296,M,RJ,15284.0,Niterói,Cliente_05296,1959-03-17 04:29:38
5297,F,PR,3923.0,Maringá,Cliente_05297,1995-03-21 07:44:30
5298,F,GO,9772.0,Rio Verde,Cliente_05298,1958-10-11 01:45:44
5299,F,GO,3073.0,Rio Verde,Cliente_05299,1975-01-07 14:26:10
5300,M,DF,18303.0,Brasília,Cliente_05300,1984-05-27 01:40:53
5301,M,RJ,1966.0,Rio de Janeiro,Cliente_05301,1985-02-22 13:38:56
5302,M,RJ,17287.0,Campos,Cliente_05302,2001-09-20 04:01:48
5303,M,BA,6676.0,Vitória da Conquista,Cliente_05303,1982-05-30 06:55:40
5304,F,SC,4893.0,Blumenau,Cliente_05304,1958-08-12 21:22:07
5305,M,RJ,11257.0,Niterói,Cliente_05305,2005-03-08 19:21:42
5306,F,DF,16664.0,Brasília,Cliente_05306,1983-02-09 04:38:00
5307,M,RS,13722.0,Pelotas,Cliente_05307,1968-09-21 08:38:48
5308,F,RS,19919.0,Pelotas,Cliente_05308,1955-07-07 15:18:48
5309,F,PR,19516.0,Curitiba,Cliente_05309,1987-07-01 03:25:37
5310,F,BA,19868.0,Salvador,Cliente_05310,1958-04-11 21:46:29
5311,M,PE,1503.0,Petrolina,Cliente_05311,1960-12-18 19:02:43
5312,F,MG,8977.0,Belo Horizonte,Cliente_05312,1992-04-23 18:31:40
5313,F,PR,7498.0,Curitiba,Cliente_05313,1959-01-12 07:28:39
5314,M,RJ,2102.0,Rio de Janeiro,Cliente_05314,1973-10-23 17:51:16
5315,F,PR,8756.0,Londrina,Cliente_05315,1995-12-04 00:01:26
5316,M,PE,12059.0,Petrolina,Cliente_05316,1986-03-14 13:27:04
5317,M,MG,15186.0,Juiz de Fora,Cliente_05317,1995-08-07 05:01:48
5318,F,PE,15473.0,Petrolina,Cliente_05318,1965-08-14 01:40:48
5319,F,PE,8214.0,Recife,Cliente_05319,2001-09-04 17:13:00
5320,M,GO,9876.0,Goiânia,Cliente_05320,1994-03-05 19:35:24
5321,F,RS,13201.0,Porto Alegre,Cliente_05321,1965-08-04 16:25:23
5322,M,SC,16391.0,Joinville,Cliente_05322,1956-07-29 07:22:11
5323,M,RJ,4751.0,Rio de Janeiro,Cliente_05323,1964-04-05 06:17:19
5324,M,DF,21031.0,Brasília,Cliente_05324,1971-12-24 00:17:17
5325,F,BA,9644.0,Feira de Santana,Cliente_05325,1959-04-05 05:55:10
5326,M,PR,17938.0,Maringá,Cliente_05326,1991-01-07 17:38:59
5327,F,RJ,11416.0,Rio de Janeiro,Cliente_05327,1968-05-11 23:33:09
5328,F,GO,4410.0,Anápolis,Cliente_05328,1990-01-29 05:04:52
5329,F,RS,19754.0,Caxias do Sul,Cliente_05329,1983-08-18 05:29:21
5330,F,PR,12982.0,Curitiba,Cliente_05330,1978-09-15 21:40:40
5331,M,BA,4848.0,Feira de Santana,Cliente_05331,1958-05-24 18:59:06
5332,F,SC,19485.0,Florianópolis,Cliente_05332,1974-11-25 19:27:49
5333,M,RJ,23651.0,Niterói,Cliente_05333,1980-02-24 03:04:57
5334,M,DF,7330.0,Brasília,Cliente_05334,1970-11-17 23:25:09
5335,F,RS,13029.0,Pelotas,Cliente_05335,2001-01-15 20:34:16
5336,M,SP,9620.0,Santos,Cliente_05336,1991-05-02 06:08:32
5337,M,RJ,24927.0,Campos,Cliente_05337,1991-05-09 02:30:58
5338,F,PE,19974.0,Recife,Cliente_05338,1963-10-13 20:30:11
5339,M,PE,6980.0,Petrolina,Cliente_05339,2004-05-30 05:10:56
5340,M,DF,10943.0,Brasília,Cliente_05340,1961-03-13 20:03:46
5341,M,MG,7870.0,Juiz de Fora,Cliente_05341,1956-09-28 15:44:45
5342,M,DF,23066.0,Brasília,Cliente_05342,1966-11-23 11:42:21
5343,F,RS,1670.0,Pelotas,Cliente_05343,1979-09-15 12:56:13
5344,M,PE,4309.0,Recife,Cliente_05344,1969-12-29 15:01:49
5345,M,SC,8493.0,Joinville,Cliente_05345,1990-01-21 11:43:17
5346,M,SC,24595.0,Florianópolis,Cliente_05346,1998-02-24 10:54:36
5347,M,PE,13446.0,Recife,Cliente_05347,2003-10-09 10:50:54
5348,F,RS,5491.0,Pelotas,Cliente_05348,1956-10-11 23:32:40
5349,M,GO,2326.0,Anápolis,Cliente_05349,1975-11-19 17:10:43
5350,F,BA,11357.0,Vitória da Conquista,Cliente_05350,1962-10-12 06:15:43
5351,M,BA,18013.0,Vitória da Conquista,Cliente_05351,1993-05-21 10:06:43
5352,F,RS,19301.0,Porto Alegre,Cliente_05352,1963-10-14 07:20:54
5353,F,SP,8298.0,São Paulo,Cliente_05353,1980-08-25 11:13:24
5354,F,BA,24657.0,Salvador,Cliente_05354,1971-07-28 05:38:08
5355,F,PR,19291.0,Maringá,Cliente_05355,1997-12-13 23:23:26
5356,F,BA,6636.0,Feira de Santana,Cliente_05356,1997-09-21 05:25:39
5357,M,PR,18921.0,Londrina,Cliente_05357,2003-12-17 00:44:30
5358,M,PE,13991.0,Petrolina,Cliente_05358,1983-04-23 21:14:45
5359,M,GO,9046.0,Anápolis,Cliente_05359,1959-01-13 09:59:01
5360,F,DF,7403.0,Brasília,Cliente_05360,1983-06-15 21:15:11
5361,M,GO,15355.0,Rio Verde,Cliente_05361,1976-10-13 12:50:08
5362,F,BA,17906.0,Feira de Santana,Cliente_05362,1992-01-10 02:45:49
5363,F,BA,16449.0,Vitória da Conquista,Cliente_05363,1977-09-20 08:53:35
5364,M,RS,11325.0,Caxias do Sul,Cliente_05364,1956-05-01 13:24:42
5365,M,DF,7787.0,Brasília,Cliente_05365,1980-01-19 20:35:29
5366,F,BA,13693.0,Salvador,Cliente_05366,1970-07-25 21:55:24
5367,F,MG,2905.0,Belo Horizonte,Cliente_05367,1959-12-20 01:00:27
5368,M,MG,11170.0,Belo Horizonte,Cliente_05368,1971-08-30 21:27:13
5369,M,SP,24351.0,São Paulo,Cliente_05369,2003-08-19 05:30:03
5370,M,PE,19078.0,Petrolina,Cliente_05370,2006-07-10 15:50:33
5371,M,PR,10267.0,Londrina,Cliente_05371,1958-11-17 20:33:17
5372,F,GO,9423.0,Rio Verde,Cliente_05372,1990-07-28 15:05:23
5373,M,PE,,Recife,Cliente_05373,1999-08-10 23:59:24
5374,M,PR,10143.0,Londrina,Cliente_05374,2004-02-26 12:43:36
5375,M,PR,9816.0,Maringá,Cliente_05375,1994-05-30 22:48:42
5376,F,RJ,13146.0,Rio de Janeiro,Cliente_05376,1961-01-30 20:45:46
5377,F,BA,12056.0,Feira de Santana,Cliente_05377,2003-11-21 09:40:07
5378,F,SP,11558.0,Campinas,Cliente_05378,1999-06-18 14:10:34
5379,F,BA,7750.0,Salvador,Cliente_05379,1962-03-06 07:34:03
5380,M,SP,3183.0,São Paulo,Cliente_05380,2004-07-02 12:26:56
5381,F,PE,13226.0,Caruaru,Cliente_05381,1987-06-25 08:10:35
5382,M,RS,20635.0,Porto Alegre,Cliente_05382,1983-09-17 18:01:27
5383,M,RS,9163.0,Pelotas,Cliente_05383,1973-06-03 20:52:18
5384,M,PE,14583.0,Recife,Cliente_05384,2007-01-12 07:48:13
5385,M,DF,20606.0,Brasília,Cliente_05385,2003-02-23 15:42:22
5386,F,MG,23523.0,Belo Horizonte,Cliente_05386,1977-05-02 01:55:32
5387,F,PR,14646.0,Curitiba,Cliente_05387,1985-06-30 10:23:28
5388,F,SP,12753.0,Campinas,Cliente_05388,1956-01-27 13:53:09
5389,M,SC,17236.0,Joinville,Cliente_05389,1957-01-20 23:38:26
5390,M,BA,4723.0,Salvador,Cliente_05390,1975-03-28 09:49:43
5391,M,PE,6941.0,Caruaru,Cliente_05391,1963-01-16 15:45:07
5392,M,PR,11322.0,Curitiba,Cliente_05392,1963-10-18 13:58:45
5393,M,SP,8881.0,Santos,Cliente_05393,1955-02-14 11:17:32
5394,F,GO,14363.0,Anápolis,Cliente_05394,2004-10-06 12:46:49
5395,M,DF,6684.0,Brasília,Cliente_05395,1974-05-09 18:51:36
5396,F,BA,18153.0,Salvador,Cliente_05396,1986-05-30 21:06:37
5397,M,RS,23999.0,Caxias do Sul,Cliente_05397,1958-11-05 03:01:59
5398,M,PE,10815.0,Petrolina,Cliente_05398,1971-08-16 09:50:43
5399,F,RS,6033.0,Pelotas,Cliente_05399,2005-05-06 03:19:53
5400,F,SP,18926.0,São Paulo,Cliente_05400,1959-04-20 22:50:31
5401,M,RS,16060.0,Caxias do Sul,Cliente_05401,1959-06-10 03:53:34
5402,M,BA,3141.0,Vitória da Conquista,Cliente_05402,2003-03-15 13:51:34
5403,M,MG,17425.0,Uberlândia,Cliente_05403,1957-10-21 16:27:32
5404,M,PR,24487.0,Curitiba,Cliente_05404,2002-01-26 10:34:14
5405,F,MG,12133.0,Juiz de Fora,Cliente_05405,1956-01-16 05:24:22
5406,M,PE,4797.0,Petrolina,Cliente_05406,1960-09-23 02:10:21
5407,F,MG,24939.0,Uberlândia,Cliente_05407,1975-12-30 00:44:44
5408,M,RJ,19267.0,Campos,Cliente_05408,1990-02-02 16:31:21
5409,F,PR,5496.0,Curitiba,Cliente_05409,1990-04-12 06:49:53
5410,F,SP,1514.0,São Paulo,Cliente_05410,1991-05-12 09:11:18
5411,M,PR,16395.0,Maringá,Cliente_05411,1970-06-06 20:32:50
5412,F,RJ,3174.0,Rio de Janeiro,Cliente_05412,1971-06-14 00:32:55
5413,M,SC,6599.0,Blumenau,Cliente_05413,1969-06-13 15:00:10
5414,F,MG,21501.0,Juiz de Fora,Cliente_05414,1976-10-19 13:06:59
5415,M,PR,24441.0,Maringá,Cliente_05415,2004-06-06 11:04:25
5416,F,RS,23358.0,Pelotas,Cliente_05416,1977-11-18 19:03:14
5417,M,SP,19364.0,Campinas,Cliente_05417,1988-11-25 11:20:56
5418,M,GO,20930.0,Rio Verde,Cliente_05418,1964-12-02 17:20:49
5419,F,PE,8863.0,Recife,Cliente_05419,1975-11-21 10:35:11
5420,F,PE,7457.0,Caruaru,Cliente_05420,2006-12-13 23:44:05
5421,F,PE,5710.0,Recife,Cliente_05421,1959-08-09 22:27:27
5422,F,PR,17276.0,Maringá,Cliente_05422,1957-10-19 07:28:02
5423,M,MG,23355.0,Belo Horizonte,Cliente_05423,1988-05-31 13:33:08
5424,F,PR,18859.0,Londrina,Cliente_05424,1976-12-22 19:40:15
5425,M,BA,19569.0,Salvador,Cliente_05425,2003-09-07 04:28:30
5426,F,RS,3583.0,Caxias do Sul,Cliente_05426,2007-10-30 03:43:06
5427,M,GO,19570.0,Rio Verde,Cliente_05427,1985-08-30 21:24:02
5428,M,GO,5658.0,Rio Verde,Cliente_05428,1993-12-12 20:12:01
5429,M,RS,24693.0,Porto Alegre,Cliente_05429,1955-12-08 03:55:33
5430,M,RJ,18071.0,Rio de Janeiro,Cliente_05430,1982-12-27 06:50:50
5431,F,DF,4282.0,Brasília,Cliente_05431,2003-11-20 07:26:27
5432,F,BA,22072.0,Vitória da Conquista,Cliente_05432,2002-01-06 09:54:45
5433,M,SP,5600.0,Santos,Cliente_05433,1980-12-15 13:31:55
5434,F,GO,13201.0,Goiânia,Cliente_05434,2005-04-11 00:03:07
5435,F,PE,17025.0,Petrolina,Cliente_05435,2007-03-29 12:43:10
5436,M,PR,19956.0,Londrina,Cliente_05436,2003-02-26 20:17:56
5437,F,RJ,24535.0,Niterói,Cliente_05437,1987-06-05 13:45:32
5438,F,DF,1597.0,Brasília,Cliente_05438,2000-07-18 02:04:27
5439,F,RS,10983.0,Porto Alegre,Cliente_05439,2001-04-05 13:36:03
5440,M,SC,24689.0,Florianópolis,Cliente_05440,1965-03-08 22:48:44
5441,F,SP,4964.0,Santos,Cliente_05441,1991-03-01 23:38:01
5442,M,DF,3287.0,Brasília,Cliente_05442,1961-10-09 06:35:08
5443,F,PE,9263.0,Petrolina,Cliente_05443,2001-09-02 21:35:43
5444,F,DF,23288.0,Brasília,Cliente_05444,1972-05-07 14:03:15
5445,F,GO,2183.0,Anápolis,Cliente_05445,1970-11-06 23:55:51
5446,M,PR,17592.0,Curitiba,Cliente_05446,1988-07-01 12:09:40
5447,M,RS,2632.0,Porto Alegre,Cliente_05447,1966-12-15 06:25:35
5448,F,DF,13814.0,Brasília,Cliente_05448,1982-05-30 06:46:53
5449,M,SP,7377.0,São Paulo,Cliente_05449,1976-12-16 09:13:49
5450,F,DF,24082.0,Brasília,Cliente_05450,1997-06-16 10:06:38
5451,M,SC,21720.0,Florianópolis,Cliente_05451,1968-09-21 21:39:09
5452,M,RJ,14568.0,Niterói,Cliente_05452,1966-05-12 00:56:10
5453,F,GO,16133.0,Anápolis,Cliente_05453,1975-02-02 12:14:01
5454,F,PR,17258.0,Curitiba,Cliente_05454,1991-10-28 11:54:49
5455,F,PE,18925.0,Caruaru,Cliente_05455,1980-08-20 17:27:19
5456,F,RS,12557.0,Porto Alegre,Cliente_05456,1998-10-26 08:25:41
5457,M,RS,23773.0,Caxias do Sul,Cliente_05457,1989-12-17 13:28:47
5458,M,RJ,2354.0,Campos,Cliente_05458,1988-08-21 08:26:35
5459,M,MG,7238.0,Uberlândia,Cliente_05459,1983-03-13 19:42:17
5460,F,MG,3526.0,Belo Horizonte,Cliente_05460,1955-03-03 23:26:12
5461,F,PE,6865.0,Petrolina,Cliente_05461,1971-08-24 17:46:11
5462,M,DF,4050.0,Brasília,Cliente_05462,1978-07-08 13:48:41
5463,F,SC,8589.0,Florianópolis,Cliente_05463,1965-11-23 05:46:16
5464,M,RS,18123.0,Pelotas,Cliente_05464,1980-04-03 22:25:45
5465,M,DF,18373.0,Brasília,Cliente_05465,1977-10-31 13:47:48
5466,M,RS,13543.0,Pelotas,Cliente_05466,1986-08-17 01:29:45
5467,M,RS,2536.0,Caxias do Sul,Cliente_05467,1956-02-01 11:56:31
5468,M,DF,24016.0,Brasília,Cliente_05468,1962-12-29 03:11:26
5469,F,RJ,22664.0,Niterói,Cliente_05469,2000-05-08 06:00:42
5470,F,MG,21153.0,Juiz de Fora,Cliente_05470,1975-11-22 06:44:53
5471,F,BA,7622.0,Vitória da Conquista,Cliente_05471,1957-03-20 15:52:30
5472,M,SP,16078.0,Santos,Cliente_05472,1987-09-09 01:21:10
5473,M,RJ,17189.0,Rio de Janeiro,Cliente_05473,1993-07-17 17:59:39
5474,M,GO,17650.0,Anápolis,Cliente_05474,1964-08-22 21:28:26
5475,M,SC,23594.0,Florianópolis,Cliente_05475,1963-02-07 13:17:36
5476,F,SC,13192.0,Joinville,Cliente_05476,2003-12-17 04:57:43
5477,F,SP,13554.0,São Paulo,Cliente_05477,1969-12-17 09:36:27
5478,M,SC,3267.0,Joinville,Cliente_05478,1977-09-07 11:07:43
5479,M,DF,6208.0,Brasília,Cliente_05479,1964-03-12 22:47:22
5480,M,SC,9853.0,Blumenau,Cliente_05480,2001-07-22 00:43:59
5481,F,BA,20890.0,Vitória da Conquista,Cliente_05481,1961-01-01 17:28:30
5482,F,SC,2756.0,Joinville,Cliente_05482,2007-12-15 12:58:28
5483,F,RS,11643.0,Pelotas,Cliente_05483,1958-12-17 23:42:28
5484,M,RJ,24961.0,Campos,Cliente_05484,1968-03-22 20:05:51
5485,M,DF,6851.0,Brasília,Cliente_05485,1957-09-15 14:00:52
5486,F,MG,15763.0,Belo Horizonte,Cliente_05486,1988-04-18 12:43:36
5487,M,SC,2249.0,Joinville,Cliente_05487,1963-03-15 05:40:06
5488,F,PE,18592.0,Petrolina,Cliente_05488,1968-03-24 00:06:41
5489,M,PE,7916.0,Caruaru,Cliente_05489,1990-06-01 13:16:36
5490,F,PE,8450.0,Recife,Cliente_05490,2006-08-12 12:43:27
5491,M,SC,13828.0,Joinville,Cliente_05491,1972-07-11 08:19:04
5492,F,GO,3213.0,Goiânia,Cliente_05492,1960-10-05 15:44:10
5493,F,RS,14277.0,Porto Alegre,Cliente_05493,1977-06-14 22:20:44
5494,F,PR,9808.0,Curitiba,Cliente_05494,2007-08-12 05:22:57
5495,F,SC,12173.0,Blumenau,Cliente_05495,1970-10-21 17:16:55
5496,F,GO,16878.0,Goiânia,Cliente_05496,1994-11-14 05:32:59
5497,F,PR,16829.0,Londrina,Cliente_05497,1986-02-11 17:12:19
5498,M,SP,15382.0,Campinas,Cliente_05498,1982-06-11 11:19:29
5499,M,BA,18079.0,Vitória da Conquista,Cliente_05499,1974-09-12 05:50:32
5500,M,RS,6214.0,Pelotas,Cliente_05500,1972-09-21 15:59:58
5501,F,SC,12164.0,Florianópolis,Cliente_05501,1966-03-17 13:43:36
5502,F,RJ,17253.0,Rio de Janeiro,Cliente_05502,2004-02-04 00:24:45
5503,M,DF,13821.0,Brasília,Cliente_05503,1977-06-08 00:53:30
5504,F,RJ,16130.0,Rio de Janeiro,Cliente_05504,2002-01-15 11:24:44
5505,F,RJ,19158.0,Campos,Cliente_05505,1983-09-06 16:51:24
5506,F,SP,5209.0,Santos,Cliente_05506,1955-10-14 11:28:24
5507,F,DF,1838.0,Brasília,Cliente_05507,1987-12-04 02:05:24
5508,F,SP,8261.0,Campinas,Cliente_05508,1962-01-11 15:37:35
5509,M,PR,21395.0,Curitiba,Cliente_05509,1961-08-29 17:26:29
5510,M,SP,5775.0,São Paulo,Cliente_05510,1964-12-16 18:27:48
5511,M,PE,12991.0,Caruaru,Cliente_05511,2000-08-23 21:50:24
5512,M,BA,19540.0,Feira de Santana,Cliente_05512,1984-05-04 02:56:49
5513,M,PE,8262.0,Caruaru,Cliente_05513,1988-01-11 12:50:30
5514,F,SC,10334.0,Joinville,Cliente_05514,1960-03-14 08:58:35
5515,F,PR,15858.0,Curitiba,Cliente_05515,1983-08-27 22:02:47
5516,F,GO,11372.0,Rio Verde,Cliente_05516,1987-06-24 03:50:40
5517,F,PR,23157.0,Curitiba,Cliente_05517,1979-03-26 22:25:34
5518,M,GO,19053.0,Anápolis,Cliente_05518,1997-03-23 17:52:25
5519,M,BA,9673.0,Vitória da Conquista,Cliente_05519,1976-01-08 03:22:30
5520,M,SP,18185.0,São Paulo,Cliente_05520,1998-01-07 22:35:36
5521,F,SP,12833.0,Campinas,Cliente_05521,1981-07-27 00:35:22
5522,M,DF,19450.0,Brasília,Cliente_05522,1996-08-24 06:22:53
5523,F,SC,12856.0,Blumenau,Cliente_05523,2001-07-24 12:04:45
5524,M,RJ,9316.0,Campos,Cliente_05524,1968-06-24 07:43:06
5525,M,MG,13649.0,Juiz de Fora,Cliente_05525,1998-08-01 05:01:54
5526,F,PR,20094.0,Curitiba,Cliente_05526,1993-09-12 12:25:11
5527,F,PR,12844.0,Londrina,Cliente_05527,1962-03-24 00:28:39
5528,M,SC,17687.0,Florianópolis,Cliente_05528,1964-12-14 18:57:56
5529,M,PE,13351.0,Recife,Cliente_05529,1990-04-14 06:36:04
5530,F,RS,8730.0,Porto Alegre,Cliente_05530,1997-09-18 03:35:55
5531,M,SC,10303.0,Blumenau,Cliente_05531,1956-10-27 00:33:25
5532,M,MG,17295.0,Uberlândia,Cliente_05532,1957-12-09 15:22:17
5533,F,SP,24472.0,São Paulo,Cliente_05533,1963-11-11 08:55:14
5534,M,GO,3443.0,Anápolis,Cliente_05534,1956-05-05 05:58:41
5535,F,PE,15515.0,Petrolina,Cliente_05535,1979-03-28 17:39:46
5536,M,PE,22521.0,Recife,Cliente_05536,2004-03-09 05:22:59
5537,F,DF,9848.0,Brasília,Cliente_05537,1959-04-24 19:26:37
5538,M,BA,13250.0,Feira de Santana,Cliente_05538,1957-01-20 11:20:09
5539,F,MG,6885.0,Juiz de Fora,Cliente_05539,1993-11-09 16:30:37
5540,M,PE,18139.0,Recife,Cliente_05540,1977-09-15 23:41:03
5541,F,MG,20994.0,Belo Horizonte,Cliente_05541,1992-04-28 00:08:56
5542,M,SC,10743.0,Joinville,Cliente_05542,1993-12-20 12:08:29
5543,M,GO,17773.0,Anápolis,Cliente_05543,1962-04-03 09:01:05
5544,M,GO,6532.0,Goiânia,Cliente_05544,1955-05-26 20:27:59
5545,M,PR,7761.0,Curitiba,Cliente_05545,1964-10-23 21:46:58
5546,M,SP,20301.0,Santos,Cliente_05546,2002-07-13 10:21:03
5547,M,PR,20140.0,Maringá,Cliente_05547,1972-09-13 06:55:00
5548,M,PE,4134.0,Recife,Cliente_05548,1964-09-21 07:35:54
5549,M,BA,3391.0,Feira de Santana,Cliente_05549,2000-08-22 12:09:15
5550,M,PR,21348.0,Londrina,Cliente_05550,1988-03-08 14:16:37
5551,F,PR,12183.0,Curitiba,Cliente_05551,1983-09-30 12:18:00
5552,F,PR,11467.0,Maringá,Cliente_05552,1963-04-22 01:04:33
5553,M,MG,13628.0,Belo Horizonte,Cliente_05553,1990-07-02 10:30:39
5554,F,SC,8926.0,Joinville,Cliente_05554,1964-10-27 16:24:20
5555,M,BA,3470.0,Salvador,Cliente_05555,1993-12-29 13:16:26
5556,M,GO,21837.0,Goiânia,Cliente_05556,2001-04-01 08:58:19
5557,F,DF,23702.0,Brasília,Cliente_05557,1997-11-09 13:54:39
5558,M,MG,8271.0,Juiz de Fora,Cliente_05558,1973-02-25 11:43:38
5559,M,PE,12184.0,Caruaru,Cliente_05559,1955-06-12 14:22:14
5560,F,BA,14357.0,Feira de Santana,Cliente_05560,1977-08-25 16:28:03
5561,F,GO,24632.0,Goiânia,Cliente_05561,2000-05-27 09:42:42
5562,M,BA,22887.0,Feira de Santana,Cliente_05562,1999-04-22 14:55:24
5563,F,RS,18532.0,Caxias do Sul,Cliente_05563,1976-09-15 15:54:47
5564,F,RS,11332.0,Caxias do Sul,Cliente_05564,1994-08-14 04:59:08
5565,M,PR,16140.0,Londrina,Cliente_05565,1978-06-03 20:17:08
5566,F,PR,14126.0,Maringá,Cliente_05566,1986-12-06 19:44:11
5567,F,RS,19985.0,Pelotas,Cliente_05567,1981-01-01 04:18:17
5568,M,DF,14923.0,Brasília,Cliente_05568,1960-08-05 02:16:14
5569,F,GO,18302.0,Rio Verde,Cliente_05569,1963-08-25 10:02:12
5570,F,PE,17833.0,Petrolina,Cliente_05570,1960-03-03 13:32:00
5571,M,SP,3852.0,Santos,Cliente_05571,1975-01-27 00:25:03
5572,M,SP,23659.0,Campinas,Cliente_05572,2005-12-04 07:24:38
5573,M,MG,3251.0,Belo Horizonte,Cliente_05573,1980-09-15 05:20:03
5574,F,DF,20541.0,Brasília,Cliente_05574,1961-11-16 05:00:14
5575,M,DF,13667.0,Brasília,Cliente_05575,1974-05-17 04:56:31
5576,M,PE,24007.0,Recife,Cliente_05576,1979-11-01 10:01:47
5577,F,BA,7024.0,Vitória da Conquista,Cliente_05577,1996-12-29 14:20:01
5578,M,SP,20235.0,Campinas,Cliente_05578,1957-12-06 09:23:19
5579,M,BA,16683.0,Vitória da Conquista,Cliente_05579,1980-11-10 10:42:39
5580,M,BA,19173.0,Salvador,Cliente_05580,1975-01-04 22:44:35
5581,M,DF,12815.0,Brasília,Cliente_05581,1993-06-06 07:24:32
5582,F,BA,4202.0,Feira de Santana,Cliente_05582,1977-11-28 01:30:38
5583,M,SP,10335.0,Campinas,Cliente_05583,1984-03-29 04:15:08
5584,M,GO,20789.0,Anápolis,Cliente_05584,1997-06-18 10:36:42
5585,F,RJ,16042.0,Rio de Janeiro,Cliente_05585,1955-12-25 14:42:10
5586,M,BA,13759.0,Salvador,Cliente_05586,1982-12-08 05:57:54
5587,F,PE,22553.0,Petrolina,Cliente_05587,1959-02-03 05:14:14
5588,F,SC,4422.0,Blumenau,Cliente_05588,1957-04-14 13:55:32
5589,F,PR,8154.0,Curitiba,Cliente_05589,1976-01-17 05:57:26
5590,M,PE,3521.0,Petrolina,Cliente_05590,1971-11-08 04:43:33
5591,F,RS,15455.0,Porto Alegre,Cliente_05591,1970-05-30 03:01:45
5592,F,SP,21508.0,Campinas,Cliente_05592,1987-08-16 13:52:22
5593,F,SC,24228.0,Blumenau,Cliente_05593,1966-02-24 00:35:43
5594,M,PR,17216.0,Curitiba,Cliente_05594,1956-05-04 23:39:42
5595,M,PE,12810.0,Recife,Cliente_05595,1998-05-08 10:02:41
5596,M,SC,18020.0,Florianópolis,Cliente_05596,2007-02-23 15:31:13
5597,M,RJ,5725.0,Campos,Cliente_05597,1964-09-19 14:55:34
5598,M,SP,10709.0,Santos,Cliente_05598,1978-08-20 23:59:51
5599,M,GO,13392.0,Anápolis,Cliente_05599,1977-05-02 21:32:09
5600,M,MG,17223.0,Juiz de Fora,Cliente_05600,1991-07-11 15:34:39
5601,F,DF,14219.0,Brasília,Cliente_05601,1999-10-20 12:16:38
5602,F,RJ,4640.0,Campos,Cliente_05602,1962-03-12 21:58:34
5603,F,RS,13221.0,Pelotas,Cliente_05603,1993-06-14 18:12:51
5604,F,DF,4087.0,Brasília,Cliente_05604,1960-07-15 17:35:08
5605,M,GO,12074.0,Anápolis,Cliente_05605,1958-07-04 04:50:56
5606,F,RJ,8169.0,Niterói,Cliente_05606,1957-01-11 02:52:27
5607,F,PR,20489.0,Londrina,Cliente_05607,1991-11-24 23:19:13
5608,F,SC,6504.0,Blumenau,Cliente_05608,1966-03-08 20:34:46
5609,F,SP,15801.0,São Paulo,Cliente_05609,1967-05-03 23:59:39
5610,M,SC,9900.0,Blumenau,Cliente_05610,1974-04-07 15:39:23
5611,M,BA,9004.0,Feira de Santana,Cliente_05611,1992-10-27 17:16:41
5612,M,PE,5310.0,Petrolina,Cliente_05612,1996-04-18 13:30:20
5613,F,RS,7580.0,Pelotas,Cliente_05613,1990-04-22 12:39:28
5614,M,BA,8908.0,Salvador,Cliente_05614,1993-06-22 14:30:30
5615,F,BA,5653.0,Salvador,Cliente_05615,1979-04-10 00:32:47
5616,M,RS,12555.0,Pelotas,Cliente_05616,1968-11-03 17:56:36
5617,M,PE,21260.0,Caruaru,Cliente_05617,1956-12-13 15:19:43
5618,M,PR,19252.0,Maringá,Cliente_05618,1977-09-30 21:59:11
5619,M,PE,5300.0,Petrolina,Cliente_05619,1996-05-10 17:13:49
5620,M,SP,2537.0,Santos,Cliente_05620,2007-05-01 15:30:50
5621,F,SC,2492.0,Joinville,Cliente_05621,1982-08-31 03:55:30
5622,M,PR,6010.0,Londrina,Cliente_05622,1979-06-30 15:48:58
5623,F,MG,1893.0,Uberlândia,Cliente_05623,1986-06-29 07:54:41
5624,F,SC,9505.0,Joinville,Cliente_05624,2004-05-06 18:19:10
5625,F,PR,21570.0,Londrina,Cliente_05625,1979-12-29 00:47:04
5626,F,PE,18241.0,Petrolina,Cliente_05626,1981-08-01 05:39:52
5627,F,RS,21888.0,Caxias do Sul,Cliente_05627,1970-05-02 00:22:22
5628,M,PE,19065.0,Petrolina,Cliente_05628,2003-09-30 09:14:53
5629,M,MG,8317.0,Juiz de Fora,Cliente_05629,1977-02-07 16:22:33
5630,M,PR,3565.0,Maringá,Cliente_05630,1977-12-31 06:15:11
5631,M,SP,24755.0,São Paulo,Cliente_05631,1957-07-08 21:57:43
5632,F,PE,13594.0,Caruaru,Cliente_05632,1960-08-21 13:24:01
5633,M,PR,15379.0,Londrina,Cliente_05633,1985-06-05 14:29:52
5634,M,SC,13110.0,Blumenau,Cliente_05634,2001-01-17 06:57:59
5635,F,MG,21013.0,Belo Horizonte,Cliente_05635,1998-08-30 12:38:57
5636,F,SP,1654.0,Campinas,Cliente_05636,1975-07-08 02:26:27
5637,M,PR,11246.0,Maringá,Cliente_05637,1971-07-29 07:58:55
5638,M,RJ,10178.0,Rio de Janeiro,Cliente_05638,1973-03-04 05:07:39
5639,F,PE,7794.0,Petrolina,Cliente_05639,1999-11-07 17:29:39
5640,M,MG,11074.0,Belo Horizonte,Cliente_05640,1978-09-09 23:05:05
5641,M,SP,3915.0,Santos,Cliente_05641,1989-05-28 20:22:27
5642,M,SP,17479.0,Campinas,Cliente_05642,1975-03-28 12:49:58
5643,M,BA,2570.0,Vitória da Conquista,Cliente_05643,1956-09-29 00:50:13
5644,F,DF,20138.0,Brasília,Cliente_05644,1958-05-08 12:27:37
5645,F,MG,16285.0,Juiz de Fora,Cliente_05645,1981-01-15 17:16:05
5646,F,SP,17806.0,São Paulo,Cliente_05646,1994-11-07 16:36:19
5647,M,PR,11567.0,Curitiba,Cliente_05647,1998-02-25 21:27:13
5648,M,BA,9307.0,Feira de Santana,Cliente_05648,1955-04-13 06:07:00
5649,M,DF,24724.0,Brasília,Cliente_05649,1975-03-25 18:17:46
5650,M,SC,24597.0,Blumenau,Cliente_05650,2001-10-22 00:17:48
5651,M,PR,20074.0,Curitiba,Cliente_05651,1964-08-02 10:12:03
5652,F,PE,8898.0,Caruaru,Cliente_05652,1998-05-14 18:56:10
5653,M,DF,13702.0,Brasília,Cliente_05653,1967-04-30 13:29:46
5654,M,MG,4472.0,Uberlândia,Cliente_05654,2001-01-28 20:11:32
5655,F,PE,19398.0,Recife,Cliente_05655,1999-02-12 14:50:02
5656,M,GO,12812.0,Goiânia,Cliente_05656,1985-08-12 19:12:01
5657,F,GO,21854.0,Rio Verde,Cliente_05657,1976-04-11 00:30:45
5658,F,MG,22603.0,Uberlândia,Cliente_05658,1988-08-23 06:15:10
5659,F,SC,15127.0,Florianópolis,Cliente_05659,1990-12-21 18:09:57
5660,F,DF,2845.0,Brasília,Cliente_05660,1984-12-19 13:14:47
5661,F,BA,19801.0,Feira de Santana,Cliente_05661,1963-02-10 22:44:49
5662,M,RJ,9141.0,Campos,Cliente_05662,1988-07-21 12:43:19
5663,F,SP,16599.0,São Paulo,Cliente_05663,1955-04-09 16:51:10
5664,F,RJ,14885.0,Niterói,Cliente_05664,1984-03-17 05:32:39
5665,M,GO,10144.0,Goiânia,Cliente_05665,1961-05-31 17:50:14
5666,M,GO,3111.0,Rio Verde,Cliente_05666,1979-05-05 21:39:59
5667,F,SC,,Blumenau,Cliente_05667,1967-10-23 07:22:52
5668,M,RJ,12273.0,Campos,Cliente_05668,1962-03-22 05:13:26
5669,M,RJ,19948.0,Campos,Cliente_05669,1963-03-03 17:45:20
5670,F,BA,7279.0,Salvador,Cliente_05670,1975-08-19 20:07:09
5671,F,SC,10950.0,Florianópolis,Cliente_05671,1993-09-04 04:50:04
5672,M,SC,8650.0,Joinville,Cliente_05672,2003-12-05 16:55:28
5673,F,MG,18237.0,Uberlândia,Cliente_05673,1988-08-05 02:39:51
5674,F,PE,14092.0,Recife,Cliente_05674,1969-03-19 18:52:10
5675,M,SC,23602.0,Florianópolis,Cliente_05675,1955-03-23 21:03:28
5676,F,SC,15361.0,Joinville,Cliente_05676,1977-07-17 00:35:01
5677,F,PR,21520.0,Curitiba,Cliente_05677,2001-12-30 18:36:39
5678,F,DF,11255.0,Brasília,Cliente_05678,2000-04-15 15:26:06
5679,F,DF,23928.0,Brasília,Cliente_05679,1986-02-21 13:21:08
5680,F,RS,2211.0,Pelotas,Cliente_05680,1991-04-25 00:23:00
5681,M,RJ,15206.0,Campos,Cliente_05681,1965-10-31 15:34:27
5682,M,SP,12424.0,Santos,Cliente_05682,1998-07-09 05:06:27
5683,F,RJ,14573.0,Niterói,Cliente_05683,1981-12-12 09:18:30
5684,M,MG,17421.0,Belo Horizonte,Cliente_05684,2000-01-09 01:08:37
5685,F,MG,22156.0,Uberlândia,Cliente_05685,1969-05-30 04:55:10
5686,F,MG,19313.0,Uberlândia,Cliente_05686,1994-01-14 00:39:38
5687,F,PE,7944.0,Recife,Cliente_05687,2001-03-04 15:15:17
5688,F,SP,12184.0,Campinas,Cliente_05688,2002-08-30 22:26:34
5689,F,DF,4920.0,Brasília,Cliente_05689,1957-02-16 00:34:17
5690,M,BA,3568.0,Vitória da Conquista,Cliente_05690,1986-05-02 11:08:22
5691,M,DF,8659.0,Brasília,Cliente_05691,1978-01-05 16:56:41
5692,F,PE,6306.0,Recife,Cliente_05692,1985-01-07 20:05:01
5693,M,MG,8344.0,Juiz de Fora,Cliente_05693,1996-09-02 03:00:41
5694,F,PE,13183.0,Petrolina,Cliente_05694,2004-10-28 12:27:16
5695,M,DF,21115.0,Brasília,Cliente_05695,1974-10-22 07:24:37
5696,F,BA,4406.0,Salvador,Cliente_05696,1983-05-14 13:38:40
5697,M,RS,21435.0,Pelotas,Cliente_05697,1988-06-23 07:14:15
5698,F,SP,22075.0,Santos,Cliente_05698,1975-06-15 06:21:51
5699,F,PE,21307.0,Petrolina,Cliente_05699,2004-02-19 12:06:08
5700,M,DF,21941.0,Brasília,Cliente_05700,1973-01-24 11:21:22
5701,M,SP,23078.0,São Paulo,Cliente_05701,1970-07-31 23:19:11
5702,F,DF,12617.0,Brasília,Cliente_05702,2002-06-15 12:20:51
5703,M,DF,5165.0,Brasília,Cliente_05703,1958-02-20 06:49:11
5704,F,BA,22619.0,Salvador,Cliente_05704,1993-06-30 18:19:15
5705,M,RS,13122.0,Porto Alegre,Cliente_05705,1972-11-06 04:02:20
5706,M,SP,10848.0,Campinas,Cliente_05706,2000-01-12 20:59:39
5707,F,MG,16998.0,Juiz de Fora,Cliente_05707,1994-12-09 04:22:30
5708,M,SP,24273.0,Campinas,Cliente_05708,1982-02-22 09:37:04
5709,M,SC,9382.0,Joinville,Cliente_05709,1956-12-21 05:40:24
5710,F,MG,6789.0,Juiz de Fora,Cliente_05710,1960-03-04 05:28:26
5711,M,SP,15410.0,São Paulo,Cliente_05711,2006-10-08 00:24:59
5712,F,PR,9298.0,Londrina,Cliente_05712,2003-10-14 15:09:23
5713,F,PR,4908.0,Curitiba,Cliente_05713,1979-01-07 09:39:41
5714,F,DF,19045.0,Brasília,Cliente_05714,1965-03-25 16:31:04
5715,F,MG,19143.0,Belo Horizonte,Cliente_05715,1991-03-13 18:38:21
5716,F,SP,15459.0,Santos,Cliente_05716,1989-07-17 16:59:14
5717,M,DF,5590.0,Brasília,Cliente_05717,1956-09-25 13:04:26
5718,F,RJ,12533.0,Niterói,Cliente_05718,1993-12-14 06:21:50
5719,F,DF,16862.0,Brasília,Cliente_05719,1994-05-04 19:12:04
5720,M,PE,23574.0,Caruaru,Cliente_05720,2002-12-10 08:11:44
5721,M,PR,15283.0,Curitiba,Cliente_05721,1968-03-06 18:41:54
5722,M,RJ,12894.0,Campos,Cliente_05722,1965-10-21 03:42:54
5723,F,GO,4481.0,Anápolis,Cliente_05723,1975-02-27 21:36:53
5724,F,PE,9565.0,Recife,Cliente_05724,1976-08-28 12:06:52
5725,F,MG,5054.0,Belo Horizonte,Cliente_05725,2002-10-19 05:27:19
5726,M,DF,14079.0,Brasília,Cliente_05726,2003-06-15 00:19:28
5727,F,PR,20273.0,Curitiba,Cliente_05727,1965-08-31 01:29:34
5728,M,RS,9658.0,Pelotas,Cliente_05728,1986-07-25 02:47:14
5729,F,PR,2514.0,Maringá,Cliente_05729,1997-03-24 03:54:24
5730,M,BA,23613.0,Salvador,Cliente_05730,1983-09-26 00:58:12
5731,F,PR,15027.0,Curitiba,Cliente_05731,1978-08-11 03:28:23
5732,F,RS,14372.0,Pelotas,Cliente_05732,1955-12-27 18:35:40
5733,F,RS,15701.0,Porto Alegre,Cliente_05733,2006-11-27 10:03:52
5734,M,DF,11718.0,Brasília,Cliente_05734,1962-06-05 05:28:21
5735,M,MG,5213.0,Belo Horizonte,Cliente_05735,1960-05-07 12:16:37
5736,F,RS,19376.0,Pelotas,Cliente_05736,1975-05-03 02:06:44
5737,F,PR,9085.0,Curitiba,Cliente_05737,1997-08-25 16:21:32
5738,F,MG,5622.0,Belo Horizonte,Cliente_05738,1977-08-06 01:41:08
5739,M,SP,11392.0,São Paulo,Cliente_05739,1976-01-01 21:10:34
5740,F,PR,18338.0,Maringá,Cliente_05740,2002-07-20 00:55:18
5741,F,SC,18801.0,Blumenau,Cliente_05741,1988-02-09 02:49:59
5742,F,DF,24607.0,Brasília,Cliente_05742,1996-06-01 19:07:34
5743,F,PE,24125.0,Petrolina,Cliente_05743,1974-07-09 11:59:44
5744,M,DF,5874.0,Brasília,Cliente_05744,1959-04-19 22:40:57
5745,M,RS,23943.0,Caxias do Sul,Cliente_05745,1995-08-30 02:57:19
5746,F,GO,1989.0,Anápolis,Cliente_05746,1990-06-13 08:59:23
5747,F,BA,2484.0,Feira de Santana,Cliente_05747,1999-01-04 22:51:36
5748,M,SC,18844.0,Joinville,Cliente_05748,1997-06-25 02:10:18
5749,M,RS,3282.0,Pelotas,Cliente_05749,1991-09-09 18:30:46
5750,F,PR,16459.0,Curitiba,Cliente_05750,1982-08-04 16:51:13
5751,M,MG,16042.0,Juiz de Fora,Cliente_05751,1977-02-24 13:47:39
5752,M,SC,7483.0,Joinville,Cliente_05752,1998-12-31 22:29:59
5753,F,GO,3369.0,Rio Verde,Cliente_05753,1989-03-30 04:27:24
5754,M,PE,12996.0,Recife,Cliente_05754,1998-08-28 14:58:54
5755,M,MG,20528.0,Uberlândia,Cliente_05755,2006-06-01 22:01:50
5756,F,BA,8338.0,Salvador,Cliente_05756,2003-12-06 17:18:44
5757,F,RJ,15050.0,Rio de Janeiro,Cliente_05757,1997-07-13 00:09:13
5758,M,BA,22229.0,Salvador,Cliente_05758,1994-02-11 16:41:04
5759,F,DF,7202.0,Brasília,Cliente_05759,2002-11-18 10:21:28
5760,M,SC,14527.0,Joinville,Cliente_05760,2003-09-07 19:45:58
5761,F,DF,,Brasília,Cliente_05761,1984-03-17 17:45:40
5762,M,RS,23786.0,Pelotas,Cliente_05762,1961-01-27 19:36:58
5763,F,SP,7532.0,Campinas,Cliente_05763,1968-04-15 21:41:02
5764,M,RS,3325.0,Caxias do Sul,Cliente_05764,1975-01-25 02:30:58
5765,M,PE,13054.0,Petrolina,Cliente_05765,1956-01-15 03:18:42
5766,M,SC,20994.0,Blumenau,Cliente_05766,1998-03-16 05:11:27
5767,F,SP,16833.0,Santos,Cliente_05767,1993-07-21 22:22:30
5768,F,MG,13970.0,Juiz de Fora,Cliente_05768,1985-09-13 15:43:02
5769,M,SP,5270.0,São Paulo,Cliente_05769,1991-05-03 22:56:38
5770,M,PE,1529.0,Caruaru,Cliente_05770,1968-05-06 08:12:17
5771,F,PR,10458.0,Londrina,Cliente_05771,1957-02-01 23:41:21
5772,F,DF,17002.0,Brasília,Cliente_05772,1972-01-07 01:14:02
5773,F,GO,10306.0,Anápolis,Cliente_05773,1956-01-22 10:53:55
5774,F,RS,10696.0,Pelotas,Cliente_05774,1995-06-17 00:13:58
5775,F,SC,3621.0,Joinville,Cliente_05775,1998-11-06 05:22:55
5776,F,PE,4509.0,Recife,Cliente_05776,2007-03-06 00:32:02
5777,M,RJ,21703.0,Niterói,Cliente_05777,1991-07-25 13:21:24
5778,F,GO,9239.0,Anápolis,Cliente_05778,1973-02-09 08:38:57
5779,M,PE,5559.0,Recife,Cliente_05779,1984-01-31 17:44:16
5780,F,RJ,12785.0,Rio de Janeiro,Cliente_05780,1992-09-27 03:44:08
5781,F,RJ,4410.0,Niterói,Cliente_05781,1999-07-22 09:30:36
5782,M,RJ,16174.0,Campos,Cliente_05782,1987-09-05 04:54:43
5783,M,PR,19854.0,Maringá,Cliente_05783,1968-09-03 01:45:11
5784,F,SP,24539.0,Campinas,Cliente_05784,1995-12-19 03:18:20
5785,M,BA,22651.0,Feira de Santana,Cliente_05785,1979-04-18 03:27:07
5786,M,RS,13661.0,Caxias do Sul,Cliente_05786,1995-09-14 01:27:02
5787,M,RJ,12616.0,Niterói,Cliente_05787,1991-03-07 08:14:37
5788,M,PE,14551.0,Petrolina,Cliente_05788,1963-01-10 08:00:27
5789,F,MG,19126.0,Uberlândia,Cliente_05789,1993-11-27 18:10:55
5790,M,MG,18596.0,Belo Horizonte,Cliente_05790,1989-02-08 05:47:12
5791,F,SC,14554.0,Blumenau,Cliente_05791,1956-07-14 11:24:01
5792,F,DF,15570.0,Brasília,Cliente_05792,1970-08-24 07:20:50
5793,F,RJ,10985.0,Campos,Cliente_05793,1972-07-20 22:26:21
5794,F,PE,20750.0,Recife,Cliente_05794,2005-04-18 13:12:48
5795,M,RJ,15913.0,Niterói,Cliente_05795,1993-01-20 07:16:38
5796,M,PR,13355.0,Londrina,Cliente_05796,2004-08-01 13:58:42
5797,F,DF,7653.0,Brasília,Cliente_05797,1986-04-09 07:22:29
5798,F,RJ,7087.0,Niterói,Cliente_05798,1971-08-24 09:08:14
5799,F,RS,10327.0,Caxias do Sul,Cliente_05799,1956-11-09 23:52:27
5800,F,MG,8361.0,Uberlândia,Cliente_05800,1968-05-09 20:56:12
5801,M,RJ,12304.0,Rio de Janeiro,Cliente_05801,2007-05-20 23:49:18
5802,F,RS,15479.0,Caxias do Sul,Cliente_05802,1957-11-13 20:15:20
5803,M,RS,2797.0,Porto Alegre,Cliente_05803,1964-05-20 03:46:48
5804,F,SP,16245.0,São Paulo,Cliente_05804,1971-07-29 19:08:22
5805,F,RS,1857.0,Porto Alegre,Cliente_05805,1955-06-19 04:02:21
5806,F,DF,17800.0,Brasília,Cliente_05806,1977-02-03 11:53:18
5807,F,MG,15933.0,Uberlândia,Cliente_05807,1967-01-27 04:46:43
5808,M,SC,22986.0,Joinville,Cliente_05808,1997-07-07 03:34:54
5809,M,PR,18124.0,Maringá,Cliente_05809,1963-11-08 01:54:14
5810,M,MG,12296.0,Juiz de Fora,Cliente_05810,1995-05-05 00:41:33
5811,F,PE,24738.0,Recife,Cliente_05811,2002-02-21 18:23:52
5812,F,SC,19710.0,Blumenau,Cliente_05812,2004-09-03 10:57:14
5813,M,RS,9615.0,Porto Alegre,Cliente_05813,2007-09-22 21:26:42
5814,M,RJ,21442.0,Campos,Cliente_05814,1967-10-11 20:40:51
5815,F,SP,5360.0,Campinas,Cliente_05815,2004-02-06 06:05:14
5816,F,SC,13943.0,Joinville,Cliente_05816,1969-07-06 22:37:16
5817,M,PE,5947.0,Recife,Cliente_05817,1969-10-16 23:24:01
5818,F,PE,22023.0,Recife,Cliente_05818,1974-03-20 02:53:24
5819,F,SC,18021.0,Joinville,Cliente_05819,1992-11-17 19:18:21
5820,M,SP,21618.0,Campinas,Cliente_05820,2005-12-29 12:23:24
5821,F,RS,3467.0,Caxias do Sul,Cliente_05821,2004-10-27 02:31:15
5822,M,DF,8079.0,Brasília,Cliente_05822,1995-11-17 05:05:50
5823,F,PE,6349.0,Petrolina,Cliente_05823,1971-06-17 18:09:56
5824,M,RS,8667.0,Pelotas,Cliente_05824,1996-07-28 01:33:47
5825,F,DF,23826.0,Brasília,Cliente_05825,2007-09-13 11:05:55
5826,M,DF,8966.0,Brasília,Cliente_05826,1965-04-11 09:39:17
5827,M,PE,24289.0,Petrolina,Cliente_05827,1973-09-28 02:42:56
5828,M,SC,13849.0,Blumenau,Cliente_05828,1966-06-27 01:46:54
5829,M,DF,23399.0,Brasília,Cliente_05829,1974-06-11 17:40:33
5830,F,RJ,3519.0,Rio de Janeiro,Cliente_05830,1998-05-20 20:23:01
5831,F,MG,7674.0,Belo Horizonte,Cliente_05831,1970-04-19 09:27:19
5832,M,PR,17189.0,Maringá,Cliente_05832,2001-06-26 22:25:28
5833,F,PE,8592.0,Recife,Cliente_05833,1976-09-29 04:17:23
5834,F,GO,20733.0,Rio Verde,Cliente_05834,2002-07-25 03:35:49
5835,F,DF,19076.0,Brasília,Cliente_05835,1956-01-16 23:31:52
5836,F,BA,12005.0,Vitória da Conquista,Cliente_05836,2002-06-15 08:25:11
5837,F,RJ,3855.0,Niterói,Cliente_05837,1972-03-08 15:47:11
5838,M,GO,20390.0,Rio Verde,Cliente_05838,1972-08-09 08:09:31
5839,M,RS,1833.0,Porto Alegre,Cliente_05839,1965-04-04 01:57:02
5840,M,PR,4062.0,Maringá,Cliente_05840,1974-08-25 22:40:32
5841,M,SP,16276.0,Campinas,Cliente_05841,1998-04-19 16:29:16
5842,F,DF,3295.0,Brasília,Cliente_05842,1990-03-20 01:54:09
5843,F,SP,16770.0,São Paulo,Cliente_05843,1958-04-02 20:27:05
5844,M,PR,1753.0,Londrina,Cliente_05844,1974-09-22 02:09:03
5845,F,RJ,5157.0,Campos,Cliente_05845,1990-06-11 15:02:16
5846,F,RJ,11115.0,Campos,Cliente_05846,1989-02-24 01:31:11
5847,M,PR,4737.0,Maringá,Cliente_05847,1982-10-26 16:43:37
5848,F,RJ,4831.0,Campos,Cliente_05848,1994-12-01 09:40:18
5849,M,DF,2527.0,Brasília,Cliente_05849,2003-05-29 21:03:25
5850,M,PR,15699.0,Curitiba,Cliente_05850,1990-09-24 23:36:50
5851,F,PE,20050.0,Petrolina,Cliente_05851,1965-02-13 18:46:33
5852,F,BA,14783.0,Feira de Santana,Cliente_05852,1989-10-21 12:32:24
5853,M,RS,13686.0,Porto Alegre,Cliente_05853,2003-07-21 18:21:33
5854,M,MG,18353.0,Belo Horizonte,Cliente_05854,2004-01-06 23:17:18
5855,F,SC,15281.0,Florianópolis,Cliente_05855,1984-08-08 10:17:29
5856,M,BA,16620.0,Feira de Santana,Cliente_05856,1970-04-03 21:40:36
5857,M,MG,7483.0,Uberlândia,Cliente_05857,2002-10-27 21:32:53
5858,M,SC,2593.0,Joinville,Cliente_05858,1974-04-27 10:49:22
5859,F,SP,6289.0,Campinas,Cliente_05859,2000-04-17 21:50:05
5860,M,BA,4412.0,Vitória da Conquista,Cliente_05860,1988-12-03 16:30:49
5861,F,GO,16611.0,Rio Verde,Cliente_05861,1957-10-25 12:13:53
5862,M,BA,23373.0,Feira de Santana,Cliente_05862,1960-10-02 22:21:41
5863,F,RJ,15832.0,Niterói,Cliente_05863,1956-05-28 19:22:57
5864,M,DF,18064.0,Brasília,Cliente_05864,1959-11-10 01:16:40
5865,F,DF,13759.0,Brasília,Cliente_05865,1972-11-14 03:30:29
5866,F,MG,10912.0,Juiz de Fora,Cliente_05866,1978-04-01 00:43:36
5867,F,RJ,22026.0,Campos,Cliente_05867,1982-08-20 14:10:37
5868,M,SP,21507.0,Campinas,Cliente_05868,2001-05-23 01:03:31
5869,M,DF,22613.0,Brasília,Cliente_05869,2002-03-09 01:43:55
5870,M,RS,17506.0,Porto Alegre,Cliente_05870,1985-07-13 11:36:02
5871,F,SP,23143.0,São Paulo,Cliente_05871,1999-12-18 19:19:29
5872,M,RJ,11255.0,Niterói,Cliente_05872,1998-08-11 10:02:31
5873,F,RJ,6184.0,Rio de Janeiro,Cliente_05873,1991-09-16 18:35:15
5874,M,MG,9354.0,Juiz de Fora,Cliente_05874,1961-08-25 04:12:26
5875,F,PE,21516.0,Recife,Cliente_05875,1978-10-11 13:19:04
5876,F,DF,23857.0,Brasília,Cliente_05876,2004-01-07 10:28:43
5877,F,RJ,7917.0,Niterói,Cliente_05877,2006-07-04 19:21:43
5878,M,RJ,19446.0,Rio de Janeiro,Cliente_05878,1960-06-26 23:36:20
5879,M,RS,14627.0,Porto Alegre,Cliente_05879,1982-03-20 18:25:11
5880,M,BA,19297.0,Salvador,Cliente_05880,2005-08-13 07:43:08
5881,F,BA,12198.0,Vitória da Conquista,Cliente_05881,2000-10-30 03:31:18
5882,F,RJ,24388.0,Campos,Cliente_05882,1964-12-14 07:46:36
5883,M,SP,18901.0,Santos,Cliente_05883,1972-03-31 20:01:40
5884,M,RS,16928.0,Caxias do Sul,Cliente_05884,1964-10-29 14:35:24
5885,M,SP,5154.0,São Paulo,Cliente_05885,1997-05-07 09:19:47
5886,F,SC,16497.0,Blumenau,Cliente_05886,1965-04-17 06:38:52
5887,F,PE,24726.0,Petrolina,Cliente_05887,2007-03-23 16:35:09
5888,F,BA,15242.0,Salvador,Cliente_05888,1970-08-15 11:36:45
5889,F,BA,10449.0,Feira de Santana,Cliente_05889,1995-11-06 14:39:46
5890,F,RS,13471.0,Porto Alegre,Cliente_05890,2003-11-23 15:36:35
5891,M,PR,16891.0,Londrina,Cliente_05891,1993-03-14 08:46:47
5892,F,SP,23982.0,São Paulo,Cliente_05892,1982-04-14 12:55:49
5893,F,DF,21468.0,Brasília,Cliente_05893,2005-07-19 13:59:19
5894,F,RS,18065.0,Pelotas,Cliente_05894,1962-08-06 02:30:34
5895,F,MG,8329.0,Juiz de Fora,Cliente_05895,1994-04-30 20:29:32
5896,F,PR,11987.0,Maringá,Cliente_05896,1975-07-02 07:49:35
5897,M,GO,4167.0,Anápolis,Cliente_05897,1999-11-20 14:28:24
5898,F,SP,11491.0,São Paulo,Cliente_05898,1992-02-19 19:55:59
5899,F,PR,17787.0,Londrina,Cliente_05899,1970-05-16 15:38:55
5900,F,RS,7673.0,Pelotas,Cliente_05900,1973-11-29 11:47:42
5901,M,DF,23305.0,Brasília,Cliente_05901,1958-06-09 15:17:50
5902,M,MG,11191.0,Uberlândia,Cliente_05902,2003-10-10 05:26:36
5903,M,PE,16708.0,Caruaru,Cliente_05903,2007-03-18 06:21:56
5904,F,PR,14735.0,Londrina,Cliente_05904,1993-06-20 20:30:50
5905,M,PE,15163.0,Recife,Cliente_05905,1969-07-01 17:03:58
5906,F,RJ,10676.0,Niterói,Cliente_05906,1975-12-24 21:14:22
5907,F,BA,20248.0,Feira de Santana,Cliente_05907,1999-07-28 12:05:58
5908,M,SC,16572.0,Joinville,Cliente_05908,1994-02-15 23:24:01
5909,F,BA,7016.0,Vitória da Conquista,Cliente_05909,1992-04-28 17:03:54
5910,F,GO,21189.0,Rio Verde,Cliente_05910,1970-08-08 01:40:35
5911,F,DF,20099.0,Brasília,Cliente_05911,1985-12-08 11:41:42
5912,M,MG,18009.0,Belo Horizonte,Cliente_05912,1980-03-15 12:26:41
5913,F,PE,4120.0,Petrolina,Cliente_05913,1999-04-03 23:56:23
5914,F,RS,22099.0,Porto Alegre,Cliente_05914,1962-09-01 03:54:49
5915,M,PE,19335.0,Petrolina,Cliente_05915,1983-07-25 17:30:17
5916,F,DF,10700.0,Brasília,Cliente_05916,2002-08-18 17:58:34
5917,F,RS,13396.0,Porto Alegre,Cliente_05917,1988-12-02 14:46:52
5918,M,RS,23431.0,Porto Alegre,Cliente_05918,1987-10-31 12:57:24
5919,F,GO,,Goiânia,Cliente_05919,1997-08-15 16:24:07
5920,F,DF,21014.0,Brasília,Cliente_05920,1968-09-15 00:06:39
5921,F,PR,2196.0,Maringá,Cliente_05921,1963-01-23 00:15:43
5922,F,BA,3770.0,Feira de Santana,Cliente_05922,1997-08-04 00:57:32
5923,F,RJ,10726.0,Campos,Cliente_05923,1990-01-30 16:50:04
5924,M,PE,17560.0,Caruaru,Cliente_05924,1994-03-26 08:45:25
5925,M,PR,11227.0,Maringá,Cliente_05925,2007-12-06 11:19:07
5926,M,RJ,10505.0,Niterói,Cliente_05926,1964-04-11 06:17:50
5927,M,MG,16584.0,Juiz de Fora,Cliente_05927,1974-01-07 16:57:02
5928,F,SC,21295.0,Florianópolis,Cliente_05928,1955-11-03 05:46:36
5929,F,PE,21602.0,Recife,Cliente_05929,1983-06-26 01:25:15
5930,F,GO,16316.0,Goiânia,Cliente_05930,1961-05-15 00:50:53
5931,F,RJ,8217.0,Niterói,Cliente_05931,1955-06-25 14:35:15
5932,F,RS,22804.0,Caxias do Sul,Cliente_05932,1957-12-16 04:11:42
5933,M,PR,19928.0,Curitiba,Cliente_05933,1963-12-21 14:02:24
5934,M,BA,2616.0,Feira de Santana,Cliente_05934,2007-03-22 19:50:34
5935,F,GO,19040.0,Goiânia,Cliente_05935,1970-05-31 19:37:30
5936,F,PE,16679.0,Petrolina,Cliente_05936,1989-06-09 12:51:17
5937,F,DF,2488.0,Brasília,Cliente_05937,1973-02-10 03:37:13
5938,M,PR,12158.0,Londrina,Cliente_05938,2006-07-14 20:48:28
5939,F,GO,7087.0,Anápolis,Cliente_05939,1978-11-12 16:35:39
5940,F,SC,19712.0,Blumenau,Cliente_05940,1974-01-31 07:22:54
5941,F,PE,17303.0,Caruaru,Cliente_05941,1995-09-30 12:36:44
5942,M,MG,17771.0,Uberlândia,Cliente_05942,1970-03-31 22:47:33
5943,F,BA,11769.0,Feira de Santana,Cliente_05943,1982-07-27 01:30:51
5944,M,MG,7588.0,Juiz de Fora,Cliente_05944,1974-10-05 18:19:30
5945,M,RJ,3845.0,Rio de Janeiro,Cliente_05945,1998-12-04 02:45:35
5946,M,DF,10776.0,Brasília,Cliente_05946,1980-06-03 23:14:53
5947,M,RJ,12043.0,Rio de Janeiro,Cliente_05947,1998-10-16 01:30:13
5948,M,BA,4505.0,Vitória da Conquista,Cliente_05948,1993-09-09 12:19:20
5949,M,PR,5935.0,Maringá,Cliente_05949,1964-11-10 13:58:45
5950,F,RJ,17720.0,Campos,Cliente_05950,1990-11-23 21:28:00
5951,F,DF,12187.0,Brasília,Cliente_05951,1968-06-07 09:41:45
5952,F,SP,15647.0,São Paulo,Cliente_05952,1957-11-29 16:26:29
5953,M,SP,15113.0,Santos,Cliente_05953,1962-06-14 16:00:39
5954,F,GO,16716.0,Goiânia,Cliente_05954,1995-04-08 21:28:13
5955,M,GO,8128.0,Rio Verde,Cliente_05955,1972-02-28 15:39:19
5956,M,PE,1576.0,Caruaru,Cliente_05956,2003-12-12 17:24:58
5957,M,GO,7252.0,Goiânia,Cliente_05957,1993-01-31 09:36:23
5958,F,SC,20446.0,Florianópolis,Cliente_05958,1961-06-06 19:37:34
5959,M,GO,19456.0,Rio Verde,Cliente_05959,1963-06-29 16:37:06
5960,M,SC,24971.0,Joinville,Cliente_05960,1990-07-06 17:23:50
5961,F,GO,16494.0,Goiânia,Cliente_05961,1999-12-15 02:03:29
5962,F,MG,7470.0,Juiz de Fora,Cliente_05962,1976-07-02 18:13:56
5963,M,RS,9452.0,Caxias do Sul,Cliente_05963,1991-06-18 03:56:02
5964,M,SC,24493.0,Florianópolis,Cliente_05964,2007-05-20 18:06:34
5965,F,PR,13362.0,Maringá,Cliente_05965,2001-09-20 15:31:16
5966,F,PE,4611.0,Caruaru,Cliente_05966,1982-01-22 10:19:38
5967,F,BA,4237.0,Salvador,Cliente_05967,1955-12-18 22:31:57
5968,M,SC,11044.0,Florianópolis,Cliente_05968,1961-04-17 09:50:47
5969,F,RJ,23288.0,Niterói,Cliente_05969,2001-09-22 01:51:20
5970,F,RS,6149.0,Pelotas,Cliente_05970,1985-09-04 07:10:00
5971,F,MG,5368.0,Juiz de Fora,Cliente_05971,1958-10-26 11:30:34
5972,M,SP,21021.0,Campinas,Cliente_05972,1975-09-15 19:57:11
5973,F,MG,9324.0,Belo Horizonte,Cliente_05973,1971-10-20 05:40:13
5974,F,GO,24020.0,Anápolis,Cliente_05974,1974-10-11 04:15:35
5975,F,PE,9299.0,Caruaru,Cliente_05975,1989-04-07 20:23:06
5976,F,RS,21370.0,Caxias do Sul,Cliente_05976,1967-01-22 23:07:38
5977,F,RJ,13879.0,Rio de Janeiro,Cliente_05977,1963-07-22 21:08:05
5978,M,SC,18886.0,Joinville,Cliente_05978,1955-08-04 16:27:17
5979,M,MG,10114.0,Uberlândia,Cliente_05979,1966-04-28 06:30:21
5980,M,RS,12601.0,Porto Alegre,Cliente_05980,1993-10-04 13:36:14
5981,F,SC,9406.0,Florianópolis,Cliente_05981,1965-06-20 00:18:45
5982,M,PE,6859.0,Caruaru,Cliente_05982,1974-07-17 09:06:33
5983,M,BA,22414.0,Vitória da Conquista,Cliente_05983,1965-06-24 20:44:37
5984,M,SP,11115.0,Campinas,Cliente_05984,1997-06-30 23:58:52
5985,F,PE,19517.0,Recife,Cliente_05985,1989-07-12 06:59:41
5986,F,GO,24553.0,Goiânia,Cliente_05986,1997-07-06 22:18:50
5987,M,DF,3253.0,Brasília,Cliente_05987,1975-01-25 02:26:22
5988,M,BA,14981.0,Salvador,Cliente_05988,1956-06-06 21:35:39
5989,F,GO,15630.0,Rio Verde,Cliente_05989,1991-02-07 01:02:00
5990,F,MG,12614.0,Belo Horizonte,Cliente_05990,1984-10-13 01:30:17
5991,M,BA,24237.0,Vitória da Conquista,Cliente_05991,1980-11-28 20:03:40
5992,F,GO,11995.0,Goiânia,Cliente_05992,1981-12-10 01:09:36
5993,M,BA,1646.0,Salvador,Cliente_05993,1974-05-30 19:34:39
5994,F,PE,9007.0,Caruaru,Cliente_05994,1972-09-21 10:38:49
5995,M,RS,18200.0,Pelotas,Cliente_05995,1978-09-22 18:41:25
5996,M,SP,17477.0,Campinas,Cliente_05996,1977-06-20 15:46:47
5997,F,SP,10297.0,Santos,Cliente_05997,1985-02-18 01:45:34
5998,M,GO,10266.0,Goiânia,Cliente_05998,2000-05-25 17:09:04
5999,M,GO,2677.0,Goiânia,Cliente_05999,1990-06-15 15:32:14
6000,M,BA,13018.0,Vitória da Conquista,Cliente_06000,1978-06-28 17:46:18
6001,F,MG,4922.0,Uberlândia,Cliente_06001,1966-04-02 22:32:42
6002,F,GO,4094.0,Rio Verde,Cliente_06002,1955-01-18 22:57:41
6003,F,BA,12574.0,Vitória da Conquista,Cliente_06003,2001-07-27 14:48:56
6004,M,PR,18648.0,Maringá,Cliente_06004,1995-04-23 07:54:05
6005,F,SP,24161.0,São Paulo,Cliente_06005,1992-04-10 09:22:09
6006,M,GO,12892.0,Rio Verde,Cliente_06006,1966-07-03 06:55:47
6007,M,PE,1935.0,Recife,Cliente_06007,1971-05-21 05:15:17
6008,F,RJ,4851.0,Niterói,Cliente_06008,1994-06-08 17:07:05
6009,F,BA,12669.0,Salvador,Cliente_06009,1969-06-09 09:11:20
6010,M,SP,20814.0,Campinas,Cliente_06010,1971-10-07 10:59:48
6011,M,GO,18018.0,Anápolis,Cliente_06011,1983-03-27 20:15:50
6012,F,RS,22502.0,Caxias do Sul,Cliente_06012,1957-02-28 12:06:13
6013,F,BA,10495.0,Salvador,Cliente_06013,2001-01-02 20:10:48
6014,F,MG,3866.0,Juiz de Fora,Cliente_06014,1967-03-06 18:18:02
6015,M,GO,13867.0,Goiânia,Cliente_06015,1956-05-02 13:30:05
6016,M,BA,12954.0,Feira de Santana,Cliente_06016,1999-07-25 21:52:50
6017,M,GO,11168.0,Rio Verde,Cliente_06017,1976-10-28 22:56:14
6018,M,DF,4915.0,Brasília,Cliente_06018,1997-06-29 06:57:12
6019,M,RJ,11732.0,Rio de Janeiro,Cliente_06019,1975-01-01 17:04:45
6020,F,SC,18890.0,Joinville,Cliente_06020,1992-04-05 11:03:00
6021,F,SC,6191.0,Joinville,Cliente_06021,1987-03-21 20:52:45
6022,M,DF,9169.0,Brasília,Cliente_06022,1973-11-25 09:01:02
6023,M,BA,19780.0,Vitória da Conquista,Cliente_06023,2001-02-13 03:19:20
6024,F,MG,20949.0,Belo Horizonte,Cliente_06024,1983-05-19 07:11:44
6025,F,GO,4248.0,Rio Verde,Cliente_06025,1968-02-16 17:21:59
6026,F,BA,24576.0,Vitória da Conquista,Cliente_06026,1979-02-26 17:43:19
6027,F,RS,4161.0,Pelotas,Cliente_06027,1985-10-08 08:40:40
6028,M,MG,20862.0,Juiz de Fora,Cliente_06028,2004-10-21 19:13:48
6029,F,RS,24833.0,Porto Alegre,Cliente_06029,1976-09-22 18:40:21
6030,M,DF,24259.0,Brasília,Cliente_06030,1965-03-10 21:49:00
6031,F,PE,24343.0,Petrolina,Cliente_06031,1990-05-11 13:07:48
6032,F,SC,16673.0,Joinville,Cliente_06032,1973-09-08 08:19:07
6033,F,SC,13099.0,Joinville,Cliente_06033,1981-03-27 06:03:07
6034,M,GO,7607.0,Anápolis,Cliente_06034,1968-10-08 05:37:17
6035,M,RJ,14198.0,Campos,Cliente_06035,1979-02-15 13:22:37
6036,F,DF,24385.0,Brasília,Cliente_06036,1957-06-29 10:12:54
6037,M,BA,14809.0,Feira de Santana,Cliente_06037,2004-04-16 05:42:16
6038,M,DF,4161.0,Brasília,Cliente_06038,1977-12-10 10:01:40
6039,F,BA,16633.0,Salvador,Cliente_06039,2002-10-07 07:19:39
6040,F,DF,24049.0,Brasília,Cliente_06040,1972-08-09 11:33:54
6041,M,PE,9710.0,Petrolina,Cliente_06041,1984-03-09 13:50:32
6042,M,PR,4858.0,Maringá,Cliente_06042,1963-09-16 23:58:54
6043,M,RJ,1775.0,Campos,Cliente_06043,1964-01-18 09:47:21
6044,F,BA,5578.0,Salvador,Cliente_06044,1961-08-28 21:41:16
6045,F,RJ,22638.0,Campos,Cliente_06045,1957-08-24 17:41:20
6046,M,MG,12637.0,Juiz de Fora,Cliente_06046,2005-11-12 11:35:09
6047,F,DF,6198.0,Brasília,Cliente_06047,1987-02-03 19:04:32
6048,F,GO,1864.0,Anápolis,Cliente_06048,1996-10-17 04:11:21
6049,M,SP,11665.0,Campinas,Cliente_06049,1996-04-22 18:14:21
6050,M,MG,2294.0,Juiz de Fora,Cliente_06050,1993-11-02 19:38:18
6051,F,RS,15146.0,Porto Alegre,Cliente_06051,1988-01-02 01:54:03
6052,F,SC,24679.0,Joinville,Cliente_06052,1957-03-06 05:20:19
6053,M,SP,7370.0,Santos,Cliente_06053,1986-05-05 18:54:25
6054,F,PE,2089.0,Caruaru,Cliente_06054,1961-06-26 05:51:50
6055,F,DF,22178.0,Brasília,Cliente_06055,1980-02-17 05:15:13
6056,M,PR,5813.0,Londrina,Cliente_06056,1961-10-13 12:23:26
6057,M,PE,17711.0,Recife,Cliente_06057,1969-06-23 13:26:14
6058,F,BA,22629.0,Vitória da Conquista,Cliente_06058,1972-06-13 10:07:23
6059,F,SP,8877.0,Campinas,Cliente_06059,2001-08-03 15:07:54
6060,F,SC,10361.0,Blumenau,Cliente_06060,1989-04-17 07:24:55
6061,M,GO,19321.0,Goiânia,Cliente_06061,2001-11-13 23:09:22
6062,F,PR,14452.0,Curitiba,Cliente_06062,1973-04-10 23:51:21
6063,F,RJ,10547.0,Niterói,Cliente_06063,1973-01-21 07:04:47
6064,M,DF,5533.0,Brasília,Cliente_06064,1978-09-23 06:43:05
6065,M,BA,19777.0,Salvador,Cliente_06065,1974-12-18 08:06:01
6066,F,DF,19726.0,Brasília,Cliente_06066,1968-10-15 18:21:07
6067,M,PE,24128.0,Caruaru,Cliente_06067,1957-12-23 16:43:35
6068,M,SP,18210.0,Santos,Cliente_06068,1983-07-12 04:00:51
6069,F,PE,20284.0,Caruaru,Cliente_06069,1977-09-27 08:07:38
6070,M,SP,5778.0,Campinas,Cliente_06070,1977-11-06 23:36:39
6071,M,GO,22434.0,Goiânia,Cliente_06071,1961-08-06 07:46:39
6072,F,SC,9000.0,Blumenau,Cliente_06072,1978-09-24 15:50:56
6073,M,RJ,5515.0,Campos,Cliente_06073,1996-05-08 10:42:13
6074,F,GO,23336.0,Anápolis,Cliente_06074,1998-01-16 21:17:15
6075,F,MG,22190.0,Juiz de Fora,Cliente_06075,1979-01-29 07:45:11
6076,M,SC,9742.0,Blumenau,Cliente_06076,1980-04-15 22:27:09
6077,M,GO,9326.0,Anápolis,Cliente_06077,1990-07-07 09:04:13
6078,M,PR,10701.0,Londrina,Cliente_06078,1970-10-21 01:40:18
6079,F,DF,24667.0,Brasília,Cliente_06079,2003-02-15 01:36:21
6080,M,PE,21441.0,Petrolina,Cliente_06080,2007-12-05 15:35:33
6081,F,SC,16605.0,Joinville,Cliente_06081,1961-07-01 17:22:47
6082,M,PR,1653.0,Curitiba,Cliente_06082,1978-07-31 07:09:58
6083,M,PE,10273.0,Petrolina,Cliente_06083,1996-09-20 22:26:13
6084,M,MG,18671.0,Uberlândia,Cliente_06084,1998-04-05 22:14:09
6085,F,RS,6386.0,Pelotas,Cliente_06085,1988-08-19 12:48:43
6086,M,SC,21265.0,Blumenau,Cliente_06086,1984-02-03 17:23:19
6087,M,PR,24161.0,Curitiba,Cliente_06087,1998-04-02 22:54:44
6088,F,PE,3767.0,Recife,Cliente_06088,1958-02-11 06:26:58
6089,F,PE,22142.0,Petrolina,Cliente_06089,1999-10-11 07:09:15
6090,M,GO,2470.0,Goiânia,Cliente_06090,1955-05-31 22:06:47
6091,M,SP,10339.0,Campinas,Cliente_06091,1967-02-20 07:27:00
6092,M,GO,15313.0,Rio Verde,Cliente_06092,1974-09-07 16:31:14
6093,F,PR,18829.0,Curitiba,Cliente_06093,1992-05-23 12:06:32
6094,F,BA,15950.0,Vitória da Conquista,Cliente_06094,1977-05-10 22:00:56
6095,F,DF,7118.0,Brasília,Cliente_06095,1976-11-10 18:57:50
6096,F,SC,2995.0,Blumenau,Cliente_06096,1957-10-20 18:24:44
6097,M,GO,3547.0,Anápolis,Cliente_06097,1985-12-20 15:25:43
6098,F,PE,10864.0,Caruaru,Cliente_06098,1970-02-14 00:19:24
6099,F,PE,14591.0,Caruaru,Cliente_06099,1990-12-23 14:16:20
6100,F,RS,4386.0,Porto Alegre,Cliente_06100,1997-04-04 18:08:52
6101,M,SC,23072.0,Florianópolis,Cliente_06101,1961-12-31 17:17:24
6102,M,RS,16661.0,Porto Alegre,Cliente_06102,1993-09-05 11:57:50
6103,F,DF,5658.0,Brasília,Cliente_06103,1959-09-18 05:41:06
6104,F,MG,21345.0,Uberlândia,Cliente_06104,1959-02-22 00:11:57
6105,M,GO,8233.0,Rio Verde,Cliente_06105,1978-10-18 23:03:24
6106,M,RJ,3157.0,Niterói,Cliente_06106,2001-02-17 00:54:54
6107,M,PR,6543.0,Curitiba,Cliente_06107,1980-07-05 17:29:41
6108,M,PR,7860.0,Curitiba,Cliente_06108,1965-03-03 19:59:20
6109,M,MG,18362.0,Belo Horizonte,Cliente_06109,2005-12-20 14:23:34
6110,M,SC,10829.0,Joinville,Cliente_06110,1977-06-12 11:29:34
6111,M,GO,21837.0,Goiânia,Cliente_06111,1963-06-11 02:09:19
6112,M,DF,5543.0,Brasília,Cliente_06112,1979-01-20 21:12:30
6113,F,SP,15742.0,Campinas,Cliente_06113,1983-08-16 23:46:34
6114,F,RS,2097.0,Pelotas,Cliente_06114,1989-02-26 19:49:23
6115,F,MG,3824.0,Uberlândia,Cliente_06115,1980-04-21 12:40:47
6116,F,SP,8799.0,São Paulo,Cliente_06116,1957-05-03 21:24:51
6117,F,RS,12731.0,Pelotas,Cliente_06117,1969-12-04 13:52:06
6118,F,MG,2069.0,Belo Horizonte,Cliente_06118,1996-11-29 03:21:56
6119,M,PR,4828.0,Maringá,Cliente_06119,1965-03-09 18:09:05
6120,M,PR,18024.0,Curitiba,Cliente_06120,1976-03-05 02:55:50
6121,F,PE,4780.0,Caruaru,Cliente_06121,2005-11-28 07:12:07
6122,F,RS,20647.0,Porto Alegre,Cliente_06122,1980-03-20 02:04:25
6123,M,RJ,5090.0,Niterói,Cliente_06123,1986-11-29 22:15:29
6124,M,DF,19922.0,Brasília,Cliente_06124,1970-09-27 23:41:57
6125,M,BA,18958.0,Feira de Santana,Cliente_06125,1967-07-05 04:26:43
6126,F,SC,23506.0,Blumenau,Cliente_06126,1965-08-28 20:20:16
6127,M,SC,15070.0,Joinville,Cliente_06127,2000-01-08 13:14:13
6128,F,RS,3725.0,Caxias do Sul,Cliente_06128,1979-04-06 04:44:43
6129,F,MG,16378.0,Uberlândia,Cliente_06129,1990-07-04 02:51:55
6130,M,MG,11033.0,Juiz de Fora,Cliente_06130,1963-09-15 17:46:02
6131,M,BA,11381.0,Salvador,Cliente_06131,1959-04-08 19:05:49
6132,F,DF,18247.0,Brasília,Cliente_06132,1984-12-14 17:31:03
6133,M,GO,14866.0,Goiânia,Cliente_06133,1974-02-08 08:12:01
6134,M,DF,17015.0,Brasília,Cliente_06134,1970-09-10 20:44:00
6135,F,GO,12332.0,Anápolis,Cliente_06135,1985-06-13 12:47:04
6136,M,BA,3530.0,Feira de Santana,Cliente_06136,1985-09-22 22:27:29
6137,F,GO,8185.0,Goiânia,Cliente_06137,1971-12-02 09:34:47
6138,F,RJ,24349.0,Niterói,Cliente_06138,1955-12-28 21:05:56
6139,M,PE,24675.0,Recife,Cliente_06139,1962-01-09 11:10:09
6140,F,DF,7657.0,Brasília,Cliente_06140,1960-06-06 14:27:16
6141,F,GO,15168.0,Rio Verde,Cliente_06141,1998-09-19 17:58:07
6142,M,PR,18501.0,Londrina,Cliente_06142,2000-07-08 00:51:20
6143,M,RJ,23321.0,Niterói,Cliente_06143,1971-06-01 04:36:05
6144,M,DF,19866.0,Brasília,Cliente_06144,2006-05-12 18:17:06
6145,F,GO,23594.0,Goiânia,Cliente_06145,2001-06-02 00:46:35
6146,F,PR,1693.0,Curitiba,Cliente_06146,1964-11-22 09:37:59
6147,M,BA,9664.0,Vitória da Conquista,Cliente_06147,1986-05-07 16:30:37
6148,F,BA,22342.0,Feira de Santana,Cliente_06148,1976-12-23 06:06:00
6149,M,RS,2619.0,Porto Alegre,Cliente_06149,1982-10-27 11:53:55
6150,M,SC,14851.0,Blumenau,Cliente_06150,1996-03-14 00:39:40
6151,F,SP,24795.0,São Paulo,Cliente_06151,1964-10-07 18:49:11
6152,M,PR,8040.0,Curitiba,Cliente_06152,1989-07-26 14:00:42
6153,F,RS,13894.0,Pelotas,Cliente_06153,1991-10-06 10:19:41
6154,F,RJ,18410.0,Campos,Cliente_06154,1994-09-15 17:45:22
6155,M,GO,22763.0,Rio Verde,Cliente_06155,1995-06-25 11:10:52
6156,F,DF,16360.0,Brasília,Cliente_06156,1962-06-26 21:51:49
6157,M,MG,7345.0,Juiz de Fora,Cliente_06157,1996-01-17 00:26:01
6158,F,PR,9471.0,Maringá,Cliente_06158,1984-02-28 07:38:15
6159,F,SP,20557.0,Santos,Cliente_06159,1956-11-21 14:09:14
6160,F,MG,15653.0,Uberlândia,Cliente_06160,1977-11-19 19:16:40
6161,M,PE,22985.0,Petrolina,Cliente_06161,1987-06-16 01:55:36
6162,F,SP,5026.0,Campinas,Cliente_06162,2001-10-19 02:28:35
6163,M,RS,21733.0,Porto Alegre,Cliente_06163,1987-12-29 11:28:41
6164,F,SP,3134.0,São Paulo,Cliente_06164,1955-07-18 20:43:34
6165,F,GO,12701.0,Rio Verde,Cliente_06165,2005-09-22 03:30:18
6166,M,DF,1593.0,Brasília,Cliente_06166,1956-07-13 06:23:39
6167,M,RJ,21250.0,Rio de Janeiro,Cliente_06167,1961-07-31 18:15:37
6168,M,MG,9216.0,Juiz de Fora,Cliente_06168,1990-07-31 19:04:19
6169,M,SP,15831.0,Santos,Cliente_06169,2001-04-18 18:12:00
6170,M,GO,20830.0,Anápolis,Cliente_06170,1999-01-01 08:57:38
6171,F,BA,17972.0,Salvador,Cliente_06171,2002-11-29 20:02:34
6172,F,SP,15741.0,Santos,Cliente_06172,2001-05-24 12:37:04
6173,M,SP,20434.0,São Paulo,Cliente_06173,2006-08-08 17:57:10
6174,F,SC,12506.0,Joinville,Cliente_06174,1969-03-31 16:13:27
6175,F,MG,24021.0,Belo Horizonte,Cliente_06175,1986-05-28 21:19:26
6176,F,SC,7857.0,Joinville,Cliente_06176,1958-04-18 17:23:33
6177,M,SC,2945.0,Joinville,Cliente_06177,1979-11-01 00:15:57
6178,F,DF,22505.0,Brasília,Cliente_06178,1997-11-12 10:06:10
6179,F,GO,7835.0,Anápolis,Cliente_06179,1972-07-19 10:58:44
6180,F,SC,19714.0,Blumenau,Cliente_06180,1984-04-13 12:15:46
6181,M,SP,24669.0,Santos,Cliente_06181,1976-01-24 02:11:56
6182,F,RS,18438.0,Porto Alegre,Cliente_06182,2004-01-16 05:22:57
6183,F,RS,13456.0,Pelotas,Cliente_06183,1994-08-05 01:47:41
6184,M,BA,20318.0,Vitória da Conquista,Cliente_06184,1988-12-10 20:13:10
6185,M,RS,8419.0,Porto Alegre,Cliente_06185,1965-03-04 08:50:33
6186,F,BA,7093.0,Feira de Santana,Cliente_06186,2003-02-12 00:17:46
6187,F,RS,18086.0,Caxias do Sul,Cliente_06187,1988-01-29 04:14:46
6188,M,PE,8653.0,Recife,Cliente_06188,1979-10-03 05:38:51
6189,M,BA,6042.0,Vitória da Conquista,Cliente_06189,1980-02-03 22:15:39
6190,M,PR,17692.0,Curitiba,Cliente_06190,1997-06-15 19:10:56
6191,M,MG,14903.0,Belo Horizonte,Cliente_06191,2007-01-12 02:12:01
6192,M,MG,14565.0,Juiz de Fora,Cliente_06192,1976-09-26 09:06:41
6193,M,MG,11378.0,Belo Horizonte,Cliente_06193,2006-04-29 02:52:27
6194,M,GO,2328.0,Rio Verde,Cliente_06194,1984-09-16 18:15:46
6195,F,DF,8670.0,Brasília,Cliente_06195,1987-05-20 21:31:02
6196,M,RJ,19906.0,Campos,Cliente_06196,1999-09-17 01:54:14
6197,M,DF,11249.0,Brasília,Cliente_06197,2006-03-20 13:45:42
6198,F,BA,22095.0,Salvador,Cliente_06198,1997-09-27 21:44:32
6199,M,DF,22838.0,Brasília,Cliente_06199,1979-05-05 11:16:33
6200,M,RS,21971.0,Caxias do Sul,Cliente_06200,1992-11-26 04:13:59
6201,F,BA,14716.0,Vitória da Conquista,Cliente_06201,1993-02-05 20:36:40
6202,M,DF,12549.0,Brasília,Cliente_06202,1987-11-26 22:22:33
6203,F,DF,8285.0,Brasília,Cliente_06203,1987-12-14 21:19:24
6204,F,SC,10498.0,Joinville,Cliente_06204,1957-06-11 11:19:56
6205,F,PE,6155.0,Petrolina,Cliente_06205,1966-11-15 07:32:16
6206,F,GO,19958.0,Anápolis,Cliente_06206,2002-03-03 16:43:58
6207,M,BA,8418.0,Salvador,Cliente_06207,1978-01-07 11:01:34
6208,F,RJ,4936.0,Campos,Cliente_06208,1958-08-23 19:23:07
6209,F,MG,22932.0,Belo Horizonte,Cliente_06209,1998-11-08 22:58:43
6210,M,SP,6372.0,São Paulo,Cliente_06210,1992-10-18 02:03:21
6211,F,PR,1860.0,Curitiba,Cliente_06211,1977-04-11 16:33:43
6212,F,DF,13409.0,Brasília,Cliente_06212,1982-04-13 20:02:39
6213,F,MG,6099.0,Juiz de Fora,Cliente_06213,1994-04-30 09:23:32
6214,F,RS,11668.0,Porto Alegre,Cliente_06214,1998-01-19 05:52:48
6215,M,PR,8231.0,Curitiba,Cliente_06215,1990-10-07 21:39:31
6216,F,PE,3577.0,Petrolina,Cliente_06216,1977-08-05 22:33:55
6217,M,MG,15250.0,Belo Horizonte,Cliente_06217,2007-01-11 18:41:01
6218,M,SC,20057.0,Blumenau,Cliente_06218,1964-08-09 20:57:55
6219,F,MG,6191.0,Belo Horizonte,Cliente_06219,1987-10-30 00:49:38
6220,F,PE,19273.0,Caruaru,Cliente_06220,1984-08-06 19:51:08
6221,F,MG,23855.0,Belo Horizonte,Cliente_06221,1996-02-26 09:24:56
6222,F,DF,5014.0,Brasília,Cliente_06222,1971-01-09 12:06:12
6223,M,MG,4419.0,Uberlândia,Cliente_06223,2004-07-28 06:40:40
6224,M,SC,17885.0,Blumenau,Cliente_06224,1979-12-27 01:28:21
6225,M,GO,19817.0,Anápolis,Cliente_06225,1991-05-08 18:17:57
6226,F,PE,1893.0,Petrolina,Cliente_06226,1997-05-29 12:01:46
6227,M,SC,14957.0,Florianópolis,Cliente_06227,1979-08-20 12:50:06
6228,F,BA,2029.0,Feira de Santana,Cliente_06228,1963-02-14 00:21:25
6229,F,MG,22507.0,Belo Horizonte,Cliente_06229,1973-04-20 20:20:59
6230,F,RJ,13711.0,Niterói,Cliente_06230,1956-01-21 10:52:10
6231,F,MG,21952.0,Juiz de Fora,Cliente_06231,1982-04-07 16:54:27
6232,F,PE,7995.0,Petrolina,Cliente_06232,1991-05-11 13:02:59
6233,M,PR,8453.0,Maringá,Cliente_06233,1965-02-11 06:20:46
6234,M,SC,22937.0,Blumenau,Cliente_06234,1969-11-16 08:44:11
6235,F,RJ,20556.0,Rio de Janeiro,Cliente_06235,2000-01-21 02:46:14
6236,M,BA,3213.0,Salvador,Cliente_06236,1990-10-17 21:20:53
6237,F,RS,21928.0,Porto Alegre,Cliente_06237,1962-10-20 01:07:28
6238,F,BA,2135.0,Salvador,Cliente_06238,2007-11-20 13:43:02
6239,F,SC,23018.0,Florianópolis,Cliente_06239,1967-01-04 02:25:41
6240,M,PR,16693.0,Maringá,Cliente_06240,2000-09-25 18:23:55
6241,F,SC,24503.0,Florianópolis,Cliente_06241,1990-10-19 01:19:47
6242,F,SP,16133.0,São Paulo,Cliente_06242,1977-05-19 05:35:24
6243,M,RJ,10809.0,Rio de Janeiro,Cliente_06243,2004-12-16 15:56:23
6244,M,PR,17278.0,Maringá,Cliente_06244,1987-04-04 21:55:18
6245,M,RJ,8945.0,Campos,Cliente_06245,1992-02-04 22:04:24
6246,F,SC,13915.0,Blumenau,Cliente_06246,1971-01-17 03:32:48
6247,F,GO,15781.0,Rio Verde,Cliente_06247,1985-09-25 15:22:10
6248,M,RJ,8102.0,Rio de Janeiro,Cliente_06248,1973-12-28 15:54:57
6249,F,SP,1537.0,São Paulo,Cliente_06249,1990-08-11 13:19:46
6250,M,DF,11324.0,Brasília,Cliente_06250,1983-07-03 08:51:06
6251,M,PR,5275.0,Londrina,Cliente_06251,1964-03-16 03:32:58
6252,F,SP,21969.0,São Paulo,Cliente_06252,1999-05-20 12:05:37
6253,F,SP,12055.0,Santos,Cliente_06253,1964-10-30 03:41:25
6254,M,RS,6620.0,Pelotas,Cliente_06254,1982-09-09 22:39:29
6255,M,GO,16178.0,Goiânia,Cliente_06255,2007-07-17 12:55:32
6256,M,MG,24628.0,Uberlândia,Cliente_06256,1972-04-04 02:14:12
6257,M,GO,18925.0,Rio Verde,Cliente_06257,1999-06-21 22:47:26
6258,F,PE,6215.0,Caruaru,Cliente_06258,1998-09-05 20:30:05
6259,M,RS,2894.0,Pelotas,Cliente_06259,1972-03-21 10:49:36
6260,M,SC,4369.0,Blumenau,Cliente_06260,1985-10-29 13:23:33
6261,M,SC,5176.0,Florianópolis,Cliente_06261,1957-05-20 08:45:33
6262,F,BA,5221.0,Vitória da Conquista,Cliente_06262,1986-09-02 20:07:48
6263,F,MG,7190.0,Uberlândia,Cliente_06263,2000-10-09 11:39:27
6264,M,PE,7318.0,Caruaru,Cliente_06264,2000-08-22 07:23:41
6265,F,RJ,1734.0,Rio de Janeiro,Cliente_06265,1996-05-08 22:55:31
6266,F,GO,4640.0,Rio Verde,Cliente_06266,1957-01-28 16:37:48
6267,F,PR,10138.0,Londrina,Cliente_06267,1969-07-30 14:19:38
6268,M,SP,14397.0,São Paulo,Cliente_06268,1970-11-25 23:28:37
6269,M,RJ,18883.0,Niterói,Cliente_06269,1990-06-01 03:58:00
6270,F,BA,19218.0,Salvador,Cliente_06270,1989-10-30 08:37:52
6271,M,GO,9825.0,Anápolis,Cliente_06271,1984-02-16 13:43:26
6272,M,PR,12124.0,Maringá,Cliente_06272,1969-03-16 14:31:49
6273,F,BA,22972.0,Feira de Santana,Cliente_06273,1987-11-28 01:33:04
6274,F,SP,23363.0,Campinas,Cliente_06274,1982-12-25 10:04:43
6275,M,RS,7590.0,Porto Alegre,Cliente_06275,1966-05-02 10:58:30
6276,F,MG,12877.0,Belo Horizonte,Cliente_06276,1972-11-29 03:31:47
6277,M,RS,18995.0,Porto Alegre,Cliente_06277,2001-07-10 15:11:01
6278,M,PR,16370.0,Londrina,Cliente_06278,1988-12-12 05:37:42
6279,F,RS,20800.0,Porto Alegre,Cliente_06279,1972-12-26 23:11:24
6280,M,PR,24683.0,Maringá,Cliente_06280,1974-10-23 19:59:22
6281,M,PE,3603.0,Recife,Cliente_06281,1962-06-01 22:46:28
6282,F,PE,6625.0,Recife,Cliente_06282,2003-11-12 19:20:40
6283,F,DF,8090.0,Brasília,Cliente_06283,1993-11-21 08:13:06
6284,F,DF,11712.0,Brasília,Cliente_06284,1999-05-19 22:06:24
6285,M,RS,11100.0,Pelotas,Cliente_06285,1992-04-26 05:26:18
6286,F,SC,4421.0,Florianópolis,Cliente_06286,2003-05-25 17:49:45
6287,F,RS,6234.0,Porto Alegre,Cliente_06287,2006-10-30 16:45:27
6288,F,RS,21257.0,Caxias do Sul,Cliente_06288,1956-02-22 08:12:35
6289,F,SC,24638.0,Joinville,Cliente_06289,2005-10-05 17:05:58
6290,M,MG,17537.0,Belo Horizonte,Cliente_06290,1986-11-26 15:07:47
6291,M,GO,2336.0,Rio Verde,Cliente_06291,1980-01-17 10:47:28
6292,F,SC,13594.0,Florianópolis,Cliente_06292,2000-03-08 13:04:20
6293,M,PR,10528.0,Curitiba,Cliente_06293,1974-04-15 08:21:50
6294,F,GO,12249.0,Goiânia,Cliente_06294,1955-02-13 12:04:10
6295,F,SP,16932.0,Campinas,Cliente_06295,1995-05-10 17:01:01
6296,M,MG,12551.0,Juiz de Fora,Cliente_06296,1976-11-10 07:54:01
6297,M,SP,24591.0,Santos,Cliente_06297,1978-03-27 21:09:41
6298,F,DF,17086.0,Brasília,Cliente_06298,2007-08-28 04:22:57
6299,F,RJ,6812.0,Campos,Cliente_06299,1995-06-03 00:36:28
6300,M,PE,5322.0,Caruaru,Cliente_06300,2001-05-13 09:14:07
6301,F,SP,24037.0,Campinas,Cliente_06301,1989-09-08 05:01:42
6302,M,BA,13122.0,Salvador,Cliente_06302,1961-02-06 12:46:13
6303,F,RS,17599.0,Caxias do Sul,Cliente_06303,1985-04-09 18:59:08
6304,F,PR,18688.0,Curitiba,Cliente_06304,2005-02-08 16:03:03
6305,M,SP,2575.0,Campinas,Cliente_06305,1994-01-24 15:05:55
6306,M,SP,15563.0,São Paulo,Cliente_06306,1967-10-18 14:05:08
6307,M,RJ,17883.0,Niterói,Cliente_06307,1968-10-21 18:48:01
6308,M,DF,11105.0,Brasília,Cliente_06308,1981-04-24 03:23:28
6309,M,RS,5952.0,Pelotas,Cliente_06309,1992-04-04 07:25:17
6310,M,RS,19547.0,Porto Alegre,Cliente_06310,1984-12-24 06:51:49
6311,M,RJ,13798.0,Niterói,Cliente_06311,1988-01-25 05:01:22
6312,F,SC,13868.0,Joinville,Cliente_06312,1993-03-21 06:25:23
6313,F,RJ,8928.0,Rio de Janeiro,Cliente_06313,1965-06-16 02:07:57
6314,F,BA,19937.0,Feira de Santana,Cliente_06314,1968-07-14 20:58:24
6315,M,GO,17317.0,Rio Verde,Cliente_06315,2000-07-20 10:16:45
6316,M,BA,3920.0,Salvador,Cliente_06316,1965-09-02 15:07:53
6317,M,RJ,20412.0,Rio de Janeiro,Cliente_06317,1976-06-16 02:28:03
6318,F,PE,5817.0,Recife,Cliente_06318,1975-04-10 07:29:45
6319,M,SC,9912.0,Florianópolis,Cliente_06319,1979-10-22 23:14:22
6320,M,PE,17821.0,Recife,Cliente_06320,1992-08-23 14:11:51
6321,F,BA,1727.0,Vitória da Conquista,Cliente_06321,1990-04-18 02:29:03
6322,M,RS,20221.0,Porto Alegre,Cliente_06322,1999-07-15 20:58:42
6323,F,BA,12956.0,Vitória da Conquista,Cliente_06323,1967-02-04 14:56:14
6324,F,MG,2455.0,Juiz de Fora,Cliente_06324,1968-12-05 01:24:46
6325,M,DF,19381.0,Brasília,Cliente_06325,1978-11-27 21:24:26
6326,M,PR,10972.0,Maringá,Cliente_06326,1967-05-04 03:33:01
6327,M,MG,3478.0,Belo Horizonte,Cliente_06327,2002-08-26 11:08:22
6328,F,RJ,19413.0,Campos,Cliente_06328,1976-05-14 07:06:58
6329,F,SP,14175.0,São Paulo,Cliente_06329,1988-07-01 05:51:10
6330,F,PE,20546.0,Petrolina,Cliente_06330,1969-04-13 07:36:05
6331,M,GO,24317.0,Goiânia,Cliente_06331,1986-02-16 09:57:39
6332,M,MG,17628.0,Uberlândia,Cliente_06332,1993-06-16 07:01:26
6333,M,SC,17168.0,Joinville,Cliente_06333,1961-08-07 21:33:43
6334,M,PE,8945.0,Petrolina,Cliente_06334,1979-08-17 02:51:57
6335,F,MG,5784.0,Uberlândia,Cliente_06335,2006-09-13 13:09:09
6336,F,RS,19085.0,Pelotas,Cliente_06336,1977-10-28 11:58:59
6337,F,PR,8631.0,Maringá,Cliente_06337,1998-03-06 02:20:56
6338,F,BA,12114.0,Vitória da Conquista,Cliente_06338,1965-11-20 09:52:38
6339,M,BA,2259.0,Feira de Santana,Cliente_06339,2007-10-21 15:54:00
6340,M,MG,23457.0,Juiz de Fora,Cliente_06340,1975-03-16 02:04:30
6341,M,RJ,23045.0,Niterói,Cliente_06341,1970-10-28 01:31:14
6342,F,SC,22173.0,Joinville,Cliente_06342,2001-10-12 15:33:56
6343,F,RJ,23330.0,Rio de Janeiro,Cliente_06343,1991-09-17 12:29:14
6344,M,PE,15184.0,Caruaru,Cliente_06344,1972-08-21 21:15:03
6345,M,DF,11180.0,Brasília,Cliente_06345,1987-08-21 22:44:48
6346,F,PR,22142.0,Curitiba,Cliente_06346,1964-09-06 05:23:44
6347,M,PR,5871.0,Maringá,Cliente_06347,1957-11-24 19:45:01
6348,F,BA,14151.0,Vitória da Conquista,Cliente_06348,1992-06-27 20:11:59
6349,F,PR,3165.0,Curitiba,Cliente_06349,1969-05-24 19:05:35
6350,F,RJ,8418.0,Campos,Cliente_06350,1958-10-04 11:53:58
6351,M,SC,24507.0,Florianópolis,Cliente_06351,1974-04-26 19:51:09
6352,M,SC,11694.0,Florianópolis,Cliente_06352,1999-01-18 02:11:22
6353,F,BA,24566.0,Vitória da Conquista,Cliente_06353,2003-08-07 16:19:57
6354,M,MG,12713.0,Belo Horizonte,Cliente_06354,1994-07-16 10:02:15
6355,F,SC,17245.0,Florianópolis,Cliente_06355,1964-03-25 12:25:54
6356,F,RJ,24112.0,Rio de Janeiro,Cliente_06356,1987-07-24 05:57:42
6357,F,SP,23711.0,Santos,Cliente_06357,1988-01-06 18:40:09
6358,F,MG,23319.0,Juiz de Fora,Cliente_06358,1976-04-14 17:29:08
6359,M,DF,9136.0,Brasília,Cliente_06359,1978-11-24 07:31:58
6360,F,GO,19249.0,Rio Verde,Cliente_06360,1956-09-09 21:56:16
6361,F,RS,8844.0,Pelotas,Cliente_06361,1992-05-29 16:58:41
6362,M,PR,4701.0,Maringá,Cliente_06362,1969-03-02 11:37:22
6363,F,PR,6252.0,Londrina,Cliente_06363,1992-01-25 22:28:13
6364,F,SP,11075.0,Campinas,Cliente_06364,1978-02-27 09:19:42
6365,M,MG,11827.0,Belo Horizonte,Cliente_06365,1979-08-18 23:54:25
6366,M,BA,17391.0,Feira de Santana,Cliente_06366,1958-12-05 10:58:47
6367,M,RJ,14529.0,Campos,Cliente_06367,1956-09-10 21:28:20
6368,F,SP,7591.0,Santos,Cliente_06368,1976-01-15 14:08:13
6369,M,RS,24498.0,Pelotas,Cliente_06369,1976-11-05 20:02:15
6370,M,SC,19405.0,Florianópolis,Cliente_06370,1956-03-14 19:04:53
6371,F,BA,17366.0,Salvador,Cliente_06371,1993-04-25 20:14:55
6372,F,GO,9021.0,Goiânia,Cliente_06372,2007-05-31 22:28:43
6373,F,BA,24443.0,Salvador,Cliente_06373,1959-07-25 00:07:57
6374,F,SP,16910.0,São Paulo,Cliente_06374,1980-07-03 02:20:52
6375,F,DF,19507.0,Brasília,Cliente_06375,1993-08-17 16:43:53
6376,M,SP,21018.0,São Paulo,Cliente_06376,1977-08-21 21:52:08
6377,M,SP,7320.0,Campinas,Cliente_06377,2000-08-30 06:56:13
6378,M,SP,12953.0,Santos,Cliente_06378,1987-11-10 09:05:41
6379,F,BA,,Feira de Santana,Cliente_06379,1965-08-07 07:53:45
6380,F,SP,6196.0,São Paulo,Cliente_06380,1958-05-14 19:38:08
6381,F,MG,3367.0,Juiz de Fora,Cliente_06381,2002-04-08 08:07:38
6382,M,BA,17223.0,Vitória da Conquista,Cliente_06382,1961-09-16 06:03:19
6383,M,SC,20707.0,Blumenau,Cliente_06383,1999-06-12 18:03:49
6384,F,MG,13317.0,Uberlândia,Cliente_06384,2006-08-30 10:55:12
6385,M,RS,23990.0,Pelotas,Cliente_06385,1978-09-08 16:45:57
6386,F,SC,1668.0,Florianópolis,Cliente_06386,1970-12-15 01:37:00
6387,M,GO,11713.0,Goiânia,Cliente_06387,1958-01-13 13:23:58
6388,M,PR,16723.0,Londrina,Cliente_06388,1974-10-06 16:24:41
6389,M,BA,12952.0,Feira de Santana,Cliente_06389,2003-08-08 00:22:08
6390,F,PR,22793.0,Curitiba,Cliente_06390,1966-04-09 11:00:57
6391,M,BA,9527.0,Feira de Santana,Cliente_06391,1985-10-10 02:36:52
6392,M,SC,17791.0,Blumenau,Cliente_06392,1977-01-31 03:55:03
6393,F,GO,12141.0,Anápolis,Cliente_06393,1963-10-03 15:03:14
6394,M,RJ,22565.0,Campos,Cliente_06394,1998-10-05 08:06:42
6395,F,RJ,23021.0,Campos,Cliente_06395,2002-10-29 19:36:42
6396,F,MG,23118.0,Juiz de Fora,Cliente_06396,1993-07-05 04:44:50
6397,F,SP,1724.0,Santos,Cliente_06397,1997-02-17 07:15:41
6398,F,SP,10249.0,Santos,Cliente_06398,1980-06-20 08:29:30
6399,F,RJ,8082.0,Rio de Janeiro,Cliente_06399,1987-01-18 14:52:21
6400,M,SC,3073.0,Florianópolis,Cliente_06400,1980-10-10 11:33:02
6401,F,GO,10077.0,Goiânia,Cliente_06401,1955-09-02 03:32:50
6402,F,MG,10212.0,Juiz de Fora,Cliente_06402,1957-12-22 20:14:13
6403,F,SC,8263.0,Joinville,Cliente_06403,2003-04-17 08:46:48
6404,F,SP,13664.0,Campinas,Cliente_06404,1981-08-10 07:29:11
6405,M,MG,6717.0,Juiz de Fora,Cliente_06405,1984-05-03 07:27:22
6406,F,PR,21026.0,Londrina,Cliente_06406,1980-01-09 22:47:24
6407,M,PE,17772.0,Petrolina,Cliente_06407,1972-07-25 16:15:24
6408,F,RS,14234.0,Caxias do Sul,Cliente_06408,1956-05-28 23:49:10
6409,M,MG,12853.0,Juiz de Fora,Cliente_06409,1963-06-01 00:59:34
6410,F,SP,5001.0,Campinas,Cliente_06410,1955-01-07 07:28:07
6411,F,SC,15030.0,Joinville,Cliente_06411,1966-02-04 16:24:54
6412,M,PR,13894.0,Curitiba,Cliente_06412,1999-01-25 12:15:24
6413,F,RS,2999.0,Caxias do Sul,Cliente_06413,1956-04-21 02:09:19
6414,M,RS,11169.0,Caxias do Sul,Cliente_06414,1963-12-22 06:44:23
6415,F,MG,24571.0,Juiz de Fora,Cliente_06415,1977-03-21 23:46:15
6416,M,RS,23129.0,Caxias do Sul,Cliente_06416,1972-08-10 11:57:32
6417,F,PR,12019.0,Londrina,Cliente_06417,1996-07-24 02:29:52
6418,F,GO,14739.0,Anápolis,Cliente_06418,1961-11-13 11:52:09
6419,M,SC,19628.0,Joinville,Cliente_06419,1980-10-21 14:45:24
6420,F,MG,3539.0,Uberlândia,Cliente_06420,1994-07-15 01:58:21
6421,F,RS,9811.0,Porto Alegre,Cliente_06421,1989-03-18 17:25:56
6422,F,GO,5357.0,Anápolis,Cliente_06422,2002-10-31 21:26:40
6423,F,SC,6450.0,Blumenau,Cliente_06423,1968-10-15 01:35:09
6424,F,BA,24971.0,Vitória da Conquista,Cliente_06424,1998-11-15 16:59:17
6425,F,GO,16941.0,Anápolis,Cliente_06425,1984-06-21 14:50:07
6426,M,BA,14235.0,Feira de Santana,Cliente_06426,1993-09-12 19:01:39
6427,M,BA,23915.0,Feira de Santana,Cliente_06427,2001-08-01 12:54:45
6428,M,GO,3243.0,Goiânia,Cliente_06428,1989-09-07 14:46:13
6429,F,RS,14783.0,Pelotas,Cliente_06429,1965-02-25 21:22:40
6430,M,BA,21425.0,Salvador,Cliente_06430,1983-02-21 12:52:33
6431,F,RS,11138.0,Porto Alegre,Cliente_06431,2003-05-09 03:51:26
6432,F,RS,5116.0,Caxias do Sul,Cliente_06432,2007-08-06 11:12:06
6433,F,SC,16883.0,Joinville,Cliente_06433,1971-08-14 22:22:48
6434,F,DF,5394.0,Brasília,Cliente_06434,1996-09-21 05:46:22
6435,M,PR,19608.0,Maringá,Cliente_06435,1979-07-11 16:27:52
6436,F,RS,7727.0,Caxias do Sul,Cliente_06436,2001-09-23 04:01:01
6437,M,SC,11964.0,Blumenau,Cliente_06437,1988-02-19 17:16:30
6438,F,PE,21946.0,Recife,Cliente_06438,1979-07-23 14:44:10
6439,M,BA,9347.0,Vitória da Conquista,Cliente_06439,1972-07-16 01:01:35
6440,M,MG,5781.0,Juiz de Fora,Cliente_06440,2003-02-01 20:41:12
6441,M,RS,20084.0,Pelotas,Cliente_06441,1985-05-16 05:32:42
6442,M,GO,3643.0,Goiânia,Cliente_06442,1994-09-22 12:38:30
6443,M,BA,16280.0,Salvador,Cliente_06443,2007-10-16 05:38:14
6444,M,BA,4681.0,Feira de Santana,Cliente_06444,2003-07-18 06:22:34
6445,F,PE,20759.0,Caruaru,Cliente_06445,1998-12-23 19:55:38
6446,M,MG,8020.0,Juiz de Fora,Cliente_06446,1987-07-08 01:51:01
6447,F,SC,14552.0,Blumenau,Cliente_06447,1974-07-29 06:32:13
6448,M,PE,13771.0,Recife,Cliente_06448,1976-01-15 18:07:59
6449,F,PR,18980.0,Curitiba,Cliente_06449,2003-12-26 19:33:02
6450,M,BA,13999.0,Salvador,Cliente_06450,1969-08-29 04:51:00
6451,M,RS,,Pelotas,Cliente_06451,1956-08-19 07:20:31
6452,F,RS,17622.0,Pelotas,Cliente_06452,1972-07-04 18:16:07
6453,M,PE,12931.0,Recife,Cliente_06453,1967-04-30 04:23:54
6454,M,PR,8418.0,Maringá,Cliente_06454,1987-12-01 07:53:39
6455,M,RJ,9648.0,Rio de Janeiro,Cliente_06455,1970-08-02 22:50:45
6456,F,SP,14538.0,Campinas,Cliente_06456,1990-06-23 21:30:33
6457,M,GO,15305.0,Goiânia,Cliente_06457,1999-08-18 13:31:10
6458,F,GO,21098.0,Rio Verde,Cliente_06458,1992-09-16 06:33:40
6459,M,RJ,9249.0,Campos,Cliente_06459,1976-07-16 03:00:20
6460,M,BA,23448.0,Vitória da Conquista,Cliente_06460,1962-01-29 23:44:53
6461,F,SC,4371.0,Blumenau,Cliente_06461,1971-10-13 11:38:44
6462,M,MG,5989.0,Belo Horizonte,Cliente_06462,1999-06-27 21:40:00
6463,M,RJ,6107.0,Rio de Janeiro,Cliente_06463,1991-08-27 19:06:06
6464,F,PR,14473.0,Londrina,Cliente_06464,1966-09-16 01:49:47
6465,M,RS,13611.0,Porto Alegre,Cliente_06465,2006-02-17 21:51:02
6466,F,SP,24648.0,Campinas,Cliente_06466,1988-09-23 09:47:58
6467,F,BA,7334.0,Salvador,Cliente_06467,1964-05-05 00:46:42
6468,F,SP,11412.0,São Paulo,Cliente_06468,1957-08-25 03:44:54
6469,M,MG,4899.0,Juiz de Fora,Cliente_06469,1982-08-30 12:28:36
6470,F,RS,23262.0,Caxias do Sul,Cliente_06470,2006-01-20 03:38:51
6471,F,PR,19741.0,Maringá,Cliente_06471,1990-01-12 07:45:02
6472,M,GO,9104.0,Rio Verde,Cliente_06472,1973-10-20 04:53:32
6473,F,MG,12457.0,Belo Horizonte,Cliente_06473,1968-12-11 00:12:10
6474,M,RJ,9231.0,Rio de Janeiro,Cliente_06474,1968-09-25 00:19:44
6475,M,GO,20280.0,Anápolis,Cliente_06475,1977-09-03 05:11:40
6476,M,GO,17308.0,Anápolis,Cliente_06476,1984-10-20 11:28:12
6477,M,PR,3761.0,Curitiba,Cliente_06477,1978-06-02 08:07:40
6478,F,RJ,13309.0,Niterói,Cliente_06478,1966-12-16 08:47:15
6479,F,PE,19196.0,Recife,Cliente_06479,1961-03-16 19:43:31
6480,F,MG,11556.0,Belo Horizonte,Cliente_06480,1982-04-01 11:51:00
6481,F,SC,20189.0,Florianópolis,Cliente_06481,2000-07-27 16:05:00
6482,F,DF,23391.0,Brasília,Cliente_06482,1999-04-23 21:34:00
6483,M,RS,20625.0,Caxias do Sul,Cliente_06483,1965-07-15 10:28:32
6484,F,PR,21220.0,Maringá,Cliente_06484,1963-12-19 05:11:26
6485,F,RS,23043.0,Caxias do Sul,Cliente_06485,1980-06-09 22:31:22
6486,F,MG,2497.0,Juiz de Fora,Cliente_06486,1990-04-12 13:08:03
6487,M,RJ,16655.0,Niterói,Cliente_06487,1996-04-07 05:26:41
6488,M,SC,7853.0,Blumenau,Cliente_06488,1970-09-18 07:43:20
6489,F,DF,20203.0,Brasília,Cliente_06489,1984-04-11 18:09:18
6490,M,SP,4707.0,Santos,Cliente_06490,1980-03-20 05:26:24
6491,F,SC,10775.0,Joinville,Cliente_06491,1973-04-12 16:48:37
6492,F,PR,21465.0,Londrina,Cliente_06492,1984-10-12 11:16:15
6493,M,RS,17374.0,Pelotas,Cliente_06493,1975-08-18 08:23:45
6494,M,SC,4586.0,Florianópolis,Cliente_06494,2005-12-13 03:12:00
6495,F,BA,17473.0,Vitória da Conquista,Cliente_06495,1989-05-13 00:48:53
6496,F,RJ,18605.0,Campos,Cliente_06496,1998-07-24 03:48:54
6497,M,RJ,16370.0,Rio de Janeiro,Cliente_06497,1958-07-09 20:37:50
6498,F,BA,2654.0,Vitória da Conquista,Cliente_06498,1968-12-25 12:38:30
6499,M,GO,17529.0,Goiânia,Cliente_06499,1978-09-01 05:39:49
6500,F,GO,8667.0,Goiânia,Cliente_06500,1976-12-17 22:21:59
6501,M,MG,1516.0,Uberlândia,Cliente_06501,1989-09-23 15:58:25
6502,F,PE,8597.0,Petrolina,Cliente_06502,1994-08-22 01:05:12
6503,F,SP,14665.0,Santos,Cliente_06503,1962-08-14 23:38:00
6504,M,BA,20116.0,Salvador,Cliente_06504,1980-01-27 19:42:32
6505,F,MG,13154.0,Juiz de Fora,Cliente_06505,1972-01-21 14:45:51
6506,F,RS,19330.0,Porto Alegre,Cliente_06506,1978-12-03 05:55:28
6507,M,BA,17705.0,Vitória da Conquista,Cliente_06507,1979-03-28 09:07:46
6508,F,PE,11157.0,Petrolina,Cliente_06508,1990-07-19 07:27:43
6509,F,BA,13459.0,Salvador,Cliente_06509,1991-06-01 21:43:43
6510,F,PE,23658.0,Recife,Cliente_06510,1957-04-23 05:54:09
6511,M,PE,13319.0,Petrolina,Cliente_06511,2004-03-24 08:15:26
6512,M,PE,4583.0,Petrolina,Cliente_06512,1984-02-16 01:01:03
6513,M,RJ,11235.0,Rio de Janeiro,Cliente_06513,1998-03-28 21:35:42
6514,F,SC,8452.0,Joinville,Cliente_06514,1992-03-13 05:54:40
6515,F,RJ,,Niterói,Cliente_06515,1964-06-11 17:26:44
6516,F,MG,10963.0,Juiz de Fora,Cliente_06516,1998-08-07 17:57:36
6517,F,RJ,6891.0,Campos,Cliente_06517,1992-06-27 06:51:14
6518,M,RJ,15968.0,Campos,Cliente_06518,1978-10-31 19:17:09
6519,F,RS,16591.0,Porto Alegre,Cliente_06519,1969-01-04 20:36:05
6520,F,BA,16464.0,Vitória da Conquista,Cliente_06520,1972-11-30 20:52:15
6521,F,RJ,10464.0,Campos,Cliente_06521,1982-12-06 17:30:26
6522,M,DF,9414.0,Brasília,Cliente_06522,1967-04-24 11:25:39
6523,F,PE,15976.0,Petrolina,Cliente_06523,1978-07-04 15:08:54
6524,F,BA,18366.0,Feira de Santana,Cliente_06524,1973-08-12 23:57:16
6525,F,GO,23565.0,Rio Verde,Cliente_06525,1973-01-07 12:05:30
6526,F,RS,8937.0,Pelotas,Cliente_06526,1958-02-08 00:07:25
6527,F,SC,12871.0,Florianópolis,Cliente_06527,2004-06-21 09:52:17
6528,M,RS,11273.0,Caxias do Sul,Cliente_06528,2001-02-14 11:36:24
6529,F,PE,6703.0,Recife,Cliente_06529,2000-05-19 14:39:41
6530,F,BA,21245.0,Vitória da Conquista,Cliente_06530,1976-05-07 00:07:33
6531,F,SC,16930.0,Blumenau,Cliente_06531,1974-10-23 22:31:29
6532,F,SP,13962.0,Santos,Cliente_06532,1978-07-04 09:53:58
6533,F,PR,23831.0,Maringá,Cliente_06533,1960-07-15 22:44:58
6534,F,RS,10533.0,Pelotas,Cliente_06534,2007-07-09 23:08:26
6535,F,SC,21418.0,Florianópolis,Cliente_06535,1959-06-28 15:31:05
6536,F,MG,19756.0,Juiz de Fora,Cliente_06536,1976-01-07 19:50:33
6537,F,SC,17254.0,Blumenau,Cliente_06537,1966-04-19 03:51:37
6538,F,PR,23866.0,Londrina,Cliente_06538,1995-11-02 02:02:48
6539,M,PE,21389.0,Caruaru,Cliente_06539,1956-08-27 20:51:09
6540,M,BA,4820.0,Vitória da Conquista,Cliente_06540,1991-05-31 14:51:24
6541,M,SP,16479.0,Santos,Cliente_06541,1999-07-29 03:19:06
6542,M,MG,4228.0,Juiz de Fora,Cliente_06542,2000-09-05 04:59:03
6543,F,SC,18838.0,Blumenau,Cliente_06543,1998-08-30 07:08:52
6544,M,DF,3095.0,Brasília,Cliente_06544,1973-06-16 03:49:54
6545,M,RJ,3788.0,Campos,Cliente_06545,1977-03-13 15:29:38
6546,F,PE,8345.0,Petrolina,Cliente_06546,1999-07-04 06:47:05
6547,M,RS,9163.0,Porto Alegre,Cliente_06547,1991-04-12 10:33:27
6548,M,RS,24820.0,Porto Alegre,Cliente_06548,1990-01-29 09:20:12
6549,F,PR,18627.0,Curitiba,Cliente_06549,1966-03-01 18:41:40
6550,F,PE,19378.0,Caruaru,Cliente_06550,1979-04-15 05:34:23
6551,F,MG,24490.0,Juiz de Fora,Cliente_06551,1999-11-16 06:44:10
6552,M,GO,8444.0,Anápolis,Cliente_06552,2004-08-27 07:51:19
6553,M,SP,13802.0,Campinas,Cliente_06553,1972-10-15 17:02:56
6554,F,MG,11680.0,Uberlândia,Cliente_06554,1955-12-04 09:57:12
6555,F,SP,1707.0,São Paulo,Cliente_06555,1965-04-27 09:54:18
6556,M,BA,2583.0,Vitória da Conquista,Cliente_06556,1958-09-07 04:37:06
6557,F,BA,20296.0,Vitória da Conquista,Cliente_06557,1955-08-07 14:48:44
6558,M,PE,4811.0,Caruaru,Cliente_06558,1986-01-10 18:21:19
6559,F,PE,24635.0,Recife,Cliente_06559,1959-05-10 01:01:35
6560,F,RS,10088.0,Caxias do Sul,Cliente_06560,1998-02-03 08:11:29
6561,M,RJ,18092.0,Niterói,Cliente_06561,1972-03-18 18:03:02
6562,F,PR,14944.0,Maringá,Cliente_06562,1962-03-28 06:12:09
6563,F,RJ,20540.0,Rio de Janeiro,Cliente_06563,1986-01-12 11:32:03
6564,F,MG,7350.0,Juiz de Fora,Cliente_06564,1965-09-30 14:28:38
6565,M,RS,20320.0,Caxias do Sul,Cliente_06565,2007-06-04 14:15:14
6566,F,SP,14219.0,Santos,Cliente_06566,1996-02-04 15:11:25
6567,F,GO,23277.0,Anápolis,Cliente_06567,1973-01-21 19:02:29
6568,F,SC,18017.0,Florianópolis,Cliente_06568,1963-04-23 06:02:30
6569,F,DF,18522.0,Brasília,Cliente_06569,1957-08-25 05:14:46
6570,F,BA,2728.0,Vitória da Conquista,Cliente_06570,1963-09-08 04:34:54
6571,F,RJ,5519.0,Campos,Cliente_06571,1971-04-19 12:33:33
6572,M,PR,10982.0,Maringá,Cliente_06572,1981-04-30 07:32:52
6573,M,GO,15605.0,Rio Verde,Cliente_06573,1976-12-11 06:52:31
6574,F,GO,20080.0,Rio Verde,Cliente_06574,1963-04-01 06:56:31
6575,M,BA,11395.0,Salvador,Cliente_06575,1983-10-02 20:36:21
6576,M,DF,15635.0,Brasília,Cliente_06576,1998-03-17 11:08:18
6577,F,PE,17745.0,Recife,Cliente_06577,1995-10-19 23:46:39
6578,M,GO,11887.0,Rio Verde,Cliente_06578,1960-11-09 05:46:51
6579,M,MG,18859.0,Uberlândia,Cliente_06579,1997-02-27 06:08:03
6580,M,MG,16404.0,Uberlândia,Cliente_06580,1973-09-13 01:27:59
6581,M,PE,7621.0,Petrolina,Cliente_06581,1997-07-06 14:46:18
6582,M,SP,2528.0,Santos,Cliente_06582,1992-06-10 16:08:21
6583,M,RS,18409.0,Porto Alegre,Cliente_06583,1989-10-14 07:41:22
6584,M,PE,3827.0,Recife,Cliente_06584,1973-02-24 14:23:58
6585,M,DF,20430.0,Brasília,Cliente_06585,1963-10-19 05:58:14
6586,F,MG,18719.0,Juiz de Fora,Cliente_06586,1971-01-14 00:08:18
6587,F,GO,3983.0,Rio Verde,Cliente_06587,1966-08-02 15:48:30
6588,M,MG,4234.0,Uberlândia,Cliente_06588,1974-06-04 00:52:56
6589,M,SC,11230.0,Florianópolis,Cliente_06589,1972-09-13 16:47:47
6590,F,RS,11602.0,Pelotas,Cliente_06590,2005-03-15 15:31:13
6591,M,PR,8804.0,Curitiba,Cliente_06591,1964-10-02 10:48:37
6592,M,SC,5549.0,Blumenau,Cliente_06592,2000-10-04 13:03:09
6593,F,SP,16447.0,Santos,Cliente_06593,1993-01-21 21:15:20
6594,F,BA,10995.0,Vitória da Conquista,Cliente_06594,1998-10-09 08:23:53
6595,F,SC,1892.0,Blumenau,Cliente_06595,1964-02-16 04:52:33
6596,M,SP,13276.0,Campinas,Cliente_06596,1963-05-01 11:01:02
6597,M,SP,12367.0,Santos,Cliente_06597,1996-05-15 06:15:31
6598,F,PR,3966.0,Londrina,Cliente_06598,1990-06-16 16:16:36
6599,F,BA,2725.0,Feira de Santana,Cliente_06599,1975-10-02 00:37:12
6600,M,RJ,16487.0,Campos,Cliente_06600,1997-12-07 06:05:40
6601,F,PE,20589.0,Recife,Cliente_06601,2000-04-07 21:23:49
6602,M,GO,1961.0,Goiânia,Cliente_06602,1996-05-23 22:22:38
6603,M,DF,11493.0,Brasília,Cliente_06603,1957-09-25 17:19:47
6604,F,DF,12965.0,Brasília,Cliente_06604,1981-05-02 20:06:52
6605,F,DF,21869.0,Brasília,Cliente_06605,1990-04-30 09:40:49
6606,M,RJ,18035.0,Campos,Cliente_06606,2007-03-01 23:00:31
6607,F,PE,11961.0,Petrolina,Cliente_06607,1955-08-04 11:49:42
6608,F,DF,13866.0,Brasília,Cliente_06608,1999-12-26 21:39:10
6609,F,PE,3285.0,Petrolina,Cliente_06609,1972-01-09 10:44:11
6610,F,GO,7742.0,Goiânia,Cliente_06610,1959-04-29 14:33:07
6611,M,DF,15812.0,Brasília,Cliente_06611,1988-08-06 17:04:27
6612,M,BA,7856.0,Salvador,Cliente_06612,1975-09-01 16:50:08
6613,M,SP,24729.0,Santos,Cliente_06613,1968-02-17 19:57:59
6614,M,DF,21344.0,Brasília,Cliente_06614,1982-04-21 10:24:33
6615,F,PE,19720.0,Recife,Cliente_06615,1990-05-08 01:19:39
6616,F,SP,11089.0,Campinas,Cliente_06616,1980-02-19 01:52:09
6617,M,PR,23627.0,Curitiba,Cliente_06617,2004-04-04 20:20:59
6618,M,DF,24162.0,Brasília,Cliente_06618,1991-03-08 06:04:41
6619,F,DF,2993.0,Brasília,Cliente_06619,1961-05-20 00:29:40
6620,M,SC,19432.0,Florianópolis,Cliente_06620,1977-10-12 10:29:46
6621,M,SP,6663.0,Santos,Cliente_06621,1984-03-31 18:17:55
6622,F,DF,11112.0,Brasília,Cliente_06622,1965-08-19 04:52:49
6623,M,BA,15797.0,Feira de Santana,Cliente_06623,1984-11-21 16:42:38
6624,F,GO,7204.0,Rio Verde,Cliente_06624,2001-04-09 10:58:28
6625,F,SP,24288.0,São Paulo,Cliente_06625,1961-07-17 17:27:25
6626,M,GO,8188.0,Anápolis,Cliente_06626,2005-08-31 08:39:19
6627,F,RS,17335.0,Pelotas,Cliente_06627,1964-08-07 10:44:22
6628,M,PE,21535.0,Recife,Cliente_06628,1976-06-22 05:12:35
6629,F,PR,19947.0,Londrina,Cliente_06629,1976-08-29 14:24:50
6630,M,SC,19904.0,Blumenau,Cliente_06630,1997-04-01 18:29:27
6631,M,BA,22641.0,Feira de Santana,Cliente_06631,1976-03-04 02:21:43
6632,M,PR,23807.0,Curitiba,Cliente_06632,1980-06-26 06:23:08
6633,F,SC,11841.0,Blumenau,Cliente_06633,1970-09-11 10:45:13
6634,F,PR,8853.0,Curitiba,Cliente_06634,1970-10-25 12:36:36
6635,M,PR,10642.0,Londrina,Cliente_06635,1961-11-02 06:57:08
6636,F,MG,16766.0,Belo Horizonte,Cliente_06636,1989-08-01 12:58:47
6637,M,PE,9716.0,Caruaru,Cliente_06637,1970-12-22 13:16:49
6638,M,RJ,17432.0,Campos,Cliente_06638,1987-02-05 19:39:38
6639,F,SC,13517.0,Florianópolis,Cliente_06639,1958-04-20 14:52:25
6640,M,BA,2069.0,Vitória da Conquista,Cliente_06640,1994-08-25 03:20:35
6641,F,SP,6612.0,Santos,Cliente_06641,2005-11-16 12:36:45
6642,M,PR,2855.0,Maringá,Cliente_06642,1978-01-12 11:31:57
6643,F,PR,9556.0,Maringá,Cliente_06643,1968-08-27 10:52:13
6644,M,SC,17586.0,Florianópolis,Cliente_06644,1960-12-29 15:42:26
6645,M,RS,18714.0,Porto Alegre,Cliente_06645,1968-11-14 08:31:37
6646,F,RJ,23015.0,Campos,Cliente_06646,1980-09-27 11:29:16
6647,M,PR,15720.0,Maringá,Cliente_06647,1975-03-10 06:52:20
6648,M,DF,15998.0,Brasília,Cliente_06648,1979-05-18 05:55:01
6649,F,MG,23286.0,Uberlândia,Cliente_06649,1992-01-19 15:11:44
6650,M,GO,2334.0,Rio Verde,Cliente_06650,1966-03-12 08:31:44
6651,F,MG,22836.0,Uberlândia,Cliente_06651,1955-05-31 05:38:18
6652,M,RJ,12808.0,Niterói,Cliente_06652,1962-06-28 21:44:25
6653,F,DF,2469.0,Brasília,Cliente_06653,1981-11-04 04:07:46
6654,M,MG,2092.0,Juiz de Fora,Cliente_06654,1974-12-05 04:18:25
6655,M,GO,1754.0,Goiânia,Cliente_06655,2005-03-21 23:18:19
6656,M,SP,11806.0,Campinas,Cliente_06656,1981-08-19 18:16:48
6657,F,PE,4161.0,Recife,Cliente_06657,1992-01-16 05:20:10
6658,F,SP,16809.0,Santos,Cliente_06658,1968-09-21 01:18:35
6659,F,PE,10294.0,Petrolina,Cliente_06659,1959-01-29 17:35:24
6660,F,RS,19723.0,Pelotas,Cliente_06660,1978-07-28 23:49:36
6661,M,RS,7405.0,Pelotas,Cliente_06661,1972-01-09 06:40:25
6662,M,RS,3931.0,Caxias do Sul,Cliente_06662,2002-06-29 12:26:37
6663,F,MG,9256.0,Uberlândia,Cliente_06663,2001-12-21 02:31:19
6664,F,RS,6853.0,Porto Alegre,Cliente_06664,1999-11-13 22:26:12
6665,F,PE,18849.0,Recife,Cliente_06665,1988-12-04 08:27:47
6666,M,SP,3237.0,Campinas,Cliente_06666,1965-03-06 10:46:22
6667,F,SC,18368.0,Blumenau,Cliente_06667,1967-01-25 21:08:39
6668,F,PR,13826.0,Curitiba,Cliente_06668,2004-01-22 02:28:26
6669,M,PE,14411.0,Caruaru,Cliente_06669,1995-06-07 04:34:37
6670,M,SP,24135.0,São Paulo,Cliente_06670,1998-01-14 23:40:23
6671,F,SP,19911.0,Campinas,Cliente_06671,1991-03-15 12:23:11
6672,M,PR,6713.0,Maringá,Cliente_06672,1961-04-27 20:57:06
6673,F,DF,7727.0,Brasília,Cliente_06673,1997-02-07 23:36:11
6674,M,SC,12779.0,Joinville,Cliente_06674,1968-01-14 22:51:35
6675,F,DF,17336.0,Brasília,Cliente_06675,1998-12-11 12:58:20
6676,F,DF,24865.0,Brasília,Cliente_06676,1977-11-05 18:02:08
6677,F,SP,10296.0,São Paulo,Cliente_06677,1979-11-18 03:22:36
6678,F,GO,17851.0,Anápolis,Cliente_06678,1971-12-07 09:57:40
6679,M,BA,18852.0,Salvador,Cliente_06679,1961-02-12 18:59:16
6680,M,PE,18320.0,Recife,Cliente_06680,1997-02-12 12:31:16
6681,M,MG,12466.0,Belo Horizonte,Cliente_06681,1996-12-02 07:18:48
6682,M,DF,15467.0,Brasília,Cliente_06682,2007-12-23 08:05:29
6683,F,RS,3309.0,Pelotas,Cliente_06683,1961-10-04 08:26:58
6684,F,MG,8046.0,Juiz de Fora,Cliente_06684,1992-02-07 16:38:55
6685,M,RJ,9607.0,Niterói,Cliente_06685,2002-07-07 11:37:53
6686,M,GO,7005.0,Anápolis,Cliente_06686,1964-11-01 07:46:41
6687,M,MG,6757.0,Belo Horizonte,Cliente_06687,1988-07-04 08:46:06
6688,M,PR,16551.0,Maringá,Cliente_06688,1978-01-19 02:40:04
6689,M,BA,6409.0,Feira de Santana,Cliente_06689,2004-01-05 04:29:40
6690,F,SC,16366.0,Joinville,Cliente_06690,2004-10-21 06:55:49
6691,F,PR,11521.0,Maringá,Cliente_06691,1980-01-25 19:41:19
6692,F,DF,16858.0,Brasília,Cliente_06692,1999-03-07 19:05:40
6693,M,GO,1961.0,Goiânia,Cliente_06693,1961-07-17 05:12:08
6694,M,GO,17232.0,Anápolis,Cliente_06694,1984-11-02 11:43:36
6695,M,DF,4733.0,Brasília,Cliente_06695,1999-12-25 03:24:17
6696,M,BA,13628.0,Salvador,Cliente_06696,1995-11-17 23:13:10
6697,F,SP,6702.0,Santos,Cliente_06697,2003-03-16 16:56:57
6698,F,MG,4439.0,Juiz de Fora,Cliente_06698,1989-07-17 22:17:36
6699,M,RS,16697.0,Caxias do Sul,Cliente_06699,1994-02-17 01:30:27
6700,F,DF,15222.0,Brasília,Cliente_06700,1965-01-21 04:45:21
6701,F,RS,14498.0,Caxias do Sul,Cliente_06701,2002-04-23 14:50:01
6702,M,MG,17972.0,Juiz de Fora,Cliente_06702,1958-03-14 02:39:52
6703,M,BA,19547.0,Salvador,Cliente_06703,1989-02-22 06:21:19
6704,M,SP,4801.0,São Paulo,Cliente_06704,1971-08-25 05:40:14
6705,M,SC,23021.0,Blumenau,Cliente_06705,1994-12-03 04:32:05
6706,M,BA,17140.0,Feira de Santana,Cliente_06706,1965-05-25 11:30:27
6707,M,RS,23913.0,Pelotas,Cliente_06707,1990-03-14 08:06:42
6708,F,GO,18305.0,Anápolis,Cliente_06708,1966-04-01 04:23:43
6709,F,GO,21633.0,Goiânia,Cliente_06709,2001-02-16 09:42:27
6710,M,RJ,17631.0,Niterói,Cliente_06710,2003-12-26 05:15:11
6711,F,PE,22855.0,Recife,Cliente_06711,1981-05-03 19:04:49
6712,M,PR,24729.0,Maringá,Cliente_06712,2002-07-22 12:58:44
6713,M,PR,5933.0,Londrina,Cliente_06713,1996-12-24 00:42:32
6714,M,DF,1765.0,Brasília,Cliente_06714,1961-10-25 14:34:39
6715,M,RS,4350.0,Porto Alegre,Cliente_06715,1995-01-03 20:21:09
6716,F,PR,2878.0,Londrina,Cliente_06716,1989-01-02 09:05:53
6717,M,PR,8003.0,Curitiba,Cliente_06717,1989-08-25 16:43:36
6718,F,BA,8657.0,Salvador,Cliente_06718,1986-10-29 09:52:13
6719,M,SC,11506.0,Blumenau,Cliente_06719,1985-11-18 01:52:48
6720,M,RS,22300.0,Pelotas,Cliente_06720,1987-09-22 07:53:53
6721,M,RJ,,Niterói,Cliente_06721,1999-07-08 18:35:32
6722,F,SC,6314.0,Florianópolis,Cliente_06722,1956-03-13 21:32:57
6723,M,RJ,21648.0,Campos,Cliente_06723,1959-04-08 10:54:47
6724,M,RS,11500.0,Caxias do Sul,Cliente_06724,1962-06-28 05:06:58
6725,M,SP,16788.0,Santos,Cliente_06725,1986-10-05 23:12:17
6726,F,SP,4774.0,Campinas,Cliente_06726,1976-01-21 12:29:55
6727,F,PR,18600.0,Maringá,Cliente_06727,1980-10-19 04:25:23
6728,F,DF,22964.0,Brasília,Cliente_06728,1964-12-25 00:44:15
6729,M,GO,15727.0,Rio Verde,Cliente_06729,1978-07-28 23:50:06
6730,F,BA,18779.0,Salvador,Cliente_06730,2004-01-25 15:39:49
6731,M,PR,10868.0,Curitiba,Cliente_06731,2002-09-08 11:45:44
6732,F,PE,13445.0,Petrolina,Cliente_06732,1976-05-18 10:38:34
6733,F,SP,11468.0,São Paulo,Cliente_06733,1998-10-21 05:55:16
6734,M,PR,11151.0,Maringá,Cliente_06734,1997-01-21 15:31:25
6735,F,GO,15403.0,Anápolis,Cliente_06735,1996-04-08 13:25:21
6736,M,RJ,20427.0,Campos,Cliente_06736,1970-02-18 07:55:30
6737,M,RJ,9271.0,Campos,Cliente_06737,1984-07-25 23:18:22
6738,F,MG,14960.0,Uberlândia,Cliente_06738,1970-08-17 07:16:02
6739,M,BA,6137.0,Feira de Santana,Cliente_06739,2003-04-04 19:44:04
6740,M,DF,14422.0,Brasília,Cliente_06740,2006-05-30 19:34:06
6741,F,RJ,9566.0,Rio de Janeiro,Cliente_06741,2002-02-17 09:30:11
6742,F,MG,5053.0,Uberlândia,Cliente_06742,2000-06-26 11:49:05
6743,M,SP,2849.0,São Paulo,Cliente_06743,1996-08-02 07:16:07
6744,F,RJ,4486.0,Campos,Cliente_06744,1983-11-29 09:04:18
6745,M,DF,13022.0,Brasília,Cliente_06745,1978-08-29 07:26:11
6746,M,PR,3622.0,Londrina,Cliente_06746,1971-02-14 02:31:49
6747,F,GO,15392.0,Rio Verde,Cliente_06747,1963-06-30 20:03:42
6748,F,PE,10189.0,Recife,Cliente_06748,1963-07-09 16:59:20
6749,F,RJ,15562.0,Niterói,Cliente_06749,2002-11-14 04:19:58
6750,F,PE,2863.0,Recife,Cliente_06750,1987-11-19 12:10:19
6751,M,PE,18191.0,Recife,Cliente_06751,1968-01-17 12:00:03
6752,M,PE,4251.0,Caruaru,Cliente_06752,1960-06-17 08:30:58
6753,F,SC,9282.0,Joinville,Cliente_06753,1995-05-29 15:06:12
6754,F,PE,19148.0,Recife,Cliente_06754,1979-10-10 10:28:40
6755,M,SC,14040.0,Joinville,Cliente_06755,1978-10-22 23:52:16
6756,M,GO,14723.0,Goiânia,Cliente_06756,2001-09-24 08:05:56
6757,M,PE,6839.0,Petrolina,Cliente_06757,1970-08-04 21:50:50
6758,M,MG,7348.0,Juiz de Fora,Cliente_06758,1979-06-14 16:44:51
6759,F,PE,18377.0,Caruaru,Cliente_06759,1971-10-01 21:53:56
6760,M,RS,19905.0,Caxias do Sul,Cliente_06760,1966-05-14 08:07:02
6761,M,BA,19631.0,Vitória da Conquista,Cliente_06761,1963-02-21 02:17:20
6762,F,MG,17361.0,Belo Horizonte,Cliente_06762,1979-01-30 10:05:12
6763,M,DF,14965.0,Brasília,Cliente_06763,2003-05-24 09:34:06
6764,M,RJ,22971.0,Rio de Janeiro,Cliente_06764,1989-03-28 15:36:38
6765,F,GO,4802.0,Goiânia,Cliente_06765,1991-12-28 06:35:26
6766,F,GO,15937.0,Anápolis,Cliente_06766,1970-09-08 01:39:15
6767,F,RS,16662.0,Porto Alegre,Cliente_06767,2004-05-17 04:35:01
6768,M,RS,16012.0,Caxias do Sul,Cliente_06768,1989-10-08 12:10:20
6769,M,RS,6522.0,Caxias do Sul,Cliente_06769,1981-02-07 16:01:47
6770,F,RS,11971.0,Caxias do Sul,Cliente_06770,2003-01-02 04:49:45
6771,F,RS,7655.0,Pelotas,Cliente_06771,1972-12-08 14:17:54
6772,M,SP,24293.0,São Paulo,Cliente_06772,1993-10-03 19:19:10
6773,F,PR,6754.0,Londrina,Cliente_06773,2007-09-30 11:28:48
6774,F,GO,5854.0,Goiânia,Cliente_06774,1974-11-28 06:08:37
6775,F,RS,21337.0,Pelotas,Cliente_06775,2006-10-13 19:03:54
6776,M,RJ,4016.0,Rio de Janeiro,Cliente_06776,1997-08-02 12:50:12
6777,M,SP,17372.0,Santos,Cliente_06777,1957-12-06 03:42:51
6778,M,MG,11656.0,Uberlândia,Cliente_06778,1965-10-27 21:15:37
6779,M,MG,23953.0,Uberlândia,Cliente_06779,1984-08-31 09:39:24
6780,M,SC,10338.0,Blumenau,Cliente_06780,1984-06-15 14:44:13
6781,M,PR,14234.0,Londrina,Cliente_06781,2002-07-16 19:39:25
6782,F,MG,12522.0,Belo Horizonte,Cliente_06782,1992-03-06 19:13:00
6783,M,RS,6708.0,Porto Alegre,Cliente_06783,1995-09-23 04:57:27
6784,M,GO,18078.0,Rio Verde,Cliente_06784,2002-03-16 14:05:35
6785,F,SC,15225.0,Florianópolis,Cliente_06785,1989-09-01 21:22:39
6786,M,BA,10837.0,Feira de Santana,Cliente_06786,1971-07-19 03:21:36
6787,M,SP,12201.0,Campinas,Cliente_06787,1956-07-19 14:32:55
6788,F,BA,22175.0,Feira de Santana,Cliente_06788,2005-05-13 05:22:36
6789,F,BA,11775.0,Salvador,Cliente_06789,1973-01-21 23:25:30
6790,F,RS,7710.0,Caxias do Sul,Cliente_06790,1960-05-11 10:01:42
6791,M,BA,13044.0,Salvador,Cliente_06791,1976-06-25 21:13:52
6792,F,BA,23014.0,Vitória da Conquista,Cliente_06792,1963-02-21 19:45:33
6793,M,MG,17827.0,Uberlândia,Cliente_06793,2002-05-11 22:26:32
6794,M,DF,15541.0,Brasília,Cliente_06794,1978-09-16 15:07:15
6795,M,SC,18205.0,Blumenau,Cliente_06795,1977-12-10 15:39:40
6796,M,BA,11979.0,Salvador,Cliente_06796,1977-01-07 11:19:34
6797,F,PR,12823.0,Curitiba,Cliente_06797,1972-08-28 20:46:26
6798,F,RJ,14437.0,Campos,Cliente_06798,1999-03-24 14:04:39
6799,M,SC,24589.0,Joinville,Cliente_06799,1994-03-11 00:58:53
6800,F,PR,3202.0,Londrina,Cliente_06800,1978-04-16 15:46:57
6801,M,RJ,11904.0,Niterói,Cliente_06801,1964-06-17 17:52:29
6802,M,BA,2330.0,Vitória da Conquista,Cliente_06802,1986-09-03 00:25:27
6803,M,DF,9880.0,Brasília,Cliente_06803,1957-08-10 19:56:47
6804,F,PE,23490.0,Recife,Cliente_06804,1975-11-02 11:34:24
6805,M,GO,1591.0,Rio Verde,Cliente_06805,1960-05-02 02:45:57
6806,M,PR,5377.0,Curitiba,Cliente_06806,1995-03-03 15:45:44
6807,F,BA,11603.0,Feira de Santana,Cliente_06807,1968-06-06 00:23:52
6808,F,SC,20220.0,Joinville,Cliente_06808,1998-10-29 13:39:45
6809,F,MG,9176.0,Belo Horizonte,Cliente_06809,1968-09-03 05:17:59
6810,F,BA,3080.0,Feira de Santana,Cliente_06810,1956-12-05 01:21:59
6811,M,PE,17287.0,Petrolina,Cliente_06811,1990-09-11 09:48:03
6812,F,BA,11100.0,Salvador,Cliente_06812,1988-06-17 23:18:27
6813,M,BA,16912.0,Feira de Santana,Cliente_06813,1970-12-08 02:25:24
6814,F,GO,23676.0,Anápolis,Cliente_06814,1987-12-19 22:34:02
6815,F,MG,1973.0,Uberlândia,Cliente_06815,1958-01-28 20:43:53
6816,F,PR,13124.0,Londrina,Cliente_06816,1964-11-25 03:26:14
6817,F,RS,18153.0,Porto Alegre,Cliente_06817,1984-05-17 13:24:48
6818,F,RS,24434.0,Porto Alegre,Cliente_06818,1990-12-05 07:44:10
6819,F,SC,18577.0,Joinville,Cliente_06819,1999-07-25 03:13:44
6820,M,DF,14163.0,Brasília,Cliente_06820,1964-07-06 13:14:58
6821,F,BA,19299.0,Vitória da Conquista,Cliente_06821,1957-12-21 21:34:02
6822,F,SC,16017.0,Blumenau,Cliente_06822,1961-05-10 00:11:02
6823,F,DF,19967.0,Brasília,Cliente_06823,1999-01-24 23:18:28
6824,F,PR,19119.0,Maringá,Cliente_06824,1972-10-23 12:04:04
6825,M,PR,5467.0,Maringá,Cliente_06825,2002-08-17 13:51:44
6826,F,MG,14711.0,Belo Horizonte,Cliente_06826,1985-12-19 04:37:05
6827,F,RS,22669.0,Porto Alegre,Cliente_06827,1983-04-13 06:07:00
6828,F,RS,24009.0,Pelotas,Cliente_06828,1960-12-01 12:54:41
6829,F,SC,8134.0,Florianópolis,Cliente_06829,2005-04-03 22:30:40
6830,M,GO,23852.0,Rio Verde,Cliente_06830,1961-04-26 21:42:26
6831,F,RS,2340.0,Caxias do Sul,Cliente_06831,2007-08-29 20:41:14
6832,M,GO,22967.0,Anápolis,Cliente_06832,1985-01-20 04:41:20
6833,F,GO,2961.0,Rio Verde,Cliente_06833,1962-12-26 01:06:01
6834,M,PR,22818.0,Curitiba,Cliente_06834,1960-06-11 19:49:27
6835,M,MG,16905.0,Juiz de Fora,Cliente_06835,1972-05-28 01:43:19
6836,F,SC,16503.0,Florianópolis,Cliente_06836,1999-03-26 20:08:07
6837,F,RJ,4972.0,Niterói,Cliente_06837,1955-12-22 22:55:18
6838,M,SC,17347.0,Florianópolis,Cliente_06838,1988-05-16 00:19:13
6839,M,GO,8075.0,Rio Verde,Cliente_06839,1960-06-21 19:18:16
6840,F,DF,6343.0,Brasília,Cliente_06840,1966-01-08 00:03:50
6841,M,DF,9239.0,Brasília,Cliente_06841,1962-01-17 08:53:40
6842,M,MG,16352.0,Uberlândia,Cliente_06842,1989-08-23 23:20:19
6843,M,PR,17824.0,Londrina,Cliente_06843,1977-12-08 07:36:55
6844,F,PR,20393.0,Curitiba,Cliente_06844,1963-04-30 04:19:00
6845,M,GO,10657.0,Anápolis,Cliente_06845,1992-03-04 20:33:41
6846,M,GO,23906.0,Anápolis,Cliente_06846,1959-01-26 22:56:19
6847,M,PE,19922.0,Recife,Cliente_06847,1957-09-05 23:45:53
6848,F,PE,16016.0,Caruaru,Cliente_06848,1964-01-16 14:37:26
6849,F,GO,13932.0,Rio Verde,Cliente_06849,1955-11-11 11:23:39
6850,M,RS,19734.0,Porto Alegre,Cliente_06850,2002-02-06 14:17:15
6851,F,SC,8932.0,Florianópolis,Cliente_06851,1957-09-11 12:27:18
6852,M,RS,20337.0,Porto Alegre,Cliente_06852,2005-02-04 03:19:34
6853,F,PR,16648.0,Curitiba,Cliente_06853,1969-05-21 13:28:31
6854,F,RJ,20900.0,Campos,Cliente_06854,2006-12-14 15:56:59
6855,M,SC,12694.0,Florianópolis,Cliente_06855,1958-08-31 15:54:42
6856,F,RS,16319.0,Pelotas,Cliente_06856,2001-12-24 07:46:20
6857,F,RS,8125.0,Porto Alegre,Cliente_06857,1994-05-02 16:01:48
6858,F,SP,8904.0,São Paulo,Cliente_06858,1966-08-04 14:43:42
6859,M,SC,16174.0,Joinville,Cliente_06859,1975-08-13 14:37:14
6860,F,RJ,12007.0,Niterói,Cliente_06860,1959-03-29 16:54:29
6861,F,MG,21887.0,Juiz de Fora,Cliente_06861,1973-12-14 18:42:34
6862,M,MG,20197.0,Uberlândia,Cliente_06862,1979-05-08 04:04:50
6863,F,RS,6123.0,Porto Alegre,Cliente_06863,1963-10-23 16:29:34
6864,F,GO,21047.0,Rio Verde,Cliente_06864,1968-06-09 17:25:28
6865,F,RJ,8515.0,Niterói,Cliente_06865,1986-05-27 04:52:04
6866,F,RJ,16761.0,Rio de Janeiro,Cliente_06866,1979-03-01 15:02:29
6867,F,PR,9282.0,Londrina,Cliente_06867,1963-07-12 17:53:09
6868,M,DF,6714.0,Brasília,Cliente_06868,1963-07-22 18:54:31
6869,M,SP,8438.0,Campinas,Cliente_06869,2007-08-17 10:25:29
6870,F,PR,4488.0,Londrina,Cliente_06870,2004-05-31 04:16:42
6871,F,RJ,6656.0,Niterói,Cliente_06871,1975-02-04 08:21:38
6872,F,BA,7012.0,Salvador,Cliente_06872,1969-11-10 13:20:15
6873,M,GO,11288.0,Anápolis,Cliente_06873,1965-01-23 21:13:58
6874,M,RJ,15685.0,Campos,Cliente_06874,1987-03-12 03:23:54
6875,F,SP,20234.0,Santos,Cliente_06875,1964-04-16 07:01:14
6876,F,RJ,11471.0,Niterói,Cliente_06876,1973-11-04 04:31:15
6877,M,SC,21872.0,Blumenau,Cliente_06877,2000-03-27 01:00:04
6878,F,SC,12140.0,Joinville,Cliente_06878,1957-11-07 04:46:41
6879,M,PE,20754.0,Recife,Cliente_06879,1976-03-17 05:07:44
6880,M,SP,7987.0,São Paulo,Cliente_06880,1995-08-01 21:00:33
6881,F,RS,20794.0,Pelotas,Cliente_06881,1961-12-08 01:39:37
6882,M,DF,22497.0,Brasília,Cliente_06882,1993-07-18 17:24:05
6883,F,RS,15188.0,Pelotas,Cliente_06883,1994-02-09 14:41:37
6884,F,DF,13952.0,Brasília,Cliente_06884,1986-10-20 02:31:19
6885,F,DF,16872.0,Brasília,Cliente_06885,1977-01-26 16:32:35
6886,F,DF,13499.0,Brasília,Cliente_06886,2001-10-21 12:30:02
6887,F,MG,14934.0,Uberlândia,Cliente_06887,1986-11-15 16:14:01
6888,F,DF,13916.0,Brasília,Cliente_06888,2005-08-02 01:16:29
6889,M,RJ,20748.0,Niterói,Cliente_06889,1955-09-17 17:08:02
6890,M,BA,15445.0,Feira de Santana,Cliente_06890,1992-04-25 06:25:41
6891,M,SP,2517.0,São Paulo,Cliente_06891,1987-09-12 07:58:07
6892,M,BA,6190.0,Feira de Santana,Cliente_06892,1990-06-01 08:07:14
6893,F,PE,9873.0,Recife,Cliente_06893,2007-05-02 22:14:49
6894,M,RJ,24643.0,Campos,Cliente_06894,1997-10-25 20:32:31
6895,M,DF,15878.0,Brasília,Cliente_06895,1969-05-27 20:36:12
6896,M,MG,20335.0,Belo Horizonte,Cliente_06896,1957-07-10 06:24:31
6897,F,PR,19836.0,Maringá,Cliente_06897,1968-04-25 12:40:43
6898,M,RS,6200.0,Porto Alegre,Cliente_06898,1959-04-24 02:46:16
6899,F,SC,15401.0,Florianópolis,Cliente_06899,2002-04-20 05:54:29
6900,M,SP,24097.0,Campinas,Cliente_06900,1960-05-02 18:23:10
6901,F,BA,2160.0,Vitória da Conquista,Cliente_06901,2000-10-11 08:23:35
6902,F,RJ,19199.0,Rio de Janeiro,Cliente_06902,1989-11-22 23:35:31
6903,M,PR,8881.0,Curitiba,Cliente_06903,1988-01-05 01:54:59
6904,F,GO,4419.0,Rio Verde,Cliente_06904,1965-05-13 13:56:23
6905,F,GO,19956.0,Goiânia,Cliente_06905,1999-11-18 20:34:30
6906,M,SC,23326.0,Blumenau,Cliente_06906,1959-04-27 11:22:28
6907,M,GO,19903.0,Rio Verde,Cliente_06907,1982-12-28 09:42:39
6908,M,RS,12432.0,Pelotas,Cliente_06908,1969-06-13 15:52:15
6909,F,PE,24509.0,Recife,Cliente_06909,1956-04-22 02:17:05
6910,F,GO,2315.0,Goiânia,Cliente_06910,1997-05-28 09:52:21
6911,F,SC,22661.0,Joinville,Cliente_06911,1998-02-04 14:45:04
6912,M,PE,16010.0,Petrolina,Cliente_06912,1979-07-16 15:00:14
6913,F,RS,13789.0,Porto Alegre,Cliente_06913,1998-05-15 00:43:36
6914,F,SC,6234.0,Florianópolis,Cliente_06914,1975-09-22 13:47:48
6915,F,GO,21513.0,Rio Verde,Cliente_06915,1988-10-07 12:28:20
6916,F,DF,4253.0,Brasília,Cliente_06916,1963-03-21 18:53:31
6917,F,SP,8005.0,Santos,Cliente_06917,1997-01-03 04:44:54
6918,F,GO,13059.0,Rio Verde,Cliente_06918,1977-12-28 16:49:40
6919,F,SC,16405.0,Joinville,Cliente_06919,2001-12-31 18:07:21
6920,M,SP,6185.0,Campinas,Cliente_06920,1976-01-24 06:06:51
6921,M,SP,18085.0,Campinas,Cliente_06921,1992-01-22 02:48:31
6922,M,PE,18888.0,Petrolina,Cliente_06922,1999-08-06 07:46:11
6923,F,RS,19196.0,Porto Alegre,Cliente_06923,1991-04-11 01:08:00
6924,F,GO,19909.0,Rio Verde,Cliente_06924,2005-12-19 07:16:47
6925,M,PR,21017.0,Curitiba,Cliente_06925,2006-02-21 14:01:09
6926,F,DF,13265.0,Brasília,Cliente_06926,1986-04-22 06:14:32
6927,M,RS,5721.0,Caxias do Sul,Cliente_06927,1977-09-30 11:49:55
6928,F,PR,16827.0,Londrina,Cliente_06928,1979-06-07 23:13:29
6929,F,PR,24076.0,Londrina,Cliente_06929,1959-04-27 15:44:19
6930,M,BA,5171.0,Salvador,Cliente_06930,1962-04-29 17:54:06
6931,M,PE,6441.0,Recife,Cliente_06931,1961-08-25 03:15:59
6932,M,MG,13966.0,Juiz de Fora,Cliente_06932,1998-05-13 10:25:41
6933,M,RJ,19488.0,Campos,Cliente_06933,1967-03-17 21:01:02
6934,M,RJ,19786.0,Campos,Cliente_06934,1967-04-09 13:11:36
6935,F,PE,13691.0,Caruaru,Cliente_06935,1993-05-25 11:40:58
6936,F,PE,6088.0,Petrolina,Cliente_06936,1999-11-30 08:36:37
6937,F,PR,12311.0,Londrina,Cliente_06937,2002-08-04 10:39:01
6938,M,PE,20233.0,Recife,Cliente_06938,1979-02-20 22:48:23
6939,M,PR,22943.0,Londrina,Cliente_06939,1956-07-04 05:59:00
6940,M,RS,9428.0,Caxias do Sul,Cliente_06940,1984-12-25 17:11:20
6941,M,MG,16825.0,Uberlândia,Cliente_06941,1965-06-25 08:27:36
6942,M,BA,8620.0,Salvador,Cliente_06942,1997-11-01 05:25:15
6943,M,PR,15774.0,Curitiba,Cliente_06943,2004-06-14 22:17:21
6944,F,PE,22248.0,Petrolina,Cliente_06944,1994-03-22 10:58:28
6945,F,SP,6219.0,Santos,Cliente_06945,2005-09-19 14:36:54
6946,F,GO,24127.0,Rio Verde,Cliente_06946,1994-09-21 15:12:01
6947,F,RJ,9581.0,Rio de Janeiro,Cliente_06947,2003-09-30 15:19:02
6948,F,MG,16050.0,Belo Horizonte,Cliente_06948,1976-05-28 03:55:20
6949,M,GO,17854.0,Goiânia,Cliente_06949,1961-09-22 18:54:17
6950,M,SC,12364.0,Florianópolis,Cliente_06950,2007-03-28 02:34:00
6951,M,PE,20561.0,Recife,Cliente_06951,1957-08-15 04:08:29
6952,M,PR,18431.0,Londrina,Cliente_06952,1988-09-20 17:45:55
6953,M,BA,14124.0,Vitória da Conquista,Cliente_06953,1971-10-08 23:38:16
6954,M,SP,4861.0,Campinas,Cliente_06954,1996-02-01 12:48:43
6955,F,BA,15207.0,Vitória da Conquista,Cliente_06955,1993-02-16 07:13:05
6956,M,GO,3424.0,Anápolis,Cliente_06956,1964-06-22 05:22:49
6957,M,SP,14147.0,São Paulo,Cliente_06957,1994-12-03 05:25:54
6958,M,DF,,Brasília,Cliente_06958,1971-03-08 03:57:20
6959,M,RJ,22531.0,Campos,Cliente_06959,1974-02-02 05:05:20
6960,F,PE,8181.0,Caruaru,Cliente_06960,1959-11-12 10:03:37
6961,F,SC,4201.0,Blumenau,Cliente_06961,1981-11-07 05:46:38
6962,M,GO,15675.0,Goiânia,Cliente_06962,1958-08-01 23:43:17
6963,F,PR,11622.0,Curitiba,Cliente_06963,1998-09-27 08:42:40
6964,F,RJ,18305.0,Campos,Cliente_06964,1989-12-23 02:52:20
6965,M,SC,18219.0,Blumenau,Cliente_06965,1996-03-15 07:14:37
6966,M,BA,11218.0,Salvador,Cliente_06966,1996-09-25 05:47:25
6967,M,RJ,1556.0,Rio de Janeiro,Cliente_06967,1960-12-11 14:31:17
6968,M,SC,15473.0,Florianópolis,Cliente_06968,1983-09-03 07:53:04
6969,M,SC,16852.0,Joinville,Cliente_06969,1989-08-01 14:08:37
6970,F,BA,21834.0,Vitória da Conquista,Cliente_06970,1976-10-09 04:50:13
6971,M,SC,24939.0,Florianópolis,Cliente_06971,1992-10-19 16:44:09
6972,M,MG,16552.0,Juiz de Fora,Cliente_06972,1955-12-20 07:52:31
6973,M,SP,4647.0,Campinas,Cliente_06973,1977-07-02 15:44:23
6974,F,MG,5037.0,Uberlândia,Cliente_06974,1991-02-23 07:28:32
6975,M,BA,24312.0,Salvador,Cliente_06975,1992-11-23 04:10:47
6976,M,RS,2221.0,Pelotas,Cliente_06976,1974-07-10 17:10:02
6977,M,RJ,13769.0,Niterói,Cliente_06977,1994-06-18 00:51:35
6978,F,DF,18269.0,Brasília,Cliente_06978,1976-03-24 00:19:13
6979,M,PR,20701.0,Maringá,Cliente_06979,1997-01-31 19:20:39
6980,M,PR,8926.0,Maringá,Cliente_06980,1995-05-22 09:57:08
6981,M,GO,15288.0,Goiânia,Cliente_06981,2004-04-26 09:27:20
6982,F,GO,15507.0,Anápolis,Cliente_06982,1999-06-12 06:39:27
6983,M,BA,12579.0,Feira de Santana,Cliente_06983,1989-04-18 13:36:29
6984,M,GO,15846.0,Anápolis,Cliente_06984,1975-09-06 23:55:36
6985,M,PR,8615.0,Maringá,Cliente_06985,1997-11-03 05:29:19
6986,F,MG,12411.0,Uberlândia,Cliente_06986,1974-05-14 16:16:23
6987,M,DF,1759.0,Brasília,Cliente_06987,1998-03-09 02:30:13
6988,M,PR,22372.0,Londrina,Cliente_06988,1997-05-12 15:58:54
6989,M,MG,10291.0,Juiz de Fora,Cliente_06989,1956-12-03 02:02:48
6990,F,RS,9036.0,Caxias do Sul,Cliente_06990,1965-11-05 21:42:39
6991,F,BA,21139.0,Feira de Santana,Cliente_06991,1972-07-23 07:15:13
6992,M,PE,21932.0,Petrolina,Cliente_06992,1983-05-20 04:59:14
6993,F,RS,10447.0,Caxias do Sul,Cliente_06993,1986-06-27 07:53:57
6994,F,RS,13269.0,Porto Alegre,Cliente_06994,1962-09-08 18:00:50
6995,F,PR,21041.0,Maringá,Cliente_06995,1995-03-26 19:06:39
6996,M,BA,12450.0,Feira de Santana,Cliente_06996,1959-08-30 11:00:00
6997,M,SP,18360.0,São Paulo,Cliente_06997,1985-02-21 08:15:16
6998,F,SC,6783.0,Blumenau,Cliente_06998,1962-12-30 05:30:51
6999,F,RS,11291.0,Caxias do Sul,Cliente_06999,1961-12-12 02:40:10
7000,F,GO,3859.0,Rio Verde,Cliente_07000,1990-05-17 18:40:53
7001,M,MG,8905.0,Belo Horizonte,Cliente_07001,1956-06-09 16:52:34
7002,M,SP,19145.0,Santos,Cliente_07002,1998-01-26 19:50:17
7003,F,BA,15857.0,Feira de Santana,Cliente_07003,1994-10-27 15:16:21
7004,F,PE,7823.0,Recife,Cliente_07004,2006-02-12 11:35:05
7005,F,DF,7437.0,Brasília,Cliente_07005,2003-05-18 03:31:25
7006,F,SP,19466.0,Santos,Cliente_07006,1958-01-05 01:16:30
7007,M,PE,12530.0,Caruaru,Cliente_07007,1955-12-24 15:51:01
7008,F,PR,19382.0,Londrina,Cliente_07008,1959-01-30 18:47:40
7009,M,RJ,14503.0,Rio de Janeiro,Cliente_07009,1983-01-23 12:58:31
7010,F,SC,12078.0,Florianópolis,Cliente_07010,1980-06-30 14:35:05
7011,F,PR,14479.0,Maringá,Cliente_07011,1978-03-23 15:49:33
7012,F,BA,3709.0,Feira de Santana,Cliente_07012,1985-07-21 16:48:44
7013,F,RJ,21947.0,Rio de Janeiro,Cliente_07013,1981-03-16 05:08:39
7014,F,PE,13560.0,Caruaru,Cliente_07014,1976-08-14 02:57:51
7015,M,RJ,8728.0,Campos,Cliente_07015,1974-05-14 19:36:32
7016,F,DF,10800.0,Brasília,Cliente_07016,1992-11-30 16:26:21
7017,F,GO,23550.0,Goiânia,Cliente_07017,1959-06-24 22:36:46
7018,F,GO,10181.0,Rio Verde,Cliente_07018,1979-01-13 10:26:52
7019,M,PR,9696.0,Maringá,Cliente_07019,1969-11-14 07:28:54
7020,M,PR,9767.0,Curitiba,Cliente_07020,1980-05-07 14:44:25
7021,M,BA,6872.0,Vitória da Conquista,Cliente_07021,1969-07-04 15:33:33
7022,M,BA,7650.0,Feira de Santana,Cliente_07022,1970-08-28 02:10:19
7023,F,MG,12420.0,Belo Horizonte,Cliente_07023,1998-10-04 01:28:21
7024,F,DF,17501.0,Brasília,Cliente_07024,2000-07-05 22:11:11
7025,F,BA,18356.0,Feira de Santana,Cliente_07025,1983-11-18 13:55:11
7026,M,RS,16647.0,Pelotas,Cliente_07026,1984-01-11 11:36:14
7027,F,DF,18721.0,Brasília,Cliente_07027,1956-05-19 06:26:44
7028,F,MG,2686.0,Belo Horizonte,Cliente_07028,1979-05-11 23:01:29
7029,M,GO,7961.0,Anápolis,Cliente_07029,1959-05-06 05:58:23
7030,M,SP,19365.0,Campinas,Cliente_07030,1957-04-18 23:30:48
7031,M,MG,12964.0,Uberlândia,Cliente_07031,1962-07-22 22:39:22
7032,F,MG,15552.0,Uberlândia,Cliente_07032,1976-09-30 15:09:29
7033,F,PR,8832.0,Londrina,Cliente_07033,1960-03-10 17:05:59
7034,M,SC,18115.0,Blumenau,Cliente_07034,2006-04-23 05:02:03
7035,F,RJ,1827.0,Campos,Cliente_07035,2000-09-28 00:50:29
7036,M,GO,24265.0,Rio Verde,Cliente_07036,1969-07-06 00:30:59
7037,M,PE,6739.0,Petrolina,Cliente_07037,1981-11-26 16:19:47
7038,F,PE,18833.0,Petrolina,Cliente_07038,1963-01-23 12:45:32
7039,M,BA,11578.0,Vitória da Conquista,Cliente_07039,1991-01-06 15:26:48
7040,M,GO,8538.0,Rio Verde,Cliente_07040,1990-05-16 12:23:41
7041,M,RS,9548.0,Caxias do Sul,Cliente_07041,1991-09-24 23:40:59
7042,F,BA,16454.0,Vitória da Conquista,Cliente_07042,1980-06-20 10:34:20
7043,M,BA,3797.0,Feira de Santana,Cliente_07043,1998-03-18 10:12:35
7044,M,MG,19191.0,Belo Horizonte,Cliente_07044,1957-10-07 03:34:04
7045,M,GO,14203.0,Rio Verde,Cliente_07045,2001-06-06 22:03:02
7046,M,RJ,4279.0,Niterói,Cliente_07046,1988-04-22 02:51:41
7047,M,BA,15206.0,Salvador,Cliente_07047,1961-01-31 07:58:25
7048,M,SC,,Florianópolis,Cliente_07048,2005-01-08 23:49:40
7049,M,DF,8818.0,Brasília,Cliente_07049,2007-06-18 03:17:06
7050,F,RS,21220.0,Caxias do Sul,Cliente_07050,1958-07-13 07:53:44
7051,F,RS,,Caxias do Sul,Cliente_07051,2001-01-25 23:49:29
7052,M,BA,6835.0,Feira de Santana,Cliente_07052,1984-09-28 11:59:47
7053,F,SC,11030.0,Blumenau,Cliente_07053,1963-08-12 08:17:48
7054,F,DF,9002.0,Brasília,Cliente_07054,1984-02-06 23:18:11
7055,M,SP,3149.0,São Paulo,Cliente_07055,2006-05-08 11:50:16
7056,F,PR,14972.0,Maringá,Cliente_07056,1994-05-26 23:49:49
7057,M,PR,4362.0,Maringá,Cliente_07057,1979-06-19 01:56:15
7058,M,PR,2417.0,Maringá,Cliente_07058,1972-04-28 21:20:48
7059,M,MG,13944.0,Belo Horizonte,Cliente_07059,1989-05-09 01:50:23
7060,M,RS,9853.0,Porto Alegre,Cliente_07060,1971-03-29 00:39:08
7061,M,PE,22021.0,Recife,Cliente_07061,1977-06-11 13:24:43
7062,F,PE,6949.0,Caruaru,Cliente_07062,1956-03-20 19:42:08
7063,M,MG,23566.0,Juiz de Fora,Cliente_07063,1967-08-22 22:48:26
7064,F,BA,4311.0,Feira de Santana,Cliente_07064,2003-08-02 06:19:57
7065,M,GO,4921.0,Anápolis,Cliente_07065,1993-09-11 20:20:03
7066,M,GO,22099.0,Rio Verde,Cliente_07066,1994-10-05 13:11:37
7067,M,PR,10790.0,Curitiba,Cliente_07067,1967-07-18 10:33:05
7068,F,GO,4221.0,Rio Verde,Cliente_07068,1984-10-10 03:55:57
7069,M,BA,12392.0,Feira de Santana,Cliente_07069,1999-01-27 00:05:56
7070,M,SP,21137.0,São Paulo,Cliente_07070,2003-03-24 21:53:25
7071,M,MG,16756.0,Belo Horizonte,Cliente_07071,1983-06-22 18:14:41
7072,M,SP,2288.0,Campinas,Cliente_07072,1983-02-06 11:04:25
7073,F,RS,18140.0,Porto Alegre,Cliente_07073,1977-10-11 00:46:42
7074,M,GO,5525.0,Goiânia,Cliente_07074,1974-10-19 01:57:37
7075,F,DF,23840.0,Brasília,Cliente_07075,1962-05-08 20:15:59
7076,M,PR,8241.0,Maringá,Cliente_07076,1980-12-13 17:55:51
7077,F,MG,5154.0,Juiz de Fora,Cliente_07077,2006-05-18 00:32:05
7078,F,PR,15080.0,Londrina,Cliente_07078,1971-04-05 07:03:42
7079,M,GO,9160.0,Anápolis,Cliente_07079,2004-03-12 21:54:00
7080,M,RJ,4751.0,Niterói,Cliente_07080,2000-01-28 19:33:54
7081,F,GO,6768.0,Goiânia,Cliente_07081,1978-05-15 09:57:45
7082,M,MG,13281.0,Uberlândia,Cliente_07082,2000-09-16 17:33:28
7083,M,PE,14989.0,Petrolina,Cliente_07083,1955-03-21 19:58:18
7084,M,MG,16631.0,Belo Horizonte,Cliente_07084,1967-03-22 15:13:33
7085,F,SC,9062.0,Joinville,Cliente_07085,1973-01-12 23:46:59
7086,M,DF,17487.0,Brasília,Cliente_07086,1973-06-18 19:59:19
7087,M,GO,22310.0,Goiânia,Cliente_07087,1961-05-31 17:09:10
7088,M,SC,21811.0,Florianópolis,Cliente_07088,1998-09-15 06:59:34
7089,F,PE,15891.0,Recife,Cliente_07089,1977-05-09 21:37:12
7090,M,BA,23210.0,Feira de Santana,Cliente_07090,1998-05-27 17:14:17
7091,F,BA,3652.0,Salvador,Cliente_07091,1956-01-21 11:13:01
7092,M,DF,10238.0,Brasília,Cliente_07092,1968-06-06 12:13:34
7093,F,RS,9388.0,Porto Alegre,Cliente_07093,1969-03-18 07:26:09
7094,M,DF,11596.0,Brasília,Cliente_07094,1957-12-29 07:55:32
7095,M,DF,6974.0,Brasília,Cliente_07095,2003-09-19 10:04:34
7096,F,DF,1988.0,Brasília,Cliente_07096,2005-04-07 11:47:50
7097,F,DF,19706.0,Brasília,Cliente_07097,1966-07-13 03:52:50
7098,F,DF,7122.0,Brasília,Cliente_07098,1986-02-21 12:49:08
7099,M,SP,21005.0,São Paulo,Cliente_07099,1984-01-23 02:18:28
7100,M,PE,5274.0,Petrolina,Cliente_07100,2001-02-09 05:57:37
7101,M,MG,7946.0,Uberlândia,Cliente_07101,1986-05-18 12:54:18
7102,M,GO,21336.0,Rio Verde,Cliente_07102,1970-12-18 15:34:56
7103,F,SC,23365.0,Florianópolis,Cliente_07103,1968-08-22 16:44:27
7104,M,DF,10072.0,Brasília,Cliente_07104,1964-01-17 20:08:05
7105,M,RS,9333.0,Porto Alegre,Cliente_07105,1965-06-06 10:29:32
7106,M,PR,11758.0,Maringá,Cliente_07106,1958-01-10 15:48:00
7107,M,GO,13916.0,Goiânia,Cliente_07107,1994-05-23 00:33:12
7108,M,PR,6387.0,Maringá,Cliente_07108,1983-04-04 10:00:20
7109,M,SC,20874.0,Florianópolis,Cliente_07109,1994-12-15 15:13:04
7110,M,SC,21331.0,Florianópolis,Cliente_07110,1991-01-01 23:00:27
7111,F,GO,18105.0,Goiânia,Cliente_07111,1959-03-07 00:49:27
7112,M,RS,17184.0,Porto Alegre,Cliente_07112,2002-07-04 07:10:56
7113,M,SP,24472.0,Campinas,Cliente_07113,1962-03-09 23:37:39
7114,M,BA,2117.0,Feira de Santana,Cliente_07114,2007-03-31 18:14:30
7115,M,SC,15136.0,Joinville,Cliente_07115,1973-02-15 10:29:07
7116,F,RS,4070.0,Pelotas,Cliente_07116,1971-02-03 12:21:47
7117,F,SC,7809.0,Blumenau,Cliente_07117,1974-05-08 00:14:28
7118,F,RJ,20639.0,Campos,Cliente_07118,1964-03-09 07:55:34
7119,F,BA,4290.0,Vitória da Conquista,Cliente_07119,1996-06-07 20:47:47
7120,F,SC,9326.0,Joinville,Cliente_07120,1994-08-19 01:36:38
7121,F,RS,13634.0,Pelotas,Cliente_07121,1960-10-14 07:51:59
7122,M,SC,21193.0,Blumenau,Cliente_07122,1984-11-24 12:12:32
7123,F,PR,5554.0,Maringá,Cliente_07123,1980-05-26 15:56:14
7124,F,GO,24940.0,Goiânia,Cliente_07124,2007-09-24 03:32:59
7125,M,GO,17590.0,Rio Verde,Cliente_07125,1998-01-24 09:18:06
7126,F,SC,9181.0,Florianópolis,Cliente_07126,1984-07-31 11:18:26
7127,M,RS,17069.0,Pelotas,Cliente_07127,1995-09-28 06:40:48
7128,M,PR,8008.0,Maringá,Cliente_07128,1969-08-08 11:05:17
7129,F,SP,18108.0,São Paulo,Cliente_07129,1964-12-13 18:02:22
7130,M,SP,11933.0,Santos,Cliente_07130,1970-09-13 17:22:54
7131,F,PR,13844.0,Curitiba,Cliente_07131,1987-10-19 22:43:26
7132,F,MG,13388.0,Juiz de Fora,Cliente_07132,1998-11-11 10:06:42
7133,M,RS,21234.0,Pelotas,Cliente_07133,1966-03-02 09:48:01
7134,M,SP,5327.0,São Paulo,Cliente_07134,1982-04-23 11:26:12
7135,F,MG,19287.0,Uberlândia,Cliente_07135,2000-10-15 16:00:20
7136,M,RS,22096.0,Porto Alegre,Cliente_07136,1995-03-24 14:08:25
7137,M,PR,17757.0,Londrina,Cliente_07137,1982-04-30 09:57:11
7138,F,DF,18293.0,Brasília,Cliente_07138,1998-06-05 00:32:02
7139,F,MG,3416.0,Belo Horizonte,Cliente_07139,1963-03-15 09:44:32
7140,M,MG,21951.0,Uberlândia,Cliente_07140,1978-12-26 21:35:16
7141,F,SC,4359.0,Blumenau,Cliente_07141,1969-08-30 21:29:46
7142,F,PE,8572.0,Caruaru,Cliente_07142,1993-10-07 08:31:30
7143,F,PE,17023.0,Petrolina,Cliente_07143,1981-12-24 11:03:04
7144,F,RS,3551.0,Porto Alegre,Cliente_07144,1958-12-04 09:42:21
7145,F,SC,21585.0,Joinville,Cliente_07145,1998-07-11 10:43:42
7146,F,GO,9714.0,Rio Verde,Cliente_07146,2002-05-31 14:19:11
7147,F,BA,4468.0,Salvador,Cliente_07147,1984-09-25 21:21:06
7148,M,DF,10436.0,Brasília,Cliente_07148,1993-02-19 03:05:34
7149,F,BA,2101.0,Feira de Santana,Cliente_07149,1999-11-27 02:09:35
7150,M,MG,16951.0,Juiz de Fora,Cliente_07150,1961-07-13 01:58:01
7151,M,RJ,14757.0,Niterói,Cliente_07151,1971-01-24 16:54:28
7152,M,SP,6774.0,Campinas,Cliente_07152,1993-10-18 07:26:48
7153,F,SP,19726.0,Santos,Cliente_07153,1971-07-09 12:27:22
7154,F,SC,12366.0,Blumenau,Cliente_07154,1971-10-31 12:21:56
7155,M,PE,13868.0,Recife,Cliente_07155,1990-10-26 16:46:05
7156,F,RJ,20546.0,Campos,Cliente_07156,1956-05-31 22:42:51
7157,M,SC,10174.0,Blumenau,Cliente_07157,1999-05-25 22:01:44
7158,F,MG,21920.0,Uberlândia,Cliente_07158,1984-03-04 04:12:54
7159,F,RJ,20523.0,Campos,Cliente_07159,1965-09-13 21:51:11
7160,M,SP,23410.0,Campinas,Cliente_07160,1999-12-25 19:58:51
7161,M,RS,16962.0,Caxias do Sul,Cliente_07161,1978-04-09 13:44:38
7162,M,MG,13003.0,Juiz de Fora,Cliente_07162,1990-04-07 15:21:49
7163,F,SC,17124.0,Blumenau,Cliente_07163,1984-12-09 04:18:15
7164,M,GO,15870.0,Rio Verde,Cliente_07164,1965-04-18 17:04:26
7165,F,PR,6868.0,Maringá,Cliente_07165,2003-05-02 21:34:44
7166,F,MG,14067.0,Belo Horizonte,Cliente_07166,1968-06-05 22:12:01
7167,F,MG,23987.0,Uberlândia,Cliente_07167,1993-08-14 18:26:02
7168,M,GO,5325.0,Goiânia,Cliente_07168,1974-04-15 00:26:32
7169,M,DF,11891.0,Brasília,Cliente_07169,1998-01-23 14:58:34
7170,M,RS,11374.0,Porto Alegre,Cliente_07170,1984-04-15 19:47:41
7171,F,GO,23554.0,Anápolis,Cliente_07171,1994-04-11 05:35:29
7172,F,BA,22680.0,Salvador,Cliente_07172,1962-02-09 05:24:41
7173,M,BA,5108.0,Vitória da Conquista,Cliente_07173,1976-06-05 08:52:52
7174,F,MG,8378.0,Juiz de Fora,Cliente_07174,1963-10-15 05:24:02
7175,F,DF,2518.0,Brasília,Cliente_07175,1995-04-12 10:39:17
7176,M,SP,23233.0,Santos,Cliente_07176,2004-11-02 05:41:51
7177,M,DF,22644.0,Brasília,Cliente_07177,2002-06-04 12:14:32
7178,M,BA,19195.0,Vitória da Conquista,Cliente_07178,1957-08-31 15:04:14
7179,F,DF,11110.0,Brasília,Cliente_07179,1959-01-18 03:15:19
7180,F,DF,4000.0,Brasília,Cliente_07180,1996-02-17 01:10:30
7181,F,RS,4167.0,Caxias do Sul,Cliente_07181,1987-01-02 19:22:39
7182,F,MG,23918.0,Juiz de Fora,Cliente_07182,1965-05-03 15:32:34
7183,F,RS,11078.0,Caxias do Sul,Cliente_07183,1965-06-30 03:23:12
7184,M,SP,6730.0,Campinas,Cliente_07184,1977-02-27 08:21:21
7185,F,SP,11755.0,Campinas,Cliente_07185,2005-04-13 17:39:14
7186,F,BA,6334.0,Feira de Santana,Cliente_07186,1975-04-30 09:26:51
7187,F,SC,,Florianópolis,Cliente_07187,1962-10-06 23:50:37
7188,M,GO,16550.0,Goiânia,Cliente_07188,1955-04-20 05:01:02
7189,M,PE,16549.0,Petrolina,Cliente_07189,1993-03-14 02:25:24
7190,M,MG,20029.0,Uberlândia,Cliente_07190,1986-02-16 04:06:37
7191,F,SC,20047.0,Blumenau,Cliente_07191,1982-12-18 07:09:46
7192,M,MG,20896.0,Juiz de Fora,Cliente_07192,1989-02-28 21:11:03
7193,M,GO,17140.0,Rio Verde,Cliente_07193,1958-09-30 17:48:01
7194,M,GO,22328.0,Rio Verde,Cliente_07194,1985-09-30 06:21:41
7195,F,RJ,15784.0,Niterói,Cliente_07195,1999-06-03 23:55:28
7196,M,RS,4923.0,Caxias do Sul,Cliente_07196,1968-08-15 23:22:14
7197,F,BA,21443.0,Salvador,Cliente_07197,1980-08-15 17:04:19
7198,F,RJ,20570.0,Niterói,Cliente_07198,2007-04-29 15:49:20
7199,M,SP,3832.0,Campinas,Cliente_07199,1977-08-14 22:00:10
7200,F,PE,7566.0,Petrolina,Cliente_07200,1961-03-05 05:14:26
7201,M,BA,19540.0,Feira de Santana,Cliente_07201,1965-09-26 11:10:29
7202,F,SP,24663.0,Santos,Cliente_07202,1998-07-26 05:53:42
7203,M,DF,7538.0,Brasília,Cliente_07203,1999-01-18 02:46:38
7204,M,RS,10083.0,Caxias do Sul,Cliente_07204,1960-05-27 05:19:15
7205,M,RS,6789.0,Porto Alegre,Cliente_07205,1972-12-23 01:59:01
7206,F,RS,24104.0,Pelotas,Cliente_07206,1969-09-10 11:14:48
7207,M,RJ,1796.0,Niterói,Cliente_07207,1981-08-27 06:20:30
7208,F,PR,24357.0,Londrina,Cliente_07208,1994-08-27 17:12:57
7209,M,SC,18970.0,Blumenau,Cliente_07209,1986-11-18 22:20:37
7210,F,GO,24243.0,Goiânia,Cliente_07210,1956-07-23 07:29:09
7211,F,PE,6694.0,Recife,Cliente_07211,1955-03-21 06:54:30
7212,M,GO,7305.0,Anápolis,Cliente_07212,1991-10-26 14:24:16
7213,M,PR,14297.0,Londrina,Cliente_07213,1977-10-04 07:09:57
7214,M,DF,24606.0,Brasília,Cliente_07214,1967-07-16 03:41:51
7215,M,DF,18379.0,Brasília,Cliente_07215,1979-11-25 12:19:39
7216,M,DF,4495.0,Brasília,Cliente_07216,1989-12-13 04:00:26
7217,F,BA,17977.0,Feira de Santana,Cliente_07217,1967-09-15 02:20:18
7218,M,SP,14412.0,Santos,Cliente_07218,1964-10-04 05:07:57
7219,M,SP,22208.0,Santos,Cliente_07219,2002-08-27 12:14:59
7220,F,DF,7893.0,Brasília,Cliente_07220,1999-10-27 16:54:46
7221,M,PE,23394.0,Petrolina,Cliente_07221,1976-10-03 11:12:28
7222,M,RJ,2220.0,Niterói,Cliente_07222,1963-03-23 14:52:24
7223,F,PE,22959.0,Recife,Cliente_07223,1977-12-15 02:41:07
7224,M,PE,7825.0,Petrolina,Cliente_07224,1984-01-17 13:44:29
7225,M,SP,14054.0,São Paulo,Cliente_07225,1979-01-21 04:43:35
7226,M,RS,6599.0,Caxias do Sul,Cliente_07226,1992-04-26 09:34:31
7227,F,PE,14068.0,Petrolina,Cliente_07227,1957-04-02 00:11:41
7228,M,PE,5526.0,Petrolina,Cliente_07228,1971-08-31 07:00:21
7229,F,GO,13747.0,Rio Verde,Cliente_07229,1997-02-15 23:45:43
7230,M,RS,6557.0,Caxias do Sul,Cliente_07230,1977-02-16 10:04:53
7231,F,SP,24694.0,Campinas,Cliente_07231,1989-10-18 17:12:45
7232,M,RJ,18990.0,Niterói,Cliente_07232,1961-03-11 22:45:02
7233,F,SC,6805.0,Florianópolis,Cliente_07233,1972-12-02 11:26:26
7234,F,SP,13414.0,São Paulo,Cliente_07234,1992-02-11 08:47:01
7235,F,SP,8174.0,Santos,Cliente_07235,1986-11-18 21:24:38
7236,F,PE,11063.0,Petrolina,Cliente_07236,2001-05-29 07:41:49
7237,F,GO,16816.0,Anápolis,Cliente_07237,1988-11-15 09:36:16
7238,F,PR,17717.0,Londrina,Cliente_07238,2000-03-15 05:38:27
7239,M,DF,3505.0,Brasília,Cliente_07239,1987-03-26 18:15:33
7240,M,MG,14241.0,Uberlândia,Cliente_07240,2006-05-02 17:29:11
7241,F,GO,16102.0,Rio Verde,Cliente_07241,2002-08-04 01:27:24
7242,F,PR,23145.0,Londrina,Cliente_07242,2000-04-29 08:55:55
7243,F,PE,14103.0,Recife,Cliente_07243,1993-03-18 23:53:33
7244,F,PE,15487.0,Recife,Cliente_07244,1992-01-06 20:55:08
7245,M,RJ,18647.0,Campos,Cliente_07245,1990-08-17 15:47:31
7246,F,PR,15043.0,Maringá,Cliente_07246,1957-09-30 22:42:01
7247,M,BA,10644.0,Salvador,Cliente_07247,1993-11-06 13:57:36
7248,M,DF,12614.0,Brasília,Cliente_07248,2002-12-22 06:11:02
7249,F,MG,7191.0,Uberlândia,Cliente_07249,1992-06-27 04:16:53
7250,F,RJ,8559.0,Campos,Cliente_07250,1996-03-31 22:59:46
7251,M,GO,5979.0,Rio Verde,Cliente_07251,1975-04-21 12:22:04
7252,M,GO,5698.0,Rio Verde,Cliente_07252,1988-11-25 18:37:26
7253,F,PR,10591.0,Curitiba,Cliente_07253,1965-05-22 18:55:59
7254,F,DF,21907.0,Brasília,Cliente_07254,1989-05-13 03:36:19
7255,F,DF,16568.0,Brasília,Cliente_07255,1996-12-11 09:52:36
7256,M,GO,5705.0,Rio Verde,Cliente_07256,1959-08-17 16:54:02
7257,M,BA,5141.0,Salvador,Cliente_07257,1971-11-26 02:20:06
7258,F,PE,5043.0,Recife,Cliente_07258,1986-01-31 12:20:33
7259,M,DF,16924.0,Brasília,Cliente_07259,1970-11-11 13:36:35
7260,M,PR,7091.0,Londrina,Cliente_07260,1999-01-14 10:37:07
7261,F,GO,13333.0,Anápolis,Cliente_07261,1992-07-17 14:01:25
7262,F,PE,7616.0,Caruaru,Cliente_07262,1963-12-28 01:36:59
7263,M,RS,24217.0,Pelotas,Cliente_07263,1963-06-02 10:28:22
7264,M,SP,2261.0,São Paulo,Cliente_07264,1983-11-03 02:48:03
7265,F,PE,3907.0,Petrolina,Cliente_07265,1993-11-07 11:35:05
7266,F,DF,2385.0,Brasília,Cliente_07266,1961-11-19 06:43:12
7267,F,SP,24106.0,São Paulo,Cliente_07267,1983-05-08 23:42:40
7268,F,DF,4143.0,Brasília,Cliente_07268,1957-04-23 14:33:08
7269,F,PR,12625.0,Maringá,Cliente_07269,1966-01-16 04:14:40
7270,M,SC,22994.0,Florianópolis,Cliente_07270,2002-03-24 00:32:34
7271,M,PE,2968.0,Caruaru,Cliente_07271,1978-11-17 17:50:32
7272,M,SP,24176.0,Campinas,Cliente_07272,1960-11-01 16:43:46
7273,M,PR,23545.0,Maringá,Cliente_07273,1973-04-04 05:37:38
7274,F,DF,23947.0,Brasília,Cliente_07274,2003-08-20 20:01:12
7275,F,PE,14866.0,Recife,Cliente_07275,1974-07-06 23:26:28
7276,F,PR,8515.0,Londrina,Cliente_07276,1955-04-08 12:46:47
7277,M,DF,7823.0,Brasília,Cliente_07277,1974-01-19 23:34:01
7278,M,SC,10435.0,Florianópolis,Cliente_07278,1965-06-18 15:17:02
7279,M,SC,3928.0,Blumenau,Cliente_07279,1971-04-03 17:05:28
7280,F,MG,13185.0,Uberlândia,Cliente_07280,1986-03-28 02:22:29
7281,M,RJ,14238.0,Campos,Cliente_07281,1983-03-01 15:31:18
7282,F,PR,10808.0,Maringá,Cliente_07282,1965-12-28 18:44:06
7283,F,RJ,17379.0,Rio de Janeiro,Cliente_07283,2001-08-04 03:16:19
7284,F,MG,17272.0,Juiz de Fora,Cliente_07284,1995-12-27 13:33:32
7285,F,BA,12133.0,Vitória da Conquista,Cliente_07285,2003-03-05 14:27:58
7286,F,PE,24992.0,Recife,Cliente_07286,1989-02-27 18:26:38
7287,F,DF,19238.0,Brasília,Cliente_07287,1997-03-09 21:35:45
7288,M,GO,23711.0,Goiânia,Cliente_07288,1960-08-31 22:52:33
7289,F,RJ,20364.0,Campos,Cliente_07289,2006-03-19 06:53:26
7290,F,RJ,12693.0,Niterói,Cliente_07290,1955-01-20 21:55:21
7291,M,PR,19070.0,Londrina,Cliente_07291,1970-03-12 09:41:03
7292,F,PE,16781.0,Recife,Cliente_07292,1977-10-31 02:15:53
7293,M,PR,24793.0,Maringá,Cliente_07293,1998-06-15 17:18:14
7294,M,SC,5587.0,Joinville,Cliente_07294,1991-12-07 11:34:52
7295,M,RJ,7728.0,Rio de Janeiro,Cliente_07295,1989-06-04 16:10:47
7296,F,PE,4331.0,Recife,Cliente_07296,1965-03-29 20:36:34
7297,F,RS,21545.0,Porto Alegre,Cliente_07297,1991-08-19 20:03:54
7298,M,BA,19632.0,Vitória da Conquista,Cliente_07298,1955-02-27 07:32:21
7299,F,DF,12555.0,Brasília,Cliente_07299,1961-09-01 18:05:16
7300,F,MG,15295.0,Belo Horizonte,Cliente_07300,1958-10-20 03:22:31
7301,M,BA,9052.0,Feira de Santana,Cliente_07301,1957-10-15 15:20:41
7302,M,MG,21148.0,Juiz de Fora,Cliente_07302,1982-02-26 07:47:07
7303,F,RJ,23256.0,Niterói,Cliente_07303,1961-04-21 17:19:09
7304,M,BA,23658.0,Feira de Santana,Cliente_07304,1965-11-16 11:49:25
7305,M,BA,23247.0,Feira de Santana,Cliente_07305,1973-11-03 21:00:51
7306,M,DF,24734.0,Brasília,Cliente_07306,1983-11-19 22:10:59
7307,F,GO,16105.0,Rio Verde,Cliente_07307,1984-09-12 14:48:46
7308,F,DF,12782.0,Brasília,Cliente_07308,1996-01-02 19:51:11
7309,F,PR,2563.0,Londrina,Cliente_07309,1974-05-28 07:02:17
7310,M,GO,24543.0,Goiânia,Cliente_07310,1966-06-08 19:38:14
7311,F,BA,14844.0,Salvador,Cliente_07311,2006-05-15 05:51:23
7312,M,GO,21632.0,Anápolis,Cliente_07312,1977-04-04 19:40:49
7313,F,GO,22429.0,Goiânia,Cliente_07313,1999-10-27 11:35:40
7314,F,PR,17398.0,Maringá,Cliente_07314,2007-10-15 15:16:17
7315,M,PE,4232.0,Petrolina,Cliente_07315,1999-10-09 09:19:55
7316,F,RJ,3372.0,Rio de Janeiro,Cliente_07316,1979-05-27 21:45:29
7317,M,PE,6220.0,Recife,Cliente_07317,2006-06-23 09:06:05
7318,F,RJ,3469.0,Campos,Cliente_07318,1989-05-26 08:36:47
7319,F,PE,13655.0,Caruaru,Cliente_07319,1975-02-07 23:56:35
7320,M,PE,13370.0,Petrolina,Cliente_07320,2001-06-30 16:54:26
7321,M,MG,18202.0,Uberlândia,Cliente_07321,1967-07-21 04:55:29
7322,M,GO,5217.0,Goiânia,Cliente_07322,1993-10-27 07:31:25
7323,F,SC,23375.0,Florianópolis,Cliente_07323,1980-03-06 12:20:13
7324,F,PR,2874.0,Londrina,Cliente_07324,1996-09-03 02:47:12
7325,F,PE,23326.0,Caruaru,Cliente_07325,1960-05-22 06:15:56
7326,M,BA,10179.0,Vitória da Conquista,Cliente_07326,1990-01-16 19:21:09
7327,M,RS,18334.0,Caxias do Sul,Cliente_07327,1955-12-18 12:02:57
7328,M,MG,14927.0,Belo Horizonte,Cliente_07328,1988-09-09 04:04:49
7329,F,RS,3440.0,Porto Alegre,Cliente_07329,1975-02-24 00:43:38
7330,F,SP,3867.0,São Paulo,Cliente_07330,1987-04-26 21:01:42
7331,M,DF,12928.0,Brasília,Cliente_07331,1993-06-29 09:46:41
7332,F,SP,18131.0,Campinas,Cliente_07332,1959-11-17 07:15:37
7333,M,RJ,21387.0,Niterói,Cliente_07333,1976-07-05 15:18:22
7334,F,PE,18362.0,Recife,Cliente_07334,1978-03-11 23:15:28
7335,F,PR,20644.0,Londrina,Cliente_07335,1962-12-11 22:48:55
7336,M,BA,14155.0,Vitória da Conquista,Cliente_07336,1966-11-18 03:35:43
7337,F,SC,9468.0,Blumenau,Cliente_07337,1969-02-08 00:18:01
7338,F,SC,,Joinville,Cliente_07338,2001-12-06 09:54:07
7339,M,MG,23824.0,Uberlândia,Cliente_07339,1996-10-17 16:10:13
7340,M,MG,22336.0,Belo Horizonte,Cliente_07340,1982-05-09 13:20:25
7341,F,MG,16243.0,Uberlândia,Cliente_07341,1995-11-09 01:34:08
7342,M,MG,2868.0,Belo Horizonte,Cliente_07342,1967-08-08 09:42:09
7343,F,GO,3726.0,Rio Verde,Cliente_07343,1957-08-16 13:49:29
7344,M,PE,13188.0,Caruaru,Cliente_07344,1959-04-26 05:12:17
7345,F,RS,5112.0,Pelotas,Cliente_07345,1967-06-16 13:43:17
7346,F,PE,23446.0,Caruaru,Cliente_07346,1988-12-13 14:58:55
7347,M,PE,13699.0,Caruaru,Cliente_07347,1988-02-18 06:34:37
7348,F,SP,11534.0,São Paulo,Cliente_07348,1975-08-19 17:20:03
7349,F,PR,13069.0,Curitiba,Cliente_07349,1990-07-04 12:52:10
7350,M,BA,2559.0,Feira de Santana,Cliente_07350,1964-08-19 05:26:42
7351,M,RJ,19528.0,Niterói,Cliente_07351,1984-05-22 08:05:57
7352,F,PR,14615.0,Curitiba,Cliente_07352,1967-01-29 11:35:52
7353,M,MG,23149.0,Juiz de Fora,Cliente_07353,1985-10-26 23:05:43
7354,M,RS,19695.0,Caxias do Sul,Cliente_07354,1988-04-18 19:33:37
7355,F,SP,3693.0,São Paulo,Cliente_07355,1963-01-12 12:50:58
7356,F,GO,18051.0,Anápolis,Cliente_07356,1959-08-24 22:34:23
7357,M,RS,17628.0,Porto Alegre,Cliente_07357,1993-07-06 11:15:11
7358,M,SP,5682.0,Santos,Cliente_07358,1967-10-20 23:58:48
7359,M,DF,20428.0,Brasília,Cliente_07359,1977-08-04 20:29:04
7360,F,GO,5368.0,Anápolis,Cliente_07360,1956-08-22 00:07:22
7361,F,MG,10006.0,Uberlândia,Cliente_07361,1982-12-12 14:14:26
7362,F,RJ,7450.0,Campos,Cliente_07362,1997-10-23 22:53:09
7363,F,MG,10414.0,Uberlândia,Cliente_07363,2003-01-08 00:17:18
7364,F,RS,15641.0,Caxias do Sul,Cliente_07364,1983-11-23 05:04:30
7365,F,MG,13037.0,Uberlândia,Cliente_07365,2004-11-09 03:30:43
7366,F,DF,17654.0,Brasília,Cliente_07366,1988-05-19 19:10:39
7367,M,MG,3809.0,Belo Horizonte,Cliente_07367,1968-07-12 17:25:13
7368,M,SP,8130.0,São Paulo,Cliente_07368,1991-04-14 15:54:56
7369,F,SC,12193.0,Joinville,Cliente_07369,1962-04-01 01:02:00
7370,F,MG,16278.0,Juiz de Fora,Cliente_07370,1968-12-07 02:43:57
7371,F,DF,13025.0,Brasília,Cliente_07371,1986-08-08 07:06:03
7372,M,PE,24570.0,Petrolina,Cliente_07372,1989-08-31 15:38:56
7373,F,PE,14916.0,Caruaru,Cliente_07373,1978-01-10 13:11:07
7374,M,RJ,19907.0,Rio de Janeiro,Cliente_07374,1996-03-24 12:43:23
7375,M,RJ,18233.0,Rio de Janeiro,Cliente_07375,1997-05-22 00:36:23
7376,M,RJ,10129.0,Niterói,Cliente_07376,1994-02-26 01:38:03
7377,M,PR,9860.0,Curitiba,Cliente_07377,1985-03-23 13:39:53
7378,M,BA,13511.0,Salvador,Cliente_07378,1975-11-09 04:51:23
7379,F,RJ,9453.0,Campos,Cliente_07379,2006-01-05 14:11:48
7380,F,MG,4801.0,Uberlândia,Cliente_07380,1986-10-24 01:21:23
7381,M,RJ,22002.0,Rio de Janeiro,Cliente_07381,1959-05-21 09:46:40
7382,F,BA,12727.0,Salvador,Cliente_07382,1991-03-02 14:07:04
7383,M,PR,8319.0,Curitiba,Cliente_07383,1961-05-06 23:27:42
7384,M,BA,13282.0,Feira de Santana,Cliente_07384,1998-05-07 15:34:47
7385,F,RS,4269.0,Caxias do Sul,Cliente_07385,1997-04-17 01:17:21
7386,F,RJ,11992.0,Rio de Janeiro,Cliente_07386,2004-07-31 15:13:32
7387,F,RJ,22383.0,Campos,Cliente_07387,1966-01-01 04:38:46
7388,F,RJ,20064.0,Campos,Cliente_07388,1980-04-20 03:09:22
7389,F,RS,4845.0,Caxias do Sul,Cliente_07389,1999-06-30 09:19:11
7390,M,BA,4165.0,Vitória da Conquista,Cliente_07390,1969-03-12 03:20:39
7391,F,SP,12284.0,São Paulo,Cliente_07391,1997-07-18 02:41:30
7392,F,MG,13866.0,Uberlândia,Cliente_07392,2005-05-26 00:13:26
7393,F,DF,20426.0,Brasília,Cliente_07393,1961-10-30 09:36:57
7394,M,MG,10825.0,Uberlândia,Cliente_07394,1966-03-01 03:10:16
7395,F,RJ,6940.0,Campos,Cliente_07395,1994-07-14 06:08:05
7396,M,PR,8610.0,Londrina,Cliente_07396,1960-09-27 09:15:46
7397,F,RS,21764.0,Pelotas,Cliente_07397,2004-11-23 15:28:38
7398,F,SP,20621.0,Santos,Cliente_07398,1963-10-25 19:14:31
7399,M,GO,20315.0,Goiânia,Cliente_07399,2001-09-30 06:01:56
7400,F,SP,19271.0,Santos,Cliente_07400,1973-08-20 07:19:33
7401,F,DF,12995.0,Brasília,Cliente_07401,2000-07-10 15:03:35
7402,M,MG,11129.0,Juiz de Fora,Cliente_07402,1976-08-04 16:24:00
7403,F,RJ,21249.0,Niterói,Cliente_07403,1977-06-13 15:18:07
7404,M,SC,17033.0,Florianópolis,Cliente_07404,1999-06-04 08:41:38
7405,M,GO,20323.0,Goiânia,Cliente_07405,1986-12-18 15:55:45
7406,M,RJ,12865.0,Campos,Cliente_07406,1971-10-15 22:35:17
7407,M,RS,13599.0,Caxias do Sul,Cliente_07407,1982-06-03 21:56:55
7408,M,GO,2816.0,Anápolis,Cliente_07408,1991-08-13 16:59:18
7409,F,DF,6704.0,Brasília,Cliente_07409,1992-07-22 23:06:14
7410,F,SC,22888.0,Joinville,Cliente_07410,1955-09-21 14:40:23
7411,F,BA,15012.0,Salvador,Cliente_07411,1985-07-11 08:51:32
7412,M,BA,2184.0,Salvador,Cliente_07412,1998-01-02 06:50:57
7413,M,BA,7940.0,Vitória da Conquista,Cliente_07413,1976-08-29 01:36:34
7414,M,PR,13235.0,Maringá,Cliente_07414,2001-10-17 03:38:50
7415,M,BA,4587.0,Feira de Santana,Cliente_07415,1976-10-18 14:37:54
7416,F,PE,11367.0,Petrolina,Cliente_07416,1961-01-26 18:26:03
7417,F,GO,19997.0,Anápolis,Cliente_07417,1971-12-27 08:43:02
7418,M,SC,18841.0,Florianópolis,Cliente_07418,1991-05-26 17:15:44
7419,M,RS,7278.0,Pelotas,Cliente_07419,1998-06-22 23:52:30
7420,F,PE,17529.0,Caruaru,Cliente_07420,1957-09-17 00:53:42
7421,M,PE,9579.0,Recife,Cliente_07421,1957-10-11 18:11:33
7422,M,SC,23912.0,Joinville,Cliente_07422,1981-02-07 07:45:45
7423,M,RS,23584.0,Pelotas,Cliente_07423,1993-12-02 19:00:45
7424,F,GO,4594.0,Anápolis,Cliente_07424,1966-06-29 01:26:23
7425,F,MG,20691.0,Belo Horizonte,Cliente_07425,2005-03-05 17:54:09
7426,M,RJ,16321.0,Campos,Cliente_07426,1975-08-05 23:34:17
7427,F,MG,9082.0,Belo Horizonte,Cliente_07427,1984-02-13 10:22:08
7428,M,DF,10512.0,Brasília,Cliente_07428,2007-03-29 13:56:56
7429,M,SC,2387.0,Blumenau,Cliente_07429,1980-08-09 17:21:23
7430,F,MG,13420.0,Uberlândia,Cliente_07430,1960-04-16 21:45:44
7431,M,MG,7515.0,Belo Horizonte,Cliente_07431,1958-01-03 19:38:32
7432,M,MG,23308.0,Belo Horizonte,Cliente_07432,1956-08-20 04:21:30
7433,F,BA,16030.0,Feira de Santana,Cliente_07433,1962-03-19 07:26:08
7434,M,SP,21877.0,São Paulo,Cliente_07434,1969-02-23 03:58:05
7435,M,MG,20968.0,Belo Horizonte,Cliente_07435,1997-05-26 05:49:05
7436,M,RJ,18759.0,Rio de Janeiro,Cliente_07436,1999-07-25 20:03:29
7437,F,SC,13953.0,Florianópolis,Cliente_07437,2005-11-02 11:39:29
7438,M,DF,23153.0,Brasília,Cliente_07438,1995-06-17 23:01:18
7439,F,SP,9008.0,Campinas,Cliente_07439,1982-12-19 16:05:48
7440,M,PR,21880.0,Curitiba,Cliente_07440,1982-03-29 16:31:03
7441,M,RJ,2056.0,Rio de Janeiro,Cliente_07441,1967-02-15 18:59:37
7442,M,RJ,23177.0,Rio de Janeiro,Cliente_07442,1973-07-01 03:58:19
7443,M,BA,10400.0,Vitória da Conquista,Cliente_07443,1970-12-11 20:39:23
7444,F,BA,2217.0,Vitória da Conquista,Cliente_07444,1995-07-09 00:46:11
7445,F,SC,5165.0,Joinville,Cliente_07445,1971-09-10 10:26:54
7446,M,RJ,15391.0,Niterói,Cliente_07446,1993-07-14 17:24:23
7447,M,RS,11836.0,Caxias do Sul,Cliente_07447,1961-11-25 10:39:09
7448,M,RS,16514.0,Porto Alegre,Cliente_07448,1987-12-15 18:16:44
7449,M,SC,8047.0,Blumenau,Cliente_07449,1987-11-27 17:59:03
7450,M,MG,6696.0,Juiz de Fora,Cliente_07450,2006-11-02 11:31:28
7451,M,PE,19903.0,Caruaru,Cliente_07451,1995-06-18 03:35:14
7452,M,PR,13471.0,Maringá,Cliente_07452,1975-07-19 00:04:41
7453,M,DF,20067.0,Brasília,Cliente_07453,1968-03-20 13:43:33
7454,F,BA,21763.0,Feira de Santana,Cliente_07454,1966-02-12 14:10:24
7455,F,DF,20820.0,Brasília,Cliente_07455,1975-09-08 03:37:39
7456,F,PE,16716.0,Recife,Cliente_07456,1995-02-04 06:12:40
7457,M,GO,12106.0,Rio Verde,Cliente_07457,2002-06-29 22:24:06
7458,M,SC,8191.0,Florianópolis,Cliente_07458,1960-05-30 08:36:12
7459,M,MG,8545.0,Belo Horizonte,Cliente_07459,1957-12-08 10:31:23
7460,F,SP,11987.0,Santos,Cliente_07460,1989-07-09 07:20:53
7461,M,MG,20697.0,Uberlândia,Cliente_07461,1978-07-13 12:28:47
7462,F,RJ,2737.0,Campos,Cliente_07462,1966-06-22 17:40:05
7463,M,MG,11809.0,Belo Horizonte,Cliente_07463,1969-10-08 05:55:39
7464,F,RJ,22725.0,Niterói,Cliente_07464,1997-08-03 23:13:53
7465,F,DF,20927.0,Brasília,Cliente_07465,1974-12-13 10:42:07
7466,F,GO,7972.0,Goiânia,Cliente_07466,1992-09-22 10:29:25
7467,M,BA,20971.0,Feira de Santana,Cliente_07467,1984-09-16 01:13:01
7468,F,GO,5058.0,Rio Verde,Cliente_07468,1979-06-06 08:46:01
7469,M,RJ,6793.0,Rio de Janeiro,Cliente_07469,1985-11-09 04:20:01
7470,M,SP,20737.0,Campinas,Cliente_07470,1962-01-01 09:43:19
7471,M,PE,14311.0,Caruaru,Cliente_07471,2002-09-17 10:25:17
7472,M,DF,19729.0,Brasília,Cliente_07472,1968-01-18 02:49:25
7473,M,DF,7862.0,Brasília,Cliente_07473,1965-04-15 13:28:13
7474,F,MG,14811.0,Juiz de Fora,Cliente_07474,1965-02-26 01:01:29
7475,M,BA,24540.0,Feira de Santana,Cliente_07475,1967-01-10 08:56:24
7476,M,MG,4682.0,Uberlândia,Cliente_07476,1967-10-28 23:35:04
7477,M,MG,15798.0,Belo Horizonte,Cliente_07477,1964-12-06 19:32:41
7478,M,RJ,18347.0,Campos,Cliente_07478,1963-09-19 21:05:13
7479,M,PE,21744.0,Petrolina,Cliente_07479,2004-06-13 13:14:42
7480,F,BA,7260.0,Salvador,Cliente_07480,1994-12-17 18:27:59
7481,F,MG,8760.0,Belo Horizonte,Cliente_07481,1982-07-24 00:17:45
7482,M,DF,1950.0,Brasília,Cliente_07482,1997-12-25 11:11:50
7483,F,MG,15207.0,Belo Horizonte,Cliente_07483,1967-12-14 19:27:06
7484,F,PR,3415.0,Londrina,Cliente_07484,1983-03-19 02:36:57
7485,M,SC,10615.0,Blumenau,Cliente_07485,2004-06-16 07:17:31
7486,F,DF,21506.0,Brasília,Cliente_07486,1977-09-13 02:08:13
7487,M,PR,8576.0,Maringá,Cliente_07487,1982-08-21 01:42:53
7488,F,SC,16314.0,Blumenau,Cliente_07488,1982-03-26 08:23:04
7489,F,SP,1815.0,Campinas,Cliente_07489,1981-12-14 22:07:55
7490,F,PR,22650.0,Maringá,Cliente_07490,2000-11-02 19:58:04
7491,M,RJ,6293.0,Campos,Cliente_07491,1971-11-13 17:15:09
7492,F,SP,19260.0,Santos,Cliente_07492,1992-04-03 19:36:05
7493,F,RS,20699.0,Pelotas,Cliente_07493,1980-05-16 05:44:32
7494,M,BA,2762.0,Salvador,Cliente_07494,1967-03-23 22:10:34
7495,M,DF,10819.0,Brasília,Cliente_07495,1965-03-29 18:57:50
7496,F,RS,14694.0,Caxias do Sul,Cliente_07496,1958-10-19 00:31:38
7497,M,DF,20809.0,Brasília,Cliente_07497,2000-05-12 04:23:12
7498,F,BA,4968.0,Vitória da Conquista,Cliente_07498,2000-02-02 16:46:28
7499,F,BA,15374.0,Vitória da Conquista,Cliente_07499,1979-08-06 05:57:28
7500,M,DF,14151.0,Brasília,Cliente_07500,1989-02-17 19:59:53
7501,M,BA,21905.0,Vitória da Conquista,Cliente_07501,1973-12-12 14:29:45
7502,M,PR,15982.0,Maringá,Cliente_07502,1976-11-19 13:59:52
7503,F,GO,5909.0,Rio Verde,Cliente_07503,1978-12-30 15:43:12
7504,M,PE,2047.0,Recife,Cliente_07504,1989-04-26 13:45:50
7505,F,DF,6391.0,Brasília,Cliente_07505,1957-02-06 18:44:12
7506,M,RS,21407.0,Porto Alegre,Cliente_07506,1988-04-26 15:31:14
7507,F,RS,24926.0,Caxias do Sul,Cliente_07507,1997-04-22 08:26:03
7508,M,BA,11221.0,Feira de Santana,Cliente_07508,1979-01-12 10:28:24
7509,F,DF,23489.0,Brasília,Cliente_07509,1965-04-17 15:10:53
7510,M,GO,15936.0,Rio Verde,Cliente_07510,2000-04-18 06:14:03
7511,F,GO,17990.0,Rio Verde,Cliente_07511,1958-11-01 11:13:54
7512,M,PE,20868.0,Recife,Cliente_07512,2006-11-18 11:14:25
7513,M,PR,6968.0,Londrina,Cliente_07513,2007-01-10 20:58:23
7514,F,PE,23736.0,Petrolina,Cliente_07514,1979-11-24 11:32:55
7515,M,RJ,16423.0,Campos,Cliente_07515,1988-07-13 20:54:55
7516,F,RS,2750.0,Pelotas,Cliente_07516,1965-09-18 21:00:02
7517,F,GO,24623.0,Anápolis,Cliente_07517,1969-07-06 14:21:50
7518,M,BA,14764.0,Salvador,Cliente_07518,1997-01-21 07:35:33
7519,F,GO,24016.0,Goiânia,Cliente_07519,1957-05-27 14:46:22
7520,M,GO,3111.0,Rio Verde,Cliente_07520,1973-09-23 18:36:30
7521,M,SC,9428.0,Blumenau,Cliente_07521,2005-02-12 11:39:41
7522,F,RS,3290.0,Pelotas,Cliente_07522,1993-10-12 21:39:28
7523,M,RJ,2367.0,Campos,Cliente_07523,1989-06-29 00:49:42
7524,F,PE,20653.0,Petrolina,Cliente_07524,1964-10-18 04:36:10
7525,F,RJ,13945.0,Niterói,Cliente_07525,1969-05-10 15:08:54
7526,M,SC,1827.0,Florianópolis,Cliente_07526,2002-12-09 09:10:12
7527,M,PR,5316.0,Londrina,Cliente_07527,1975-02-16 01:57:19
7528,F,RJ,4648.0,Niterói,Cliente_07528,1997-09-11 03:32:26
7529,F,GO,16570.0,Rio Verde,Cliente_07529,1981-02-27 04:40:01
7530,M,SP,24660.0,Campinas,Cliente_07530,1955-01-21 06:05:53
7531,M,DF,13073.0,Brasília,Cliente_07531,1983-04-10 01:35:13
7532,M,RJ,12066.0,Rio de Janeiro,Cliente_07532,1974-04-26 14:01:19
7533,M,DF,,Brasília,Cliente_07533,1991-01-24 16:50:03
7534,F,SC,14657.0,Blumenau,Cliente_07534,1957-07-09 00:09:14
7535,M,RJ,10822.0,Rio de Janeiro,Cliente_07535,1996-04-30 06:42:16
7536,F,RJ,22220.0,Niterói,Cliente_07536,1988-10-28 17:46:14
7537,F,MG,3982.0,Juiz de Fora,Cliente_07537,2000-08-03 22:51:47
7538,M,GO,4599.0,Goiânia,Cliente_07538,2000-09-01 15:34:07
7539,F,BA,13012.0,Salvador,Cliente_07539,2002-04-04 14:59:25
7540,M,DF,15175.0,Brasília,Cliente_07540,2007-11-05 12:21:30
7541,F,PR,11248.0,Maringá,Cliente_07541,1976-08-09 02:43:51
7542,M,MG,13235.0,Belo Horizonte,Cliente_07542,2007-12-22 15:10:34
7543,F,GO,23670.0,Rio Verde,Cliente_07543,1958-03-12 02:35:06
7544,F,SC,15350.0,Blumenau,Cliente_07544,1984-11-19 09:26:52
7545,M,DF,8232.0,Brasília,Cliente_07545,1988-04-13 18:36:35
7546,M,PE,9485.0,Caruaru,Cliente_07546,2001-02-18 08:04:47
7547,F,SC,14200.0,Florianópolis,Cliente_07547,1992-02-27 10:56:48
7548,F,BA,7554.0,Vitória da Conquista,Cliente_07548,1970-11-05 00:12:09
7549,M,DF,18452.0,Brasília,Cliente_07549,1981-07-03 10:07:25
7550,F,SC,3154.0,Joinville,Cliente_07550,2005-06-08 14:48:18
7551,M,MG,12928.0,Uberlândia,Cliente_07551,1964-01-07 22:02:49
7552,F,SC,12811.0,Blumenau,Cliente_07552,1996-09-20 12:50:19
7553,M,BA,5233.0,Vitória da Conquista,Cliente_07553,1974-08-25 08:48:32
7554,F,BA,21113.0,Salvador,Cliente_07554,1966-09-30 04:02:41
7555,M,SP,8311.0,São Paulo,Cliente_07555,2002-07-17 17:28:49
7556,M,RJ,9842.0,Rio de Janeiro,Cliente_07556,1960-07-20 05:41:58
7557,F,PE,11964.0,Petrolina,Cliente_07557,2003-10-12 01:25:00
7558,M,PE,17246.0,Caruaru,Cliente_07558,1991-05-13 03:25:55
7559,F,MG,14043.0,Uberlândia,Cliente_07559,1957-08-02 01:27:37
7560,M,BA,11800.0,Vitória da Conquista,Cliente_07560,1982-03-04 15:44:27
7561,M,SP,3295.0,São Paulo,Cliente_07561,1998-11-11 16:07:49
7562,M,GO,17692.0,Anápolis,Cliente_07562,1977-03-17 02:18:49
7563,F,SP,24423.0,Campinas,Cliente_07563,1991-04-24 06:17:11
7564,M,PR,,Curitiba,Cliente_07564,1963-01-01 06:13:42
7565,F,SC,17883.0,Joinville,Cliente_07565,1972-04-22 22:59:54
7566,M,RJ,10040.0,Rio de Janeiro,Cliente_07566,1962-07-22 18:51:56
7567,F,SP,17828.0,Campinas,Cliente_07567,1992-02-20 03:45:27
7568,F,SC,7714.0,Joinville,Cliente_07568,2004-01-13 06:31:52
7569,F,RJ,7645.0,Niterói,Cliente_07569,1963-02-11 20:06:03
7570,M,DF,4109.0,Brasília,Cliente_07570,1983-12-08 17:20:46
7571,F,PR,20110.0,Curitiba,Cliente_07571,1972-04-24 14:08:28
7572,M,PR,15122.0,Londrina,Cliente_07572,1978-07-01 20:57:51
7573,F,BA,23814.0,Feira de Santana,Cliente_07573,1982-12-10 16:45:51
7574,F,PR,24726.0,Londrina,Cliente_07574,1993-12-10 01:28:07
7575,F,DF,11798.0,Brasília,Cliente_07575,1958-09-20 15:23:49
7576,F,BA,4580.0,Vitória da Conquista,Cliente_07576,1982-07-23 22:40:55
7577,M,RS,2487.0,Caxias do Sul,Cliente_07577,1993-01-26 23:44:07
7578,F,GO,19244.0,Anápolis,Cliente_07578,1998-04-27 03:30:41
7579,F,MG,24934.0,Belo Horizonte,Cliente_07579,1988-07-30 20:32:17
7580,M,SC,9046.0,Florianópolis,Cliente_07580,1970-10-19 07:09:36
7581,F,GO,16733.0,Rio Verde,Cliente_07581,1993-10-07 23:46:41
7582,F,GO,3226.0,Goiânia,Cliente_07582,1990-08-03 06:40:22
7583,F,PE,17649.0,Recife,Cliente_07583,1959-06-08 18:03:38
7584,F,SP,15768.0,São Paulo,Cliente_07584,1964-11-24 02:08:18
7585,M,PR,15477.0,Maringá,Cliente_07585,1968-05-08 17:52:19
7586,M,RS,2407.0,Pelotas,Cliente_07586,1985-03-19 13:12:19
7587,F,SP,20708.0,Campinas,Cliente_07587,1956-10-25 18:04:35
7588,M,MG,15264.0,Uberlândia,Cliente_07588,1958-04-22 07:50:18
7589,M,SP,9890.0,São Paulo,Cliente_07589,1992-04-19 15:53:09
7590,F,PE,3955.0,Caruaru,Cliente_07590,1965-04-14 07:03:44
7591,M,MG,6708.0,Uberlândia,Cliente_07591,1998-08-17 06:47:07
7592,F,DF,9274.0,Brasília,Cliente_07592,1978-02-22 02:37:49
7593,M,DF,16056.0,Brasília,Cliente_07593,1988-04-16 10:33:40
7594,M,BA,16928.0,Vitória da Conquista,Cliente_07594,1978-01-20 10:51:45
7595,M,SP,4865.0,Santos,Cliente_07595,1977-01-21 01:21:44
7596,F,SC,23163.0,Joinville,Cliente_07596,1987-11-07 18:42:41
7597,M,RS,7451.0,Caxias do Sul,Cliente_07597,1967-12-06 14:59:01
7598,F,PE,16675.0,Caruaru,Cliente_07598,1989-11-04 01:25:39
7599,F,MG,12527.0,Belo Horizonte,Cliente_07599,1958-02-27 21:21:49
7600,M,RS,11005.0,Pelotas,Cliente_07600,1977-10-25 08:54:13
7601,F,SP,11594.0,Campinas,Cliente_07601,1961-08-16 14:15:10
7602,M,SC,24581.0,Joinville,Cliente_07602,1985-07-15 23:35:55
7603,F,SP,13667.0,São Paulo,Cliente_07603,1989-02-02 22:28:33
7604,F,PR,10269.0,Maringá,Cliente_07604,1965-09-27 17:43:07
7605,M,PR,24560.0,Curitiba,Cliente_07605,1961-02-24 02:43:50
7606,M,PE,2520.0,Recife,Cliente_07606,1986-04-12 19:51:11
7607,M,MG,13345.0,Uberlândia,Cliente_07607,2002-11-29 21:34:06
7608,M,MG,5344.0,Belo Horizonte,Cliente_07608,1995-04-29 00:14:38
7609,F,GO,5073.0,Goiânia,Cliente_07609,1991-09-04 15:24:22
7610,F,PE,11985.0,Caruaru,Cliente_07610,1977-04-24 17:05:43
7611,F,PE,6942.0,Petrolina,Cliente_07611,2005-03-02 19:00:54
7612,M,SC,9414.0,Joinville,Cliente_07612,1986-04-11 15:57:54
7613,F,PR,23942.0,Maringá,Cliente_07613,1996-10-30 23:27:18
7614,M,MG,9451.0,Belo Horizonte,Cliente_07614,1990-10-31 12:18:04
7615,F,SP,10302.0,São Paulo,Cliente_07615,1976-11-05 21:24:33
7616,M,PE,10020.0,Caruaru,Cliente_07616,1968-09-23 12:26:05
7617,F,BA,2046.0,Feira de Santana,Cliente_07617,1999-10-25 03:45:42
7618,F,RJ,17030.0,Niterói,Cliente_07618,1982-03-26 03:17:38
7619,M,MG,21065.0,Belo Horizonte,Cliente_07619,1995-07-04 04:03:16
7620,F,DF,10498.0,Brasília,Cliente_07620,1997-12-05 05:18:46
7621,M,MG,12965.0,Belo Horizonte,Cliente_07621,1960-12-17 11:12:12
7622,F,BA,21871.0,Vitória da Conquista,Cliente_07622,1958-02-13 08:49:37
7623,F,MG,17116.0,Uberlândia,Cliente_07623,1955-09-11 10:37:11
7624,M,BA,,Salvador,Cliente_07624,1985-11-22 17:32:01
7625,M,RJ,20624.0,Campos,Cliente_07625,1972-01-14 03:30:43
7626,F,GO,14217.0,Anápolis,Cliente_07626,1990-07-15 04:12:55
7627,F,SC,16925.0,Joinville,Cliente_07627,1987-11-25 14:46:24
7628,F,RJ,6401.0,Campos,Cliente_07628,1966-03-04 22:49:31
7629,F,RS,13342.0,Pelotas,Cliente_07629,1980-01-06 11:51:04
7630,F,GO,7208.0,Rio Verde,Cliente_07630,1969-11-18 13:54:45
7631,F,SC,3582.0,Florianópolis,Cliente_07631,1994-12-02 09:18:27
7632,M,PR,22536.0,Londrina,Cliente_07632,2001-10-18 08:04:53
7633,M,BA,22470.0,Feira de Santana,Cliente_07633,1967-03-05 20:56:44
7634,M,PE,11295.0,Petrolina,Cliente_07634,1969-11-30 22:28:12
7635,F,RS,14041.0,Porto Alegre,Cliente_07635,1960-05-11 08:38:52
7636,F,RJ,1760.0,Campos,Cliente_07636,1970-06-23 23:53:33
7637,F,MG,21680.0,Belo Horizonte,Cliente_07637,2002-05-09 17:21:12
7638,M,RJ,15067.0,Niterói,Cliente_07638,1967-03-21 20:40:58
7639,M,SC,7482.0,Joinville,Cliente_07639,1957-07-03 23:34:03
7640,F,RS,2000.0,Porto Alegre,Cliente_07640,1964-06-14 02:26:11
7641,F,SP,2515.0,Campinas,Cliente_07641,1957-01-08 21:43:03
7642,M,SC,12025.0,Joinville,Cliente_07642,1955-12-29 21:30:56
7643,M,GO,5463.0,Rio Verde,Cliente_07643,1972-07-04 23:44:53
7644,M,RJ,23202.0,Rio de Janeiro,Cliente_07644,1988-04-18 09:37:03
7645,F,RJ,13366.0,Niterói,Cliente_07645,1991-07-26 13:31:46
7646,F,RS,13747.0,Caxias do Sul,Cliente_07646,1957-10-23 02:14:27
7647,F,BA,4206.0,Salvador,Cliente_07647,1999-03-19 18:06:07
7648,M,RS,16772.0,Caxias do Sul,Cliente_07648,1966-06-24 01:08:41
7649,M,PE,24019.0,Recife,Cliente_07649,1973-06-22 17:23:06
7650,F,RJ,23665.0,Rio de Janeiro,Cliente_07650,1955-07-24 11:11:29
7651,F,BA,3599.0,Vitória da Conquista,Cliente_07651,1982-09-06 08:22:31
7652,M,BA,7886.0,Salvador,Cliente_07652,1992-07-29 19:22:14
7653,F,RS,6838.0,Pelotas,Cliente_07653,1980-06-30 09:43:28
7654,M,PR,20449.0,Londrina,Cliente_07654,1959-04-05 00:55:24
7655,M,SC,9800.0,Florianópolis,Cliente_07655,1968-04-03 19:48:17
7656,F,GO,22900.0,Rio Verde,Cliente_07656,1990-07-21 00:40:22
7657,M,PR,20965.0,Curitiba,Cliente_07657,1980-12-10 20:36:42
7658,F,RJ,5797.0,Niterói,Cliente_07658,1956-03-30 01:53:46
7659,M,RJ,23797.0,Campos,Cliente_07659,2007-12-24 05:37:06
7660,M,RJ,20832.0,Campos,Cliente_07660,1983-05-12 12:08:01
7661,F,DF,9905.0,Brasília,Cliente_07661,1987-10-18 10:15:43
7662,M,MG,24095.0,Juiz de Fora,Cliente_07662,2003-10-20 12:55:28
7663,F,SP,,Campinas,Cliente_07663,1985-10-18 09:32:47
7664,F,DF,16701.0,Brasília,Cliente_07664,1988-03-12 12:07:34
7665,M,SP,14114.0,Santos,Cliente_07665,1957-02-02 04:35:33
7666,F,BA,14861.0,Feira de Santana,Cliente_07666,1978-04-04 20:10:23
7667,F,RJ,2540.0,Niterói,Cliente_07667,1980-01-13 06:37:19
7668,F,PE,14310.0,Recife,Cliente_07668,1978-07-15 01:55:37
7669,F,GO,9488.0,Anápolis,Cliente_07669,1999-03-09 19:43:51
7670,F,RS,9059.0,Pelotas,Cliente_07670,2005-02-17 21:28:37
7671,F,GO,18871.0,Rio Verde,Cliente_07671,1958-06-23 06:37:33
7672,M,PE,21079.0,Caruaru,Cliente_07672,1998-12-22 20:38:14
7673,F,RS,22983.0,Caxias do Sul,Cliente_07673,1955-08-03 08:55:17
7674,M,BA,2003.0,Salvador,Cliente_07674,1960-10-18 00:52:06
7675,M,PE,6844.0,Recife,Cliente_07675,1998-05-15 13:44:52
7676,F,RJ,10447.0,Campos,Cliente_07676,1974-04-26 09:24:08
7677,M,PE,11033.0,Caruaru,Cliente_07677,2000-07-26 23:29:54
7678,M,RJ,16308.0,Campos,Cliente_07678,1983-04-11 23:20:53
7679,F,PE,9648.0,Caruaru,Cliente_07679,1975-06-23 21:34:48
7680,F,PE,15655.0,Petrolina,Cliente_07680,2007-02-13 09:41:18
7681,F,PR,23894.0,Maringá,Cliente_07681,1981-05-02 00:53:20
7682,M,GO,16693.0,Rio Verde,Cliente_07682,1992-10-31 19:18:44
7683,M,SP,2881.0,Campinas,Cliente_07683,1996-09-05 17:18:36
7684,F,DF,23486.0,Brasília,Cliente_07684,1979-07-21 06:43:31
7685,F,PR,8512.0,Curitiba,Cliente_07685,1990-06-15 19:04:58
7686,M,SP,16713.0,São Paulo,Cliente_07686,1969-01-19 14:05:16
7687,M,PR,16712.0,Londrina,Cliente_07687,1979-12-24 21:48:26
7688,M,MG,15308.0,Belo Horizonte,Cliente_07688,1976-05-15 22:59:44
7689,M,RS,12211.0,Pelotas,Cliente_07689,1960-08-12 19:19:08
7690,F,RJ,21610.0,Niterói,Cliente_07690,1971-03-25 14:42:08
7691,M,DF,16673.0,Brasília,Cliente_07691,1971-03-22 11:07:46
7692,M,PR,19771.0,Londrina,Cliente_07692,1987-08-19 02:35:11
7693,M,PR,11015.0,Curitiba,Cliente_07693,2006-11-22 20:14:11
7694,M,BA,21693.0,Salvador,Cliente_07694,1978-05-20 17:48:00
7695,F,PE,13439.0,Petrolina,Cliente_07695,1986-09-24 13:29:08
7696,F,MG,3631.0,Uberlândia,Cliente_07696,1994-09-03 03:20:16
7697,M,DF,3924.0,Brasília,Cliente_07697,1994-09-21 16:28:57
7698,M,DF,13076.0,Brasília,Cliente_07698,1994-05-30 19:02:52
7699,F,RS,23323.0,Porto Alegre,Cliente_07699,1979-04-04 07:15:53
7700,F,DF,23358.0,Brasília,Cliente_07700,2001-11-21 19:08:29
7701,M,SC,10700.0,Joinville,Cliente_07701,1998-05-31 10:32:27
7702,M,DF,19201.0,Brasília,Cliente_07702,1955-04-11 08:36:28
7703,F,PR,24531.0,Maringá,Cliente_07703,1962-04-22 19:55:10
7704,F,SC,4716.0,Blumenau,Cliente_07704,1965-09-11 23:12:59
7705,F,SP,14326.0,Santos,Cliente_07705,2001-09-28 04:04:19
7706,F,PE,1516.0,Caruaru,Cliente_07706,1986-10-17 13:58:11
7707,F,SC,6170.0,Joinville,Cliente_07707,1990-08-09 20:38:21
7708,F,SP,4123.0,Campinas,Cliente_07708,1977-04-04 16:42:57
7709,M,MG,14850.0,Uberlândia,Cliente_07709,1977-03-09 14:50:50
7710,F,GO,18013.0,Anápolis,Cliente_07710,1964-04-14 19:32:57
7711,F,RJ,15950.0,Campos,Cliente_07711,1985-09-14 03:38:28
7712,F,PR,2973.0,Maringá,Cliente_07712,1993-10-31 20:58:57
7713,F,SC,10760.0,Blumenau,Cliente_07713,1989-07-20 23:14:44
7714,M,GO,5811.0,Goiânia,Cliente_07714,1984-02-12 09:59:00
7715,M,PE,20779.0,Petrolina,Cliente_07715,1976-12-05 23:41:54
7716,F,BA,4236.0,Feira de Santana,Cliente_07716,1958-08-15 07:18:24
7717,M,MG,22982.0,Juiz de Fora,Cliente_07717,1979-04-29 06:30:18
7718,M,RJ,3446.0,Rio de Janeiro,Cliente_07718,2005-09-10 18:42:44
7719,M,PE,23443.0,Recife,Cliente_07719,1972-06-06 22:23:39
7720,M,MG,17240.0,Belo Horizonte,Cliente_07720,2001-07-22 13:32:00
7721,M,BA,18184.0,Salvador,Cliente_07721,1978-10-13 03:49:46
7722,M,SP,10676.0,São Paulo,Cliente_07722,1972-07-16 08:02:09
7723,F,BA,13383.0,Feira de Santana,Cliente_07723,2006-10-13 20:10:28
7724,F,SC,6001.0,Blumenau,Cliente_07724,1956-08-23 16:28:08
7725,F,RJ,13118.0,Niterói,Cliente_07725,2005-03-06 00:36:10
7726,F,DF,7414.0,Brasília,Cliente_07726,1983-09-26 04:13:33
7727,F,RS,23555.0,Caxias do Sul,Cliente_07727,1986-04-04 17:07:55
7728,M,PR,1582.0,Curitiba,Cliente_07728,1969-01-10 13:14:03
7729,F,PR,9864.0,Maringá,Cliente_07729,1962-07-26 07:37:16
7730,F,SP,18882.0,Santos,Cliente_07730,1984-04-25 07:56:20
7731,M,PE,7304.0,Petrolina,Cliente_07731,1956-11-22 03:52:04
7732,M,RJ,24821.0,Rio de Janeiro,Cliente_07732,1967-06-05 07:33:24
7733,F,DF,21025.0,Brasília,Cliente_07733,1974-12-09 12:01:59
7734,M,SP,20766.0,Campinas,Cliente_07734,1990-08-08 16:32:57
7735,M,RS,13793.0,Pelotas,Cliente_07735,1988-04-18 03:38:58
7736,M,SC,14312.0,Joinville,Cliente_07736,1976-04-08 22:01:26
7737,M,SC,4584.0,Blumenau,Cliente_07737,2000-06-16 15:33:04
7738,F,DF,3545.0,Brasília,Cliente_07738,1985-01-10 10:16:10
7739,M,DF,18088.0,Brasília,Cliente_07739,1961-12-28 08:09:09
7740,F,DF,14684.0,Brasília,Cliente_07740,1985-08-19 14:01:16
7741,F,BA,15875.0,Vitória da Conquista,Cliente_07741,2000-10-08 18:58:51
7742,M,PR,23168.0,Maringá,Cliente_07742,1979-11-27 16:02:37
7743,M,GO,3052.0,Rio Verde,Cliente_07743,2003-09-19 15:01:51
7744,M,RJ,9316.0,Rio de Janeiro,Cliente_07744,1985-12-15 03:11:52
7745,F,GO,2324.0,Goiânia,Cliente_07745,1975-10-17 22:03:16
7746,M,BA,5248.0,Feira de Santana,Cliente_07746,1984-04-12 08:56:23
7747,M,PE,7078.0,Recife,Cliente_07747,1979-06-30 13:28:58
7748,M,SC,23796.0,Blumenau,Cliente_07748,1977-08-21 20:37:51
7749,M,PR,6697.0,Londrina,Cliente_07749,1985-08-02 00:35:53
7750,M,DF,10530.0,Brasília,Cliente_07750,1980-05-07 13:07:22
7751,F,RS,22579.0,Caxias do Sul,Cliente_07751,1968-04-18 12:56:08
7752,M,RS,24652.0,Caxias do Sul,Cliente_07752,1976-12-27 08:34:01
7753,M,RS,21567.0,Pelotas,Cliente_07753,1997-10-12 04:36:09
7754,M,RJ,19845.0,Campos,Cliente_07754,2007-08-15 10:12:32
7755,F,DF,2437.0,Brasília,Cliente_07755,1981-07-22 02:55:25
7756,M,PR,9095.0,Londrina,Cliente_07756,1995-11-11 15:08:45
7757,F,SC,1924.0,Florianópolis,Cliente_07757,1996-08-04 23:02:41
7758,F,GO,13002.0,Rio Verde,Cliente_07758,1968-01-17 01:03:43
7759,M,DF,4551.0,Brasília,Cliente_07759,1956-02-07 08:06:53
7760,M,DF,4405.0,Brasília,Cliente_07760,2003-02-07 22:10:33
7761,M,BA,13738.0,Vitória da Conquista,Cliente_07761,1963-05-03 20:26:30
7762,F,PE,4194.0,Recife,Cliente_07762,1988-03-05 11:59:11
7763,F,RS,5095.0,Caxias do Sul,Cliente_07763,1975-12-11 06:47:31
7764,F,SP,2767.0,São Paulo,Cliente_07764,1958-07-03 01:46:38
7765,F,PR,1921.0,Maringá,Cliente_07765,1985-03-03 06:02:54
7766,F,BA,21150.0,Feira de Santana,Cliente_07766,1969-06-23 12:27:55
7767,F,PE,8517.0,Caruaru,Cliente_07767,1988-09-18 08:00:26
7768,M,PE,11349.0,Recife,Cliente_07768,2002-03-06 13:11:11
7769,M,MG,19984.0,Juiz de Fora,Cliente_07769,1997-05-12 06:06:59
7770,F,RS,17849.0,Pelotas,Cliente_07770,2000-08-25 13:14:10
7771,M,MG,13631.0,Uberlândia,Cliente_07771,1997-05-11 01:10:18
7772,M,BA,10376.0,Vitória da Conquista,Cliente_07772,1997-04-04 10:03:00
7773,F,PE,3726.0,Caruaru,Cliente_07773,1980-06-27 22:48:30
7774,F,SP,5888.0,Campinas,Cliente_07774,2003-05-27 19:00:51
7775,M,PR,3922.0,Londrina,Cliente_07775,1981-04-10 01:30:41
7776,F,MG,8726.0,Juiz de Fora,Cliente_07776,1991-12-13 17:40:02
7777,F,PE,10769.0,Recife,Cliente_07777,1990-01-21 04:46:30
7778,M,PR,13677.0,Londrina,Cliente_07778,1985-10-05 05:37:36
7779,F,RS,13532.0,Porto Alegre,Cliente_07779,1972-11-25 13:29:21
7780,M,GO,13008.0,Goiânia,Cliente_07780,1968-06-25 01:58:19
7781,M,PR,8816.0,Curitiba,Cliente_07781,1985-07-26 19:51:35
7782,M,PE,4343.0,Recife,Cliente_07782,1989-10-11 15:22:47
7783,M,BA,5611.0,Salvador,Cliente_07783,1970-01-13 15:20:09
7784,M,MG,13963.0,Uberlândia,Cliente_07784,1974-02-18 06:10:57
7785,F,MG,23543.0,Juiz de Fora,Cliente_07785,1987-11-18 18:07:22
7786,F,SC,15278.0,Florianópolis,Cliente_07786,1992-08-10 21:37:31
7787,F,PE,19787.0,Petrolina,Cliente_07787,1969-01-25 03:53:46
7788,F,SC,5724.0,Blumenau,Cliente_07788,1965-04-16 01:32:10
7789,M,SP,6479.0,Campinas,Cliente_07789,1965-03-08 08:14:46
7790,M,SP,23247.0,São Paulo,Cliente_07790,1970-12-11 17:33:52
7791,F,PE,18309.0,Petrolina,Cliente_07791,1969-08-18 02:48:06
7792,M,MG,3901.0,Juiz de Fora,Cliente_07792,1991-09-05 13:51:23
7793,F,RS,10441.0,Porto Alegre,Cliente_07793,1975-07-20 06:45:12
7794,F,RJ,17185.0,Niterói,Cliente_07794,1975-11-14 21:20:23
7795,F,SP,17463.0,Campinas,Cliente_07795,1955-01-04 08:31:46
7796,M,MG,17927.0,Belo Horizonte,Cliente_07796,2006-10-28 02:36:23
7797,M,DF,24182.0,Brasília,Cliente_07797,2007-11-24 04:23:14
7798,M,DF,22926.0,Brasília,Cliente_07798,1956-01-17 12:24:03
7799,M,SC,19443.0,Blumenau,Cliente_07799,1955-04-01 17:31:34
7800,F,PR,7535.0,Londrina,Cliente_07800,1992-03-31 22:24:23
7801,M,RS,8571.0,Caxias do Sul,Cliente_07801,1986-10-26 11:54:17
7802,M,SC,22078.0,Blumenau,Cliente_07802,1958-04-02 01:58:27
7803,M,DF,21835.0,Brasília,Cliente_07803,1980-06-06 04:09:43
7804,F,RS,18031.0,Pelotas,Cliente_07804,1983-05-06 22:23:34
7805,F,RJ,3670.0,Campos,Cliente_07805,1969-08-12 07:26:06
7806,M,PR,6618.0,Maringá,Cliente_07806,1960-10-14 02:31:35
7807,M,SC,8797.0,Florianópolis,Cliente_07807,1960-01-25 19:24:12
7808,M,DF,5663.0,Brasília,Cliente_07808,1990-02-02 14:41:45
7809,M,SP,9526.0,Santos,Cliente_07809,1977-05-09 05:39:50
7810,F,SP,10519.0,Campinas,Cliente_07810,2002-11-01 04:22:21
7811,M,SC,11444.0,Blumenau,Cliente_07811,1987-05-29 23:02:10
7812,M,RJ,4439.0,Campos,Cliente_07812,2003-04-12 06:48:02
7813,M,RJ,7227.0,Rio de Janeiro,Cliente_07813,1964-02-08 19:08:24
7814,F,PE,13420.0,Recife,Cliente_07814,1966-01-09 20:59:27
7815,F,PR,5116.0,Maringá,Cliente_07815,1964-01-08 23:22:53
7816,M,MG,6905.0,Belo Horizonte,Cliente_07816,1956-11-15 19:08:54
7817,M,RJ,11969.0,Rio de Janeiro,Cliente_07817,1981-02-14 20:06:03
7818,M,PR,9851.0,Curitiba,Cliente_07818,1985-01-02 20:06:56
7819,M,RJ,13057.0,Rio de Janeiro,Cliente_07819,1961-08-16 11:58:39
7820,M,PE,7380.0,Petrolina,Cliente_07820,1979-06-15 00:11:14
7821,F,GO,15596.0,Goiânia,Cliente_07821,1989-02-24 12:12:10
7822,F,RJ,2513.0,Rio de Janeiro,Cliente_07822,1998-01-14 03:38:40
7823,F,PR,10243.0,Londrina,Cliente_07823,2001-08-24 09:55:08
7824,M,PE,8891.0,Petrolina,Cliente_07824,1956-04-09 04:51:13
7825,F,PE,19059.0,Recife,Cliente_07825,1972-12-14 01:15:50
7826,F,PR,10855.0,Londrina,Cliente_07826,1981-05-12 11:55:51
7827,F,PR,6747.0,Curitiba,Cliente_07827,1965-04-09 16:01:02
7828,M,SP,9018.0,Santos,Cliente_07828,1960-12-01 18:56:44
7829,M,GO,7790.0,Anápolis,Cliente_07829,2001-07-26 01:16:12
7830,F,PE,2808.0,Caruaru,Cliente_07830,1984-09-04 07:10:07
7831,M,SP,11184.0,Santos,Cliente_07831,1978-12-30 18:08:28
7832,F,RS,14223.0,Caxias do Sul,Cliente_07832,1991-01-06 15:09:18
7833,F,SC,6327.0,Joinville,Cliente_07833,1987-11-12 00:22:23
7834,F,SC,23148.0,Florianópolis,Cliente_07834,1997-06-25 06:44:37
7835,F,PE,19661.0,Caruaru,Cliente_07835,1966-07-12 02:32:20
7836,M,SP,1559.0,Santos,Cliente_07836,1994-12-18 04:36:25
7837,M,GO,8486.0,Goiânia,Cliente_07837,1992-07-28 11:47:15
7838,M,GO,12143.0,Anápolis,Cliente_07838,1955-02-15 22:13:44
7839,M,RS,16716.0,Porto Alegre,Cliente_07839,1956-03-03 21:30:31
7840,F,PE,9360.0,Petrolina,Cliente_07840,1991-10-07 01:05:56
7841,M,RJ,14925.0,Niterói,Cliente_07841,1989-04-15 13:09:32
7842,F,RS,15306.0,Pelotas,Cliente_07842,1984-08-16 11:02:40
7843,M,SP,16450.0,Santos,Cliente_07843,2001-09-18 14:25:11
7844,M,RJ,3092.0,Niterói,Cliente_07844,1991-04-04 02:35:02
7845,M,SC,22264.0,Joinville,Cliente_07845,1975-02-05 01:14:46
7846,F,BA,15964.0,Salvador,Cliente_07846,1967-11-19 00:15:19
7847,F,SC,7597.0,Blumenau,Cliente_07847,1987-06-29 21:45:18
7848,F,PE,7958.0,Caruaru,Cliente_07848,1961-05-13 05:25:02
7849,F,PR,10651.0,Maringá,Cliente_07849,2000-02-25 10:12:11
7850,M,SC,23601.0,Joinville,Cliente_07850,1999-09-18 14:05:38
7851,F,DF,5666.0,Brasília,Cliente_07851,1993-09-23 10:51:15
7852,F,SC,7988.0,Blumenau,Cliente_07852,1967-12-29 16:55:54
7853,M,SC,23303.0,Florianópolis,Cliente_07853,1983-09-13 09:13:41
7854,M,SC,11915.0,Blumenau,Cliente_07854,1960-12-14 14:35:21
7855,F,SC,13508.0,Joinville,Cliente_07855,1962-09-22 03:00:46
7856,M,RJ,12670.0,Rio de Janeiro,Cliente_07856,2004-01-20 09:45:47
7857,F,RJ,18930.0,Rio de Janeiro,Cliente_07857,1987-08-26 19:49:45
7858,M,SC,16016.0,Joinville,Cliente_07858,2004-11-28 16:29:12
7859,F,MG,10760.0,Belo Horizonte,Cliente_07859,1956-02-13 00:43:47
7860,F,MG,9136.0,Juiz de Fora,Cliente_07860,1969-03-26 01:22:13
7861,F,RJ,5687.0,Campos,Cliente_07861,1970-06-27 04:24:24
7862,F,BA,4840.0,Feira de Santana,Cliente_07862,1985-02-14 14:41:01
7863,F,PR,7677.0,Maringá,Cliente_07863,1975-06-16 06:28:28
7864,M,RS,22657.0,Caxias do Sul,Cliente_07864,1990-09-05 01:37:34
7865,F,DF,17441.0,Brasília,Cliente_07865,1996-08-25 18:29:41
7866,F,DF,,Brasília,Cliente_07866,2002-08-14 02:33:06
7867,F,SC,8800.0,Florianópolis,Cliente_07867,1960-10-16 09:53:18
7868,F,BA,24786.0,Vitória da Conquista,Cliente_07868,1979-08-01 11:38:42
7869,F,MG,14169.0,Uberlândia,Cliente_07869,2006-04-06 12:03:56
7870,M,MG,23683.0,Juiz de Fora,Cliente_07870,1959-12-14 22:26:33
7871,M,BA,2465.0,Salvador,Cliente_07871,1994-08-10 04:54:17
7872,F,PR,8944.0,Curitiba,Cliente_07872,1992-12-05 02:37:34
7873,M,RJ,12126.0,Campos,Cliente_07873,1958-01-18 01:56:32
7874,F,PR,24562.0,Curitiba,Cliente_07874,1984-07-13 10:31:01
7875,M,PE,16110.0,Caruaru,Cliente_07875,1971-12-05 13:59:18
7876,M,PE,2000.0,Petrolina,Cliente_07876,2003-01-05 16:45:22
7877,F,MG,6054.0,Juiz de Fora,Cliente_07877,2002-01-28 15:21:29
7878,M,RS,17933.0,Porto Alegre,Cliente_07878,2000-06-07 10:08:40
7879,M,PE,18871.0,Caruaru,Cliente_07879,1959-09-23 21:21:11
7880,F,MG,14791.0,Juiz de Fora,Cliente_07880,2007-12-01 16:33:55
7881,F,SC,8271.0,Blumenau,Cliente_07881,1963-11-16 12:41:46
7882,M,GO,18999.0,Goiânia,Cliente_07882,1966-06-21 11:28:59
7883,M,GO,5432.0,Goiânia,Cliente_07883,1990-04-22 03:45:27
7884,M,SP,5934.0,Campinas,Cliente_07884,1969-01-29 11:44:53
7885,F,SC,5067.0,Joinville,Cliente_07885,1993-07-12 14:55:25
7886,M,GO,3158.0,Goiânia,Cliente_07886,1964-09-03 11:09:52
7887,M,PR,11568.0,Londrina,Cliente_07887,1983-07-11 17:20:33
7888,M,SP,15661.0,São Paulo,Cliente_07888,1971-05-30 11:25:07
7889,F,MG,9444.0,Juiz de Fora,Cliente_07889,1986-05-05 10:05:23
7890,F,BA,7300.0,Salvador,Cliente_07890,1982-04-16 07:34:57
7891,F,BA,22260.0,Salvador,Cliente_07891,1968-10-04 15:07:36
7892,F,MG,15908.0,Belo Horizonte,Cliente_07892,1975-04-20 05:27:17
7893,M,RS,9517.0,Pelotas,Cliente_07893,1961-11-03 02:34:28
7894,F,MG,4315.0,Uberlândia,Cliente_07894,1977-02-04 09:28:19
7895,M,RJ,2470.0,Niterói,Cliente_07895,1971-04-14 18:20:53
7896,M,BA,14785.0,Feira de Santana,Cliente_07896,1970-01-02 05:20:35
7897,M,GO,23396.0,Goiânia,Cliente_07897,1995-06-25 09:10:48
7898,M,DF,1707.0,Brasília,Cliente_07898,1992-09-07 18:09:30
7899,F,SP,18143.0,São Paulo,Cliente_07899,1981-09-11 03:32:09
7900,F,RS,6525.0,Caxias do Sul,Cliente_07900,1962-01-07 22:21:34
7901,F,PE,5858.0,Petrolina,Cliente_07901,1979-11-01 11:04:22
7902,F,SC,18388.0,Blumenau,Cliente_07902,1963-02-09 01:41:50
7903,F,RS,13990.0,Pelotas,Cliente_07903,1983-01-06 16:08:59
7904,M,PE,3259.0,Petrolina,Cliente_07904,1959-10-12 15:38:33
7905,F,RS,15801.0,Porto Alegre,Cliente_07905,2007-02-23 17:11:31
7906,F,DF,15887.0,Brasília,Cliente_07906,2003-12-16 09:07:28
7907,F,RS,15167.0,Caxias do Sul,Cliente_07907,1998-08-04 10:53:25
7908,F,GO,5294.0,Rio Verde,Cliente_07908,1978-12-20 06:50:09
7909,M,MG,5090.0,Belo Horizonte,Cliente_07909,1987-02-19 06:11:24
7910,M,RJ,16198.0,Rio de Janeiro,Cliente_07910,1967-04-21 19:07:26
7911,M,SP,13832.0,São Paulo,Cliente_07911,1982-01-23 16:59:48
7912,M,BA,8470.0,Feira de Santana,Cliente_07912,1983-09-05 21:39:11
7913,M,PE,11093.0,Recife,Cliente_07913,1990-06-14 19:49:15
7914,F,SP,24169.0,Campinas,Cliente_07914,1958-08-01 16:18:31
7915,M,RS,4829.0,Caxias do Sul,Cliente_07915,1993-12-29 23:12:50
7916,M,MG,12536.0,Uberlândia,Cliente_07916,1991-09-29 09:54:45
7917,M,SP,15872.0,Campinas,Cliente_07917,1977-01-07 02:08:16
7918,F,MG,21896.0,Belo Horizonte,Cliente_07918,1989-04-22 14:29:12
7919,F,PE,3592.0,Recife,Cliente_07919,2002-07-29 07:19:58
7920,M,GO,20851.0,Goiânia,Cliente_07920,1976-05-21 18:37:15
7921,F,GO,19559.0,Rio Verde,Cliente_07921,1970-01-20 18:24:00
7922,F,MG,22280.0,Juiz de Fora,Cliente_07922,2000-07-23 10:04:16
7923,M,MG,1787.0,Uberlândia,Cliente_07923,1983-01-23 21:02:59
7924,F,RJ,18669.0,Niterói,Cliente_07924,1957-08-30 11:36:49
7925,F,SC,3816.0,Joinville,Cliente_07925,1995-07-12 14:56:54
7926,F,RJ,17759.0,Niterói,Cliente_07926,1970-10-22 13:56:39
7927,M,SP,4338.0,Campinas,Cliente_07927,2006-03-06 18:53:19
7928,M,PR,13329.0,Maringá,Cliente_07928,2005-06-25 12:15:04
7929,M,RJ,9637.0,Niterói,Cliente_07929,1961-05-21 03:56:13
7930,F,SP,2765.0,São Paulo,Cliente_07930,1959-05-25 04:40:34
7931,M,BA,4483.0,Feira de Santana,Cliente_07931,2000-08-19 15:17:50
7932,F,SP,23785.0,São Paulo,Cliente_07932,2007-02-11 11:11:51
7933,F,SP,16189.0,São Paulo,Cliente_07933,1972-08-03 20:18:21
7934,F,MG,15607.0,Belo Horizonte,Cliente_07934,1955-03-14 19:48:21
7935,M,DF,9643.0,Brasília,Cliente_07935,1960-08-14 03:53:40
7936,M,RS,9530.0,Porto Alegre,Cliente_07936,1979-07-18 10:47:18
7937,M,MG,14622.0,Uberlândia,Cliente_07937,1993-12-16 06:52:20
7938,M,MG,12152.0,Uberlândia,Cliente_07938,1961-09-11 16:18:02
7939,F,DF,2111.0,Brasília,Cliente_07939,1990-01-27 13:50:27
7940,M,DF,5023.0,Brasília,Cliente_07940,1963-03-20 01:37:24
7941,F,RS,23396.0,Caxias do Sul,Cliente_07941,1998-08-06 12:02:19
7942,M,PR,21586.0,Londrina,Cliente_07942,1976-09-04 00:38:05
7943,M,BA,6924.0,Feira de Santana,Cliente_07943,1992-10-31 14:54:50
7944,M,RJ,11439.0,Campos,Cliente_07944,2002-11-13 10:54:14
7945,F,SP,3128.0,São Paulo,Cliente_07945,1976-06-14 11:04:45
7946,F,RJ,14676.0,Rio de Janeiro,Cliente_07946,1998-10-04 00:11:22
7947,F,GO,9407.0,Rio Verde,Cliente_07947,1957-08-21 06:53:41
7948,F,PE,4872.0,Petrolina,Cliente_07948,1994-10-22 02:27:53
7949,F,PR,14602.0,Londrina,Cliente_07949,1993-05-16 20:20:12
7950,M,PE,11289.0,Caruaru,Cliente_07950,2007-06-07 00:35:07
7951,F,SP,4639.0,São Paulo,Cliente_07951,1967-01-24 04:44:45
7952,F,DF,13143.0,Brasília,Cliente_07952,1988-01-15 07:43:59
7953,F,SP,20143.0,Campinas,Cliente_07953,1965-11-13 05:08:42
7954,F,BA,3750.0,Salvador,Cliente_07954,1965-03-29 19:37:12
7955,M,RJ,7621.0,Niterói,Cliente_07955,1996-10-01 14:54:49
7956,F,RS,9681.0,Caxias do Sul,Cliente_07956,1984-04-13 05:05:05
7957,M,SC,16803.0,Florianópolis,Cliente_07957,1959-11-22 23:29:17
7958,M,SC,18167.0,Blumenau,Cliente_07958,1955-01-22 08:41:52
7959,M,RS,7225.0,Pelotas,Cliente_07959,1990-04-14 14:25:59
7960,F,DF,17084.0,Brasília,Cliente_07960,1962-10-05 18:33:43
7961,M,SC,23121.0,Joinville,Cliente_07961,1995-08-31 20:36:35
7962,F,DF,14719.0,Brasília,Cliente_07962,1997-07-22 16:56:03
7963,F,MG,10294.0,Juiz de Fora,Cliente_07963,1975-03-08 01:19:08
7964,F,BA,15612.0,Feira de Santana,Cliente_07964,2000-07-23 06:03:18
7965,F,PR,13044.0,Maringá,Cliente_07965,1981-07-26 20:19:28
7966,F,RJ,5575.0,Campos,Cliente_07966,1972-01-27 00:10:45
7967,M,RJ,14278.0,Rio de Janeiro,Cliente_07967,1975-05-01 01:23:30
7968,M,PR,7662.0,Maringá,Cliente_07968,1966-01-20 08:49:28
7969,F,SP,9136.0,Campinas,Cliente_07969,1978-08-09 13:05:06
7970,M,SP,23621.0,São Paulo,Cliente_07970,1975-10-21 08:03:52
7971,F,PE,9502.0,Petrolina,Cliente_07971,1999-10-23 04:42:28
7972,M,SP,14953.0,São Paulo,Cliente_07972,1993-12-27 06:41:31
7973,M,DF,24956.0,Brasília,Cliente_07973,2006-01-02 00:17:29
7974,M,RS,16133.0,Pelotas,Cliente_07974,1982-10-29 20:33:11
7975,M,MG,19377.0,Uberlândia,Cliente_07975,1991-04-25 10:34:32
7976,M,PR,14492.0,Londrina,Cliente_07976,1980-07-08 13:56:08
7977,F,DF,13626.0,Brasília,Cliente_07977,1982-05-05 03:38:30
7978,F,DF,14590.0,Brasília,Cliente_07978,1962-09-18 08:42:33
7979,M,PE,18256.0,Recife,Cliente_07979,1959-09-04 12:47:10
7980,F,DF,23471.0,Brasília,Cliente_07980,1969-12-10 03:44:00
7981,M,BA,8571.0,Vitória da Conquista,Cliente_07981,2005-05-14 17:40:55
7982,F,SP,15249.0,Santos,Cliente_07982,1997-07-16 13:50:14
7983,M,RJ,20775.0,Rio de Janeiro,Cliente_07983,2002-02-11 22:49:07
7984,M,BA,13483.0,Salvador,Cliente_07984,1986-09-15 01:41:09
7985,M,MG,8086.0,Uberlândia,Cliente_07985,1964-07-04 15:09:29
7986,F,MG,21203.0,Belo Horizonte,Cliente_07986,2003-05-24 05:38:23
7987,F,MG,12141.0,Juiz de Fora,Cliente_07987,1960-03-29 20:14:41
7988,M,SP,5467.0,São Paulo,Cliente_07988,1974-10-10 18:29:23
7989,M,DF,2322.0,Brasília,Cliente_07989,1981-07-05 23:53:43
7990,F,MG,1721.0,Uberlândia,Cliente_07990,1981-07-24 01:21:39
7991,F,PR,8380.0,Curitiba,Cliente_07991,2000-11-05 01:19:05
7992,F,RJ,13629.0,Campos,Cliente_07992,1992-06-26 01:33:39
7993,F,DF,17043.0,Brasília,Cliente_07993,1966-05-10 08:15:25
7994,F,PE,5388.0,Recife,Cliente_07994,1990-08-22 02:41:39
7995,M,SP,14999.0,São Paulo,Cliente_07995,1980-05-11 00:25:51
7996,F,RS,,Porto Alegre,Cliente_07996,1975-08-23 14:59:55
7997,M,BA,23184.0,Feira de Santana,Cliente_07997,1967-11-19 03:38:49
7998,M,GO,21154.0,Anápolis,Cliente_07998,1979-03-20 22:38:48
7999,F,BA,11617.0,Feira de Santana,Cliente_07999,1991-08-12 01:02:02
8000,F,MG,22577.0,Uberlândia,Cliente_08000,1986-01-25 08:24:01
8001,M,RJ,14272.0,Campos,Cliente_08001,1966-10-12 21:10:39
8002,F,PE,5493.0,Petrolina,Cliente_08002,2004-03-23 19:44:54
8003,M,DF,20482.0,Brasília,Cliente_08003,1974-07-09 09:39:30
8004,F,PR,3166.0,Londrina,Cliente_08004,1993-10-02 19:58:35
8005,F,SC,17812.0,Joinville,Cliente_08005,1987-08-26 19:46:56
8006,F,BA,12773.0,Feira de Santana,Cliente_08006,1989-06-11 09:49:31
8007,M,SC,15838.0,Florianópolis,Cliente_08007,1981-02-12 14:13:50
8008,F,DF,6257.0,Brasília,Cliente_08008,2004-09-29 12:21:03
8009,M,RJ,12860.0,Campos,Cliente_08009,1986-04-19 14:25:38
8010,F,SC,19438.0,Florianópolis,Cliente_08010,1973-11-18 00:35:45
8011,M,BA,7615.0,Feira de Santana,Cliente_08011,1986-08-14 18:32:37
8012,F,RS,6937.0,Pelotas,Cliente_08012,1964-01-21 14:38:24
8013,M,GO,24125.0,Anápolis,Cliente_08013,1967-10-03 08:57:18
8014,M,SC,10772.0,Florianópolis,Cliente_08014,1985-02-04 07:31:38
8015,M,RS,13626.0,Pelotas,Cliente_08015,1990-10-19 13:28:43
8016,M,RS,17971.0,Porto Alegre,Cliente_08016,1990-10-30 12:18:52
8017,M,MG,8615.0,Juiz de Fora,Cliente_08017,1971-09-21 12:18:15
8018,M,GO,4203.0,Anápolis,Cliente_08018,2007-01-14 07:02:32
8019,F,PR,12651.0,Maringá,Cliente_08019,1978-02-04 13:11:28
8020,M,BA,20302.0,Salvador,Cliente_08020,1960-07-13 02:14:28
8021,M,PE,5647.0,Recife,Cliente_08021,2000-06-21 22:08:06
8022,M,DF,3247.0,Brasília,Cliente_08022,1978-07-25 17:37:21
8023,F,PE,9732.0,Recife,Cliente_08023,1998-05-28 01:34:17
8024,F,SC,16651.0,Florianópolis,Cliente_08024,1981-08-16 02:42:17
8025,F,GO,11830.0,Anápolis,Cliente_08025,1997-03-18 19:11:43
8026,M,SC,17922.0,Florianópolis,Cliente_08026,1977-05-05 23:58:03
8027,F,GO,12776.0,Anápolis,Cliente_08027,2006-12-02 01:05:57
8028,F,BA,24927.0,Vitória da Conquista,Cliente_08028,1988-10-26 23:49:41
8029,M,DF,20035.0,Brasília,Cliente_08029,1969-06-14 18:32:34
8030,M,DF,5437.0,Brasília,Cliente_08030,1989-06-19 16:31:13
8031,F,BA,8386.0,Salvador,Cliente_08031,1970-10-29 09:00:52
8032,M,PR,11782.0,Maringá,Cliente_08032,1994-04-21 07:45:17
8033,M,RS,1708.0,Pelotas,Cliente_08033,1961-06-06 03:11:26
8034,M,GO,2099.0,Anápolis,Cliente_08034,1956-06-03 11:36:52
8035,M,SP,5209.0,São Paulo,Cliente_08035,1989-09-30 15:25:35
8036,F,SP,18097.0,Campinas,Cliente_08036,2005-11-12 02:55:54
8037,M,RS,7223.0,Porto Alegre,Cliente_08037,2006-06-25 04:52:53
8038,F,SC,15504.0,Blumenau,Cliente_08038,1961-12-18 10:54:39
8039,F,GO,24436.0,Anápolis,Cliente_08039,1960-09-16 04:48:19
8040,F,RJ,11268.0,Rio de Janeiro,Cliente_08040,2001-09-03 00:54:37
8041,F,DF,11816.0,Brasília,Cliente_08041,1990-10-05 14:11:31
8042,M,PE,24122.0,Petrolina,Cliente_08042,1974-02-12 07:35:19
8043,M,RJ,20292.0,Niterói,Cliente_08043,1964-12-15 16:18:44
8044,M,PE,9472.0,Caruaru,Cliente_08044,1956-03-16 08:50:53
8045,F,DF,22662.0,Brasília,Cliente_08045,1997-11-08 13:39:41
8046,F,SP,18706.0,Campinas,Cliente_08046,1991-05-31 03:07:22
8047,F,BA,23984.0,Feira de Santana,Cliente_08047,1965-04-13 16:10:28
8048,M,PR,20479.0,Maringá,Cliente_08048,2002-11-30 06:46:00
8049,F,MG,17046.0,Juiz de Fora,Cliente_08049,1971-07-02 11:24:03
8050,M,SC,21837.0,Blumenau,Cliente_08050,1998-11-26 10:43:18
8051,M,RS,21715.0,Pelotas,Cliente_08051,1988-09-17 12:38:22
8052,M,SP,11791.0,São Paulo,Cliente_08052,1958-08-25 09:10:52
8053,M,BA,22467.0,Vitória da Conquista,Cliente_08053,1969-12-16 15:39:58
8054,F,BA,13294.0,Feira de Santana,Cliente_08054,2001-09-10 01:35:08
8055,M,PE,13159.0,Caruaru,Cliente_08055,2000-02-26 09:26:03
8056,F,BA,24119.0,Feira de Santana,Cliente_08056,1967-01-20 01:20:23
8057,M,GO,9483.0,Anápolis,Cliente_08057,1955-08-08 04:32:14
8058,F,SC,8000.0,Florianópolis,Cliente_08058,1958-06-01 14:19:03
8059,F,MG,23735.0,Uberlândia,Cliente_08059,1959-07-30 00:44:41
8060,M,SP,3134.0,Campinas,Cliente_08060,1986-12-28 20:49:29
8061,M,GO,15559.0,Anápolis,Cliente_08061,1974-10-06 00:26:58
8062,M,SP,6314.0,Santos,Cliente_08062,2000-04-29 17:36:56
8063,F,PR,19051.0,Maringá,Cliente_08063,1969-06-04 10:04:07
8064,M,MG,5576.0,Belo Horizonte,Cliente_08064,1972-03-21 18:42:26
8065,M,BA,9890.0,Salvador,Cliente_08065,1993-01-01 02:11:53
8066,F,PR,24842.0,Curitiba,Cliente_08066,1972-12-05 01:34:08
8067,M,PE,6942.0,Caruaru,Cliente_08067,1979-06-07 18:16:15
8068,F,PR,24244.0,Curitiba,Cliente_08068,1964-12-07 02:28:12
8069,M,RJ,24583.0,Campos,Cliente_08069,1982-10-19 23:57:55
8070,F,PE,5005.0,Petrolina,Cliente_08070,1966-11-20 21:09:11
8071,F,MG,18686.0,Juiz de Fora,Cliente_08071,2003-05-11 05:22:29
8072,M,SC,2002.0,Joinville,Cliente_08072,1964-05-18 01:13:45
8073,F,RJ,14256.0,Niterói,Cliente_08073,1961-02-13 07:08:04
8074,M,SP,15762.0,São Paulo,Cliente_08074,1959-07-15 06:02:00
8075,M,RS,23709.0,Porto Alegre,Cliente_08075,2003-06-11 18:14:29
8076,F,RS,17641.0,Porto Alegre,Cliente_08076,1972-11-17 15:23:08
8077,M,RJ,12105.0,Rio de Janeiro,Cliente_08077,1959-04-18 01:35:06
8078,F,SC,9439.0,Joinville,Cliente_08078,1985-03-09 06:38:50
8079,F,GO,23916.0,Rio Verde,Cliente_08079,2005-01-31 01:15:27
8080,F,RS,6219.0,Caxias do Sul,Cliente_08080,1970-05-15 04:44:29
8081,F,RJ,9248.0,Rio de Janeiro,Cliente_08081,1995-09-09 22:02:58
8082,F,MG,4370.0,Uberlândia,Cliente_08082,1963-07-22 10:54:13
8083,F,DF,6258.0,Brasília,Cliente_08083,1992-06-27 12:36:43
8084,F,SC,14538.0,Blumenau,Cliente_08084,2001-05-26 09:17:46
8085,F,SC,7468.0,Joinville,Cliente_08085,1965-05-04 18:18:35
8086,M,GO,13159.0,Rio Verde,Cliente_08086,1993-02-04 12:42:43
8087,M,PE,18982.0,Recife,Cliente_08087,2000-01-09 19:32:52
8088,F,BA,21053.0,Feira de Santana,Cliente_08088,1974-03-14 10:48:24
8089,M,RS,18266.0,Porto Alegre,Cliente_08089,1997-05-28 12:57:54
8090,M,BA,9290.0,Salvador,Cliente_08090,1980-11-14 09:53:20
8091,M,BA,21824.0,Vitória da Conquista,Cliente_08091,1959-08-02 17:32:23
8092,M,MG,11085.0,Juiz de Fora,Cliente_08092,1974-01-08 09:26:46
8093,M,SP,24336.0,São Paulo,Cliente_08093,1973-04-02 03:09:37
8094,M,BA,5771.0,Vitória da Conquista,Cliente_08094,1970-11-23 12:45:15
8095,F,SC,5823.0,Blumenau,Cliente_08095,1985-11-02 04:22:36
8096,M,GO,3538.0,Goiânia,Cliente_08096,1961-05-07 08:07:51
8097,M,GO,17477.0,Goiânia,Cliente_08097,1982-09-04 08:02:01
8098,M,DF,6961.0,Brasília,Cliente_08098,2003-06-11 05:06:23
8099,M,SP,9563.0,Santos,Cliente_08099,1995-10-22 06:13:47
8100,F,PE,19869.0,Recife,Cliente_08100,1994-11-04 00:50:37
8101,F,SC,2762.0,Florianópolis,Cliente_08101,1992-01-26 09:06:51
8102,F,SC,7231.0,Blumenau,Cliente_08102,1973-03-10 05:13:12
8103,F,DF,23000.0,Brasília,Cliente_08103,1980-10-28 19:26:30
8104,M,PR,11403.0,Londrina,Cliente_08104,1980-09-04 16:35:53
8105,F,DF,1849.0,Brasília,Cliente_08105,1986-06-11 19:15:08
8106,F,BA,1940.0,Feira de Santana,Cliente_08106,2001-12-10 22:05:37
8107,F,RJ,20692.0,Rio de Janeiro,Cliente_08107,1976-10-19 09:31:36
8108,F,GO,15399.0,Rio Verde,Cliente_08108,1981-11-02 15:49:26
8109,M,DF,20446.0,Brasília,Cliente_08109,1989-02-02 22:29:54
8110,F,BA,4652.0,Salvador,Cliente_08110,2004-08-27 17:47:58
8111,M,RS,11747.0,Pelotas,Cliente_08111,1978-08-23 08:59:59
8112,F,SP,20217.0,São Paulo,Cliente_08112,1989-07-31 14:46:44
8113,M,SC,11114.0,Florianópolis,Cliente_08113,1963-08-17 21:07:28
8114,M,PR,17957.0,Maringá,Cliente_08114,1991-11-11 07:29:48
8115,F,SP,8449.0,São Paulo,Cliente_08115,1958-10-01 16:29:13
8116,F,BA,3705.0,Feira de Santana,Cliente_08116,1986-03-21 10:25:38
8117,F,PE,19355.0,Caruaru,Cliente_08117,1962-04-14 16:34:02
8118,F,RS,21365.0,Pelotas,Cliente_08118,1957-11-22 03:56:03
8119,M,BA,21064.0,Salvador,Cliente_08119,1980-09-19 12:42:59
8120,M,RJ,14633.0,Niterói,Cliente_08120,1970-01-24 09:34:14
8121,F,MG,19614.0,Juiz de Fora,Cliente_08121,2002-06-01 00:16:04
8122,F,BA,1535.0,Vitória da Conquista,Cliente_08122,2007-07-11 18:59:20
8123,M,DF,18904.0,Brasília,Cliente_08123,1965-08-21 02:27:29
8124,F,BA,7034.0,Vitória da Conquista,Cliente_08124,1993-10-15 14:06:20
8125,M,DF,9509.0,Brasília,Cliente_08125,1993-07-29 20:36:26
8126,F,PE,12452.0,Caruaru,Cliente_08126,1976-03-04 07:55:22
8127,M,SC,21001.0,Joinville,Cliente_08127,1977-06-30 19:06:23
8128,M,GO,4035.0,Anápolis,Cliente_08128,1996-02-22 16:33:05
8129,M,MG,22598.0,Uberlândia,Cliente_08129,1989-09-05 13:18:14
8130,M,PE,6463.0,Recife,Cliente_08130,1979-07-14 11:00:36
8131,M,DF,14207.0,Brasília,Cliente_08131,1986-07-07 22:03:17
8132,F,GO,23975.0,Anápolis,Cliente_08132,1961-10-27 12:55:22
8133,M,RJ,14360.0,Campos,Cliente_08133,1980-01-24 07:50:27
8134,F,SP,15747.0,São Paulo,Cliente_08134,2007-07-29 04:21:40
8135,M,MG,18910.0,Uberlândia,Cliente_08135,1969-12-24 13:28:27
8136,M,PR,21549.0,Curitiba,Cliente_08136,1985-08-01 03:26:46
8137,F,PE,19170.0,Petrolina,Cliente_08137,1975-01-14 07:40:59
8138,F,SP,20730.0,Campinas,Cliente_08138,1966-06-16 07:42:39
8139,F,SP,10012.0,São Paulo,Cliente_08139,1989-12-29 17:33:39
8140,F,BA,15387.0,Feira de Santana,Cliente_08140,1982-03-30 02:07:41
8141,M,BA,3793.0,Salvador,Cliente_08141,1981-11-09 23:13:55
8142,F,PR,19496.0,Curitiba,Cliente_08142,1968-11-01 11:09:07
8143,M,PR,18360.0,Maringá,Cliente_08143,1975-04-10 05:26:06
8144,F,DF,12856.0,Brasília,Cliente_08144,2000-07-02 04:08:39
8145,F,PR,11518.0,Maringá,Cliente_08145,2007-01-03 02:43:48
8146,M,SP,14320.0,Campinas,Cliente_08146,1979-08-27 09:45:32
8147,M,DF,17433.0,Brasília,Cliente_08147,1967-11-27 23:03:04
8148,F,GO,3447.0,Anápolis,Cliente_08148,2006-01-16 17:47:27
8149,M,SC,21215.0,Florianópolis,Cliente_08149,1961-07-20 22:29:11
8150,M,SC,23144.0,Blumenau,Cliente_08150,1994-01-21 04:57:15
8151,M,SC,16810.0,Blumenau,Cliente_08151,1976-08-14 20:25:10
8152,M,MG,23950.0,Belo Horizonte,Cliente_08152,1962-07-26 21:17:36
8153,M,MG,17803.0,Juiz de Fora,Cliente_08153,1964-11-26 05:45:50
8154,M,PR,16514.0,Maringá,Cliente_08154,1985-08-05 14:25:50
8155,M,SC,23353.0,Florianópolis,Cliente_08155,1961-05-11 06:17:47
8156,M,RJ,19477.0,Niterói,Cliente_08156,1972-02-28 01:29:24
8157,F,BA,11439.0,Feira de Santana,Cliente_08157,1980-10-08 22:14:57
8158,M,RJ,15965.0,Niterói,Cliente_08158,1985-02-11 12:20:23
8159,F,SC,11725.0,Florianópolis,Cliente_08159,1960-09-05 10:20:43
8160,M,SC,9204.0,Joinville,Cliente_08160,1995-09-24 15:29:33
8161,M,BA,24038.0,Salvador,Cliente_08161,1984-03-07 07:24:50
8162,M,SC,18140.0,Florianópolis,Cliente_08162,1968-06-30 13:30:05
8163,M,PE,8012.0,Petrolina,Cliente_08163,2003-04-21 06:43:12
8164,F,SP,4491.0,Santos,Cliente_08164,1982-06-25 08:18:23
8165,F,DF,19301.0,Brasília,Cliente_08165,1965-04-01 21:31:21
8166,M,BA,9465.0,Feira de Santana,Cliente_08166,1997-12-30 16:13:18
8167,F,SC,15230.0,Florianópolis,Cliente_08167,1973-05-19 06:32:25
8168,M,MG,21998.0,Uberlândia,Cliente_08168,1963-03-12 04:38:33
8169,M,MG,9801.0,Uberlândia,Cliente_08169,1961-06-19 17:13:01
8170,F,SP,20436.0,Santos,Cliente_08170,1979-08-19 05:20:25
8171,F,MG,10749.0,Uberlândia,Cliente_08171,2005-10-31 05:20:11
8172,M,DF,23291.0,Brasília,Cliente_08172,1991-05-29 17:42:22
8173,M,RS,15655.0,Caxias do Sul,Cliente_08173,1980-04-11 03:39:19
8174,F,RS,22617.0,Pelotas,Cliente_08174,1971-09-19 11:00:20
8175,M,RS,17580.0,Caxias do Sul,Cliente_08175,2004-02-09 09:20:08
8176,F,SP,3542.0,Campinas,Cliente_08176,1973-09-22 05:22:18
8177,M,SP,20065.0,São Paulo,Cliente_08177,1987-04-03 08:06:46
8178,M,DF,16334.0,Brasília,Cliente_08178,1973-12-07 02:38:34
8179,F,BA,5992.0,Feira de Santana,Cliente_08179,1993-10-30 08:07:40
8180,F,PR,5058.0,Maringá,Cliente_08180,1961-10-03 19:38:56
8181,F,RS,11313.0,Pelotas,Cliente_08181,1995-01-14 18:22:14
8182,M,MG,5158.0,Belo Horizonte,Cliente_08182,1956-03-29 20:07:22
8183,M,RJ,17819.0,Campos,Cliente_08183,1971-01-09 07:22:14
8184,M,PR,20578.0,Maringá,Cliente_08184,2001-08-14 05:57:28
8185,M,DF,5384.0,Brasília,Cliente_08185,1963-09-20 00:29:05
8186,F,BA,6280.0,Vitória da Conquista,Cliente_08186,2001-02-10 03:42:09
8187,M,MG,21168.0,Uberlândia,Cliente_08187,1957-07-24 03:41:17
8188,M,SC,7452.0,Florianópolis,Cliente_08188,1980-06-18 04:57:13
8189,M,BA,9017.0,Salvador,Cliente_08189,1998-09-05 03:13:47
8190,F,RS,24046.0,Porto Alegre,Cliente_08190,1994-11-25 00:06:41
8191,M,RS,6606.0,Porto Alegre,Cliente_08191,2006-04-07 00:37:40
8192,M,SC,20050.0,Blumenau,Cliente_08192,1987-06-06 14:15:27
8193,F,DF,5897.0,Brasília,Cliente_08193,1970-11-06 17:50:32
8194,M,GO,14143.0,Anápolis,Cliente_08194,1964-02-09 12:27:20
8195,M,BA,16322.0,Vitória da Conquista,Cliente_08195,1965-08-04 15:11:37
8196,F,SC,21276.0,Blumenau,Cliente_08196,1997-08-05 11:29:36
8197,M,DF,11962.0,Brasília,Cliente_08197,2001-11-28 07:18:02
8198,M,DF,,Brasília,Cliente_08198,1975-12-03 00:32:13
8199,M,SP,23763.0,Santos,Cliente_08199,1996-02-25 02:19:34
8200,F,BA,3086.0,Vitória da Conquista,Cliente_08200,1983-06-01 03:51:21
8201,M,MG,10906.0,Belo Horizonte,Cliente_08201,1964-11-01 16:36:25
8202,M,GO,8638.0,Goiânia,Cliente_08202,1996-02-15 15:51:41
8203,F,PE,9162.0,Caruaru,Cliente_08203,1965-03-24 03:38:58
8204,F,RJ,8904.0,Campos,Cliente_08204,2001-09-21 14:22:17
8205,M,BA,14833.0,Salvador,Cliente_08205,2002-08-20 01:32:00
8206,M,PR,11337.0,Londrina,Cliente_08206,1986-03-28 07:55:33
8207,M,DF,11042.0,Brasília,Cliente_08207,1959-02-05 11:12:25
8208,M,SP,17404.0,Santos,Cliente_08208,1963-11-13 22:49:21
8209,F,SC,10056.0,Blumenau,Cliente_08209,1973-06-18 17:17:21
8210,M,RS,21823.0,Porto Alegre,Cliente_08210,2000-07-31 23:53:23
8211,F,SC,14855.0,Blumenau,Cliente_08211,1995-06-28 00:12:02
8212,F,SC,14306.0,Blumenau,Cliente_08212,1985-02-24 11:10:15
8213,M,GO,21083.0,Goiânia,Cliente_08213,1979-07-03 06:04:14
8214,M,BA,11318.0,Feira de Santana,Cliente_08214,2004-03-20 16:52:55
8215,F,SC,16364.0,Joinville,Cliente_08215,1991-10-26 01:41:25
8216,F,GO,24825.0,Goiânia,Cliente_08216,1967-07-06 09:00:03
8217,M,PE,2481.0,Recife,Cliente_08217,1985-09-09 16:08:24
8218,F,MG,11728.0,Uberlândia,Cliente_08218,2000-08-05 02:38:36
8219,M,PE,5052.0,Caruaru,Cliente_08219,1965-11-13 13:33:21
8220,M,BA,18805.0,Salvador,Cliente_08220,1991-03-25 06:16:38
8221,F,RS,13438.0,Porto Alegre,Cliente_08221,1967-11-21 12:20:48
8222,F,PE,17818.0,Recife,Cliente_08222,1997-04-19 07:13:09
8223,M,GO,21542.0,Rio Verde,Cliente_08223,1985-06-28 13:18:07
8224,F,GO,21879.0,Goiânia,Cliente_08224,1996-07-17 04:17:11
8225,M,RJ,24948.0,Campos,Cliente_08225,1983-09-22 11:47:56
8226,M,DF,6552.0,Brasília,Cliente_08226,1956-03-30 23:24:06
8227,M,PR,6906.0,Londrina,Cliente_08227,1992-05-17 03:39:57
8228,F,PR,22161.0,Londrina,Cliente_08228,1967-12-15 16:49:53
8229,M,BA,19358.0,Salvador,Cliente_08229,2004-07-27 05:09:55
8230,M,DF,14350.0,Brasília,Cliente_08230,1991-01-28 07:45:18
8231,M,RJ,14101.0,Rio de Janeiro,Cliente_08231,1995-09-14 20:11:48
8232,M,SP,8598.0,Campinas,Cliente_08232,2003-07-12 17:54:53
8233,M,SC,21651.0,Joinville,Cliente_08233,2004-08-08 21:31:27
8234,M,PE,8219.0,Caruaru,Cliente_08234,1980-10-05 00:01:18
8235,M,DF,17356.0,Brasília,Cliente_08235,1975-04-23 17:57:30
8236,M,SC,10094.0,Joinville,Cliente_08236,1980-06-11 09:38:09
8237,M,SP,2112.0,São Paulo,Cliente_08237,1970-03-10 02:28:38
8238,M,RS,8786.0,Pelotas,Cliente_08238,1997-08-26 20:46:15
8239,M,RJ,11568.0,Niterói,Cliente_08239,1980-07-11 11:54:37
8240,F,SC,11305.0,Joinville,Cliente_08240,1976-05-31 08:46:09
8241,M,RJ,4517.0,Campos,Cliente_08241,1960-03-19 17:26:27
8242,M,RJ,22672.0,Rio de Janeiro,Cliente_08242,1994-09-14 10:42:19
8243,M,DF,11426.0,Brasília,Cliente_08243,2004-08-11 06:05:46
8244,F,GO,13240.0,Rio Verde,Cliente_08244,1973-12-13 09:13:38
8245,M,MG,24986.0,Belo Horizonte,Cliente_08245,2002-01-23 02:19:15
8246,F,BA,12072.0,Salvador,Cliente_08246,1958-04-02 09:35:43
8247,M,PR,17737.0,Curitiba,Cliente_08247,1984-01-22 07:12:05
8248,M,RJ,11502.0,Rio de Janeiro,Cliente_08248,1989-06-17 15:50:25
8249,F,DF,17318.0,Brasília,Cliente_08249,1964-12-25 22:45:09
8250,M,DF,4701.0,Brasília,Cliente_08250,1981-11-21 19:12:08
8251,F,SC,2252.0,Florianópolis,Cliente_08251,1981-10-10 04:00:11
8252,F,SC,9056.0,Joinville,Cliente_08252,1992-08-13 14:11:55
8253,M,PE,2841.0,Recife,Cliente_08253,2004-08-07 11:11:58
8254,M,RJ,15481.0,Niterói,Cliente_08254,1997-08-14 17:20:13
8255,M,MG,10196.0,Belo Horizonte,Cliente_08255,1961-03-09 23:21:20
8256,M,BA,24898.0,Feira de Santana,Cliente_08256,1992-06-03 02:25:44
8257,F,BA,16025.0,Vitória da Conquista,Cliente_08257,1979-08-17 11:53:47
8258,F,RS,24639.0,Pelotas,Cliente_08258,1996-01-26 02:32:58
8259,M,RS,21366.0,Caxias do Sul,Cliente_08259,1967-11-26 22:40:09
8260,F,PE,7065.0,Recife,Cliente_08260,1992-05-04 16:48:42
8261,F,PR,16447.0,Londrina,Cliente_08261,1972-12-02 21:11:29
8262,M,RS,9430.0,Caxias do Sul,Cliente_08262,2006-08-05 02:51:07
8263,F,SP,8017.0,São Paulo,Cliente_08263,1960-01-18 12:31:11
8264,F,PE,15787.0,Petrolina,Cliente_08264,1979-04-07 12:10:34
8265,M,BA,13329.0,Feira de Santana,Cliente_08265,2000-02-20 16:19:12
8266,F,BA,3922.0,Vitória da Conquista,Cliente_08266,1987-05-10 10:05:09
8267,M,MG,15460.0,Juiz de Fora,Cliente_08267,2000-05-15 16:36:12
8268,F,DF,10365.0,Brasília,Cliente_08268,1958-06-16 16:17:04
8269,M,SP,7485.0,Santos,Cliente_08269,1977-01-05 01:04:30
8270,F,PR,8447.0,Londrina,Cliente_08270,1961-10-09 23:08:17
8271,F,SC,15290.0,Joinville,Cliente_08271,1972-02-25 09:34:50
8272,M,PE,16239.0,Recife,Cliente_08272,2003-03-16 09:16:38
8273,M,RS,12471.0,Porto Alegre,Cliente_08273,2005-02-26 15:35:50
8274,M,GO,5168.0,Anápolis,Cliente_08274,1969-07-28 16:04:43
8275,M,MG,12244.0,Belo Horizonte,Cliente_08275,2000-11-12 15:27:47
8276,F,BA,24346.0,Vitória da Conquista,Cliente_08276,1976-07-31 20:58:25
8277,F,GO,21022.0,Rio Verde,Cliente_08277,2002-07-19 05:25:31
8278,F,PE,6009.0,Caruaru,Cliente_08278,1959-01-23 01:57:46
8279,M,RJ,4000.0,Campos,Cliente_08279,1982-11-18 13:42:46
8280,F,PR,20677.0,Londrina,Cliente_08280,1991-12-28 05:11:22
8281,F,RJ,22177.0,Niterói,Cliente_08281,1957-06-27 11:32:46
8282,M,PE,11404.0,Caruaru,Cliente_08282,1964-01-05 10:56:01
8283,M,RJ,23283.0,Campos,Cliente_08283,1962-01-09 15:43:44
8284,F,PR,18183.0,Londrina,Cliente_08284,1957-03-05 03:54:13
8285,M,DF,13916.0,Brasília,Cliente_08285,1971-03-20 01:51:14
8286,F,PE,16333.0,Caruaru,Cliente_08286,1963-03-07 05:38:13
8287,F,GO,19790.0,Goiânia,Cliente_08287,2006-08-13 23:52:06
8288,M,RJ,3985.0,Campos,Cliente_08288,1986-09-25 08:19:30
8289,F,PR,15503.0,Londrina,Cliente_08289,1999-09-22 07:27:58
8290,M,RS,8959.0,Porto Alegre,Cliente_08290,1974-12-16 16:04:03
8291,M,SC,7620.0,Joinville,Cliente_08291,1967-01-07 20:36:15
8292,F,PR,9985.0,Maringá,Cliente_08292,2007-04-17 01:07:05
8293,F,MG,15751.0,Belo Horizonte,Cliente_08293,1968-10-27 08:53:36
8294,F,SC,19757.0,Florianópolis,Cliente_08294,1992-09-28 18:09:09
8295,M,RS,23986.0,Caxias do Sul,Cliente_08295,1999-01-31 17:24:30
8296,F,SP,7672.0,Campinas,Cliente_08296,2000-03-08 12:02:29
8297,M,GO,24206.0,Rio Verde,Cliente_08297,1969-02-05 07:09:28
8298,M,BA,19972.0,Vitória da Conquista,Cliente_08298,1977-02-12 08:57:05
8299,F,RS,23195.0,Caxias do Sul,Cliente_08299,1956-10-30 21:24:20
8300,M,DF,7987.0,Brasília,Cliente_08300,1959-08-09 05:21:56
8301,F,SC,11464.0,Florianópolis,Cliente_08301,1960-10-20 04:39:50
8302,F,DF,12555.0,Brasília,Cliente_08302,2006-01-21 19:15:16
8303,F,SC,8380.0,Blumenau,Cliente_08303,1979-03-07 16:40:11
8304,F,MG,22605.0,Juiz de Fora,Cliente_08304,1956-01-21 14:43:09
8305,F,SP,21310.0,São Paulo,Cliente_08305,2007-11-01 16:02:17
8306,F,BA,2028.0,Feira de Santana,Cliente_08306,1986-07-14 19:53:39
8307,F,MG,11825.0,Juiz de Fora,Cliente_08307,2003-05-04 06:07:07
8308,M,RS,19808.0,Porto Alegre,Cliente_08308,1994-01-29 08:06:06
8309,F,DF,24344.0,Brasília,Cliente_08309,1977-11-19 13:07:21
8310,M,SC,23860.0,Blumenau,Cliente_08310,1980-02-12 12:29:17
8311,M,RS,23905.0,Porto Alegre,Cliente_08311,1981-09-19 05:38:57
8312,M,PR,18746.0,Maringá,Cliente_08312,2005-09-27 16:02:31
8313,F,SP,12054.0,Campinas,Cliente_08313,1984-06-10 14:55:00
8314,M,GO,22204.0,Goiânia,Cliente_08314,1968-03-16 03:22:52
8315,M,PR,21378.0,Maringá,Cliente_08315,1996-05-18 23:16:51
8316,F,DF,16913.0,Brasília,Cliente_08316,1979-09-07 20:09:44
8317,F,SP,23936.0,Santos,Cliente_08317,1984-05-25 06:11:29
8318,M,SP,15627.0,São Paulo,Cliente_08318,1983-07-20 20:04:46
8319,F,RS,19526.0,Porto Alegre,Cliente_08319,1967-11-19 20:22:02
8320,F,PR,17193.0,Londrina,Cliente_08320,1991-06-09 08:55:31
8321,F,RS,10712.0,Porto Alegre,Cliente_08321,2003-08-17 21:39:52
8322,F,RS,6696.0,Pelotas,Cliente_08322,1985-10-13 07:13:29
8323,M,RS,15350.0,Caxias do Sul,Cliente_08323,1997-04-30 14:41:00
8324,F,DF,8499.0,Brasília,Cliente_08324,1982-05-24 08:04:59
8325,F,SC,8822.0,Florianópolis,Cliente_08325,1967-12-04 07:39:21
8326,F,SC,4643.0,Blumenau,Cliente_08326,2005-05-05 06:04:57
8327,M,DF,15312.0,Brasília,Cliente_08327,1957-10-22 02:46:00
8328,M,BA,19354.0,Salvador,Cliente_08328,1988-01-26 13:28:09
8329,F,GO,7178.0,Rio Verde,Cliente_08329,1990-12-11 17:49:41
8330,F,MG,2882.0,Juiz de Fora,Cliente_08330,2001-08-08 12:14:07
8331,M,GO,23280.0,Anápolis,Cliente_08331,1983-03-28 20:44:29
8332,F,DF,11028.0,Brasília,Cliente_08332,2000-09-03 13:54:20
8333,F,RJ,8614.0,Niterói,Cliente_08333,2000-02-12 11:22:13
8334,M,MG,10934.0,Belo Horizonte,Cliente_08334,1984-05-15 06:48:45
8335,F,BA,3205.0,Feira de Santana,Cliente_08335,1969-08-04 13:36:39
8336,F,PE,7497.0,Recife,Cliente_08336,1974-09-26 04:36:06
8337,M,MG,23947.0,Uberlândia,Cliente_08337,1979-02-19 01:54:06
8338,M,SP,9462.0,Campinas,Cliente_08338,2006-09-03 20:33:21
8339,F,DF,12891.0,Brasília,Cliente_08339,1984-09-24 02:28:12
8340,M,PE,16035.0,Recife,Cliente_08340,1956-04-16 10:05:15
8341,F,GO,20478.0,Anápolis,Cliente_08341,2005-07-04 05:07:06
8342,F,PE,13629.0,Caruaru,Cliente_08342,1968-12-24 12:48:19
8343,F,DF,19199.0,Brasília,Cliente_08343,1969-03-28 00:50:08
8344,M,GO,10259.0,Anápolis,Cliente_08344,1998-10-07 06:10:07
8345,M,DF,4204.0,Brasília,Cliente_08345,1968-03-18 07:48:27
8346,F,PR,7225.0,Londrina,Cliente_08346,1972-09-07 08:33:30
8347,F,RJ,22575.0,Rio de Janeiro,Cliente_08347,1978-01-10 13:21:03
8348,M,BA,1624.0,Vitória da Conquista,Cliente_08348,1993-12-08 10:09:46
8349,M,BA,11229.0,Salvador,Cliente_08349,1981-04-12 13:15:56
8350,M,SP,14267.0,São Paulo,Cliente_08350,1995-10-26 07:19:18
8351,F,RJ,22981.0,Rio de Janeiro,Cliente_08351,1987-04-16 14:22:59
8352,M,RJ,6307.0,Niterói,Cliente_08352,2002-10-09 22:19:04
8353,M,SP,19854.0,Campinas,Cliente_08353,1991-04-17 22:17:25
8354,F,GO,17509.0,Rio Verde,Cliente_08354,1967-10-08 15:46:00
8355,F,SP,20646.0,Campinas,Cliente_08355,2005-07-12 20:35:56
8356,F,GO,23401.0,Rio Verde,Cliente_08356,1970-02-02 12:52:07
8357,M,SP,18698.0,Santos,Cliente_08357,1975-12-22 01:18:13
8358,F,MG,4601.0,Uberlândia,Cliente_08358,2005-08-28 10:09:48
8359,F,MG,3154.0,Juiz de Fora,Cliente_08359,1994-06-07 08:02:45
8360,F,PR,18015.0,Curitiba,Cliente_08360,1956-10-18 11:01:08
8361,F,SC,1894.0,Florianópolis,Cliente_08361,1964-11-01 08:46:48
8362,M,SP,8819.0,São Paulo,Cliente_08362,1965-02-17 11:33:17
8363,F,RJ,5073.0,Campos,Cliente_08363,1973-07-08 00:52:30
8364,M,MG,10673.0,Juiz de Fora,Cliente_08364,2001-09-16 23:32:26
8365,M,RS,8606.0,Porto Alegre,Cliente_08365,1993-01-07 17:56:49
8366,M,GO,23509.0,Anápolis,Cliente_08366,1990-08-03 23:04:58
8367,F,MG,12647.0,Belo Horizonte,Cliente_08367,1976-11-04 15:18:46
8368,M,MG,22512.0,Uberlândia,Cliente_08368,1980-01-15 06:51:39
8369,F,DF,6560.0,Brasília,Cliente_08369,1988-02-06 09:16:06
8370,F,GO,17826.0,Anápolis,Cliente_08370,1957-09-26 07:23:13
8371,F,BA,24153.0,Vitória da Conquista,Cliente_08371,1957-10-15 17:50:12
8372,M,PE,14342.0,Petrolina,Cliente_08372,1958-12-11 02:18:44
8373,F,GO,12433.0,Anápolis,Cliente_08373,1983-12-19 00:04:10
8374,F,PR,8132.0,Londrina,Cliente_08374,1979-01-29 08:18:59
8375,F,DF,8255.0,Brasília,Cliente_08375,1978-07-09 00:26:56
8376,M,GO,12630.0,Anápolis,Cliente_08376,1985-08-22 02:22:51
8377,M,GO,24473.0,Rio Verde,Cliente_08377,1971-01-12 09:17:49
8378,M,SC,7089.0,Florianópolis,Cliente_08378,2002-01-27 06:18:40
8379,F,DF,13112.0,Brasília,Cliente_08379,1963-05-25 16:45:58
8380,M,GO,16343.0,Anápolis,Cliente_08380,2007-05-21 17:30:42
8381,F,PE,20388.0,Petrolina,Cliente_08381,1962-02-16 05:25:35
8382,F,PE,20917.0,Recife,Cliente_08382,1998-07-08 09:23:55
8383,M,RS,13515.0,Pelotas,Cliente_08383,1990-01-08 19:00:56
8384,F,DF,14172.0,Brasília,Cliente_08384,1990-02-08 14:19:36
8385,M,BA,4476.0,Salvador,Cliente_08385,1974-03-10 18:14:37
8386,F,GO,19355.0,Rio Verde,Cliente_08386,2001-02-08 15:55:23
8387,M,SC,13391.0,Florianópolis,Cliente_08387,1999-07-20 07:55:05
8388,F,SC,8095.0,Joinville,Cliente_08388,1977-03-27 10:39:22
8389,F,RJ,19026.0,Campos,Cliente_08389,2002-03-01 22:59:04
8390,F,BA,14904.0,Salvador,Cliente_08390,1990-10-18 01:06:24
8391,F,SC,20452.0,Florianópolis,Cliente_08391,1959-09-19 07:04:35
8392,F,PE,19492.0,Recife,Cliente_08392,1985-07-18 07:42:08
8393,M,RJ,14325.0,Niterói,Cliente_08393,1968-05-02 10:07:28
8394,F,SP,23436.0,Santos,Cliente_08394,1980-02-08 02:44:45
8395,M,SC,19781.0,Florianópolis,Cliente_08395,1975-10-28 10:05:44
8396,M,PR,3692.0,Londrina,Cliente_08396,1974-04-19 03:30:28
8397,M,DF,13764.0,Brasília,Cliente_08397,2002-10-18 18:26:24
8398,F,SC,2591.0,Joinville,Cliente_08398,2003-03-02 19:02:34
8399,F,MG,18583.0,Uberlândia,Cliente_08399,1998-09-17 16:26:30
8400,F,BA,21976.0,Feira de Santana,Cliente_08400,2000-09-07 21:18:21
8401,M,MG,11593.0,Uberlândia,Cliente_08401,2007-08-19 01:03:15
8402,F,RS,3678.0,Caxias do Sul,Cliente_08402,1976-01-10 15:23:20
8403,F,SC,18616.0,Joinville,Cliente_08403,1980-12-03 02:43:39
8404,M,SP,,Santos,Cliente_08404,1987-01-30 08:39:36
8405,M,MG,10204.0,Juiz de Fora,Cliente_08405,1968-12-11 10:53:31
8406,M,MG,4187.0,Uberlândia,Cliente_08406,1974-03-12 15:26:22
8407,M,BA,5256.0,Salvador,Cliente_08407,1993-09-15 02:03:24
8408,M,RJ,7561.0,Rio de Janeiro,Cliente_08408,1982-05-31 21:13:02
8409,M,SP,10123.0,São Paulo,Cliente_08409,2002-01-27 06:08:28
8410,F,MG,24418.0,Uberlândia,Cliente_08410,1960-02-25 12:08:44
8411,M,GO,23269.0,Goiânia,Cliente_08411,1961-02-02 22:47:50
8412,F,SP,5994.0,Santos,Cliente_08412,1998-11-12 11:27:09
8413,F,GO,2779.0,Rio Verde,Cliente_08413,1995-11-22 03:17:58
8414,F,SC,8038.0,Blumenau,Cliente_08414,1985-07-23 04:39:29
8415,M,MG,3721.0,Juiz de Fora,Cliente_08415,2000-09-05 10:38:03
8416,F,MG,6664.0,Uberlândia,Cliente_08416,1972-06-07 21:59:21
8417,M,PE,2354.0,Petrolina,Cliente_08417,1967-08-16 09:29:35
8418,M,PE,4712.0,Recife,Cliente_08418,1971-10-17 16:46:19
8419,F,BA,20470.0,Salvador,Cliente_08419,1971-05-01 02:37:19
8420,M,DF,22724.0,Brasília,Cliente_08420,2002-03-12 17:48:32
8421,F,DF,20652.0,Brasília,Cliente_08421,1998-06-26 23:45:27
8422,F,RJ,15885.0,Campos,Cliente_08422,1972-07-29 07:35:00
8423,M,BA,14030.0,Vitória da Conquista,Cliente_08423,1955-12-02 01:48:35
8424,F,DF,4840.0,Brasília,Cliente_08424,1972-09-28 10:27:53
8425,F,BA,23143.0,Vitória da Conquista,Cliente_08425,1978-03-17 09:56:28
8426,F,MG,24624.0,Belo Horizonte,Cliente_08426,1986-05-26 04:29:00
8427,M,PE,11311.0,Recife,Cliente_08427,1976-09-07 09:16:25
8428,F,PE,1775.0,Petrolina,Cliente_08428,1959-11-02 10:38:20
8429,M,PE,13795.0,Recife,Cliente_08429,1984-05-14 16:41:37
8430,M,DF,21747.0,Brasília,Cliente_08430,1978-05-10 16:44:11
8431,F,SP,2214.0,São Paulo,Cliente_08431,1997-01-17 06:33:19
8432,F,PR,7554.0,Londrina,Cliente_08432,1970-03-16 05:56:19
8433,M,MG,2309.0,Juiz de Fora,Cliente_08433,1981-05-02 00:39:14
8434,M,SC,21610.0,Blumenau,Cliente_08434,1975-10-07 15:40:52
8435,F,BA,14715.0,Feira de Santana,Cliente_08435,1959-08-19 15:47:50
8436,F,PE,21862.0,Caruaru,Cliente_08436,1988-08-04 09:38:48
8437,M,PE,10553.0,Recife,Cliente_08437,1958-11-14 07:43:00
8438,M,PE,1536.0,Caruaru,Cliente_08438,1977-11-23 20:43:51
8439,M,MG,11773.0,Juiz de Fora,Cliente_08439,1975-11-29 07:04:01
8440,M,PE,21192.0,Petrolina,Cliente_08440,1978-09-06 13:24:05
8441,M,RJ,13999.0,Campos,Cliente_08441,1990-04-19 05:18:47
8442,F,BA,12903.0,Salvador,Cliente_08442,1960-02-22 15:07:31
8443,M,MG,16537.0,Belo Horizonte,Cliente_08443,1961-06-11 02:59:18
8444,M,BA,20539.0,Vitória da Conquista,Cliente_08444,1988-04-25 03:10:52
8445,F,GO,15517.0,Rio Verde,Cliente_08445,2004-03-01 18:48:03
8446,F,RS,18865.0,Porto Alegre,Cliente_08446,1964-06-28 13:00:15
8447,M,RJ,16196.0,Rio de Janeiro,Cliente_08447,1978-03-20 03:47:32
8448,M,SP,7947.0,Campinas,Cliente_08448,2000-04-15 21:35:42
8449,F,SP,14083.0,São Paulo,Cliente_08449,2004-01-07 06:28:14
8450,M,PR,1651.0,Curitiba,Cliente_08450,1977-01-08 08:44:01
8451,M,RJ,15757.0,Campos,Cliente_08451,1964-10-14 05:59:29
8452,F,BA,12986.0,Vitória da Conquista,Cliente_08452,1987-04-12 03:34:18
8453,M,SP,15007.0,Santos,Cliente_08453,1973-08-14 00:33:49
8454,F,RS,11014.0,Caxias do Sul,Cliente_08454,1987-06-17 17:52:41
8455,F,SP,7148.0,São Paulo,Cliente_08455,1977-07-25 22:24:04
8456,F,PE,3011.0,Caruaru,Cliente_08456,1970-01-23 15:00:59
8457,F,PR,20142.0,Curitiba,Cliente_08457,1981-03-18 13:14:17
8458,M,MG,18115.0,Belo Horizonte,Cliente_08458,2007-05-30 21:36:57
8459,F,SC,20626.0,Blumenau,Cliente_08459,1979-02-01 00:03:08
8460,M,SC,22346.0,Florianópolis,Cliente_08460,1993-03-22 07:39:42
8461,M,SP,9249.0,Campinas,Cliente_08461,1962-02-04 17:36:49
8462,M,BA,2071.0,Vitória da Conquista,Cliente_08462,1983-07-27 17:42:19
8463,M,BA,19086.0,Feira de Santana,Cliente_08463,1970-07-30 17:05:31
8464,M,PE,13732.0,Caruaru,Cliente_08464,1955-12-23 18:41:34
8465,F,SP,11262.0,Santos,Cliente_08465,1983-11-01 01:47:33
8466,F,SP,14717.0,São Paulo,Cliente_08466,1956-02-04 14:17:59
8467,F,SC,10731.0,Joinville,Cliente_08467,1988-09-09 13:22:07
8468,F,GO,8109.0,Goiânia,Cliente_08468,1968-06-14 20:05:15
8469,M,SP,16129.0,Santos,Cliente_08469,1986-07-31 11:39:12
8470,F,MG,13773.0,Belo Horizonte,Cliente_08470,1961-07-21 19:04:06
8471,M,PR,18054.0,Curitiba,Cliente_08471,1994-10-01 08:42:51
8472,M,PR,6651.0,Maringá,Cliente_08472,1997-11-09 06:37:50
8473,F,MG,7906.0,Belo Horizonte,Cliente_08473,1958-04-09 07:23:52
8474,F,GO,15794.0,Anápolis,Cliente_08474,2002-02-10 17:22:59
8475,F,BA,16393.0,Feira de Santana,Cliente_08475,1983-01-20 05:38:22
8476,F,SC,1688.0,Joinville,Cliente_08476,2006-12-07 05:38:30
8477,M,PR,14573.0,Curitiba,Cliente_08477,2001-01-09 15:42:35
8478,M,RJ,22562.0,Niterói,Cliente_08478,1987-01-16 12:26:20
8479,F,RS,8645.0,Porto Alegre,Cliente_08479,1977-12-01 05:03:31
8480,M,SC,7427.0,Florianópolis,Cliente_08480,1998-11-17 18:22:01
8481,M,GO,2099.0,Goiânia,Cliente_08481,1972-05-14 22:54:19
8482,M,RJ,14633.0,Rio de Janeiro,Cliente_08482,2001-08-04 04:44:39
8483,F,SP,13709.0,Santos,Cliente_08483,1979-04-01 06:29:54
8484,M,MG,13024.0,Uberlândia,Cliente_08484,2005-10-06 05:47:35
8485,F,SP,15817.0,Campinas,Cliente_08485,1996-02-11 19:53:00
8486,F,PE,23185.0,Recife,Cliente_08486,2002-04-09 17:27:31
8487,M,DF,21460.0,Brasília,Cliente_08487,2001-08-23 17:02:42
8488,M,MG,10645.0,Juiz de Fora,Cliente_08488,1976-08-05 07:21:50
8489,F,RJ,15857.0,Rio de Janeiro,Cliente_08489,1989-11-05 21:17:17
8490,M,RS,23077.0,Caxias do Sul,Cliente_08490,1973-10-25 23:31:07
8491,M,DF,11317.0,Brasília,Cliente_08491,1986-02-21 03:46:33
8492,F,PE,3370.0,Caruaru,Cliente_08492,1970-08-15 07:09:10
8493,F,BA,22145.0,Vitória da Conquista,Cliente_08493,1971-12-26 15:25:48
8494,F,PE,19908.0,Recife,Cliente_08494,1989-12-19 09:22:46
8495,F,DF,14021.0,Brasília,Cliente_08495,1982-11-17 18:42:36
8496,M,PR,23378.0,Maringá,Cliente_08496,1992-01-24 10:05:09
8497,M,SC,6953.0,Florianópolis,Cliente_08497,1987-10-26 04:11:14
8498,F,GO,3327.0,Rio Verde,Cliente_08498,1958-07-08 20:55:20
8499,F,SP,22586.0,Campinas,Cliente_08499,1983-03-13 14:01:33
8500,F,BA,18423.0,Vitória da Conquista,Cliente_08500,1992-01-20 02:17:30
8501,M,GO,17725.0,Anápolis,Cliente_08501,2002-06-18 05:48:31
8502,F,PE,8702.0,Caruaru,Cliente_08502,1991-05-29 15:38:22
8503,M,RS,5938.0,Porto Alegre,Cliente_08503,1975-12-08 10:36:18
8504,F,SP,21385.0,Santos,Cliente_08504,1984-06-12 18:53:33
8505,F,BA,13639.0,Vitória da Conquista,Cliente_08505,1965-09-21 13:22:40
8506,F,GO,12718.0,Rio Verde,Cliente_08506,1960-10-15 05:33:58
8507,M,SP,14424.0,Santos,Cliente_08507,1961-11-22 12:28:17
8508,M,SP,21421.0,São Paulo,Cliente_08508,2004-06-14 13:56:25
8509,M,BA,8216.0,Salvador,Cliente_08509,2007-11-13 17:18:15
8510,F,RJ,17588.0,Rio de Janeiro,Cliente_08510,1958-08-19 15:20:15
8511,M,SC,8318.0,Joinville,Cliente_08511,1988-10-12 11:27:39
8512,M,RJ,24084.0,Niterói,Cliente_08512,1955-10-07 12:22:21
8513,F,SP,5786.0,Campinas,Cliente_08513,1957-09-28 09:31:29
8514,F,DF,6239.0,Brasília,Cliente_08514,1973-05-02 00:16:05
8515,M,MG,3589.0,Belo Horizonte,Cliente_08515,1959-01-12 01:31:38
8516,M,DF,7105.0,Brasília,Cliente_08516,1965-05-19 14:25:02
8517,M,BA,8322.0,Feira de Santana,Cliente_08517,1977-07-02 11:14:56
8518,M,SP,4821.0,Santos,Cliente_08518,1968-10-10 08:41:43
8519,F,SP,13273.0,Campinas,Cliente_08519,1972-04-14 22:57:24
8520,F,RS,20433.0,Porto Alegre,Cliente_08520,2007-02-17 18:30:00
8521,F,SC,2716.0,Florianópolis,Cliente_08521,1960-08-27 16:01:22
8522,M,RS,6385.0,Porto Alegre,Cliente_08522,2001-01-25 14:14:57
8523,M,BA,13670.0,Salvador,Cliente_08523,1976-09-15 03:33:58
8524,F,PR,24777.0,Maringá,Cliente_08524,1970-06-22 07:27:38
8525,F,RJ,10433.0,Niterói,Cliente_08525,2007-01-09 00:32:12
8526,M,RS,24192.0,Caxias do Sul,Cliente_08526,1970-09-16 22:27:58
8527,M,BA,11406.0,Salvador,Cliente_08527,1960-12-21 02:04:36
8528,F,RJ,22966.0,Niterói,Cliente_08528,1995-05-08 06:29:58
8529,F,BA,13736.0,Vitória da Conquista,Cliente_08529,1990-11-11 11:43:23
8530,F,PR,4297.0,Curitiba,Cliente_08530,2005-07-26 19:40:53
8531,M,SC,2318.0,Joinville,Cliente_08531,1997-06-16 20:06:16
8532,M,SC,9934.0,Joinville,Cliente_08532,1961-10-15 23:07:46
8533,M,BA,24690.0,Feira de Santana,Cliente_08533,1998-03-25 00:51:59
8534,M,RS,24885.0,Caxias do Sul,Cliente_08534,1988-01-20 02:29:39
8535,M,SC,9426.0,Florianópolis,Cliente_08535,1991-10-30 10:33:13
8536,M,MG,21988.0,Belo Horizonte,Cliente_08536,1970-01-08 21:12:29
8537,F,RS,14217.0,Pelotas,Cliente_08537,2006-03-12 18:40:44
8538,F,GO,13569.0,Goiânia,Cliente_08538,2000-12-27 22:41:29
8539,M,PE,1512.0,Caruaru,Cliente_08539,1998-12-26 03:40:21
8540,F,BA,7394.0,Feira de Santana,Cliente_08540,1967-11-17 13:30:10
8541,M,BA,24934.0,Feira de Santana,Cliente_08541,1979-02-16 20:26:16
8542,F,BA,20901.0,Vitória da Conquista,Cliente_08542,1987-08-18 22:28:56
8543,M,PR,8892.0,Curitiba,Cliente_08543,1984-04-04 22:21:30
8544,F,BA,17602.0,Salvador,Cliente_08544,1963-07-12 10:03:45
8545,F,SC,2189.0,Florianópolis,Cliente_08545,1986-12-27 20:01:10
8546,M,SC,23762.0,Joinville,Cliente_08546,1977-02-11 19:29:02
8547,M,PE,21022.0,Caruaru,Cliente_08547,1974-01-26 18:07:36
8548,F,PE,13432.0,Caruaru,Cliente_08548,1971-07-11 10:27:36
8549,F,DF,13266.0,Brasília,Cliente_08549,1988-05-26 13:59:14
8550,M,RS,24211.0,Pelotas,Cliente_08550,1988-08-13 19:08:33
8551,F,SC,14792.0,Blumenau,Cliente_08551,1965-05-05 01:48:15
8552,M,SC,22187.0,Joinville,Cliente_08552,1982-08-03 12:57:35
8553,M,PR,16363.0,Maringá,Cliente_08553,1964-03-15 17:21:15
8554,F,SC,18886.0,Blumenau,Cliente_08554,1961-08-08 13:05:56
8555,M,SC,8908.0,Blumenau,Cliente_08555,1975-11-03 16:03:22
8556,F,DF,12194.0,Brasília,Cliente_08556,1968-07-07 02:29:29
8557,F,MG,9642.0,Belo Horizonte,Cliente_08557,1975-01-25 19:51:24
8558,M,DF,3265.0,Brasília,Cliente_08558,2001-06-12 15:16:06
8559,F,MG,16737.0,Juiz de Fora,Cliente_08559,2005-06-27 22:19:23
8560,M,DF,7278.0,Brasília,Cliente_08560,1976-06-03 14:22:59
8561,M,SC,3791.0,Joinville,Cliente_08561,1996-02-20 18:08:41
8562,M,DF,6366.0,Brasília,Cliente_08562,2003-04-02 13:33:53
8563,F,SC,9929.0,Florianópolis,Cliente_08563,1965-08-18 05:16:11
8564,M,SC,12084.0,Blumenau,Cliente_08564,1973-02-03 02:43:54
8565,F,PE,13247.0,Caruaru,Cliente_08565,2005-02-13 09:33:33
8566,M,SP,24337.0,Santos,Cliente_08566,1960-01-19 08:42:22
8567,M,MG,19468.0,Uberlândia,Cliente_08567,1964-06-22 22:55:09
8568,M,GO,2807.0,Anápolis,Cliente_08568,1967-05-23 00:23:24
8569,F,RS,3585.0,Pelotas,Cliente_08569,1970-11-10 21:04:28
8570,F,RS,17915.0,Pelotas,Cliente_08570,1988-02-07 13:03:50
8571,M,DF,1791.0,Brasília,Cliente_08571,1996-03-16 04:28:16
8572,M,SP,5186.0,São Paulo,Cliente_08572,2006-07-10 07:34:43
8573,F,PR,14079.0,Maringá,Cliente_08573,1960-12-26 01:43:10
8574,F,GO,3142.0,Anápolis,Cliente_08574,1975-05-12 19:09:41
8575,F,RS,10269.0,Porto Alegre,Cliente_08575,2003-06-24 07:08:47
8576,M,RJ,5409.0,Niterói,Cliente_08576,1994-01-16 00:33:45
8577,F,BA,19107.0,Feira de Santana,Cliente_08577,1958-11-09 15:17:45
8578,M,RJ,13768.0,Campos,Cliente_08578,1996-11-23 04:51:31
8579,F,PR,12344.0,Londrina,Cliente_08579,1985-04-21 03:32:16
8580,M,GO,10138.0,Rio Verde,Cliente_08580,1989-05-28 23:42:14
8581,M,RS,5873.0,Caxias do Sul,Cliente_08581,1991-03-23 15:04:27
8582,M,DF,12733.0,Brasília,Cliente_08582,1995-06-22 12:09:31
8583,F,BA,20463.0,Salvador,Cliente_08583,1972-09-16 10:46:03
8584,F,MG,19306.0,Juiz de Fora,Cliente_08584,1962-04-21 02:53:42
8585,F,RS,9058.0,Porto Alegre,Cliente_08585,1982-01-18 12:43:44
8586,M,RS,14771.0,Pelotas,Cliente_08586,1966-05-14 23:39:12
8587,M,PR,8245.0,Curitiba,Cliente_08587,1982-01-09 12:31:51
8588,F,RS,20493.0,Pelotas,Cliente_08588,1977-03-08 23:02:46
8589,M,GO,20965.0,Goiânia,Cliente_08589,1980-12-09 09:53:57
8590,M,SP,8234.0,São Paulo,Cliente_08590,1998-02-03 07:10:58
8591,M,GO,15360.0,Rio Verde,Cliente_08591,1987-03-08 10:23:41
8592,F,MG,9750.0,Juiz de Fora,Cliente_08592,1973-07-24 03:18:19
8593,M,SP,10150.0,Campinas,Cliente_08593,1977-11-02 09:50:50
8594,F,RS,17987.0,Caxias do Sul,Cliente_08594,2000-03-21 03:37:26
8595,F,RS,22810.0,Pelotas,Cliente_08595,1997-11-09 22:07:01
8596,F,BA,18625.0,Vitória da Conquista,Cliente_08596,1993-03-03 17:48:23
8597,F,RS,11264.0,Porto Alegre,Cliente_08597,1978-11-02 06:32:19
8598,F,SC,24328.0,Florianópolis,Cliente_08598,1987-03-02 09:47:04
8599,M,MG,12393.0,Uberlândia,Cliente_08599,1982-06-30 15:17:36
8600,F,PE,14342.0,Caruaru,Cliente_08600,1977-07-15 19:08:11
8601,F,DF,6223.0,Brasília,Cliente_08601,1958-06-30 01:56:44
8602,F,BA,13104.0,Feira de Santana,Cliente_08602,1985-07-18 01:29:58
8603,M,RJ,6703.0,Rio de Janeiro,Cliente_08603,1981-12-05 12:24:08
8604,M,SP,4476.0,São Paulo,Cliente_08604,1981-07-07 10:38:07
8605,M,PE,8926.0,Recife,Cliente_08605,1980-02-15 06:55:27
8606,M,DF,24387.0,Brasília,Cliente_08606,1981-06-06 22:15:53
8607,F,RS,10119.0,Caxias do Sul,Cliente_08607,1990-03-20 16:34:05
8608,F,GO,16202.0,Rio Verde,Cliente_08608,2007-02-14 09:57:52
8609,M,SC,7986.0,Joinville,Cliente_08609,1995-02-26 11:12:57
8610,M,SP,7990.0,São Paulo,Cliente_08610,1995-04-27 00:11:27
8611,M,SP,15614.0,Campinas,Cliente_08611,1987-03-20 09:11:46
8612,M,SP,19828.0,Campinas,Cliente_08612,1995-11-04 15:50:14
8613,F,MG,24123.0,Uberlândia,Cliente_08613,1966-10-20 21:22:48
8614,M,SP,7473.0,Campinas,Cliente_08614,1987-10-30 19:17:17
8615,M,BA,14947.0,Salvador,Cliente_08615,1955-02-10 19:27:12
8616,M,DF,17358.0,Brasília,Cliente_08616,1986-02-15 23:51:01
8617,M,GO,14671.0,Anápolis,Cliente_08617,2002-04-07 22:25:21
8618,M,BA,17817.0,Salvador,Cliente_08618,1959-09-26 00:13:08
8619,M,BA,7021.0,Feira de Santana,Cliente_08619,1970-12-08 04:49:02
8620,M,SC,14391.0,Florianópolis,Cliente_08620,1995-11-06 06:58:53
8621,F,GO,18295.0,Rio Verde,Cliente_08621,1992-07-30 00:03:09
8622,F,SC,23974.0,Florianópolis,Cliente_08622,1990-12-03 23:39:18
8623,F,SP,12187.0,São Paulo,Cliente_08623,1997-07-04 13:01:29
8624,F,SP,1746.0,Santos,Cliente_08624,2002-07-21 07:54:23
8625,F,BA,,Vitória da Conquista,Cliente_08625,1975-04-15 07:51:55
8626,F,BA,24726.0,Vitória da Conquista,Cliente_08626,2006-06-02 16:29:47
8627,M,SP,24448.0,Santos,Cliente_08627,1977-09-13 11:39:49
8628,M,PR,3671.0,Maringá,Cliente_08628,1973-06-17 18:08:58
8629,F,DF,13023.0,Brasília,Cliente_08629,1970-06-19 18:30:49
8630,M,MG,17028.0,Juiz de Fora,Cliente_08630,1955-10-30 03:38:45
8631,F,PE,16776.0,Caruaru,Cliente_08631,1990-10-28 04:23:02
8632,M,RS,8957.0,Caxias do Sul,Cliente_08632,1999-07-31 01:49:44
8633,M,RJ,23602.0,Campos,Cliente_08633,1957-02-05 09:09:09
8634,M,GO,3560.0,Goiânia,Cliente_08634,1974-03-26 02:26:03
8635,M,SC,4834.0,Florianópolis,Cliente_08635,2002-10-31 13:08:41
8636,M,GO,14587.0,Rio Verde,Cliente_08636,1990-11-13 20:48:16
8637,M,SP,2444.0,Campinas,Cliente_08637,1980-02-29 18:10:47
8638,F,PE,6861.0,Caruaru,Cliente_08638,1962-10-26 06:14:25
8639,F,RJ,16138.0,Rio de Janeiro,Cliente_08639,1969-03-17 22:10:58
8640,M,BA,6784.0,Vitória da Conquista,Cliente_08640,1963-09-26 23:00:11
8641,F,BA,24765.0,Feira de Santana,Cliente_08641,1965-02-19 07:05:56
8642,M,SC,10744.0,Blumenau,Cliente_08642,1965-12-30 02:53:41
8643,F,DF,12416.0,Brasília,Cliente_08643,1955-12-13 08:37:26
8644,M,RS,11009.0,Pelotas,Cliente_08644,2007-05-11 14:08:19
8645,F,DF,14264.0,Brasília,Cliente_08645,1968-05-23 09:58:26
8646,M,PE,16391.0,Recife,Cliente_08646,1960-10-06 16:32:56
8647,F,DF,15503.0,Brasília,Cliente_08647,1996-11-05 02:46:59
8648,M,SC,11366.0,Blumenau,Cliente_08648,1983-11-24 13:27:20
8649,F,RJ,1833.0,Campos,Cliente_08649,1981-04-20 20:35:54
8650,M,RJ,10956.0,Rio de Janeiro,Cliente_08650,1966-09-16 23:15:55
8651,M,RJ,12869.0,Niterói,Cliente_08651,1999-05-08 18:13:17
8652,M,BA,20829.0,Vitória da Conquista,Cliente_08652,1996-11-01 21:55:30
8653,F,PR,14718.0,Curitiba,Cliente_08653,1993-10-18 19:26:21
8654,F,PE,22664.0,Caruaru,Cliente_08654,1972-08-31 09:11:40
8655,F,RS,6156.0,Pelotas,Cliente_08655,2003-12-31 15:27:51
8656,M,PE,13910.0,Caruaru,Cliente_08656,1989-12-13 19:49:57
8657,F,PE,4165.0,Recife,Cliente_08657,1996-07-25 16:04:08
8658,M,DF,8631.0,Brasília,Cliente_08658,1969-06-04 19:38:41
8659,F,MG,6435.0,Juiz de Fora,Cliente_08659,1968-12-09 16:38:05
8660,F,PE,1915.0,Recife,Cliente_08660,2000-04-30 07:59:51
8661,F,SC,2207.0,Florianópolis,Cliente_08661,1983-06-25 17:29:58
8662,F,MG,4184.0,Juiz de Fora,Cliente_08662,1990-09-26 23:57:37
8663,M,PR,8994.0,Curitiba,Cliente_08663,1998-08-21 13:20:19
8664,F,SC,21250.0,Joinville,Cliente_08664,1995-10-15 21:30:26
8665,F,PE,21387.0,Recife,Cliente_08665,1973-08-17 16:31:25
8666,M,GO,22326.0,Rio Verde,Cliente_08666,1982-09-20 01:46:54
8667,M,BA,7680.0,Vitória da Conquista,Cliente_08667,1977-12-29 11:51:29
8668,F,DF,15511.0,Brasília,Cliente_08668,1984-12-06 10:10:37
8669,F,SP,4059.0,Campinas,Cliente_08669,1956-07-16 07:10:59
8670,M,RS,9637.0,Pelotas,Cliente_08670,1981-11-03 04:02:07
8671,M,RS,5471.0,Porto Alegre,Cliente_08671,2004-11-17 06:08:00
8672,M,SC,4457.0,Florianópolis,Cliente_08672,1996-04-13 04:11:51
8673,F,RS,24800.0,Pelotas,Cliente_08673,1958-03-15 11:00:03
8674,F,MG,19613.0,Uberlândia,Cliente_08674,1968-02-17 05:01:45
8675,F,RJ,11593.0,Niterói,Cliente_08675,2007-05-28 05:28:42
8676,M,GO,14451.0,Rio Verde,Cliente_08676,1977-12-26 04:10:34
8677,M,SP,1526.0,São Paulo,Cliente_08677,1970-08-29 12:39:59
8678,M,RS,4083.0,Pelotas,Cliente_08678,1956-08-29 17:13:17
8679,F,RS,4555.0,Pelotas,Cliente_08679,1956-08-20 13:07:39
8680,M,SC,8301.0,Joinville,Cliente_08680,1996-03-18 17:55:27
8681,F,PE,3158.0,Recife,Cliente_08681,1999-04-09 13:47:18
8682,M,BA,5451.0,Feira de Santana,Cliente_08682,1999-10-01 11:24:19
8683,F,DF,8799.0,Brasília,Cliente_08683,2000-10-06 23:49:31
8684,F,DF,11433.0,Brasília,Cliente_08684,1961-08-05 20:49:01
8685,M,DF,13779.0,Brasília,Cliente_08685,1985-12-07 19:16:49
8686,F,DF,5637.0,Brasília,Cliente_08686,1968-11-03 15:32:53
8687,M,PR,12923.0,Londrina,Cliente_08687,1970-09-23 23:52:51
8688,F,SP,3214.0,São Paulo,Cliente_08688,1987-08-14 12:40:14
8689,M,PE,12888.0,Recife,Cliente_08689,1959-09-23 19:47:27
8690,M,BA,21215.0,Salvador,Cliente_08690,1990-09-22 18:17:59
8691,F,BA,4847.0,Vitória da Conquista,Cliente_08691,2001-07-08 16:21:22
8692,M,SC,3486.0,Florianópolis,Cliente_08692,1973-03-30 18:48:32
8693,F,GO,5044.0,Rio Verde,Cliente_08693,1987-01-18 19:32:04
8694,M,RS,24863.0,Caxias do Sul,Cliente_08694,2006-09-13 20:04:15
8695,M,RS,18585.0,Porto Alegre,Cliente_08695,1961-08-01 13:31:26
8696,M,PE,11146.0,Petrolina,Cliente_08696,2005-09-22 11:45:54
8697,M,PR,5286.0,Maringá,Cliente_08697,2005-12-02 23:05:09
8698,F,MG,15915.0,Juiz de Fora,Cliente_08698,2002-04-22 02:09:54
8699,M,RJ,20355.0,Campos,Cliente_08699,1955-08-12 00:14:08
8700,M,PE,15784.0,Caruaru,Cliente_08700,1964-11-07 10:36:24
8701,F,MG,22898.0,Belo Horizonte,Cliente_08701,1995-09-08 05:57:00
8702,F,RJ,8159.0,Rio de Janeiro,Cliente_08702,1998-04-14 02:43:58
8703,F,BA,22144.0,Salvador,Cliente_08703,1962-06-28 07:12:47
8704,F,PR,23429.0,Curitiba,Cliente_08704,1961-08-28 04:29:00
8705,F,PE,4544.0,Recife,Cliente_08705,1966-10-07 18:24:01
8706,F,DF,5383.0,Brasília,Cliente_08706,1979-12-14 12:50:50
8707,M,BA,20824.0,Salvador,Cliente_08707,1957-12-14 03:49:17
8708,F,MG,16851.0,Juiz de Fora,Cliente_08708,1967-08-21 17:37:28
8709,M,PE,23045.0,Recife,Cliente_08709,1980-08-01 16:20:43
8710,F,PE,19704.0,Petrolina,Cliente_08710,1992-12-08 00:28:31
8711,M,SC,24768.0,Joinville,Cliente_08711,1958-06-27 09:14:24
8712,M,SP,17262.0,Santos,Cliente_08712,1984-10-16 18:57:29
8713,M,BA,20686.0,Feira de Santana,Cliente_08713,2006-03-06 03:52:02
8714,F,PE,20347.0,Recife,Cliente_08714,1964-07-23 00:46:52
8715,F,RS,4871.0,Caxias do Sul,Cliente_08715,1985-03-10 17:03:53
8716,F,RS,10027.0,Caxias do Sul,Cliente_08716,1966-03-02 12:09:30
8717,F,SP,11616.0,Santos,Cliente_08717,1996-07-12 23:00:06
8718,M,PE,22860.0,Petrolina,Cliente_08718,1971-10-10 10:41:01
8719,F,DF,22951.0,Brasília,Cliente_08719,1995-01-21 22:02:08
8720,M,SP,4288.0,Campinas,Cliente_08720,1956-07-16 00:22:41
8721,M,SP,5625.0,Campinas,Cliente_08721,1978-08-02 00:24:21
8722,F,MG,5106.0,Belo Horizonte,Cliente_08722,1989-01-30 15:20:08
8723,F,MG,19424.0,Juiz de Fora,Cliente_08723,1990-12-29 02:32:27
8724,F,GO,10266.0,Anápolis,Cliente_08724,1977-10-29 10:31:36
8725,M,BA,1720.0,Vitória da Conquista,Cliente_08725,1996-12-24 10:07:25
8726,F,RJ,22806.0,Rio de Janeiro,Cliente_08726,1961-11-16 02:52:50
8727,M,SP,11705.0,São Paulo,Cliente_08727,2004-06-27 13:13:05
8728,F,MG,12333.0,Uberlândia,Cliente_08728,1959-12-16 00:52:48
8729,M,PR,23497.0,Curitiba,Cliente_08729,1998-06-08 13:44:40
8730,F,GO,2253.0,Anápolis,Cliente_08730,1984-04-11 00:30:04
8731,F,PE,15375.0,Petrolina,Cliente_08731,1998-03-16 04:31:25
8732,M,BA,8988.0,Vitória da Conquista,Cliente_08732,1956-04-09 22:07:48
8733,F,PE,8706.0,Caruaru,Cliente_08733,2006-03-15 08:12:43
8734,F,GO,11180.0,Anápolis,Cliente_08734,1995-04-18 01:39:27
8735,F,SC,9438.0,Joinville,Cliente_08735,1956-07-02 14:33:22
8736,F,RS,19845.0,Pelotas,Cliente_08736,1976-01-19 06:30:49
8737,F,BA,7458.0,Vitória da Conquista,Cliente_08737,1980-04-29 11:57:56
8738,F,RS,17270.0,Porto Alegre,Cliente_08738,1973-06-09 05:21:49
8739,F,PR,21367.0,Curitiba,Cliente_08739,1965-11-04 15:46:22
8740,M,PE,8135.0,Petrolina,Cliente_08740,2005-05-30 15:27:23
8741,M,SC,10129.0,Blumenau,Cliente_08741,1983-08-17 17:01:54
8742,F,PR,18666.0,Londrina,Cliente_08742,1981-07-30 10:04:24
8743,F,RJ,22987.0,Campos,Cliente_08743,1978-11-22 02:22:52
8744,F,PE,22051.0,Petrolina,Cliente_08744,1957-10-20 02:10:08
8745,M,GO,14369.0,Goiânia,Cliente_08745,1973-09-22 22:35:49
8746,M,SC,18103.0,Florianópolis,Cliente_08746,1994-09-15 01:11:38
8747,F,BA,10719.0,Feira de Santana,Cliente_08747,1966-10-20 06:42:23
8748,M,SC,9529.0,Florianópolis,Cliente_08748,2002-03-03 13:25:43
8749,F,PE,17772.0,Caruaru,Cliente_08749,1981-08-19 08:35:06
8750,F,MG,18173.0,Juiz de Fora,Cliente_08750,1967-08-31 16:54:33
8751,F,PR,18263.0,Maringá,Cliente_08751,1990-12-21 21:56:25
8752,F,SC,13665.0,Joinville,Cliente_08752,1988-01-28 01:30:52
8753,M,RS,12543.0,Porto Alegre,Cliente_08753,1987-12-12 23:44:59
8754,M,PR,11070.0,Curitiba,Cliente_08754,1997-08-05 16:08:32
8755,F,RS,8386.0,Pelotas,Cliente_08755,1957-01-10 12:32:34
8756,M,SC,3458.0,Florianópolis,Cliente_08756,1995-03-14 01:08:29
8757,M,MG,11819.0,Uberlândia,Cliente_08757,2002-11-03 10:03:34
8758,F,PR,3683.0,Maringá,Cliente_08758,1979-03-02 23:09:45
8759,M,GO,5274.0,Goiânia,Cliente_08759,1960-08-06 04:20:03
8760,F,PR,21803.0,Maringá,Cliente_08760,1959-10-08 17:06:45
8761,F,BA,15772.0,Vitória da Conquista,Cliente_08761,1984-01-22 08:31:15
8762,F,SC,24086.0,Florianópolis,Cliente_08762,1986-09-10 04:00:55
8763,F,RJ,2277.0,Niterói,Cliente_08763,1960-06-06 13:20:43
8764,M,PE,4066.0,Recife,Cliente_08764,1990-02-11 19:13:35
8765,F,SP,11595.0,São Paulo,Cliente_08765,1985-12-30 22:50:40
8766,M,DF,12453.0,Brasília,Cliente_08766,1956-04-12 17:52:44
8767,F,RJ,8904.0,Rio de Janeiro,Cliente_08767,1995-10-02 14:30:00
8768,F,RS,1578.0,Porto Alegre,Cliente_08768,1958-02-23 06:00:19
8769,M,GO,3081.0,Goiânia,Cliente_08769,1982-08-13 19:51:20
8770,F,GO,15566.0,Goiânia,Cliente_08770,1997-12-06 16:04:15
8771,M,DF,9467.0,Brasília,Cliente_08771,1962-07-31 03:26:31
8772,M,MG,9339.0,Uberlândia,Cliente_08772,1959-11-15 19:10:36
8773,F,BA,3662.0,Vitória da Conquista,Cliente_08773,1964-05-04 02:57:50
8774,F,PE,19369.0,Caruaru,Cliente_08774,2006-04-24 00:08:18
8775,F,RJ,23629.0,Rio de Janeiro,Cliente_08775,1998-04-26 11:42:17
8776,F,SP,15413.0,Campinas,Cliente_08776,1965-04-10 04:22:32
8777,F,PR,20504.0,Maringá,Cliente_08777,1968-11-01 23:35:14
8778,F,DF,2464.0,Brasília,Cliente_08778,1974-11-16 20:02:37
8779,M,MG,12239.0,Uberlândia,Cliente_08779,1978-10-20 17:07:57
8780,M,GO,4173.0,Goiânia,Cliente_08780,1994-04-25 12:09:43
8781,F,SP,6793.0,Santos,Cliente_08781,1985-09-25 15:02:21
8782,M,GO,3218.0,Goiânia,Cliente_08782,1998-11-11 18:51:18
8783,M,SC,12124.0,Florianópolis,Cliente_08783,1983-04-19 00:37:23
8784,F,DF,2728.0,Brasília,Cliente_08784,1979-12-14 07:26:31
8785,F,MG,12102.0,Juiz de Fora,Cliente_08785,1978-05-08 13:35:31
8786,M,PR,21662.0,Maringá,Cliente_08786,2000-07-06 16:51:32
8787,F,RS,3340.0,Porto Alegre,Cliente_08787,1971-09-12 09:06:05
8788,M,MG,18381.0,Uberlândia,Cliente_08788,1980-05-13 19:39:12
8789,F,PE,18420.0,Petrolina,Cliente_08789,1987-06-24 22:15:53
8790,M,PR,21189.0,Londrina,Cliente_08790,1988-07-28 17:18:31
8791,M,RJ,8624.0,Niterói,Cliente_08791,1996-05-25 17:48:04
8792,M,MG,10856.0,Juiz de Fora,Cliente_08792,1958-07-08 02:11:33
8793,M,PR,19855.0,Londrina,Cliente_08793,1972-02-18 07:53:20
8794,F,RJ,9087.0,Campos,Cliente_08794,1963-09-06 14:56:55
8795,F,MG,5027.0,Juiz de Fora,Cliente_08795,1992-06-29 22:05:46
8796,M,SP,1799.0,Santos,Cliente_08796,1985-04-10 14:55:59
8797,M,RS,20270.0,Pelotas,Cliente_08797,1989-12-31 06:40:36
8798,F,SP,14090.0,Campinas,Cliente_08798,1985-07-30 05:54:01
8799,F,PE,5463.0,Caruaru,Cliente_08799,2006-12-19 17:40:22
8800,M,PR,6187.0,Maringá,Cliente_08800,1967-07-03 05:52:41
8801,M,RJ,5671.0,Campos,Cliente_08801,1975-11-07 15:38:52
8802,M,SC,21743.0,Blumenau,Cliente_08802,1974-05-10 05:27:47
8803,M,MG,14567.0,Juiz de Fora,Cliente_08803,1957-09-07 00:03:49
8804,M,SC,5195.0,Florianópolis,Cliente_08804,2000-03-03 06:35:13
8805,F,MG,10612.0,Uberlândia,Cliente_08805,1989-05-22 02:30:59
8806,M,PE,8742.0,Caruaru,Cliente_08806,2005-11-24 01:36:52
8807,F,SC,11441.0,Blumenau,Cliente_08807,1990-07-09 15:39:36
8808,F,RJ,24015.0,Rio de Janeiro,Cliente_08808,1991-05-02 18:00:28
8809,F,BA,21501.0,Salvador,Cliente_08809,1963-07-22 16:24:56
8810,M,SP,4200.0,São Paulo,Cliente_08810,1986-05-25 10:55:51
8811,F,RJ,18889.0,Campos,Cliente_08811,1994-08-17 14:33:00
8812,F,GO,19585.0,Goiânia,Cliente_08812,1971-11-11 06:21:34
8813,F,DF,21186.0,Brasília,Cliente_08813,1971-02-02 18:56:27
8814,F,PE,14839.0,Petrolina,Cliente_08814,1956-06-28 06:26:21
8815,M,RS,17334.0,Porto Alegre,Cliente_08815,2000-07-17 19:15:15
8816,M,MG,,Juiz de Fora,Cliente_08816,1957-11-27 11:00:53
8817,F,RJ,12584.0,Campos,Cliente_08817,1955-06-09 04:06:30
8818,F,SC,4662.0,Joinville,Cliente_08818,1972-08-18 03:05:48
8819,M,DF,9806.0,Brasília,Cliente_08819,1997-05-02 00:41:00
8820,M,BA,14637.0,Vitória da Conquista,Cliente_08820,1991-12-28 10:20:02
8821,M,GO,3637.0,Goiânia,Cliente_08821,1974-11-15 10:56:25
8822,F,SC,22736.0,Joinville,Cliente_08822,2007-09-01 17:27:15
8823,M,SP,17914.0,São Paulo,Cliente_08823,1989-05-24 06:04:44
8824,F,BA,7448.0,Vitória da Conquista,Cliente_08824,1989-06-15 02:36:56
8825,F,DF,16193.0,Brasília,Cliente_08825,1992-08-24 00:46:57
8826,M,PR,17599.0,Londrina,Cliente_08826,1985-06-06 19:00:13
8827,F,PR,17710.0,Maringá,Cliente_08827,1975-10-10 11:15:29
8828,M,DF,19689.0,Brasília,Cliente_08828,2004-04-09 08:05:11
8829,F,PR,24297.0,Maringá,Cliente_08829,1961-04-27 02:28:03
8830,M,PE,5069.0,Recife,Cliente_08830,2006-05-26 03:50:48
8831,F,RJ,14477.0,Rio de Janeiro,Cliente_08831,1995-02-16 13:18:30
8832,F,MG,23194.0,Belo Horizonte,Cliente_08832,2002-09-09 17:37:52
8833,M,RJ,13120.0,Niterói,Cliente_08833,1989-08-16 22:53:46
8834,M,GO,1956.0,Goiânia,Cliente_08834,1962-01-24 10:04:08
8835,M,RJ,18332.0,Campos,Cliente_08835,2004-04-22 12:17:49
8836,M,RJ,1567.0,Niterói,Cliente_08836,1965-12-02 23:36:59
8837,F,SP,21973.0,São Paulo,Cliente_08837,2003-08-24 02:56:25
8838,M,MG,3362.0,Belo Horizonte,Cliente_08838,1957-09-23 21:19:07
8839,M,RJ,19686.0,Rio de Janeiro,Cliente_08839,1964-03-04 16:09:32
8840,F,MG,14254.0,Juiz de Fora,Cliente_08840,2006-03-12 03:12:57
8841,M,RS,13123.0,Porto Alegre,Cliente_08841,1959-09-29 17:51:39
8842,M,PR,9054.0,Maringá,Cliente_08842,2002-11-06 23:02:08
8843,F,SC,9819.0,Joinville,Cliente_08843,1965-04-23 04:56:27
8844,M,SP,7395.0,São Paulo,Cliente_08844,1973-12-26 16:15:18
8845,M,PR,14520.0,Maringá,Cliente_08845,1997-08-13 02:00:45
8846,M,MG,13702.0,Belo Horizonte,Cliente_08846,1957-11-21 08:57:52
8847,M,PR,7015.0,Curitiba,Cliente_08847,2003-07-24 19:13:18
8848,M,RJ,21622.0,Niterói,Cliente_08848,1997-10-15 01:39:32
8849,M,SC,1867.0,Joinville,Cliente_08849,1970-05-27 00:06:53
8850,F,RJ,24085.0,Campos,Cliente_08850,1964-09-12 15:24:02
8851,M,GO,17140.0,Rio Verde,Cliente_08851,1970-03-26 08:46:20
8852,F,RJ,16961.0,Campos,Cliente_08852,1965-11-15 21:21:25
8853,F,SC,16397.0,Joinville,Cliente_08853,1971-11-01 17:55:31
8854,F,BA,20524.0,Vitória da Conquista,Cliente_08854,1982-12-20 18:16:05
8855,F,RS,22791.0,Caxias do Sul,Cliente_08855,1980-01-20 02:07:33
8856,M,MG,1558.0,Uberlândia,Cliente_08856,1973-08-05 10:29:55
8857,M,RS,22140.0,Porto Alegre,Cliente_08857,1987-01-22 04:17:04
8858,M,GO,9794.0,Goiânia,Cliente_08858,1990-10-21 13:10:42
8859,F,RS,22825.0,Pelotas,Cliente_08859,1972-11-16 10:44:58
8860,M,PR,6007.0,Londrina,Cliente_08860,1975-11-19 19:39:50
8861,M,DF,18669.0,Brasília,Cliente_08861,2004-01-30 10:23:29
8862,M,SP,16252.0,Campinas,Cliente_08862,1999-06-01 09:30:11
8863,F,SC,16975.0,Joinville,Cliente_08863,1984-08-10 03:04:29
8864,F,SP,13637.0,São Paulo,Cliente_08864,1965-10-30 06:31:49
8865,M,SC,15834.0,Joinville,Cliente_08865,1997-06-11 06:11:00
8866,F,MG,20330.0,Juiz de Fora,Cliente_08866,1997-08-02 02:30:32
8867,F,RS,16614.0,Pelotas,Cliente_08867,1966-12-10 15:40:26
8868,M,MG,17535.0,Belo Horizonte,Cliente_08868,1977-03-26 11:54:39
8869,F,RJ,20249.0,Campos,Cliente_08869,2003-06-25 05:06:03
8870,F,RJ,6201.0,Niterói,Cliente_08870,2002-01-11 19:39:08
8871,M,SP,8917.0,Campinas,Cliente_08871,1982-06-15 18:15:27
8872,F,PE,23450.0,Petrolina,Cliente_08872,1960-06-10 03:17:05
8873,F,PE,11058.0,Recife,Cliente_08873,1960-11-08 04:38:11
8874,F,DF,12557.0,Brasília,Cliente_08874,1981-09-20 15:04:48
8875,F,PE,10714.0,Caruaru,Cliente_08875,1968-11-12 09:36:59
8876,F,GO,24267.0,Anápolis,Cliente_08876,1958-11-05 20:56:22
8877,F,PR,12822.0,Curitiba,Cliente_08877,1959-06-27 07:27:53
8878,F,PR,17386.0,Londrina,Cliente_08878,1998-01-07 23:47:21
8879,F,RJ,12536.0,Campos,Cliente_08879,1963-06-08 03:18:20
8880,M,PE,15560.0,Petrolina,Cliente_08880,1993-04-13 08:47:20
8881,M,DF,19373.0,Brasília,Cliente_08881,1994-05-17 14:49:53
8882,M,SC,15107.0,Florianópolis,Cliente_08882,1957-05-11 10:17:35
8883,M,RJ,3834.0,Rio de Janeiro,Cliente_08883,1988-05-25 12:00:48
8884,F,MG,17596.0,Juiz de Fora,Cliente_08884,2000-02-28 08:06:03
8885,M,PE,21273.0,Recife,Cliente_08885,1958-04-02 21:19:10
8886,M,RJ,1702.0,Campos,Cliente_08886,1957-08-28 01:13:30
8887,F,PE,1730.0,Recife,Cliente_08887,1960-11-28 22:02:34
8888,F,GO,24931.0,Rio Verde,Cliente_08888,1981-10-01 08:50:01
8889,F,DF,12820.0,Brasília,Cliente_08889,1959-02-12 03:15:08
8890,F,SP,13183.0,Campinas,Cliente_08890,1970-08-13 15:01:38
8891,F,BA,4462.0,Feira de Santana,Cliente_08891,1970-07-31 22:45:00
8892,M,DF,3827.0,Brasília,Cliente_08892,2004-09-18 12:40:38
8893,F,PE,4284.0,Petrolina,Cliente_08893,1974-05-05 18:23:38
8894,M,MG,14985.0,Uberlândia,Cliente_08894,1962-02-16 18:35:19
8895,M,MG,2303.0,Juiz de Fora,Cliente_08895,1999-08-15 17:52:15
8896,F,SP,14053.0,São Paulo,Cliente_08896,2006-04-21 05:12:54
8897,M,RS,16082.0,Caxias do Sul,Cliente_08897,2004-08-15 11:58:15
8898,M,MG,23650.0,Uberlândia,Cliente_08898,1965-01-03 07:57:56
8899,F,RJ,21607.0,Niterói,Cliente_08899,1979-05-01 20:57:29
8900,M,MG,12593.0,Juiz de Fora,Cliente_08900,1984-06-13 19:37:01
8901,M,BA,7896.0,Feira de Santana,Cliente_08901,1975-08-15 12:55:43
8902,M,SP,16310.0,São Paulo,Cliente_08902,1967-12-28 08:18:36
8903,F,RJ,18059.0,Niterói,Cliente_08903,1960-08-16 05:34:08
8904,F,PE,11136.0,Recife,Cliente_08904,1975-10-25 10:06:10
8905,F,DF,16806.0,Brasília,Cliente_08905,1975-09-09 14:16:27
8906,M,SP,13695.0,Campinas,Cliente_08906,2007-07-10 09:32:09
8907,F,BA,7191.0,Feira de Santana,Cliente_08907,1997-12-20 23:05:50
8908,M,PR,5032.0,Curitiba,Cliente_08908,1959-03-09 02:57:28
8909,F,BA,17723.0,Feira de Santana,Cliente_08909,1970-03-21 19:10:06
8910,M,SC,22233.0,Florianópolis,Cliente_08910,1975-10-07 08:02:02
8911,F,SC,19427.0,Florianópolis,Cliente_08911,1983-09-11 09:43:47
8912,F,PR,11846.0,Curitiba,Cliente_08912,1962-03-11 13:17:17
8913,M,GO,14982.0,Anápolis,Cliente_08913,1956-05-30 12:05:40
8914,F,MG,6956.0,Uberlândia,Cliente_08914,1994-11-14 18:45:02
8915,M,DF,4913.0,Brasília,Cliente_08915,1959-08-29 12:05:54
8916,F,RS,8585.0,Porto Alegre,Cliente_08916,1991-04-14 03:09:57
8917,F,RS,22063.0,Caxias do Sul,Cliente_08917,1961-08-31 09:07:48
8918,M,DF,10832.0,Brasília,Cliente_08918,1966-10-18 17:10:46
8919,M,BA,6307.0,Vitória da Conquista,Cliente_08919,1986-04-16 06:32:11
8920,M,PR,8886.0,Curitiba,Cliente_08920,1996-01-25 23:13:42
8921,F,PR,3440.0,Curitiba,Cliente_08921,2005-10-05 08:31:04
8922,M,PE,2156.0,Petrolina,Cliente_08922,1975-07-13 09:31:25
8923,F,SP,4003.0,Santos,Cliente_08923,1975-09-20 13:23:47
8924,M,RJ,18542.0,Rio de Janeiro,Cliente_08924,1988-12-03 21:05:43
8925,M,SC,12530.0,Blumenau,Cliente_08925,1966-07-02 07:57:35
8926,M,RS,14638.0,Porto Alegre,Cliente_08926,1975-09-21 08:36:51
8927,M,MG,16101.0,Uberlândia,Cliente_08927,1981-03-07 02:23:23
8928,M,RJ,17146.0,Campos,Cliente_08928,1979-09-22 00:26:58
8929,M,BA,24922.0,Salvador,Cliente_08929,1995-10-10 16:27:09
8930,F,PE,12145.0,Recife,Cliente_08930,1967-07-12 18:08:57
8931,M,RJ,16128.0,Rio de Janeiro,Cliente_08931,2003-05-06 18:21:25
8932,F,PE,23909.0,Petrolina,Cliente_08932,2005-02-02 05:34:42
8933,M,RS,7998.0,Caxias do Sul,Cliente_08933,1955-10-27 11:41:02
8934,M,RS,24232.0,Caxias do Sul,Cliente_08934,1967-04-08 18:02:19
8935,M,MG,15289.0,Juiz de Fora,Cliente_08935,1987-02-23 06:50:51
8936,F,PR,20925.0,Curitiba,Cliente_08936,1973-07-18 10:54:57
8937,F,BA,13695.0,Salvador,Cliente_08937,1967-06-12 01:11:36
8938,M,GO,20222.0,Goiânia,Cliente_08938,1969-02-15 06:58:08
8939,F,DF,17994.0,Brasília,Cliente_08939,1958-03-30 19:15:07
8940,M,MG,23071.0,Juiz de Fora,Cliente_08940,1980-06-13 07:31:42
8941,M,RS,3218.0,Pelotas,Cliente_08941,1994-04-06 12:10:20
8942,F,SP,24400.0,São Paulo,Cliente_08942,1959-02-04 09:23:08
8943,F,PR,1625.0,Curitiba,Cliente_08943,1981-07-19 06:01:28
8944,F,DF,17546.0,Brasília,Cliente_08944,1996-06-24 10:44:52
8945,F,SP,20818.0,São Paulo,Cliente_08945,2004-06-21 04:13:58
8946,M,MG,7417.0,Juiz de Fora,Cliente_08946,1985-04-19 22:08:45
8947,F,RJ,11894.0,Campos,Cliente_08947,1962-10-18 18:59:27
8948,F,GO,19488.0,Anápolis,Cliente_08948,1971-04-12 12:18:57
8949,M,PE,9090.0,Recife,Cliente_08949,2007-10-01 12:54:29
8950,F,DF,3582.0,Brasília,Cliente_08950,1994-10-20 04:34:04
8951,F,DF,13634.0,Brasília,Cliente_08951,1989-05-09 02:08:20
8952,F,MG,16558.0,Belo Horizonte,Cliente_08952,1957-08-18 08:53:51
8953,F,DF,15801.0,Brasília,Cliente_08953,1956-05-02 16:51:17
8954,M,PE,6593.0,Caruaru,Cliente_08954,1995-06-20 14:43:13
8955,M,PE,1784.0,Recife,Cliente_08955,1966-12-15 19:16:54
8956,F,SP,7066.0,Campinas,Cliente_08956,1990-08-19 23:54:24
8957,F,RJ,12257.0,Campos,Cliente_08957,2004-10-23 00:15:22
8958,M,PE,9718.0,Caruaru,Cliente_08958,1992-12-11 09:17:43
8959,F,GO,20158.0,Anápolis,Cliente_08959,1975-11-03 06:22:05
8960,F,DF,5472.0,Brasília,Cliente_08960,1995-12-11 07:16:54
8961,F,SP,15179.0,Santos,Cliente_08961,1955-04-26 03:54:29
8962,F,RS,13073.0,Porto Alegre,Cliente_08962,1993-01-29 01:58:44
8963,F,SP,5613.0,Campinas,Cliente_08963,1989-02-25 20:13:28
8964,F,GO,15878.0,Anápolis,Cliente_08964,1980-06-18 06:22:42
8965,F,PR,11828.0,Curitiba,Cliente_08965,1984-07-14 23:50:53
8966,F,SP,24613.0,Campinas,Cliente_08966,1961-06-26 08:19:36
8967,F,RS,19173.0,Pelotas,Cliente_08967,1973-07-15 12:51:35
8968,M,PE,11873.0,Caruaru,Cliente_08968,2004-06-30 20:41:46
8969,M,SC,20395.0,Florianópolis,Cliente_08969,1997-12-03 12:27:34
8970,M,SC,7220.0,Florianópolis,Cliente_08970,1970-11-28 03:32:09
8971,F,SC,19039.0,Joinville,Cliente_08971,1966-10-05 03:13:07
8972,F,PR,20672.0,Curitiba,Cliente_08972,1986-11-11 04:27:16
8973,M,RS,6653.0,Porto Alegre,Cliente_08973,1987-07-14 05:45:07
8974,F,GO,7726.0,Anápolis,Cliente_08974,2001-02-23 16:01:16
8975,M,MG,4476.0,Uberlândia,Cliente_08975,1962-09-22 08:34:16
8976,F,SC,6751.0,Florianópolis,Cliente_08976,1973-05-28 03:12:27
8977,M,MG,4999.0,Uberlândia,Cliente_08977,1983-07-10 06:56:54
8978,M,PR,20797.0,Maringá,Cliente_08978,1978-01-09 00:56:13
8979,M,MG,18087.0,Uberlândia,Cliente_08979,1996-04-07 21:27:43
8980,F,DF,19706.0,Brasília,Cliente_08980,1965-02-23 00:31:58
8981,M,PR,12236.0,Curitiba,Cliente_08981,1967-09-14 08:46:54
8982,F,MG,10133.0,Juiz de Fora,Cliente_08982,1996-01-18 19:28:53
8983,F,SP,8471.0,São Paulo,Cliente_08983,1997-05-04 19:47:17
8984,F,SC,11007.0,Florianópolis,Cliente_08984,1960-01-13 18:55:22
8985,F,RJ,23666.0,Campos,Cliente_08985,1991-11-20 22:24:09
8986,F,BA,14658.0,Feira de Santana,Cliente_08986,2001-03-02 16:02:30
8987,F,PR,23887.0,Curitiba,Cliente_08987,2006-05-13 16:57:56
8988,F,PE,12608.0,Caruaru,Cliente_08988,1982-08-21 04:32:25
8989,M,BA,13577.0,Feira de Santana,Cliente_08989,1963-09-01 23:32:13
8990,M,GO,5675.0,Rio Verde,Cliente_08990,2006-07-25 13:32:50
8991,M,PR,,Curitiba,Cliente_08991,2005-09-13 23:50:02
8992,F,PR,4462.0,Maringá,Cliente_08992,1969-12-25 18:39:30
8993,F,MG,15116.0,Juiz de Fora,Cliente_08993,1984-03-09 20:27:06
8994,F,PR,19251.0,Curitiba,Cliente_08994,2006-02-23 14:10:05
8995,F,SC,14357.0,Florianópolis,Cliente_08995,1974-12-16 03:02:01
8996,M,RS,6710.0,Pelotas,Cliente_08996,1977-08-14 16:16:32
8997,F,RS,4409.0,Pelotas,Cliente_08997,1963-04-17 14:51:47
8998,M,GO,11908.0,Rio Verde,Cliente_08998,2003-10-08 08:18:33
8999,F,DF,4905.0,Brasília,Cliente_08999,1973-02-01 17:15:41
9000,M,RJ,17493.0,Rio de Janeiro,Cliente_09000,1957-10-08 07:15:19
9001,F,DF,22378.0,Brasília,Cliente_09001,1985-07-04 15:50:22
9002,M,SC,16423.0,Florianópolis,Cliente_09002,1961-09-01 14:08:48
9003,F,SC,2320.0,Blumenau,Cliente_09003,1958-12-03 00:15:04
9004,M,SP,8755.0,São Paulo,Cliente_09004,1966-05-20 12:01:11
9005,F,RS,20546.0,Porto Alegre,Cliente_09005,1982-03-07 20:09:42
9006,M,BA,16441.0,Salvador,Cliente_09006,1983-01-12 01:21:40
9007,M,PE,24988.0,Caruaru,Cliente_09007,1955-12-06 20:09:07
9008,F,PR,12517.0,Londrina,Cliente_09008,1990-03-02 10:15:30
9009,M,RJ,23256.0,Campos,Cliente_09009,1992-10-20 00:38:31
9010,F,PE,5953.0,Caruaru,Cliente_09010,1976-01-29 06:50:44
9011,F,DF,21013.0,Brasília,Cliente_09011,1969-02-11 09:29:40
9012,F,PE,13706.0,Petrolina,Cliente_09012,1967-08-19 02:33:18
9013,M,SP,15210.0,Santos,Cliente_09013,1961-06-05 21:52:57
9014,M,RJ,22500.0,Rio de Janeiro,Cliente_09014,1966-11-03 14:03:42
9015,F,RJ,16360.0,Campos,Cliente_09015,1974-12-29 05:39:38
9016,F,SP,9586.0,Santos,Cliente_09016,1984-08-24 02:39:35
9017,M,SC,17276.0,Blumenau,Cliente_09017,1970-02-01 02:48:16
9018,M,SP,19550.0,Santos,Cliente_09018,2005-11-25 15:52:43
9019,M,SC,8889.0,Florianópolis,Cliente_09019,2001-01-06 16:12:11
9020,F,BA,21284.0,Salvador,Cliente_09020,1977-09-01 04:02:11
9021,F,GO,13274.0,Rio Verde,Cliente_09021,1959-05-17 20:09:23
9022,F,SC,3700.0,Joinville,Cliente_09022,1993-06-27 22:18:03
9023,F,PE,13642.0,Caruaru,Cliente_09023,1995-10-06 19:47:36
9024,F,SC,18867.0,Blumenau,Cliente_09024,1994-10-28 07:11:45
9025,M,GO,24507.0,Goiânia,Cliente_09025,1974-09-26 20:49:39
9026,F,DF,7551.0,Brasília,Cliente_09026,1981-12-11 23:27:37
9027,M,PR,5615.0,Maringá,Cliente_09027,1955-08-17 01:43:30
9028,M,SP,20524.0,Santos,Cliente_09028,2007-07-17 20:43:37
9029,F,PR,7871.0,Curitiba,Cliente_09029,2003-02-04 18:36:14
9030,M,SP,21301.0,Campinas,Cliente_09030,1982-02-18 06:34:12
9031,F,BA,8087.0,Vitória da Conquista,Cliente_09031,1965-05-10 15:38:51
9032,M,RS,12107.0,Porto Alegre,Cliente_09032,1979-02-14 17:19:50
9033,F,PE,16734.0,Recife,Cliente_09033,1995-09-28 17:52:36
9034,F,PE,15430.0,Petrolina,Cliente_09034,1998-09-03 11:54:05
9035,M,DF,10580.0,Brasília,Cliente_09035,1956-08-28 14:10:45
9036,F,RS,3383.0,Porto Alegre,Cliente_09036,1997-02-14 20:01:45
9037,M,RS,6321.0,Pelotas,Cliente_09037,1988-03-14 22:15:01
9038,F,SP,5322.0,Campinas,Cliente_09038,1974-04-22 16:14:18
9039,F,PE,9838.0,Petrolina,Cliente_09039,1983-01-22 14:52:05
9040,F,PE,19600.0,Caruaru,Cliente_09040,1972-09-18 09:40:16
9041,M,RS,23507.0,Porto Alegre,Cliente_09041,1982-09-03 03:44:47
9042,M,SP,3977.0,Santos,Cliente_09042,1979-06-04 20:46:34
9043,F,SC,14635.0,Florianópolis,Cliente_09043,1998-03-02 01:53:23
9044,M,SC,11155.0,Blumenau,Cliente_09044,1998-02-02 13:35:13
9045,F,GO,11937.0,Goiânia,Cliente_09045,1956-09-28 03:45:09
9046,M,MG,16832.0,Uberlândia,Cliente_09046,1999-06-24 02:47:12
9047,M,RJ,11002.0,Campos,Cliente_09047,1963-07-07 11:34:35
9048,F,BA,1868.0,Salvador,Cliente_09048,1956-10-19 17:17:09
9049,F,SP,20733.0,Santos,Cliente_09049,1990-05-01 14:06:09
9050,F,SC,15098.0,Blumenau,Cliente_09050,1981-05-26 02:38:01
9051,F,DF,4247.0,Brasília,Cliente_09051,1976-11-30 18:33:59
9052,F,RJ,9062.0,Niterói,Cliente_09052,1980-08-04 09:14:51
9053,M,RJ,8639.0,Rio de Janeiro,Cliente_09053,1982-04-26 22:09:07
9054,M,RJ,11510.0,Campos,Cliente_09054,1985-08-14 11:27:37
9055,F,RS,8204.0,Pelotas,Cliente_09055,1975-01-31 13:17:49
9056,F,GO,3387.0,Rio Verde,Cliente_09056,1959-12-05 06:28:20
9057,F,DF,13475.0,Brasília,Cliente_09057,1978-01-21 12:14:17
9058,M,MG,17943.0,Juiz de Fora,Cliente_09058,2006-09-20 23:56:42
9059,F,DF,2044.0,Brasília,Cliente_09059,1988-02-08 01:39:09
9060,F,DF,20948.0,Brasília,Cliente_09060,1971-06-22 10:54:07
9061,M,SP,24330.0,Santos,Cliente_09061,1958-01-06 15:56:09
9062,M,GO,15055.0,Goiânia,Cliente_09062,1957-01-21 02:24:18
9063,M,PR,23687.0,Maringá,Cliente_09063,1985-09-08 13:21:59
9064,M,GO,19114.0,Rio Verde,Cliente_09064,1974-11-16 00:15:01
9065,F,PR,16313.0,Maringá,Cliente_09065,1973-07-11 11:37:59
9066,M,MG,14833.0,Belo Horizonte,Cliente_09066,1975-03-03 00:29:18
9067,M,SP,18442.0,Santos,Cliente_09067,1969-10-10 22:39:48
9068,F,RS,16184.0,Pelotas,Cliente_09068,1957-04-30 18:29:26
9069,F,RJ,23947.0,Niterói,Cliente_09069,2000-02-09 02:44:25
9070,F,SP,10361.0,Campinas,Cliente_09070,1963-03-25 02:21:26
9071,M,RS,18954.0,Pelotas,Cliente_09071,1988-09-17 19:21:57
9072,F,SP,2550.0,Santos,Cliente_09072,1971-03-10 14:31:41
9073,M,RS,21922.0,Caxias do Sul,Cliente_09073,1976-03-07 06:39:23
9074,M,SP,23030.0,São Paulo,Cliente_09074,2001-09-17 22:39:37
9075,M,GO,15792.0,Goiânia,Cliente_09075,1978-06-04 12:55:25
9076,F,GO,17256.0,Anápolis,Cliente_09076,1971-01-05 14:02:36
9077,M,GO,5522.0,Rio Verde,Cliente_09077,1969-09-29 14:39:47
9078,F,RJ,9836.0,Niterói,Cliente_09078,1955-01-13 07:54:32
9079,F,BA,4134.0,Salvador,Cliente_09079,1979-04-25 08:12:15
9080,F,PE,8788.0,Caruaru,Cliente_09080,1968-11-08 04:48:10
9081,M,PR,10492.0,Curitiba,Cliente_09081,1992-12-29 10:14:37
9082,M,GO,2985.0,Rio Verde,Cliente_09082,1991-04-03 03:44:30
9083,M,BA,20707.0,Vitória da Conquista,Cliente_09083,2005-07-23 17:59:07
9084,F,PR,18556.0,Maringá,Cliente_09084,1987-09-17 21:16:05
9085,M,SP,13666.0,São Paulo,Cliente_09085,1956-07-17 07:19:17
9086,M,MG,22306.0,Uberlândia,Cliente_09086,1995-02-19 06:31:56
9087,M,RS,,Pelotas,Cliente_09087,1982-01-23 19:49:19
9088,M,BA,23999.0,Salvador,Cliente_09088,1959-11-01 02:24:12
9089,M,DF,5394.0,Brasília,Cliente_09089,1988-12-04 08:41:55
9090,F,SC,5346.0,Blumenau,Cliente_09090,1985-07-04 23:01:34
9091,F,BA,15981.0,Feira de Santana,Cliente_09091,1974-05-06 08:53:06
9092,F,GO,10886.0,Rio Verde,Cliente_09092,1962-01-15 12:11:05
9093,F,GO,19908.0,Goiânia,Cliente_09093,2004-04-19 08:57:31
9094,M,BA,19241.0,Salvador,Cliente_09094,1981-05-30 20:06:43
9095,F,RS,16496.0,Pelotas,Cliente_09095,2005-11-02 22:34:11
9096,M,PR,9548.0,Maringá,Cliente_09096,1958-02-03 02:59:17
9097,F,SP,2068.0,São Paulo,Cliente_09097,1997-02-12 15:48:19
9098,F,SC,7990.0,Blumenau,Cliente_09098,1957-01-01 23:56:49
9099,F,SP,3445.0,Santos,Cliente_09099,2007-03-01 11:55:15
9100,M,RJ,18291.0,Campos,Cliente_09100,2006-06-12 09:27:13
9101,M,RS,5728.0,Caxias do Sul,Cliente_09101,1974-03-11 15:03:03
9102,F,GO,13445.0,Anápolis,Cliente_09102,1996-10-30 11:22:19
9103,M,RJ,10305.0,Niterói,Cliente_09103,1979-07-07 07:45:44
9104,F,SP,8631.0,Santos,Cliente_09104,1981-02-13 20:12:05
9105,F,SP,3718.0,São Paulo,Cliente_09105,1962-10-25 17:00:55
9106,F,SC,16475.0,Blumenau,Cliente_09106,1988-07-26 21:36:51
9107,M,PE,17109.0,Petrolina,Cliente_09107,1979-04-10 07:27:37
9108,F,SP,9211.0,Campinas,Cliente_09108,1993-01-06 22:32:42
9109,F,PR,13491.0,Curitiba,Cliente_09109,1977-09-07 12:39:29
9110,F,PR,22241.0,Londrina,Cliente_09110,2006-05-11 13:43:57
9111,M,BA,13605.0,Salvador,Cliente_09111,1989-05-28 01:09:23
9112,F,SC,18377.0,Blumenau,Cliente_09112,1955-12-21 07:26:44
9113,M,SC,16738.0,Blumenau,Cliente_09113,1987-02-12 04:30:16
9114,F,GO,5368.0,Rio Verde,Cliente_09114,1974-11-06 09:27:52
9115,M,SP,22269.0,São Paulo,Cliente_09115,1986-01-15 09:18:00
9116,F,PE,13026.0,Caruaru,Cliente_09116,1960-09-11 20:08:39
9117,F,DF,11560.0,Brasília,Cliente_09117,1979-12-14 09:06:12
9118,M,RJ,6933.0,Niterói,Cliente_09118,1981-06-19 02:20:11
9119,M,SC,24112.0,Joinville,Cliente_09119,1994-01-12 08:54:25
9120,F,BA,19322.0,Salvador,Cliente_09120,2001-07-31 12:21:40
9121,M,BA,2852.0,Salvador,Cliente_09121,1991-05-09 06:22:40
9122,F,SP,9736.0,Santos,Cliente_09122,1989-01-01 07:55:51
9123,F,SP,22794.0,Campinas,Cliente_09123,2004-11-19 23:10:14
9124,F,DF,20264.0,Brasília,Cliente_09124,1995-07-25 11:49:34
9125,M,MG,6060.0,Belo Horizonte,Cliente_09125,1998-01-25 06:09:30
9126,F,MG,,Uberlândia,Cliente_09126,1974-08-03 11:14:09
9127,M,SP,,Campinas,Cliente_09127,1988-11-27 03:55:07
9128,F,RS,5924.0,Porto Alegre,Cliente_09128,1968-10-07 20:48:10
9129,M,PR,9347.0,Curitiba,Cliente_09129,1976-10-02 18:06:37
9130,M,PR,15695.0,Maringá,Cliente_09130,1963-05-30 06:39:16
9131,F,DF,6297.0,Brasília,Cliente_09131,2000-07-08 20:08:09
9132,M,DF,24684.0,Brasília,Cliente_09132,2007-04-13 14:26:39
9133,F,GO,15809.0,Rio Verde,Cliente_09133,1978-04-15 16:13:58
9134,F,PE,23904.0,Petrolina,Cliente_09134,1964-12-28 08:02:29
9135,F,BA,20652.0,Feira de Santana,Cliente_09135,1999-11-15 05:31:56
9136,F,PR,3907.0,Londrina,Cliente_09136,1961-07-19 01:49:08
9137,F,RS,23381.0,Pelotas,Cliente_09137,1977-10-27 10:36:05
9138,M,SP,5291.0,Campinas,Cliente_09138,1967-03-23 01:38:41
9139,F,SC,21177.0,Joinville,Cliente_09139,1967-01-21 05:15:53
9140,M,RS,20730.0,Caxias do Sul,Cliente_09140,1991-05-22 07:12:00
9141,M,GO,8008.0,Anápolis,Cliente_09141,1982-07-15 12:34:08
9142,F,RS,15907.0,Porto Alegre,Cliente_09142,2001-03-28 09:24:39
9143,M,SC,21195.0,Florianópolis,Cliente_09143,1968-12-20 21:46:42
9144,F,RJ,11129.0,Campos,Cliente_09144,1957-06-16 06:34:06
9145,M,MG,1626.0,Juiz de Fora,Cliente_09145,1957-11-09 02:49:14
9146,M,RJ,23490.0,Niterói,Cliente_09146,2002-12-05 22:02:26
9147,M,BA,11312.0,Feira de Santana,Cliente_09147,1989-11-02 23:47:24
9148,F,BA,9194.0,Salvador,Cliente_09148,1959-09-03 10:07:49
9149,M,PR,4819.0,Londrina,Cliente_09149,1979-12-24 08:21:23
9150,F,SC,10173.0,Joinville,Cliente_09150,2004-04-10 12:37:42
9151,M,BA,6931.0,Vitória da Conquista,Cliente_09151,2007-07-18 15:50:29
9152,M,DF,5878.0,Brasília,Cliente_09152,2001-03-21 22:14:00
9153,M,PR,20005.0,Londrina,Cliente_09153,2000-07-05 01:19:13
9154,M,GO,21019.0,Goiânia,Cliente_09154,2000-03-02 00:42:31
9155,F,PR,12512.0,Londrina,Cliente_09155,1995-08-04 17:31:15
9156,F,RJ,7990.0,Niterói,Cliente_09156,1985-09-05 17:22:40
9157,M,SP,24024.0,Campinas,Cliente_09157,1957-08-01 07:25:51
9158,M,DF,12063.0,Brasília,Cliente_09158,1991-05-12 12:46:24
9159,F,DF,18122.0,Brasília,Cliente_09159,1992-06-01 04:01:28
9160,F,PE,2920.0,Caruaru,Cliente_09160,1989-06-04 09:02:08
9161,F,DF,16172.0,Brasília,Cliente_09161,1967-12-13 23:52:18
9162,F,DF,1840.0,Brasília,Cliente_09162,2007-03-02 17:21:06
9163,M,RJ,13042.0,Niterói,Cliente_09163,1970-08-03 12:46:46
9164,M,RS,9020.0,Porto Alegre,Cliente_09164,1985-03-16 09:43:19
9165,F,DF,12685.0,Brasília,Cliente_09165,1996-06-22 07:08:38
9166,F,SP,6487.0,Santos,Cliente_09166,1979-09-01 02:54:40
9167,F,MG,14249.0,Uberlândia,Cliente_09167,1967-09-25 20:03:46
9168,F,RJ,21959.0,Campos,Cliente_09168,2005-05-01 12:07:20
9169,F,RJ,6912.0,Campos,Cliente_09169,1970-07-24 10:00:35
9170,F,RS,21362.0,Porto Alegre,Cliente_09170,1991-10-10 15:01:14
9171,M,PE,9170.0,Petrolina,Cliente_09171,1995-07-30 04:17:31
9172,M,RS,20379.0,Caxias do Sul,Cliente_09172,1971-05-25 00:43:38
9173,M,PR,,Londrina,Cliente_09173,1998-10-19 05:09:16
9174,F,MG,9823.0,Uberlândia,Cliente_09174,1973-04-28 09:02:53
9175,F,BA,3357.0,Feira de Santana,Cliente_09175,1979-12-02 21:57:49
9176,F,GO,15955.0,Goiânia,Cliente_09176,1988-01-09 16:36:13
9177,M,BA,2004.0,Vitória da Conquista,Cliente_09177,1972-04-21 10:59:58
9178,F,PE,8967.0,Recife,Cliente_09178,1994-04-25 19:00:27
9179,F,PE,20040.0,Petrolina,Cliente_09179,1992-01-06 21:17:54
9180,M,DF,9984.0,Brasília,Cliente_09180,2007-03-11 03:29:24
9181,F,RS,13342.0,Porto Alegre,Cliente_09181,2003-10-12 18:48:07
9182,M,PR,6423.0,Curitiba,Cliente_09182,1996-08-23 05:52:17
9183,M,DF,10751.0,Brasília,Cliente_09183,1978-05-16 09:53:16
9184,F,SC,17420.0,Florianópolis,Cliente_09184,1989-09-27 03:36:48
9185,M,PR,11995.0,Londrina,Cliente_09185,1979-01-15 13:11:08
9186,F,PE,23438.0,Caruaru,Cliente_09186,2003-08-23 23:59:27
9187,M,PE,23622.0,Recife,Cliente_09187,1964-03-15 09:35:24
9188,F,RJ,14819.0,Campos,Cliente_09188,1992-03-25 19:25:32
9189,M,SC,20679.0,Blumenau,Cliente_09189,1964-06-06 05:59:25
9190,F,DF,10893.0,Brasília,Cliente_09190,1978-04-19 15:32:45
9191,M,PE,8400.0,Caruaru,Cliente_09191,2005-09-27 15:46:18
9192,M,SC,3660.0,Florianópolis,Cliente_09192,2007-05-22 12:05:33
9193,M,MG,17736.0,Uberlândia,Cliente_09193,1969-12-14 06:34:49
9194,F,GO,7721.0,Anápolis,Cliente_09194,2001-10-20 02:19:51
9195,F,RS,11538.0,Caxias do Sul,Cliente_09195,1999-11-21 10:03:49
9196,M,PE,21151.0,Recife,Cliente_09196,1969-05-19 17:11:46
9197,F,MG,22381.0,Belo Horizonte,Cliente_09197,1955-01-08 07:38:58
9198,M,PR,24860.0,Londrina,Cliente_09198,1998-08-04 20:45:40
9199,F,RS,9755.0,Porto Alegre,Cliente_09199,1968-03-24 03:08:47
9200,M,SC,4199.0,Blumenau,Cliente_09200,1991-02-16 21:15:29
9201,F,RS,12625.0,Pelotas,Cliente_09201,1981-12-13 01:35:53
9202,M,BA,23428.0,Feira de Santana,Cliente_09202,2006-10-30 07:06:27
9203,M,RJ,16901.0,Campos,Cliente_09203,1983-04-16 16:18:25
9204,M,SC,1872.0,Joinville,Cliente_09204,1980-11-27 02:36:38
9205,M,MG,21911.0,Uberlândia,Cliente_09205,1997-04-24 02:15:30
9206,F,PE,16044.0,Caruaru,Cliente_09206,1978-04-28 04:52:57
9207,M,SC,20398.0,Florianópolis,Cliente_09207,1991-08-11 21:00:23
9208,F,SP,18815.0,São Paulo,Cliente_09208,2002-06-16 21:53:32
9209,F,BA,3490.0,Salvador,Cliente_09209,1987-03-06 21:18:46
9210,M,MG,21540.0,Belo Horizonte,Cliente_09210,1968-11-16 03:30:42
9211,F,PR,11107.0,Londrina,Cliente_09211,1973-08-14 11:07:14
9212,F,SP,8290.0,São Paulo,Cliente_09212,1959-11-19 09:13:01
9213,F,SC,10053.0,Blumenau,Cliente_09213,2002-06-01 04:16:34
9214,M,RJ,6883.0,Campos,Cliente_09214,1998-02-10 08:45:50
9215,F,SP,17075.0,São Paulo,Cliente_09215,1984-07-28 23:02:45
9216,F,RS,2215.0,Pelotas,Cliente_09216,1994-08-23 03:29:46
9217,M,SC,11337.0,Blumenau,Cliente_09217,1983-11-23 22:22:19
9218,M,MG,19431.0,Belo Horizonte,Cliente_09218,1996-04-23 20:48:17
9219,F,SC,15450.0,Joinville,Cliente_09219,1958-02-24 14:41:57
9220,M,RJ,9492.0,Niterói,Cliente_09220,1997-10-02 12:07:23
9221,F,GO,18535.0,Anápolis,Cliente_09221,1997-09-13 04:10:09
9222,F,RS,2550.0,Porto Alegre,Cliente_09222,1956-06-01 20:12:14
9223,F,PE,14857.0,Caruaru,Cliente_09223,1985-06-24 22:34:08
9224,M,SC,6242.0,Joinville,Cliente_09224,1961-02-11 07:10:59
9225,F,RJ,14869.0,Campos,Cliente_09225,1983-01-09 08:02:21
9226,M,SP,6544.0,Campinas,Cliente_09226,2001-08-03 19:59:10
9227,M,SP,22940.0,São Paulo,Cliente_09227,1999-12-15 02:01:55
9228,F,MG,11788.0,Uberlândia,Cliente_09228,1966-04-25 06:01:20
9229,M,RS,8761.0,Pelotas,Cliente_09229,2005-09-01 06:46:58
9230,M,SP,12346.0,Santos,Cliente_09230,1957-12-14 23:19:18
9231,M,PE,19564.0,Petrolina,Cliente_09231,1965-10-20 02:10:25
9232,M,GO,11299.0,Rio Verde,Cliente_09232,1956-08-09 10:08:26
9233,M,GO,5022.0,Anápolis,Cliente_09233,1992-02-04 13:26:56
9234,F,MG,15190.0,Juiz de Fora,Cliente_09234,1990-02-13 17:03:56
9235,M,SC,3557.0,Blumenau,Cliente_09235,1985-06-11 16:38:48
9236,F,SP,4221.0,Santos,Cliente_09236,1987-04-02 14:55:00
9237,F,RJ,6321.0,Niterói,Cliente_09237,2005-04-28 16:32:17
9238,F,PR,4063.0,Curitiba,Cliente_09238,1975-12-28 01:21:48
9239,F,GO,16059.0,Rio Verde,Cliente_09239,1977-08-16 06:36:29
9240,F,DF,15192.0,Brasília,Cliente_09240,1970-01-03 13:16:03
9241,F,MG,17161.0,Juiz de Fora,Cliente_09241,1977-08-06 01:57:54
9242,M,SC,1702.0,Blumenau,Cliente_09242,1958-08-02 02:39:50
9243,M,BA,2441.0,Feira de Santana,Cliente_09243,1970-08-10 12:28:53
9244,M,MG,18472.0,Uberlândia,Cliente_09244,1983-05-12 12:49:30
9245,F,RJ,10262.0,Campos,Cliente_09245,1973-01-07 10:07:23
9246,M,PR,11037.0,Curitiba,Cliente_09246,1986-10-15 16:54:34
9247,M,DF,3142.0,Brasília,Cliente_09247,1985-08-05 17:51:04
9248,M,GO,2865.0,Rio Verde,Cliente_09248,1994-05-19 02:17:23
9249,F,RS,9056.0,Porto Alegre,Cliente_09249,1988-07-21 00:34:35
9250,M,DF,1508.0,Brasília,Cliente_09250,1978-06-25 06:24:18
9251,F,GO,18415.0,Goiânia,Cliente_09251,1994-02-11 05:55:50
9252,M,BA,2535.0,Feira de Santana,Cliente_09252,1972-06-15 08:08:21
9253,F,BA,14263.0,Feira de Santana,Cliente_09253,1980-11-15 12:11:00
9254,F,GO,19501.0,Anápolis,Cliente_09254,1979-05-06 00:20:14
9255,F,RS,8222.0,Porto Alegre,Cliente_09255,2006-01-23 06:59:42
9256,M,MG,21600.0,Belo Horizonte,Cliente_09256,1978-10-26 19:53:08
9257,M,RS,23959.0,Porto Alegre,Cliente_09257,1961-06-10 16:18:32
9258,F,SP,18960.0,Campinas,Cliente_09258,1967-12-22 16:10:03
9259,M,GO,5515.0,Anápolis,Cliente_09259,1987-07-01 16:53:55
9260,F,GO,8629.0,Anápolis,Cliente_09260,1980-06-15 10:08:16
9261,F,RS,4462.0,Pelotas,Cliente_09261,1977-03-31 15:29:31
9262,M,PE,6340.0,Recife,Cliente_09262,1987-02-28 10:05:48
9263,M,PE,18796.0,Recife,Cliente_09263,1993-03-20 02:05:04
9264,M,RJ,22033.0,Campos,Cliente_09264,1974-01-03 01:54:40
9265,F,PE,21954.0,Recife,Cliente_09265,1976-06-29 02:57:59
9266,F,BA,16837.0,Salvador,Cliente_09266,1955-12-13 12:40:01
9267,M,SP,7199.0,Santos,Cliente_09267,1979-01-31 17:42:16
9268,F,GO,,Goiânia,Cliente_09268,1982-02-27 08:59:02
9269,M,DF,23164.0,Brasília,Cliente_09269,1960-12-12 20:22:53
9270,F,BA,16362.0,Feira de Santana,Cliente_09270,1987-06-22 20:18:34
9271,M,RJ,15098.0,Campos,Cliente_09271,1962-10-12 19:03:36
9272,M,PR,3398.0,Curitiba,Cliente_09272,1972-06-13 23:04:51
9273,F,SP,24439.0,Campinas,Cliente_09273,1981-11-02 02:11:34
9274,M,PE,21116.0,Recife,Cliente_09274,1961-10-21 04:42:22
9275,M,SC,4322.0,Blumenau,Cliente_09275,1989-11-04 08:55:46
9276,F,MG,5984.0,Uberlândia,Cliente_09276,1976-09-12 11:07:24
9277,M,DF,23384.0,Brasília,Cliente_09277,1976-05-07 20:49:07
9278,F,GO,14552.0,Goiânia,Cliente_09278,2004-09-12 16:31:08
9279,M,PR,19538.0,Maringá,Cliente_09279,1984-09-05 06:34:13
9280,F,MG,18475.0,Belo Horizonte,Cliente_09280,1956-07-01 00:25:47
9281,M,RS,3348.0,Porto Alegre,Cliente_09281,1959-06-06 01:50:52
9282,M,RS,23075.0,Caxias do Sul,Cliente_09282,1995-01-23 17:58:38
9283,M,SP,14769.0,São Paulo,Cliente_09283,1986-04-02 00:33:24
9284,M,SP,4541.0,Santos,Cliente_09284,1979-02-18 03:38:54
9285,F,SP,18051.0,Santos,Cliente_09285,1955-08-21 20:30:40
9286,F,BA,5879.0,Feira de Santana,Cliente_09286,1979-03-09 15:10:52
9287,F,BA,9161.0,Feira de Santana,Cliente_09287,1967-09-20 09:10:28
9288,F,RS,8467.0,Porto Alegre,Cliente_09288,2003-10-12 03:28:04
9289,F,SP,13699.0,Santos,Cliente_09289,2005-10-02 13:57:43
9290,F,DF,17174.0,Brasília,Cliente_09290,1968-11-10 16:17:34
9291,F,RJ,21894.0,Niterói,Cliente_09291,1969-02-07 01:13:17
9292,M,SP,15031.0,São Paulo,Cliente_09292,1999-05-06 21:50:25
9293,M,GO,22870.0,Goiânia,Cliente_09293,2007-04-14 22:49:35
9294,M,DF,21732.0,Brasília,Cliente_09294,1992-02-25 02:35:06
9295,M,GO,20065.0,Rio Verde,Cliente_09295,1958-12-11 05:25:23
9296,F,SC,2332.0,Blumenau,Cliente_09296,1996-06-28 13:36:57
9297,F,RS,15710.0,Porto Alegre,Cliente_09297,2004-09-04 22:52:21
9298,F,SP,18905.0,Santos,Cliente_09298,1969-01-16 02:02:21
9299,M,PE,11685.0,Recife,Cliente_09299,1958-07-16 17:39:16
9300,F,MG,4992.0,Belo Horizonte,Cliente_09300,1980-08-05 22:28:42
9301,M,SP,13362.0,Santos,Cliente_09301,1969-03-24 18:32:10
9302,F,RJ,1788.0,Niterói,Cliente_09302,1972-08-21 05:36:06
9303,F,SC,9316.0,Florianópolis,Cliente_09303,1997-10-11 08:54:04
9304,F,SP,2576.0,Santos,Cliente_09304,1998-03-27 00:36:33
9305,F,MG,17064.0,Belo Horizonte,Cliente_09305,2004-12-08 14:07:27
9306,M,MG,2871.0,Belo Horizonte,Cliente_09306,1965-08-28 21:41:12
9307,M,BA,2574.0,Salvador,Cliente_09307,1995-10-28 18:57:44
9308,F,RJ,6434.0,Campos,Cliente_09308,1978-07-25 08:10:18
9309,M,RJ,1539.0,Campos,Cliente_09309,1989-06-25 02:21:07
9310,F,DF,5774.0,Brasília,Cliente_09310,1966-03-09 04:26:04
9311,F,PE,18066.0,Petrolina,Cliente_09311,1968-11-24 11:12:57
9312,F,RJ,6996.0,Niterói,Cliente_09312,1980-09-06 06:40:25
9313,F,SC,14492.0,Florianópolis,Cliente_09313,1972-02-12 00:11:17
9314,M,PE,4008.0,Caruaru,Cliente_09314,1995-12-29 19:16:16
9315,F,BA,13518.0,Salvador,Cliente_09315,1979-12-07 19:15:01
9316,F,RJ,9572.0,Campos,Cliente_09316,1955-09-27 22:26:00
9317,M,BA,14848.0,Salvador,Cliente_09317,1972-02-11 21:13:49
9318,F,MG,15410.0,Belo Horizonte,Cliente_09318,1985-02-20 18:23:04
9319,M,SP,15452.0,São Paulo,Cliente_09319,1958-02-11 21:34:21
9320,F,RJ,17565.0,Niterói,Cliente_09320,1978-06-08 18:47:46
9321,F,MG,1818.0,Juiz de Fora,Cliente_09321,1980-07-03 12:40:28
9322,F,SP,13318.0,Santos,Cliente_09322,1990-10-19 16:34:59
9323,F,SP,20287.0,São Paulo,Cliente_09323,1998-08-24 15:19:03
9324,F,MG,15482.0,Juiz de Fora,Cliente_09324,1960-10-29 02:18:47
9325,F,GO,12356.0,Anápolis,Cliente_09325,1999-01-09 04:31:11
9326,M,PE,14016.0,Caruaru,Cliente_09326,1972-01-02 17:01:37
9327,F,GO,2228.0,Rio Verde,Cliente_09327,2002-11-11 03:48:23
9328,M,RS,2787.0,Caxias do Sul,Cliente_09328,1993-11-02 17:36:22
9329,M,PR,5501.0,Londrina,Cliente_09329,1985-06-02 19:26:00
9330,F,SP,23490.0,Santos,Cliente_09330,1994-08-18 07:57:19
9331,M,DF,10252.0,Brasília,Cliente_09331,1992-09-30 03:30:44
9332,F,PE,2875.0,Petrolina,Cliente_09332,1995-12-17 06:07:29
9333,M,SP,16470.0,São Paulo,Cliente_09333,1955-02-28 19:11:48
9334,F,SC,13578.0,Florianópolis,Cliente_09334,1964-07-02 14:55:41
9335,M,DF,1524.0,Brasília,Cliente_09335,1993-07-18 14:43:29
9336,M,RS,19038.0,Caxias do Sul,Cliente_09336,1998-02-17 08:00:43
9337,F,RS,14157.0,Pelotas,Cliente_09337,1989-02-14 19:12:14
9338,M,SC,19343.0,Joinville,Cliente_09338,1957-03-14 07:12:52
9339,F,MG,17083.0,Juiz de Fora,Cliente_09339,1964-03-12 08:36:30
9340,F,PE,22991.0,Caruaru,Cliente_09340,1980-05-22 20:41:00
9341,F,BA,6206.0,Feira de Santana,Cliente_09341,1999-11-28 15:32:14
9342,F,PE,15163.0,Caruaru,Cliente_09342,1977-11-15 23:04:24
9343,F,DF,17344.0,Brasília,Cliente_09343,1992-03-28 19:43:18
9344,M,GO,10912.0,Goiânia,Cliente_09344,1994-11-13 12:14:56
9345,M,BA,20040.0,Vitória da Conquista,Cliente_09345,1975-09-10 18:44:08
9346,M,RS,7479.0,Caxias do Sul,Cliente_09346,1976-02-22 23:50:30
9347,F,RS,9443.0,Porto Alegre,Cliente_09347,1996-07-22 01:22:52
9348,M,MG,23926.0,Uberlândia,Cliente_09348,1995-03-25 15:04:17
9349,M,PR,10411.0,Londrina,Cliente_09349,1957-05-13 05:58:55
9350,M,PE,8986.0,Petrolina,Cliente_09350,1984-09-20 06:07:38
9351,M,MG,2605.0,Uberlândia,Cliente_09351,2006-11-24 15:11:08
9352,M,DF,5269.0,Brasília,Cliente_09352,1968-07-24 08:14:43
9353,F,BA,3979.0,Vitória da Conquista,Cliente_09353,1987-02-08 19:45:31
9354,F,SC,11612.0,Florianópolis,Cliente_09354,1957-08-04 08:42:48
9355,M,SP,12771.0,São Paulo,Cliente_09355,1997-10-30 13:35:57
9356,F,GO,6231.0,Anápolis,Cliente_09356,1963-12-18 04:12:40
9357,F,DF,12861.0,Brasília,Cliente_09357,1955-03-25 23:58:39
9358,M,SP,17587.0,São Paulo,Cliente_09358,1977-10-27 18:00:10
9359,M,PE,4672.0,Petrolina,Cliente_09359,1996-02-14 09:54:41
9360,F,SC,15541.0,Blumenau,Cliente_09360,1979-04-28 15:49:51
9361,M,RS,8568.0,Porto Alegre,Cliente_09361,1965-07-05 20:07:26
9362,F,MG,8057.0,Juiz de Fora,Cliente_09362,1956-12-29 22:16:40
9363,F,BA,4830.0,Vitória da Conquista,Cliente_09363,2003-03-26 18:01:12
9364,M,MG,7522.0,Uberlândia,Cliente_09364,1971-03-02 19:20:15
9365,F,BA,14143.0,Feira de Santana,Cliente_09365,1975-09-06 14:31:23
9366,F,PR,3558.0,Maringá,Cliente_09366,1993-01-12 18:59:12
9367,F,PR,23574.0,Curitiba,Cliente_09367,1958-05-25 12:38:16
9368,M,MG,23655.0,Juiz de Fora,Cliente_09368,1980-04-24 04:24:16
9369,M,BA,19754.0,Feira de Santana,Cliente_09369,1965-07-31 05:02:11
9370,M,BA,5121.0,Salvador,Cliente_09370,1972-09-06 04:59:48
9371,M,SP,10837.0,Santos,Cliente_09371,1977-02-04 21:19:35
9372,F,MG,5491.0,Belo Horizonte,Cliente_09372,1956-06-01 12:47:00
9373,M,RJ,,Rio de Janeiro,Cliente_09373,1961-12-20 00:48:56
9374,M,PE,10003.0,Recife,Cliente_09374,1984-06-25 20:17:00
9375,M,RS,18658.0,Pelotas,Cliente_09375,2000-05-11 15:15:19
9376,M,PR,16837.0,Londrina,Cliente_09376,1988-11-15 18:50:00
9377,F,RJ,12612.0,Rio de Janeiro,Cliente_09377,1987-08-19 02:54:46
9378,F,PR,15261.0,Curitiba,Cliente_09378,1967-06-08 23:50:01
9379,F,SC,11523.0,Blumenau,Cliente_09379,1997-05-06 16:58:07
9380,M,PR,10385.0,Londrina,Cliente_09380,1964-06-30 21:56:43
9381,M,DF,23162.0,Brasília,Cliente_09381,1956-06-10 12:30:33
9382,F,PR,2876.0,Londrina,Cliente_09382,1982-08-07 14:54:39
9383,M,SP,7439.0,Santos,Cliente_09383,1993-06-16 11:53:25
9384,M,RJ,10681.0,Rio de Janeiro,Cliente_09384,1958-09-13 17:24:17
9385,F,SC,4346.0,Blumenau,Cliente_09385,1955-02-20 12:16:30
9386,F,BA,8317.0,Feira de Santana,Cliente_09386,1968-08-05 17:05:04
9387,M,BA,8930.0,Salvador,Cliente_09387,1966-01-14 20:39:30
9388,M,SC,12651.0,Florianópolis,Cliente_09388,2000-05-30 09:44:44
9389,M,GO,,Anápolis,Cliente_09389,1999-05-28 12:46:22
9390,F,MG,8280.0,Belo Horizonte,Cliente_09390,1993-05-29 10:40:56
9391,F,GO,4831.0,Rio Verde,Cliente_09391,1990-07-30 19:24:27
9392,F,RJ,10581.0,Niterói,Cliente_09392,1960-08-23 18:17:04
9393,F,PR,19262.0,Londrina,Cliente_09393,1958-12-14 20:16:52
9394,M,BA,22468.0,Salvador,Cliente_09394,1986-04-27 10:58:45
9395,F,SP,5775.0,Campinas,Cliente_09395,1973-05-08 01:00:56
9396,F,GO,23422.0,Rio Verde,Cliente_09396,1966-12-30 13:10:24
9397,M,PR,12056.0,Londrina,Cliente_09397,1996-02-23 07:38:12
9398,M,RS,15055.0,Porto Alegre,Cliente_09398,1965-06-21 05:28:33
9399,M,MG,18115.0,Uberlândia,Cliente_09399,1998-09-04 07:34:05
9400,F,SC,11504.0,Florianópolis,Cliente_09400,1986-05-07 09:44:33
9401,M,PR,6922.0,Curitiba,Cliente_09401,1999-03-06 16:29:46
9402,M,MG,22310.0,Juiz de Fora,Cliente_09402,1997-03-08 08:20:20
9403,F,MG,12688.0,Uberlândia,Cliente_09403,1998-02-28 21:10:33
9404,F,BA,1747.0,Vitória da Conquista,Cliente_09404,1991-09-13 04:34:59
9405,M,BA,22262.0,Vitória da Conquista,Cliente_09405,1955-08-05 01:20:37
9406,F,RJ,15098.0,Niterói,Cliente_09406,1958-01-11 07:49:56
9407,M,RS,14727.0,Pelotas,Cliente_09407,1990-06-25 04:53:16
9408,M,SC,15311.0,Blumenau,Cliente_09408,1969-08-06 12:33:43
9409,F,MG,5241.0,Belo Horizonte,Cliente_09409,1982-06-15 21:43:52
9410,M,RJ,17946.0,Campos,Cliente_09410,1979-07-05 13:51:54
9411,F,DF,22107.0,Brasília,Cliente_09411,1957-09-22 08:41:09
9412,F,GO,3051.0,Anápolis,Cliente_09412,1972-05-27 11:44:36
9413,F,PE,7806.0,Recife,Cliente_09413,1958-10-11 21:51:48
9414,M,MG,4505.0,Juiz de Fora,Cliente_09414,1982-07-09 06:16:49
9415,F,RJ,4822.0,Campos,Cliente_09415,1958-07-07 16:19:38
9416,F,RS,17508.0,Caxias do Sul,Cliente_09416,1961-08-04 01:45:55
9417,M,BA,9497.0,Vitória da Conquista,Cliente_09417,1968-01-27 01:06:57
9418,M,MG,13966.0,Uberlândia,Cliente_09418,1962-06-30 04:59:13
9419,M,MG,14016.0,Juiz de Fora,Cliente_09419,1965-04-03 12:08:39
9420,M,PR,18766.0,Maringá,Cliente_09420,1975-05-23 04:43:09
9421,F,RS,1893.0,Caxias do Sul,Cliente_09421,1963-09-02 23:45:58
9422,F,SC,4239.0,Florianópolis,Cliente_09422,1998-06-08 08:52:51
9423,F,BA,5667.0,Feira de Santana,Cliente_09423,1999-03-18 15:33:28
9424,M,MG,22297.0,Belo Horizonte,Cliente_09424,1992-09-20 15:02:00
9425,M,GO,22574.0,Goiânia,Cliente_09425,2005-08-04 10:48:43
9426,F,BA,22358.0,Feira de Santana,Cliente_09426,1985-07-11 21:54:21
9427,M,GO,14694.0,Anápolis,Cliente_09427,1955-10-23 07:58:26
9428,M,PE,5731.0,Petrolina,Cliente_09428,1977-12-27 04:58:45
9429,F,SC,20661.0,Blumenau,Cliente_09429,1955-04-01 06:54:38
9430,F,PE,2901.0,Recife,Cliente_09430,1965-07-20 02:59:34
9431,M,MG,9586.0,Juiz de Fora,Cliente_09431,1967-03-22 08:18:58
9432,M,PR,2405.0,Londrina,Cliente_09432,1994-09-01 17:59:25
9433,M,SC,2029.0,Florianópolis,Cliente_09433,1977-11-06 18:58:02
9434,F,PR,9511.0,Maringá,Cliente_09434,1980-02-22 05:41:10
9435,F,RJ,24962.0,Campos,Cliente_09435,1963-11-29 17:28:25
9436,F,DF,16501.0,Brasília,Cliente_09436,1958-12-07 20:29:35
9437,F,RS,6118.0,Caxias do Sul,Cliente_09437,1974-08-24 15:27:50
9438,F,RJ,21605.0,Niterói,Cliente_09438,1973-10-02 21:35:04
9439,M,PE,20505.0,Petrolina,Cliente_09439,2000-01-19 22:35:23
9440,M,GO,24610.0,Goiânia,Cliente_09440,1985-05-24 10:59:57
9441,M,PE,18456.0,Recife,Cliente_09441,1985-11-09 18:27:26
9442,F,SC,18527.0,Joinville,Cliente_09442,1972-03-24 10:09:27
9443,F,SC,16408.0,Joinville,Cliente_09443,1982-02-08 14:12:04
9444,F,PE,21955.0,Caruaru,Cliente_09444,1977-08-09 07:35:11
9445,M,MG,8513.0,Juiz de Fora,Cliente_09445,1980-10-12 15:01:27
9446,F,PE,10984.0,Petrolina,Cliente_09446,1981-05-24 03:15:39
9447,F,SC,13287.0,Joinville,Cliente_09447,1964-07-22 04:09:35
9448,M,SC,14334.0,Florianópolis,Cliente_09448,1990-11-03 08:00:41
9449,F,BA,7105.0,Feira de Santana,Cliente_09449,1990-10-24 09:34:08
9450,M,SP,12177.0,Campinas,Cliente_09450,2001-12-23 13:09:54
9451,F,PR,23566.0,Curitiba,Cliente_09451,1974-02-04 05:26:54
9452,F,RJ,18438.0,Rio de Janeiro,Cliente_09452,1980-04-16 04:20:19
9453,M,PE,15551.0,Recife,Cliente_09453,1971-02-05 15:41:35
9454,M,BA,21277.0,Salvador,Cliente_09454,2007-06-10 20:47:54
9455,M,MG,12266.0,Juiz de Fora,Cliente_09455,1977-04-02 23:25:43
9456,M,SC,11916.0,Blumenau,Cliente_09456,1966-10-19 15:50:07
9457,M,PE,16509.0,Caruaru,Cliente_09457,1991-06-01 20:05:59
9458,M,SC,22452.0,Blumenau,Cliente_09458,1974-07-13 16:09:21
9459,F,GO,15374.0,Anápolis,Cliente_09459,1969-06-06 01:31:10
9460,F,BA,10685.0,Feira de Santana,Cliente_09460,2002-01-14 16:52:11
9461,M,PE,21343.0,Recife,Cliente_09461,1983-09-01 04:42:10
9462,F,GO,19005.0,Goiânia,Cliente_09462,1998-04-23 11:38:38
9463,M,DF,23414.0,Brasília,Cliente_09463,1959-03-02 19:03:47
9464,F,BA,22993.0,Vitória da Conquista,Cliente_09464,2005-12-16 05:18:07
9465,M,PE,17939.0,Petrolina,Cliente_09465,1983-08-25 05:07:47
9466,F,PE,16160.0,Petrolina,Cliente_09466,1979-08-13 12:01:22
9467,F,RS,10349.0,Pelotas,Cliente_09467,1965-05-04 01:06:09
9468,F,BA,6236.0,Salvador,Cliente_09468,1974-06-05 08:22:27
9469,F,BA,4109.0,Salvador,Cliente_09469,1969-02-04 18:20:41
9470,F,SC,16175.0,Blumenau,Cliente_09470,1968-06-26 03:23:26
9471,M,PE,5409.0,Caruaru,Cliente_09471,1990-07-10 19:04:10
9472,M,PR,18287.0,Curitiba,Cliente_09472,1961-06-21 04:27:11
9473,M,PR,16367.0,Curitiba,Cliente_09473,1977-02-21 23:53:26
9474,F,PR,2294.0,Curitiba,Cliente_09474,1955-11-02 23:17:33
9475,M,DF,19445.0,Brasília,Cliente_09475,1980-09-11 20:40:48
9476,F,PE,16869.0,Recife,Cliente_09476,1968-02-07 11:10:23
9477,F,PE,12333.0,Petrolina,Cliente_09477,1965-09-22 17:43:23
9478,F,GO,12356.0,Rio Verde,Cliente_09478,1975-12-15 16:26:35
9479,M,RS,8295.0,Caxias do Sul,Cliente_09479,1961-05-15 17:13:23
9480,F,BA,6992.0,Salvador,Cliente_09480,1999-08-23 21:04:52
9481,M,SC,17294.0,Blumenau,Cliente_09481,1992-03-02 22:46:25
9482,M,RS,11649.0,Pelotas,Cliente_09482,1982-02-20 13:47:18
9483,F,GO,6499.0,Goiânia,Cliente_09483,1958-04-24 07:59:35
9484,F,PE,24082.0,Petrolina,Cliente_09484,1982-01-07 20:36:45
9485,M,RJ,6697.0,Campos,Cliente_09485,1968-07-16 18:17:34
9486,M,BA,5062.0,Vitória da Conquista,Cliente_09486,1977-05-19 09:06:40
9487,M,DF,19578.0,Brasília,Cliente_09487,1967-01-18 09:07:53
9488,M,PR,2355.0,Londrina,Cliente_09488,1963-09-14 15:02:24
9489,M,DF,10987.0,Brasília,Cliente_09489,1986-07-09 19:13:36
9490,M,PE,22639.0,Petrolina,Cliente_09490,2007-04-07 09:16:19
9491,F,GO,5121.0,Goiânia,Cliente_09491,1984-04-22 01:59:12
9492,M,RJ,5706.0,Rio de Janeiro,Cliente_09492,1956-07-08 15:18:23
9493,M,MG,2538.0,Belo Horizonte,Cliente_09493,2006-04-26 00:44:14
9494,M,PR,6096.0,Maringá,Cliente_09494,2001-04-22 06:42:21
9495,M,SC,22397.0,Joinville,Cliente_09495,1998-07-16 15:40:45
9496,F,PE,15651.0,Petrolina,Cliente_09496,1975-11-23 15:07:49
9497,F,SP,5870.0,São Paulo,Cliente_09497,2002-03-04 05:58:30
9498,M,RJ,23200.0,Niterói,Cliente_09498,2004-02-06 23:15:35
9499,M,RJ,4947.0,Niterói,Cliente_09499,1971-04-09 15:08:43
9500,M,BA,23734.0,Vitória da Conquista,Cliente_09500,1988-03-14 00:30:46
9501,F,DF,21316.0,Brasília,Cliente_09501,1960-11-04 21:34:48
9502,F,PR,25000.0,Curitiba,Cliente_09502,2003-11-09 01:03:20
9503,F,PE,17403.0,Petrolina,Cliente_09503,1963-04-10 10:52:11
9504,F,SP,16826.0,São Paulo,Cliente_09504,1993-01-21 02:14:46
9505,F,PR,15556.0,Londrina,Cliente_09505,1997-02-13 04:27:15
9506,F,GO,6729.0,Rio Verde,Cliente_09506,1967-04-02 07:01:12
9507,M,SP,3741.0,Campinas,Cliente_09507,1978-10-05 07:47:02
9508,F,RS,9318.0,Porto Alegre,Cliente_09508,1993-05-22 08:41:19
9509,F,RS,8498.0,Caxias do Sul,Cliente_09509,1971-05-09 01:31:56
9510,M,RJ,22778.0,Niterói,Cliente_09510,1970-04-03 01:58:20
9511,F,GO,11655.0,Anápolis,Cliente_09511,1993-03-17 23:12:21
9512,M,RS,7944.0,Pelotas,Cliente_09512,1964-03-13 17:01:12
9513,F,RJ,4515.0,Rio de Janeiro,Cliente_09513,1956-10-25 11:33:10
9514,M,DF,16403.0,Brasília,Cliente_09514,2003-02-03 01:22:50
9515,M,PE,8315.0,Caruaru,Cliente_09515,1995-03-20 01:06:31
9516,M,RJ,6364.0,Niterói,Cliente_09516,1966-04-29 20:27:22
9517,M,PE,11176.0,Caruaru,Cliente_09517,1956-09-28 22:51:16
9518,M,GO,5734.0,Anápolis,Cliente_09518,1962-12-26 22:08:51
9519,F,BA,22840.0,Salvador,Cliente_09519,1998-08-13 23:11:28
9520,F,PR,15647.0,Curitiba,Cliente_09520,1960-10-01 14:14:37
9521,M,RJ,20223.0,Campos,Cliente_09521,1979-04-11 08:02:31
9522,M,RJ,10026.0,Rio de Janeiro,Cliente_09522,1971-10-13 07:58:13
9523,M,PE,8342.0,Recife,Cliente_09523,1997-06-18 19:11:47
9524,F,RS,3358.0,Caxias do Sul,Cliente_09524,2005-10-14 15:53:30
9525,M,RS,2707.0,Pelotas,Cliente_09525,1997-11-21 20:50:02
9526,M,RJ,18808.0,Campos,Cliente_09526,1989-09-21 03:10:10
9527,M,RS,20829.0,Caxias do Sul,Cliente_09527,1964-03-05 03:02:49
9528,M,RS,23265.0,Pelotas,Cliente_09528,2004-05-14 11:18:52
9529,F,RJ,6929.0,Rio de Janeiro,Cliente_09529,1975-06-27 11:28:58
9530,M,DF,22323.0,Brasília,Cliente_09530,1976-03-05 21:45:31
9531,M,DF,9091.0,Brasília,Cliente_09531,1955-05-22 04:57:35
9532,F,MG,14444.0,Juiz de Fora,Cliente_09532,1968-08-21 02:16:45
9533,M,DF,7392.0,Brasília,Cliente_09533,1963-12-11 05:17:04
9534,M,MG,13277.0,Uberlândia,Cliente_09534,2004-09-12 17:57:49
9535,F,GO,7445.0,Rio Verde,Cliente_09535,1961-04-19 02:30:30
9536,F,SC,9191.0,Blumenau,Cliente_09536,2000-03-12 02:08:20
9537,F,PR,14048.0,Maringá,Cliente_09537,1992-06-20 17:24:16
9538,M,SC,15173.0,Joinville,Cliente_09538,1989-07-09 19:26:40
9539,M,RS,5527.0,Porto Alegre,Cliente_09539,1986-08-16 08:25:09
9540,F,SP,13956.0,Santos,Cliente_09540,2000-08-01 19:08:29
9541,F,RS,5795.0,Porto Alegre,Cliente_09541,1990-01-19 15:36:39
9542,F,RJ,14369.0,Rio de Janeiro,Cliente_09542,1986-01-29 12:35:29
9543,M,RJ,6161.0,Rio de Janeiro,Cliente_09543,1987-03-16 14:52:28
9544,M,PR,16230.0,Maringá,Cliente_09544,1977-12-18 04:57:43
9545,F,BA,13534.0,Salvador,Cliente_09545,2006-09-25 09:05:34
9546,M,BA,20282.0,Vitória da Conquista,Cliente_09546,1986-08-14 15:22:06
9547,F,BA,17911.0,Vitória da Conquista,Cliente_09547,1988-06-12 03:56:39
9548,M,DF,13642.0,Brasília,Cliente_09548,2003-11-28 00:30:28
9549,M,GO,3398.0,Rio Verde,Cliente_09549,1968-10-22 11:22:20
9550,M,RS,14419.0,Porto Alegre,Cliente_09550,1968-09-08 16:43:58
9551,M,RJ,8800.0,Campos,Cliente_09551,1968-11-09 11:17:23
9552,F,SP,3927.0,Campinas,Cliente_09552,2006-11-26 11:16:50
9553,M,SP,3125.0,Campinas,Cliente_09553,1961-07-27 08:42:34
9554,M,SP,12267.0,Campinas,Cliente_09554,1975-09-01 05:41:17
9555,F,BA,19920.0,Vitória da Conquista,Cliente_09555,1981-12-23 22:22:27
9556,M,PR,4855.0,Londrina,Cliente_09556,1975-10-28 08:41:28
9557,F,BA,24930.0,Vitória da Conquista,Cliente_09557,1956-05-10 05:21:09
9558,F,RJ,15553.0,Campos,Cliente_09558,1998-08-29 23:37:20
9559,M,RS,21604.0,Pelotas,Cliente_09559,1967-11-04 19:02:53
9560,M,RS,6402.0,Porto Alegre,Cliente_09560,2007-01-10 20:10:14
9561,F,PR,17286.0,Londrina,Cliente_09561,1968-11-23 09:25:37
9562,F,GO,11766.0,Rio Verde,Cliente_09562,2003-04-30 19:41:09
9563,F,DF,23120.0,Brasília,Cliente_09563,2001-03-07 11:27:05
9564,M,SP,9780.0,Campinas,Cliente_09564,1987-05-06 02:20:32
9565,F,RS,16454.0,Caxias do Sul,Cliente_09565,2006-06-26 23:24:06
9566,F,PR,13496.0,Curitiba,Cliente_09566,1980-09-03 19:49:23
9567,F,SP,15546.0,Campinas,Cliente_09567,1977-03-05 13:00:09
9568,M,BA,15705.0,Vitória da Conquista,Cliente_09568,2003-01-17 15:17:26
9569,F,PE,6461.0,Petrolina,Cliente_09569,1997-11-27 02:01:48
9570,M,SC,1532.0,Joinville,Cliente_09570,1972-03-16 16:40:34
9571,M,RS,6198.0,Caxias do Sul,Cliente_09571,1978-02-04 16:51:51
9572,F,GO,10387.0,Goiânia,Cliente_09572,1991-09-22 10:38:02
9573,M,PR,21725.0,Maringá,Cliente_09573,1973-06-30 15:57:07
9574,F,DF,10216.0,Brasília,Cliente_09574,1998-09-26 21:08:02
9575,M,GO,14835.0,Anápolis,Cliente_09575,1999-06-13 07:10:14
9576,M,BA,23328.0,Feira de Santana,Cliente_09576,1957-08-23 12:48:22
9577,F,RS,7677.0,Pelotas,Cliente_09577,1979-01-02 15:32:47
9578,F,RJ,9938.0,Niterói,Cliente_09578,2004-12-06 16:22:00
9579,F,BA,5426.0,Salvador,Cliente_09579,2005-11-10 10:57:45
9580,M,DF,16878.0,Brasília,Cliente_09580,1979-10-16 23:10:46
9581,M,BA,11788.0,Feira de Santana,Cliente_09581,1997-07-17 17:23:49
9582,F,PR,11654.0,Londrina,Cliente_09582,1967-04-12 22:48:34
9583,F,GO,4459.0,Goiânia,Cliente_09583,1981-06-03 02:41:55
9584,M,PR,20111.0,Curitiba,Cliente_09584,1972-08-09 01:15:51
9585,M,SP,2893.0,São Paulo,Cliente_09585,2001-09-07 04:58:32
9586,M,PE,19907.0,Petrolina,Cliente_09586,1960-03-04 09:39:19
9587,F,GO,14525.0,Anápolis,Cliente_09587,1962-11-27 23:54:50
9588,M,PE,7564.0,Caruaru,Cliente_09588,1993-12-24 06:19:21
9589,F,PR,,Curitiba,Cliente_09589,2001-03-05 20:52:09
9590,M,RJ,3978.0,Campos,Cliente_09590,2003-03-10 10:46:14
9591,M,RS,9429.0,Porto Alegre,Cliente_09591,1990-10-13 06:33:13
9592,F,DF,22343.0,Brasília,Cliente_09592,1970-05-23 00:34:50
9593,F,BA,24337.0,Feira de Santana,Cliente_09593,1971-02-24 09:57:52
9594,F,BA,10673.0,Vitória da Conquista,Cliente_09594,2003-01-04 03:15:26
9595,M,PE,12915.0,Petrolina,Cliente_09595,1988-06-02 13:37:40
9596,M,DF,9918.0,Brasília,Cliente_09596,1960-03-21 05:25:33
9597,M,GO,19150.0,Anápolis,Cliente_09597,1958-08-18 03:54:30
9598,F,RS,3557.0,Pelotas,Cliente_09598,1992-04-24 13:30:01
9599,M,SC,15203.0,Blumenau,Cliente_09599,1956-01-31 17:19:52
9600,F,PE,15883.0,Recife,Cliente_09600,2002-01-30 08:05:19
9601,F,GO,15435.0,Rio Verde,Cliente_09601,1985-07-15 18:21:51
9602,F,GO,11943.0,Goiânia,Cliente_09602,1982-12-31 18:53:47
9603,M,DF,4441.0,Brasília,Cliente_09603,1995-09-27 07:48:03
9604,M,DF,1656.0,Brasília,Cliente_09604,1966-07-08 09:37:11
9605,F,MG,24882.0,Juiz de Fora,Cliente_09605,1967-09-22 06:10:11
9606,M,BA,13755.0,Salvador,Cliente_09606,1963-08-08 14:52:10
9607,F,RS,18644.0,Porto Alegre,Cliente_09607,1961-09-18 13:14:34
9608,F,SP,10465.0,Santos,Cliente_09608,1983-01-16 22:20:02
9609,M,PE,24291.0,Recife,Cliente_09609,1966-04-15 22:45:22
9610,F,RS,24615.0,Caxias do Sul,Cliente_09610,1982-05-29 22:54:30
9611,F,MG,18841.0,Uberlândia,Cliente_09611,1983-04-24 15:18:32
9612,M,MG,16305.0,Juiz de Fora,Cliente_09612,1962-10-14 01:04:55
9613,F,RS,18137.0,Pelotas,Cliente_09613,1957-07-30 06:58:13
9614,F,DF,19453.0,Brasília,Cliente_09614,1988-10-10 09:22:45
9615,F,GO,9005.0,Rio Verde,Cliente_09615,1974-06-06 08:02:35
9616,F,SC,24767.0,Joinville,Cliente_09616,1961-09-08 23:43:43
9617,F,RS,13905.0,Pelotas,Cliente_09617,1959-07-12 08:44:17
9618,F,PE,14337.0,Petrolina,Cliente_09618,1970-11-11 08:31:24
9619,F,SP,22890.0,São Paulo,Cliente_09619,1983-08-25 16:18:10
9620,M,BA,10499.0,Vitória da Conquista,Cliente_09620,1981-09-11 07:13:57
9621,M,MG,23652.0,Uberlândia,Cliente_09621,1996-12-15 20:26:37
9622,F,RJ,22800.0,Niterói,Cliente_09622,1980-05-23 20:20:31
9623,F,RJ,11473.0,Campos,Cliente_09623,2003-02-28 01:46:19
9624,M,GO,13355.0,Anápolis,Cliente_09624,1976-07-08 10:21:22
9625,M,DF,24591.0,Brasília,Cliente_09625,1964-06-24 22:21:30
9626,M,BA,21084.0,Salvador,Cliente_09626,1973-03-04 06:03:09
9627,M,MG,8057.0,Belo Horizonte,Cliente_09627,1955-01-20 20:50:55
9628,M,RJ,10571.0,Campos,Cliente_09628,2000-01-30 21:53:08
9629,F,RJ,6588.0,Campos,Cliente_09629,1969-11-25 18:18:27
9630,M,SC,17884.0,Florianópolis,Cliente_09630,1996-01-28 05:21:46
9631,M,RS,18050.0,Porto Alegre,Cliente_09631,1958-06-21 23:44:49
9632,M,PR,3563.0,Maringá,Cliente_09632,2001-10-30 13:12:18
9633,F,BA,9803.0,Feira de Santana,Cliente_09633,1993-06-05 04:05:29
9634,F,PR,13131.0,Maringá,Cliente_09634,1960-10-07 17:21:31
9635,F,SP,2625.0,Santos,Cliente_09635,1962-03-08 07:11:31
9636,F,DF,4141.0,Brasília,Cliente_09636,1988-11-19 20:16:09
9637,F,RS,19313.0,Pelotas,Cliente_09637,1982-01-29 21:13:49
9638,F,SP,23985.0,Santos,Cliente_09638,1962-02-26 04:36:53
9639,M,PE,11735.0,Petrolina,Cliente_09639,1969-01-16 20:23:26
9640,F,MG,14294.0,Juiz de Fora,Cliente_09640,1989-05-25 03:22:12
9641,F,PR,19518.0,Maringá,Cliente_09641,1991-02-13 10:25:50
9642,M,GO,10362.0,Anápolis,Cliente_09642,2001-06-12 23:05:40
9643,F,PE,4611.0,Petrolina,Cliente_09643,1998-02-10 08:36:06
9644,M,BA,3190.0,Salvador,Cliente_09644,1955-07-22 18:14:29
9645,M,MG,17240.0,Juiz de Fora,Cliente_09645,1967-01-27 11:40:35
9646,F,RJ,16594.0,Niterói,Cliente_09646,1972-04-08 06:50:37
9647,M,PR,17375.0,Curitiba,Cliente_09647,1997-08-27 20:03:11
9648,M,RS,24524.0,Pelotas,Cliente_09648,2003-05-23 11:32:29
9649,M,RS,21841.0,Pelotas,Cliente_09649,1996-03-18 08:04:26
9650,M,PE,10656.0,Recife,Cliente_09650,1995-03-12 20:38:28
9651,F,PE,18164.0,Petrolina,Cliente_09651,1991-03-05 19:17:50
9652,M,DF,5946.0,Brasília,Cliente_09652,1997-04-13 03:03:07
9653,F,RJ,11658.0,Niterói,Cliente_09653,1976-04-22 00:39:21
9654,M,SC,4308.0,Blumenau,Cliente_09654,1957-07-17 17:02:23
9655,M,PR,6902.0,Londrina,Cliente_09655,1959-11-29 02:46:10
9656,M,SP,3464.0,Santos,Cliente_09656,1973-07-01 12:31:05
9657,F,BA,18706.0,Salvador,Cliente_09657,1991-11-09 10:31:40
9658,F,PR,11129.0,Londrina,Cliente_09658,1964-02-11 19:26:38
9659,F,PR,3561.0,Maringá,Cliente_09659,1957-06-07 06:32:19
9660,M,RJ,23059.0,Campos,Cliente_09660,1994-03-05 17:34:04
9661,M,PR,5365.0,Curitiba,Cliente_09661,1969-05-23 05:37:39
9662,M,DF,5794.0,Brasília,Cliente_09662,1978-12-10 13:40:37
9663,M,PR,15671.0,Curitiba,Cliente_09663,1989-06-24 00:08:31
9664,F,GO,14465.0,Anápolis,Cliente_09664,1968-10-06 07:10:49
9665,M,GO,13728.0,Anápolis,Cliente_09665,2002-02-17 20:58:29
9666,F,MG,17151.0,Uberlândia,Cliente_09666,1983-08-15 20:16:06
9667,M,BA,17961.0,Vitória da Conquista,Cliente_09667,2007-11-29 23:47:26
9668,F,GO,3659.0,Rio Verde,Cliente_09668,1986-02-01 16:47:41
9669,F,BA,14322.0,Feira de Santana,Cliente_09669,2001-05-16 01:22:21
9670,M,RS,4687.0,Pelotas,Cliente_09670,1990-09-14 06:02:16
9671,M,DF,8635.0,Brasília,Cliente_09671,1956-07-06 00:30:39
9672,F,RJ,15008.0,Rio de Janeiro,Cliente_09672,2002-09-01 20:17:05
9673,M,RJ,2289.0,Campos,Cliente_09673,1979-08-02 11:36:45
9674,M,GO,19447.0,Anápolis,Cliente_09674,1980-08-18 06:43:15
9675,F,DF,2822.0,Brasília,Cliente_09675,1982-09-22 02:50:42
9676,F,RS,14887.0,Pelotas,Cliente_09676,1975-01-13 05:04:10
9677,F,SP,8173.0,São Paulo,Cliente_09677,1959-07-16 08:48:04
9678,F,DF,19386.0,Brasília,Cliente_09678,1990-01-20 00:01:51
9679,M,MG,8616.0,Uberlândia,Cliente_09679,1970-09-24 11:16:06
9680,F,RJ,19543.0,Niterói,Cliente_09680,1992-07-28 08:43:07
9681,F,MG,11007.0,Uberlândia,Cliente_09681,1983-07-09 13:48:06
9682,F,RJ,4562.0,Niterói,Cliente_09682,1997-08-07 11:08:13
9683,M,RS,20946.0,Pelotas,Cliente_09683,1960-03-13 04:25:33
9684,F,PR,19954.0,Curitiba,Cliente_09684,1967-08-01 00:59:02
9685,M,SC,22141.0,Blumenau,Cliente_09685,1967-01-19 08:09:22
9686,F,DF,12368.0,Brasília,Cliente_09686,1966-02-12 15:09:28
9687,F,DF,4053.0,Brasília,Cliente_09687,2004-08-06 21:08:37
9688,M,PR,18928.0,Maringá,Cliente_09688,1988-12-16 06:44:15
9689,F,SP,11479.0,Campinas,Cliente_09689,1958-06-25 12:03:54
9690,F,RJ,7457.0,Rio de Janeiro,Cliente_09690,1981-09-05 16:35:38
9691,M,SP,13227.0,Santos,Cliente_09691,1970-08-17 18:55:35
9692,F,DF,6078.0,Brasília,Cliente_09692,1977-07-30 18:36:29
9693,F,GO,7121.0,Goiânia,Cliente_09693,2001-02-19 18:01:34
9694,F,GO,3466.0,Goiânia,Cliente_09694,1978-04-21 20:23:25
9695,F,PE,12048.0,Recife,Cliente_09695,2001-07-01 05:20:48
9696,M,BA,22853.0,Salvador,Cliente_09696,1962-09-19 07:34:11
9697,F,GO,15364.0,Rio Verde,Cliente_09697,1973-03-17 12:38:38
9698,M,GO,20134.0,Goiânia,Cliente_09698,1957-08-04 22:00:14
9699,F,RJ,13179.0,Campos,Cliente_09699,1970-08-07 14:41:26
9700,M,PE,16475.0,Recife,Cliente_09700,1998-05-18 03:29:47
9701,F,RJ,15667.0,Rio de Janeiro,Cliente_09701,1965-08-17 13:45:12
9702,M,DF,3514.0,Brasília,Cliente_09702,1959-10-18 12:52:59
9703,F,MG,6124.0,Juiz de Fora,Cliente_09703,2002-07-20 05:59:07
9704,M,SP,21492.0,Campinas,Cliente_09704,2003-12-20 14:49:46
9705,M,DF,24603.0,Brasília,Cliente_09705,1977-04-03 08:41:31
9706,F,MG,21809.0,Juiz de Fora,Cliente_09706,1992-01-19 10:04:21
9707,M,RS,7368.0,Porto Alegre,Cliente_09707,1972-10-17 05:17:27
9708,F,RS,16126.0,Pelotas,Cliente_09708,1956-10-19 22:17:14
9709,F,RJ,2304.0,Rio de Janeiro,Cliente_09709,1987-02-10 23:28:02
9710,F,SC,19218.0,Blumenau,Cliente_09710,1999-01-09 17:12:47
9711,F,SC,2167.0,Blumenau,Cliente_09711,1959-10-31 08:22:55
9712,F,MG,1884.0,Juiz de Fora,Cliente_09712,1956-04-27 11:39:17
9713,M,GO,12816.0,Anápolis,Cliente_09713,1960-12-06 22:20:24
9714,F,RJ,21138.0,Campos,Cliente_09714,1994-02-08 21:05:41
9715,F,MG,4940.0,Juiz de Fora,Cliente_09715,2006-06-24 19:47:16
9716,F,RJ,20632.0,Niterói,Cliente_09716,1997-09-23 04:16:34
9717,F,MG,17896.0,Uberlândia,Cliente_09717,1995-07-03 01:08:50
9718,F,RS,9226.0,Porto Alegre,Cliente_09718,1964-10-13 15:57:08
9719,F,PE,12699.0,Recife,Cliente_09719,1984-06-18 12:59:27
9720,M,RJ,6903.0,Campos,Cliente_09720,1964-01-02 05:08:58
9721,M,PE,7651.0,Recife,Cliente_09721,2002-02-08 16:53:16
9722,F,RS,13859.0,Pelotas,Cliente_09722,1974-03-26 22:37:14
9723,M,SC,16727.0,Joinville,Cliente_09723,1980-11-20 04:34:35
9724,F,PR,24114.0,Londrina,Cliente_09724,1982-01-17 16:45:17
9725,F,SP,11557.0,Santos,Cliente_09725,1992-02-29 05:18:05
9726,F,DF,1600.0,Brasília,Cliente_09726,2006-09-16 16:40:54
9727,F,SP,6478.0,São Paulo,Cliente_09727,1999-12-28 05:41:48
9728,F,SP,11004.0,São Paulo,Cliente_09728,2002-11-12 05:13:50
9729,M,DF,12488.0,Brasília,Cliente_09729,1956-08-13 02:05:38
9730,M,RS,16031.0,Porto Alegre,Cliente_09730,1969-02-06 15:14:16
9731,M,RS,8034.0,Pelotas,Cliente_09731,2002-03-30 18:05:13
9732,M,SC,22588.0,Florianópolis,Cliente_09732,1987-08-01 22:12:32
9733,F,PR,18333.0,Londrina,Cliente_09733,1970-10-10 01:13:44
9734,M,BA,13131.0,Feira de Santana,Cliente_09734,1998-06-24 19:38:42
9735,F,SP,13193.0,Campinas,Cliente_09735,1962-06-07 06:32:24
9736,M,GO,4667.0,Anápolis,Cliente_09736,1979-10-15 17:42:36
9737,M,SP,6880.0,Campinas,Cliente_09737,1984-06-29 15:18:49
9738,M,BA,15323.0,Feira de Santana,Cliente_09738,1997-05-24 07:22:56
9739,M,RJ,13129.0,Niterói,Cliente_09739,1974-09-01 12:09:59
9740,F,SC,5356.0,Joinville,Cliente_09740,1995-06-15 21:57:17
9741,M,PE,2575.0,Caruaru,Cliente_09741,1982-10-08 08:05:12
9742,M,PE,17255.0,Petrolina,Cliente_09742,1980-12-03 01:47:15
9743,F,BA,22297.0,Vitória da Conquista,Cliente_09743,1973-08-19 10:40:59
9744,F,SP,,Campinas,Cliente_09744,1992-10-08 10:07:48
9745,M,PE,2201.0,Caruaru,Cliente_09745,1959-04-17 04:04:37
9746,F,BA,4848.0,Feira de Santana,Cliente_09746,1986-04-07 14:00:27
9747,F,DF,9685.0,Brasília,Cliente_09747,1979-12-07 19:19:36
9748,F,RS,8336.0,Porto Alegre,Cliente_09748,1995-08-07 17:34:13
9749,M,MG,14804.0,Juiz de Fora,Cliente_09749,1971-10-29 15:55:20
9750,F,RS,12138.0,Caxias do Sul,Cliente_09750,1966-09-21 11:22:25
9751,M,SP,23718.0,Santos,Cliente_09751,1995-04-08 10:32:51
9752,M,BA,3749.0,Feira de Santana,Cliente_09752,1976-09-13 00:17:06
9753,M,RJ,12205.0,Rio de Janeiro,Cliente_09753,2007-12-13 09:32:19
9754,M,PE,21106.0,Caruaru,Cliente_09754,1965-06-24 16:29:20
9755,F,PE,22875.0,Petrolina,Cliente_09755,1965-10-27 07:44:17
9756,M,PE,10874.0,Petrolina,Cliente_09756,1974-10-30 22:07:31
9757,F,BA,9618.0,Vitória da Conquista,Cliente_09757,1958-06-27 08:35:47
9758,M,RS,4051.0,Pelotas,Cliente_09758,1995-11-25 01:12:52
9759,F,RJ,14050.0,Niterói,Cliente_09759,1959-12-16 18:45:44
9760,M,BA,3714.0,Salvador,Cliente_09760,1967-07-07 23:13:52
9761,F,SP,10034.0,São Paulo,Cliente_09761,1962-11-09 16:08:07
9762,M,SC,18601.0,Joinville,Cliente_09762,1970-06-05 05:18:00
9763,M,SP,3960.0,Campinas,Cliente_09763,1995-05-23 21:13:19
9764,F,MG,13428.0,Juiz de Fora,Cliente_09764,1975-11-29 18:35:06
9765,M,SC,4755.0,Joinville,Cliente_09765,2004-04-21 08:06:15
9766,M,SP,23674.0,São Paulo,Cliente_09766,2001-11-19 22:33:50
9767,M,RJ,6834.0,Niterói,Cliente_09767,1994-09-27 01:48:15
9768,F,PR,13781.0,Londrina,Cliente_09768,2002-03-05 23:56:31
9769,M,PR,8330.0,Curitiba,Cliente_09769,1962-02-11 04:31:55
9770,M,PR,9254.0,Curitiba,Cliente_09770,1967-02-14 00:40:20
9771,F,MG,8440.0,Uberlândia,Cliente_09771,1973-06-01 19:30:51
9772,F,MG,12222.0,Juiz de Fora,Cliente_09772,1975-09-18 10:40:49
9773,F,PR,5132.0,Maringá,Cliente_09773,1978-11-17 14:26:23
9774,F,DF,17529.0,Brasília,Cliente_09774,1969-06-11 06:47:33
9775,F,PE,1514.0,Petrolina,Cliente_09775,1995-11-24 14:46:20
9776,M,SC,13081.0,Florianópolis,Cliente_09776,1968-12-21 06:17:41
9777,M,SC,15657.0,Florianópolis,Cliente_09777,1986-05-07 05:38:45
9778,M,PE,13006.0,Petrolina,Cliente_09778,1959-06-30 21:08:17
9779,F,RS,9708.0,Caxias do Sul,Cliente_09779,1989-09-14 08:11:19
9780,M,DF,11471.0,Brasília,Cliente_09780,2002-06-08 01:05:10
9781,F,PR,19833.0,Londrina,Cliente_09781,1982-05-19 13:12:58
9782,F,PE,9772.0,Caruaru,Cliente_09782,1998-03-25 16:58:37
9783,M,BA,24683.0,Salvador,Cliente_09783,1969-11-14 13:36:59
9784,F,SC,24463.0,Florianópolis,Cliente_09784,1956-07-08 17:52:15
9785,F,BA,4579.0,Vitória da Conquista,Cliente_09785,1978-12-01 18:10:16
9786,M,PE,9627.0,Caruaru,Cliente_09786,2003-05-25 08:10:54
9787,F,PE,10710.0,Recife,Cliente_09787,1983-02-20 04:14:11
9788,F,SP,16514.0,São Paulo,Cliente_09788,2004-03-06 19:19:41
9789,M,SP,17146.0,Santos,Cliente_09789,1998-04-16 18:02:35
9790,F,RJ,19708.0,Niterói,Cliente_09790,1984-09-10 03:12:57
9791,F,RJ,24213.0,Rio de Janeiro,Cliente_09791,1974-07-04 07:07:54
9792,M,MG,5364.0,Belo Horizonte,Cliente_09792,1969-01-03 08:07:57
9793,M,MG,12161.0,Belo Horizonte,Cliente_09793,1956-01-02 05:12:34
9794,M,PR,20397.0,Curitiba,Cliente_09794,1971-01-13 06:58:09
9795,M,SP,11822.0,Campinas,Cliente_09795,1984-10-22 14:56:49
9796,F,PR,8210.0,Maringá,Cliente_09796,1978-08-29 08:36:29
9797,F,PE,10016.0,Caruaru,Cliente_09797,1993-01-21 07:13:59
9798,M,PR,21374.0,Maringá,Cliente_09798,1965-03-13 21:27:56
9799,F,PE,15886.0,Recife,Cliente_09799,1998-03-29 08:24:36
9800,F,SC,14838.0,Joinville,Cliente_09800,1960-03-04 20:50:53
9801,M,SP,24009.0,Santos,Cliente_09801,1984-11-22 16:23:33
9802,M,RJ,16816.0,Campos,Cliente_09802,2004-02-29 04:12:22
9803,F,PR,11703.0,Curitiba,Cliente_09803,1990-05-07 07:23:23
9804,M,SP,6388.0,Santos,Cliente_09804,1969-09-01 15:59:24
9805,M,SC,12825.0,Blumenau,Cliente_09805,1967-08-10 23:36:06
9806,M,BA,20588.0,Vitória da Conquista,Cliente_09806,1962-09-19 06:03:23
9807,F,RJ,10886.0,Rio de Janeiro,Cliente_09807,1963-03-19 21:01:14
9808,M,DF,17145.0,Brasília,Cliente_09808,1958-09-05 02:13:46
9809,F,GO,7760.0,Anápolis,Cliente_09809,1979-12-18 13:24:54
9810,F,SP,12767.0,São Paulo,Cliente_09810,1969-01-08 00:51:12
9811,F,RS,16919.0,Pelotas,Cliente_09811,2001-06-15 15:10:36
9812,M,SP,22481.0,Santos,Cliente_09812,1971-12-03 01:41:06
9813,M,PE,14586.0,Caruaru,Cliente_09813,1981-07-24 07:58:54
9814,M,DF,4404.0,Brasília,Cliente_09814,1976-10-14 12:03:44
9815,M,RS,12992.0,Pelotas,Cliente_09815,1997-03-29 05:19:51
9816,M,PR,2623.0,Londrina,Cliente_09816,1969-10-26 01:43:13
9817,F,SC,14930.0,Blumenau,Cliente_09817,1992-12-26 08:59:18
9818,F,RS,16499.0,Pelotas,Cliente_09818,1959-04-02 03:15:01
9819,F,PR,24819.0,Curitiba,Cliente_09819,1988-11-07 20:50:34
9820,M,PR,22200.0,Curitiba,Cliente_09820,2000-03-29 17:31:39
9821,F,PR,20154.0,Londrina,Cliente_09821,1987-11-04 22:40:21
9822,F,PE,20608.0,Recife,Cliente_09822,2002-07-23 17:38:00
9823,M,RS,9621.0,Caxias do Sul,Cliente_09823,1966-07-31 14:20:11
9824,M,MG,20142.0,Belo Horizonte,Cliente_09824,1957-10-25 10:33:58
9825,F,SC,21746.0,Joinville,Cliente_09825,1955-11-14 01:02:55
9826,F,BA,5146.0,Vitória da Conquista,Cliente_09826,1984-07-14 03:39:15
9827,M,SP,14673.0,Campinas,Cliente_09827,1993-02-09 21:46:14
9828,M,PE,8525.0,Recife,Cliente_09828,1982-04-07 22:36:31
9829,M,RJ,14049.0,Niterói,Cliente_09829,1981-06-03 07:20:16
9830,M,BA,16353.0,Salvador,Cliente_09830,1970-12-18 17:28:26
9831,F,SC,19155.0,Blumenau,Cliente_09831,1981-12-25 13:13:55
9832,F,PE,10489.0,Recife,Cliente_09832,2003-05-22 12:17:50
9833,M,BA,12826.0,Vitória da Conquista,Cliente_09833,1981-02-03 17:06:07
9834,F,SP,4963.0,Santos,Cliente_09834,2001-01-08 04:17:56
9835,F,PR,15888.0,Curitiba,Cliente_09835,1958-08-18 17:35:40
9836,M,DF,15575.0,Brasília,Cliente_09836,1972-03-31 21:37:34
9837,F,PR,12047.0,Maringá,Cliente_09837,1984-09-08 04:53:16
9838,F,SC,6441.0,Florianópolis,Cliente_09838,1956-11-23 01:24:55
9839,F,SP,17510.0,Campinas,Cliente_09839,1975-05-23 18:05:23
9840,M,BA,2397.0,Vitória da Conquista,Cliente_09840,1994-02-20 03:38:57
9841,M,GO,9744.0,Anápolis,Cliente_09841,1964-02-12 05:14:29
9842,F,DF,2105.0,Brasília,Cliente_09842,1991-06-14 21:43:58
9843,M,PR,5177.0,Londrina,Cliente_09843,1967-12-09 21:25:54
9844,M,MG,6047.0,Belo Horizonte,Cliente_09844,1958-05-15 22:09:44
9845,M,BA,10152.0,Salvador,Cliente_09845,1983-07-10 21:52:27
9846,F,PR,18658.0,Maringá,Cliente_09846,1994-08-24 15:25:57
9847,F,BA,6756.0,Salvador,Cliente_09847,1979-02-05 02:24:27
9848,M,DF,17833.0,Brasília,Cliente_09848,1989-06-16 15:04:11
9849,F,SC,23375.0,Joinville,Cliente_09849,1967-06-17 03:20:30
9850,F,RJ,21914.0,Niterói,Cliente_09850,1990-03-20 08:44:30
9851,F,PR,16230.0,Londrina,Cliente_09851,1977-09-28 05:54:16
9852,F,BA,6656.0,Vitória da Conquista,Cliente_09852,2000-12-11 09:56:44
9853,F,RJ,7273.0,Rio de Janeiro,Cliente_09853,1998-01-13 17:51:07
9854,M,RJ,12386.0,Niterói,Cliente_09854,1961-02-12 17:21:19
9855,F,MG,17430.0,Juiz de Fora,Cliente_09855,1962-09-26 15:07:50
9856,F,RJ,5018.0,Rio de Janeiro,Cliente_09856,1970-11-05 04:12:14
9857,F,DF,8275.0,Brasília,Cliente_09857,2000-03-17 15:45:36
9858,M,SP,6878.0,São Paulo,Cliente_09858,2006-08-09 08:57:24
9859,M,RJ,15134.0,Niterói,Cliente_09859,1967-11-04 15:45:10
9860,M,GO,8173.0,Rio Verde,Cliente_09860,1955-02-21 06:34:42
9861,F,BA,7944.0,Feira de Santana,Cliente_09861,1966-08-12 04:07:47
9862,M,RJ,15676.0,Niterói,Cliente_09862,1958-11-01 18:37:56
9863,M,RS,10879.0,Pelotas,Cliente_09863,1976-07-22 14:05:54
9864,M,SP,5227.0,Campinas,Cliente_09864,1991-11-21 18:35:26
9865,M,PE,21880.0,Petrolina,Cliente_09865,2007-06-12 02:19:17
9866,F,SP,15725.0,Santos,Cliente_09866,1962-10-05 02:34:54
9867,M,SC,24265.0,Joinville,Cliente_09867,2005-07-23 07:38:10
9868,M,PE,24696.0,Caruaru,Cliente_09868,1967-09-02 07:28:55
9869,F,MG,19873.0,Belo Horizonte,Cliente_09869,1957-03-26 12:05:42
9870,F,SP,16968.0,São Paulo,Cliente_09870,2000-04-23 03:17:52
9871,M,SC,5845.0,Blumenau,Cliente_09871,1995-03-13 14:11:13
9872,F,SP,9674.0,Santos,Cliente_09872,1972-02-21 18:35:15
9873,M,RJ,14552.0,Campos,Cliente_09873,1985-01-23 10:42:28
9874,F,PR,20598.0,Curitiba,Cliente_09874,1979-11-14 16:09:49
9875,F,PR,8546.0,Londrina,Cliente_09875,1971-11-17 21:47:57
9876,M,SC,5686.0,Joinville,Cliente_09876,1955-01-24 23:12:58
9877,F,SP,18222.0,São Paulo,Cliente_09877,1995-10-10 22:18:37
9878,M,SC,11353.0,Joinville,Cliente_09878,1999-09-27 14:51:21
9879,F,MG,7468.0,Uberlândia,Cliente_09879,1974-07-17 19:29:14
9880,M,PR,13956.0,Londrina,Cliente_09880,1984-09-04 00:34:11
9881,F,RS,16998.0,Porto Alegre,Cliente_09881,1977-09-24 06:46:06
9882,F,PE,9184.0,Petrolina,Cliente_09882,2007-11-18 02:26:59
9883,F,DF,24605.0,Brasília,Cliente_09883,1978-03-07 03:47:41
9884,F,RJ,17043.0,Niterói,Cliente_09884,1997-05-13 05:13:28
9885,F,RS,,Caxias do Sul,Cliente_09885,1982-10-17 16:28:03
9886,M,RS,8005.0,Pelotas,Cliente_09886,1990-05-31 21:54:23
9887,F,BA,7887.0,Feira de Santana,Cliente_09887,1963-04-08 21:59:08
9888,M,RS,12791.0,Caxias do Sul,Cliente_09888,2003-12-28 21:49:59
9889,M,PE,14306.0,Petrolina,Cliente_09889,1970-03-28 12:27:41
9890,M,PE,24360.0,Recife,Cliente_09890,1995-12-22 15:35:47
9891,F,RJ,20896.0,Rio de Janeiro,Cliente_09891,2004-06-20 18:36:04
9892,M,SC,4110.0,Joinville,Cliente_09892,1967-11-22 22:17:11
9893,F,GO,3973.0,Anápolis,Cliente_09893,2004-07-10 09:04:29
9894,M,GO,23139.0,Rio Verde,Cliente_09894,1955-01-08 05:54:12
9895,M,SP,4188.0,Santos,Cliente_09895,1968-03-17 22:53:08
9896,M,SP,6304.0,Campinas,Cliente_09896,1969-04-08 10:38:29
9897,M,DF,2790.0,Brasília,Cliente_09897,1956-05-02 12:12:02
9898,M,PE,11727.0,Caruaru,Cliente_09898,1984-02-12 17:35:05
9899,F,SP,20491.0,São Paulo,Cliente_09899,1998-08-09 02:27:38
9900,M,BA,19572.0,Salvador,Cliente_09900,1986-12-22 01:20:34
9901,M,SP,8011.0,São Paulo,Cliente_09901,1959-01-15 15:47:24
9902,F,MG,9697.0,Belo Horizonte,Cliente_09902,2006-09-18 23:17:28
9903,F,MG,10214.0,Juiz de Fora,Cliente_09903,1995-03-25 15:06:56
9904,F,BA,8172.0,Salvador,Cliente_09904,2006-10-11 15:38:06
9905,M,RS,21227.0,Porto Alegre,Cliente_09905,1997-06-06 12:54:01
9906,M,MG,17949.0,Uberlândia,Cliente_09906,2002-02-23 18:02:19
9907,M,GO,21294.0,Goiânia,Cliente_09907,1968-11-23 01:24:39
9908,M,GO,4481.0,Anápolis,Cliente_09908,1977-09-18 11:49:06
9909,M,MG,14285.0,Uberlândia,Cliente_09909,2007-12-01 01:35:48
9910,M,SP,23472.0,São Paulo,Cliente_09910,1982-01-27 20:53:13
9911,F,DF,16166.0,Brasília,Cliente_09911,1958-01-17 17:40:00
9912,F,DF,4315.0,Brasília,Cliente_09912,1985-02-19 04:46:49
9913,M,GO,6596.0,Goiânia,Cliente_09913,2002-02-12 06:24:04
9914,M,MG,15450.0,Uberlândia,Cliente_09914,1957-07-03 21:41:27
9915,M,RS,19901.0,Pelotas,Cliente_09915,2001-06-06 15:09:34
9916,M,RJ,8173.0,Niterói,Cliente_09916,1985-04-28 17:37:39
9917,M,SP,3242.0,Santos,Cliente_09917,1963-01-28 00:30:36
9918,F,SP,7220.0,Santos,Cliente_09918,1967-04-18 00:53:24
9919,F,DF,,Brasília,Cliente_09919,1990-07-29 07:29:02
9920,M,MG,13773.0,Belo Horizonte,Cliente_09920,2004-12-10 13:21:25
9921,F,SC,24270.0,Florianópolis,Cliente_09921,1990-08-01 16:54:06
9922,M,PR,5034.0,Curitiba,Cliente_09922,1971-08-26 12:45:29
9923,M,MG,16185.0,Belo Horizonte,Cliente_09923,1956-05-11 16:43:04
9924,M,BA,6636.0,Feira de Santana,Cliente_09924,1996-11-30 12:27:29
9925,F,MG,7085.0,Juiz de Fora,Cliente_09925,1966-06-14 14:51:08
9926,F,SP,10054.0,Campinas,Cliente_09926,1982-06-28 12:32:55
9927,M,RJ,12973.0,Campos,Cliente_09927,1967-04-23 07:39:09
9928,F,BA,3134.0,Feira de Santana,Cliente_09928,1966-11-27 15:56:31
9929,F,DF,18408.0,Brasília,Cliente_09929,1981-07-02 18:55:46
9930,M,PE,22810.0,Petrolina,Cliente_09930,1973-05-20 05:23:55
9931,F,PE,16617.0,Recife,Cliente_09931,1984-01-14 16:30:46
9932,F,SC,3222.0,Blumenau,Cliente_09932,2005-11-01 15:50:05
9933,M,DF,10111.0,Brasília,Cliente_09933,2000-12-20 18:04:14
9934,M,RS,24813.0,Porto Alegre,Cliente_09934,1999-11-15 06:07:29
9935,F,GO,24041.0,Rio Verde,Cliente_09935,1981-12-13 20:40:59
9936,M,SC,5364.0,Joinville,Cliente_09936,1991-03-15 19:26:01
9937,F,PE,2567.0,Petrolina,Cliente_09937,1956-12-20 05:38:11
9938,M,GO,7938.0,Anápolis,Cliente_09938,1960-05-03 19:29:36
9939,M,RS,19303.0,Caxias do Sul,Cliente_09939,1986-07-10 11:29:59
9940,M,DF,8771.0,Brasília,Cliente_09940,1957-03-29 13:59:21
9941,M,GO,12825.0,Goiânia,Cliente_09941,1969-05-28 13:43:21
9942,F,DF,13328.0,Brasília,Cliente_09942,1999-08-30 08:15:52
9943,M,RS,15632.0,Pelotas,Cliente_09943,1955-04-30 07:43:12
9944,M,PR,21886.0,Londrina,Cliente_09944,1970-05-16 05:37:03
9945,M,BA,18513.0,Vitória da Conquista,Cliente_09945,1958-10-20 17:14:50
9946,F,GO,14942.0,Goiânia,Cliente_09946,2001-09-06 03:15:18
9947,F,GO,3334.0,Goiânia,Cliente_09947,1986-07-26 07:46:24
9948,M,DF,23202.0,Brasília,Cliente_09948,1974-09-16 04:45:15
9949,M,DF,22884.0,Brasília,Cliente_09949,1978-10-26 11:16:32
9950,M,GO,22015.0,Rio Verde,Cliente_09950,1986-05-22 12:02:48
9951,M,DF,16626.0,Brasília,Cliente_09951,1991-04-05 17:29:45
9952,M,RJ,24613.0,Niterói,Cliente_09952,2005-03-17 21:50:07
9953,M,RJ,3853.0,Niterói,Cliente_09953,1962-02-20 22:44:54
9954,F,PR,15378.0,Londrina,Cliente_09954,1978-05-31 09:50:42
9955,M,PR,20939.0,Maringá,Cliente_09955,1972-06-07 00:24:57
9956,M,PR,12632.0,Londrina,Cliente_09956,1967-04-14 11:44:03
9957,M,PE,9703.0,Caruaru,Cliente_09957,1971-03-05 21:53:01
9958,M,PE,11822.0,Caruaru,Cliente_09958,1982-12-22 13:02:11
9959,M,MG,12795.0,Belo Horizonte,Cliente_09959,1982-04-15 18:19:43
9960,M,SC,4657.0,Joinville,Cliente_09960,1995-07-23 22:04:32
9961,F,BA,23966.0,Vitória da Conquista,Cliente_09961,1969-10-03 19:40:39
9962,F,RJ,23747.0,Campos,Cliente_09962,1983-04-03 14:27:22
9963,F,RS,11126.0,Caxias do Sul,Cliente_09963,1969-07-27 23:52:00
9964,F,BA,18840.0,Vitória da Conquista,Cliente_09964,1986-08-07 03:24:54
9965,F,BA,21742.0,Vitória da Conquista,Cliente_09965,1976-10-25 17:27:32
9966,F,RS,22692.0,Caxias do Sul,Cliente_09966,1989-05-06 02:45:25
9967,M,SP,24022.0,São Paulo,Cliente_09967,1962-02-19 12:53:00
9968,M,GO,13326.0,Anápolis,Cliente_09968,1955-02-28 01:38:54
9969,M,SC,13595.0,Blumenau,Cliente_09969,1970-01-12 12:47:25
9970,M,MG,15067.0,Juiz de Fora,Cliente_09970,1977-11-16 03:01:49
9971,M,PR,9384.0,Londrina,Cliente_09971,1982-10-01 09:13:52
9972,M,RS,24925.0,Pelotas,Cliente_09972,1977-12-03 06:31:23
9973,F,PE,3455.0,Recife,Cliente_09973,1979-11-02 21:43:19
9974,M,PR,11704.0,Londrina,Cliente_09974,1998-11-24 01:57:50
9975,F,DF,6491.0,Brasília,Cliente_09975,1981-12-01 13:16:11
9976,F,RS,5565.0,Pelotas,Cliente_09976,1984-09-04 07:21:14
9977,M,PR,17567.0,Curitiba,Cliente_09977,1995-06-22 18:14:27
9978,M,GO,15263.0,Rio Verde,Cliente_09978,1997-12-24 07:39:40
9979,M,GO,20687.0,Goiânia,Cliente_09979,1986-06-05 21:59:02
9980,M,GO,13595.0,Rio Verde,Cliente_09980,1959-02-10 13:00:02
9981,M,PR,18908.0,Londrina,Cliente_09981,2001-08-12 17:38:31
9982,M,GO,3829.0,Rio Verde,Cliente_09982,1970-05-07 05:48:54
9983,M,RJ,,Niterói,Cliente_09983,1970-05-18 21:52:52
9984,F,PE,22578.0,Recife,Cliente_09984,1978-08-31 04:33:51
9985,M,MG,17373.0,Belo Horizonte,Cliente_09985,1985-09-09 16:40:20
9986,M,RS,4526.0,Pelotas,Cliente_09986,1981-07-17 08:02:16
9987,F,BA,2511.0,Feira de Santana,Cliente_09987,1956-06-30 15:04:53
9988,M,PR,24927.0,Londrina,Cliente_09988,1998-04-04 23:25:41
9989,M,PR,7124.0,Curitiba,Cliente_09989,1975-07-01 22:45:21
9990,F,PE,19584.0,Recife,Cliente_09990,1987-06-28 09:16:10
9991,M,SP,16729.0,Santos,Cliente_09991,2002-10-08 00:27:59
9992,M,SC,14744.0,Florianópolis,Cliente_09992,1974-03-05 12:16:04
9993,M,DF,18102.0,Brasília,Cliente_09993,1973-07-02 22:19:55
9994,M,RS,13280.0,Porto Alegre,Cliente_09994,2002-04-24 14:41:55
9995,M,SP,23710.0,Campinas,Cliente_09995,1980-08-23 17:02:17
9996,M,DF,7085.0,Brasília,Cliente_09996,1973-11-08 02:38:06
9997,F,SC,17862.0,Joinville,Cliente_09997,1969-02-25 10:02:34
9998,M,BA,15605.0,Feira de Santana,Cliente_09998,1970-08-31 08:48:27
9999,M,PR,18695.0,Curitiba,Cliente_09999,1969-07-08 02:10:46
10000,F,GO,16337.0,Rio Verde,Cliente_10000,1966-11-20 23:05:34
9954,F,PR,15378.0,Londrina,Cliente_09954,1978-05-31 09:50:42
3851,M,SP,15892.0,Campinas,Cliente_03851,1961-04-11 00:06:01
4963,M,SC,6908.0,Blumenau,Cliente_04963,1975-12-12 14:54:25
3887,M,SC,17418.0,Florianópolis,Cliente_03887,1993-09-09 20:05:26
5438,F,DF,1597.0,Brasília,Cliente_05438,2000-07-18 02:04:27
8518,M,SP,4821.0,Santos,Cliente_08518,1968-10-10 08:41:43
2042,F,GO,11395.0,Goiânia,Cliente_02042,1992-04-24 21:50:02
1990,F,BA,21974.0,Salvador,Cliente_01990,1996-07-29 22:17:01
1934,F,DF,4488.0,Brasília,Cliente_01934,1994-03-06 23:05:59
9985,M,MG,17373.0,Belo Horizonte,Cliente_09985,1985-09-09 16:40:20
8419,F,BA,20470.0,Salvador,Cliente_08419,1971-05-01 02:37:19
2419,F,DF,6214.0,Brasília,Cliente_02419,1996-07-12 23:14:32
6812,F,BA,11100.0,Salvador,Cliente_06812,1988-06-17 23:18:27
1218,M,SC,15961.0,Joinville,Cliente_01218,1974-10-03 09:29:56
6979,M,PR,20701.0,Maringá,Cliente_06979,1997-01-31 19:20:39
6112,M,DF,5543.0,Brasília,Cliente_06112,1979-01-20 21:12:30
7866,F,DF,,Brasília,Cliente_07866,2002-08-14 02:33:06
7782,M,PE,4343.0,Recife,Cliente_07782,1989-10-11 15:22:47
7776,F,MG,8726.0,Juiz de Fora,Cliente_07776,1991-12-13 17:40:02
7040,M,GO,8538.0,Rio Verde,Cliente_07040,1990-05-16 12:23:41
