id_conta,id_cliente,tipo_conta,status,data_abertura
100001,1,Corrente,Ativa,2019-01-04 07:46:38
100002,2,Corrente,Ativa,2019-08-16 11:35:35
100003,3,Corrente,Ativa,2021-12-24 12:19:22
100004,4,Digital,Ativa,2021-07-09 19:27:02
100005,5,Corrente,Ativa,2023-02-16 17:57:40
100006,6,Corrente,Ativa,2022-04-30 14:21:36
100007,7,Digital,Ativa,2023-12-11 06:28:30
100008,8,Corrente,Ativa,2018-08-05 10:21:59
100009,9,Digital,Ativa,2019-04-03 23:56:35
100010,10,Corrente,Ativa,2020-04-21 05:42:35
100011,11,Corrente,Ativa,2021-03-06 20:36:20
100012,12,Digital,Ativa,2020-05-11 00:05:27
100013,13,Corrente,Ativa,2021-02-17 06:22:28
100014,14,Digital,Ativa,2022-10-02 23:07:57
100015,15,Corrente,Ativa,2022-04-14 17:18:59
100016,16,Corrente,Ativa,2024-01-04 23:03:54
100017,17,Corrente,Ativa,2019-03-05 18:30:38
100018,18,Digital,Ativa,2019-07-04 16:48:19
100019,19,Digital,Encerrada,2021-11-07 06:59:08
100020,20,Corrente,Ativa,2018-07-18 17:44:53
100021,21,Corrente,Ativa,2021-08-31 03:28:41
100022,22,Digital,Ativa,2024-01-15 13:14:24
100023,23,Corrente,Ativa,2019-10-17 18:00:03
100024,24,Digital,Ativa,2025-09-20 14:29:49
100025,25,Corrente,Ativa,2018-01-30 02:50:08
100026,26,Corrente,Ativa,2025-12-27 12:53:18
100027,27,Corrente,Ativa,2024-05-31 09:09:47
100028,28,Digital,Ativa,2019-08-16 22:13:57
100029,29,Digital,Ativa,2025-05-16 13:31:19
100030,30,Digital,Ativa,2021-04-26 11:04:31
100031,31,Corrente,Bloqueada,2020-02-18 07:18:27
100032,32,Digital,Ativa,2020-03-18 18:30:15
100033,33,Digital,Ativa,2018-08-08 08:59:57
100034,34,Corrente,Ativa,2025-10-22 03:33:21
100035,35,Digital,Ativa,2024-08-18 14:32:04
100036,36,Corrente,Ativa,2019-12-24 08:48:46
100037,37,Corrente,Ativa,2019-07-22 13:00:45
100038,38,Corrente,Ativa,2024-08-03 17:07:10
100039,39,Corrente,Bloqueada,2020-03-27 05:11:46
100040,40,Corrente,Ativa,2025-08-17 04:10:53
100041,41,Corrente,Ativa,2018-03-08 04:56:28
100042,42,Corrente,Ativa,2018-06-20 04:46:00
100043,43,Digital,Ativa,2021-01-23 07:24:16
100044,44,Corrente,Ativa,2024-04-07 07:42:54
100045,45,Corrente,Ativa,2018-07-20 03:11:19
100046,46,Corrente,Ativa,2022-09-23 08:07:24
100047,47,Corrente,Ativa,2023-01-08 03:54:17
100048,48,Corrente,Ativa,2020-05-19 19:47:54
100049,49,Corrente,Ativa,2021-04-29 23:44:20
100050,50,Corrente,Ativa,2024-01-12 17:00:27
100051,51,Corrente,Ativa,2021-11-07 08:03:12
100052,52,Corrente,Ativa,2025-02-19 17:17:44
100053,53,Corrente,Ativa,2019-05-02 02:24:39
100054,54,Corrente,Ativa,2022-07-16 09:38:31
100055,55,Digital,Ativa,2025-05-13 17:07:49
100056,56,Corrente,Ativa,2020-12-15 19:12:43
100057,57,Digital,Ativa,2022-10-06 08:48:40
100058,58,Corrente,Ativa,2023-09-13 22:03:47
100059,59,Digital,Ativa,2025-04-03 05:17:57
100060,60,Digital,Ativa,2025-10-28 04:42:42
100061,61,Corrente,Ativa,2024-10-26 08:53:53
100062,62,Corrente,Ativa,2023-06-20 19:09:40
100063,63,Corrente,Ativa,2023-02-20 20:29:05
100064,64,Corrente,Ativa,2025-02-03 16:51:16
100065,65,Corrente,Bloqueada,2020-05-01 13:47:33
100066,66,Digital,Ativa,2021-06-13 08:37:43
100067,67,Digital,Ativa,2019-05-25 01:54:39
100068,68,Corrente,Ativa,2025-04-05 22:04:04
100069,69,Corrente,Ativa,2021-01-28 15:57:50
100070,70,Corrente,Encerrada,2023-11-05 20:33:47
100071,71,Corrente,Ativa,2020-01-03 02:22:25
100072,72,Digital,Ativa,2020-10-22 06:53:16
100073,73,Corrente,Ativa,2020-10-10 10:20:38
100074,74,Digital,Ativa,2025-11-09 22:26:12
100075,75,Corrente,Ativa,2021-07-16 14:44:12
100076,76,Corrente,Ativa,2023-05-02 17:57:14
100077,77,Corrente,Ativa,2021-02-13 00:27:29
100078,78,Corrente,Ativa,2025-07-08 15:20:59
100079,79,Digital,Ativa,2024-06-16 11:12:05
100080,80,Corrente,Ativa,2020-10-21 14:17:19
100081,81,Corrente,Ativa,2019-09-07 06:13:27
100082,82,Corrente,Ativa,2023-09-03 17:31:14
100083,83,Corrente,Ativa,2021-07-30 01:54:18
100084,84,Corrente,Ativa,2020-08-26 12:06:43
100085,85,Digital,Ativa,2025-06-24 22:23:55
100086,86,Corrente,Ativa,2018-09-02 20:32:53
100087,87,Corrente,Ativa,2024-01-26 18:07:46
100088,88,Digital,Bloqueada,2021-10-09 00:43:22
100089,89,Corrente,Ativa,2025-02-19 02:13:41
100090,90,Corrente,Ativa,2024-06-16 20:06:00
100091,91,Corrente,Ativa,2018-05-11 22:23:07
100092,92,Corrente,Ativa,2023-05-30 21:45:19
100093,93,Corrente,Ativa,2018-10-23 20:53:24
100094,94,Digital,Ativa,2020-02-11 00:31:29
100095,95,Corrente,Ativa,2025-12-06 00:57:13
100096,96,Digital,Ativa,2022-02-14 09:33:21
100097,97,Corrente,Ativa,2022-03-09 08:53:49
100098,98,Digital,Ativa,2018-07-10 06:18:34
100099,99,Digital,Ativa,2023-01-16 22:41:26
100100,100,Corrente,Ativa,2021-07-06 15:34:21
100101,101,Corrente,Ativa,2025-06-05 17:12:03
100102,102,Digital,Ativa,2025-09-02 03:59:52
100103,103,Corrente,Ativa,2022-01-01 05:58:48
100104,104,Corrente,Ativa,2019-06-10 01:13:19
100105,105,Corrente,Ativa,2023-11-12 16:43:49
100106,106,Digital,Ativa,2024-03-17 14:37:29
100107,107,Corrente,Ativa,2019-08-13 08:34:36
100108,108,Corrente,Ativa,2023-09-30 03:21:56
100109,109,Digital,Ativa,2022-10-30 15:33:26
100110,110,Corrente,Ativa,2018-11-26 00:23:00
100111,111,Corrente,Ativa,2019-08-01 22:50:48
100112,112,Corrente,Ativa,2022-04-24 19:13:02
100113,113,Digital,Ativa,2023-01-01 11:50:14
100114,114,Corrente,Ativa,2025-06-22 04:16:46
100115,115,Digital,Ativa,2024-08-14 00:03:47
100116,116,Digital,Ativa,2025-11-03 18:42:08
100117,117,Corrente,Ativa,2025-03-29 08:29:18
100118,118,Corrente,Ativa,2018-12-31 02:57:23
100119,119,Digital,Ativa,2024-12-21 18:20:11
100120,120,Corrente,Ativa,2019-09-10 19:05:17
100121,121,Corrente,Ativa,2018-02-18 20:14:10
100122,122,Corrente,Encerrada,2022-01-23 09:47:44
100123,123,Digital,Ativa,2022-01-02 09:29:00
100124,124,Corrente,Ativa,2019-08-30 06:31:37
100125,125,Corrente,Ativa,2025-02-09 17:08:51
100126,126,Corrente,Ativa,2025-09-29 20:52:38
100127,127,Corrente,Ativa,2023-06-28 19:24:01
100128,128,Corrente,Ativa,2020-05-26 02:49:00
100129,129,Corrente,Ativa,2019-04-05 12:32:27
100130,130,Corrente,Ativa,2018-02-05 22:05:31
100131,131,Corrente,Ativa,2022-04-22 02:48:30
100132,132,Corrente,Encerrada,2019-05-15 10:59:18
100133,133,Corrente,Ativa,2019-07-12 10:49:02
100134,134,Digital,Ativa,2018-10-13 08:09:09
100135,135,Corrente,Ativa,2021-12-24 21:32:24
100136,136,Corrente,Ativa,2025-02-08 05:26:18
100137,137,Corrente,Ativa,2023-03-06 10:34:41
100138,138,Digital,Ativa,2022-06-10 07:55:41
100139,139,Digital,Ativa,2022-07-18 19:34:38
100140,140,Corrente,Ativa,2020-02-27 04:26:20
100141,141,Digital,Ativa,2020-03-23 02:19:54
100142,142,Corrente,Ativa,2023-12-05 08:58:29
100143,143,Corrente,Ativa,2024-05-08 02:30:13
100144,144,Corrente,Ativa,2021-09-13 10:24:18
100145,145,Corrente,Ativa,2023-07-31 11:33:25
100146,146,Corrente,Ativa,2025-09-17 21:23:20
100147,147,Digital,Ativa,2018-09-15 17:30:37
100148,148,Corrente,Ativa,2018-08-25 19:26:35
100149,149,Corrente,Ativa,2021-07-06 22:11:40
100150,150,Corrente,Ativa,2019-08-31 23:43:38
100151,151,Corrente,Ativa,2020-09-03 07:35:30
100152,152,Digital,Ativa,2024-07-13 12:07:13
100153,153,Corrente,Ativa,2022-12-15 20:26:31
100154,154,Corrente,Ativa,2025-02-26 06:06:36
100155,155,Digital,Ativa,2025-05-18 12:14:53
100156,156,Digital,Ativa,2023-01-12 14:45:32
100157,157,Digital,Ativa,2018-05-25 20:54:06
100158,158,Corrente,Ativa,2021-10-30 16:48:50
100159,159,Digital,Ativa,2018-12-05 20:44:47
100160,160,Corrente,Bloqueada,2025-10-23 11:23:26
100161,161,Corrente,Bloqueada,2018-05-20 21:38:03
100162,162,Digital,Ativa,2019-03-28 19:05:50
100163,163,Corrente,Ativa,2023-12-01 06:11:16
100164,164,Corrente,Ativa,2022-03-17 08:19:13
100165,165,Digital,Ativa,2018-08-19 08:38:09
100166,166,Corrente,Ativa,2018-09-01 04:10:13
100167,167,Corrente,Ativa,2018-01-13 23:12:29
100168,168,Corrente,Ativa,2024-03-14 03:53:25
100169,169,Digital,Ativa,2019-02-19 03:11:55
100170,170,Corrente,Ativa,2022-08-09 09:50:19
100171,171,Corrente,Ativa,2024-05-27 15:47:50
100172,172,Corrente,Encerrada,2020-10-17 11:22:07
100173,173,Corrente,Ativa,2021-10-19 02:10:04
100174,174,Digital,Ativa,2024-06-06 22:20:03
100175,175,Corrente,Ativa,2024-02-07 16:16:57
100176,176,Corrente,Ativa,2024-04-29 03:10:11
100177,177,Digital,Ativa,2019-03-30 18:44:44
100178,178,Corrente,Ativa,2019-01-24 04:48:34
100179,179,Digital,Ativa,2024-12-07 01:23:43
100180,180,Corrente,Ativa,2019-12-22 13:48:00
100181,181,Corrente,Bloqueada,2024-12-05 00:53:07
100182,182,Corrente,Ativa,2019-12-24 12:37:27
100183,183,Corrente,Ativa,2019-09-18 08:02:28
100184,184,Digital,Ativa,2021-08-18 22:07:18
100185,185,Digital,Ativa,2025-09-03 21:26:10
100186,186,Corrente,Ativa,2024-12-31 22:01:22
100187,187,Digital,Ativa,2023-08-05 04:17:30
100188,188,Corrente,Ativa,2021-05-09 01:21:09
100189,189,Corrente,Ativa,2022-11-28 09:31:37
100190,190,Digital,Ativa,2024-12-10 17:30:27
100191,191,Corrente,Ativa,2019-11-18 02:40:07
100192,192,Corrente,Ativa,2023-10-20 20:00:34
100193,193,Corrente,Ativa,2024-06-15 17:11:32
100194,194,Corrente,Bloqueada,2020-03-17 01:34:24
100195,195,Corrente,Ativa,2024-03-27 14:18:37
100196,196,Digital,Ativa,2019-08-08 15:20:32
100197,197,Digital,Ativa,2023-10-01 14:40:23
100198,198,Corrente,Ativa,2021-09-11 22:58:39
100199,199,Corrente,Ativa,2024-10-10 06:33:26
100200,200,Corrente,Ativa,2022-05-21 12:46:24
100201,201,Corrente,Ativa,2018-03-24 01:15:17
100202,202,Corrente,Ativa,2019-11-10 03:07:45
100203,203,Digital,Ativa,2018-08-09 11:52:11
100204,204,Corrente,Ativa,2020-07-26 10:20:00
100205,205,Corrente,Ativa,2021-06-25 16:08:41
100206,206,Corrente,Ativa,2024-10-17 21:08:52
100207,207,Digital,Ativa,2018-07-09 09:16:20
100208,208,Digital,Ativa,2022-09-28 04:57:37
100209,209,Corrente,Ativa,2018-11-30 12:07:00
100210,210,Corrente,Ativa,2024-07-30 13:04:29
100211,211,Digital,Ativa,2022-03-16 11:12:14
100212,212,Corrente,Ativa,2018-05-16 09:37:26
100213,213,Digital,Bloqueada,2025-09-29 00:40:19
100214,214,Corrente,Ativa,2021-03-08 09:24:12
100215,215,Digital,Ativa,2019-06-08 16:38:54
100216,216,Corrente,Ativa,2018-11-10 05:04:52
100217,217,Digital,Ativa,2025-09-01 05:11:22
100218,218,Digital,Ativa,2022-05-24 02:10:45
100219,219,Corrente,Ativa,2024-03-17 02:08:28
100220,220,Corrente,Ativa,2024-01-23 05:00:39
100221,221,Corrente,Ativa,2024-01-21 22:46:37
100222,222,Digital,Ativa,2019-05-18 08:12:40
100223,223,Corrente,Ativa,2021-03-07 18:34:18
100224,224,Corrente,Ativa,2022-06-07 15:36:25
100225,225,Corrente,Ativa,2019-09-05 02:50:15
100226,226,Corrente,Ativa,2018-05-24 21:13:58
100227,227,Corrente,Ativa,2020-07-29 16:47:20
100228,228,Corrente,Ativa,2021-07-08 10:05:28
100229,229,Digital,Ativa,2021-09-02 12:13:25
100230,230,Corrente,Bloqueada,2019-06-06 03:29:31
100231,231,Corrente,Ativa,2022-11-19 08:12:43
100232,232,Corrente,Ativa,2019-09-18 04:13:14
100233,233,Corrente,Ativa,2021-05-30 22:50:47
100234,234,Corrente,Ativa,2020-02-22 21:13:19
100235,235,Corrente,Ativa,2025-12-22 01:09:38
100236,236,Corrente,Ativa,2025-06-21 05:56:16
100237,237,Corrente,Ativa,2018-11-12 16:42:20
100238,238,Corrente,Ativa,2024-09-05 14:17:15
100239,239,Corrente,Ativa,2021-10-06 05:07:31
100240,240,Corrente,Ativa,2019-09-23 23:53:01
100241,241,Digital,Ativa,2022-12-20 11:18:16
100242,242,Corrente,Ativa,2024-10-10 07:19:56
100243,243,Corrente,Ativa,2020-09-15 13:07:19
100244,244,Corrente,Ativa,2024-04-02 15:37:33
100245,245,Corrente,Ativa,2021-07-18 18:31:41
100246,246,Corrente,Bloqueada,2022-11-07 08:15:33
100247,247,Corrente,Ativa,2019-10-15 06:09:06
100248,248,Corrente,Ativa,2020-06-06 07:08:50
100249,249,Corrente,Ativa,2020-09-13 21:29:26
100250,250,Digital,Ativa,2019-05-30 04:57:49
100251,251,Corrente,Ativa,2025-07-26 11:10:12
100252,252,Digital,Ativa,2023-06-08 06:35:14
100253,253,Corrente,Ativa,2021-01-19 16:51:07
100254,254,Corrente,Ativa,2022-04-30 21:50:35
100255,255,Digital,Ativa,2025-01-14 04:23:07
100256,256,Corrente,Ativa,2018-05-24 16:16:48
100257,257,Corrente,Ativa,2025-06-15 21:05:46
100258,258,Corrente,Ativa,2021-07-25 10:53:28
100259,259,Corrente,Ativa,2018-04-05 10:29:46
100260,260,Digital,Ativa,2023-01-31 20:47:23
100261,261,Corrente,Ativa,2018-12-20 18:25:31
100262,262,Digital,Ativa,2025-11-26 07:19:32
100263,263,Digital,Ativa,2024-10-31 11:06:18
100264,264,Corrente,Bloqueada,2018-07-14 07:45:03
100265,265,Corrente,Ativa,2021-02-07 16:35:10
100266,266,Corrente,Ativa,2023-12-07 11:44:38
100267,267,Corrente,Ativa,2022-06-14 20:56:41
100268,268,Corrente,Ativa,2022-09-19 20:42:38
100269,269,Corrente,Ativa,2018-02-03 00:40:40
100270,270,Digital,Ativa,2020-12-21 02:54:11
100271,271,Digital,Ativa,2022-11-11 22:08:28
100272,272,Corrente,Ativa,2018-01-18 00:42:22
100273,273,Digital,Ativa,2022-10-02 20:07:55
100274,274,Digital,Encerrada,2023-03-15 15:08:58
100275,275,Corrente,Ativa,2024-12-19 05:44:52
100276,276,Corrente,Ativa,2025-07-11 19:43:30
100277,277,Corrente,Ativa,2024-06-26 22:19:02
100278,278,Corrente,Bloqueada,2022-07-17 15:29:32
100279,279,Corrente,Ativa,2019-04-07 03:22:54
100280,280,Corrente,Ativa,2025-09-25 10:26:24
100281,281,Digital,Ativa,2018-08-31 13:11:51
100282,282,Corrente,Ativa,2019-04-02 09:58:20
100283,283,Digital,Ativa,2018-03-19 03:31:31
100284,284,Digital,Ativa,2019-10-21 10:49:29
100285,285,Digital,Ativa,2024-08-20 22:50:38
100286,286,Corrente,Ativa,2024-01-25 22:44:51
100287,287,Corrente,Ativa,2024-12-02 02:00:42
100288,288,Digital,Bloqueada,2021-08-02 21:17:42
100289,289,Corrente,Bloqueada,2025-02-16 15:40:13
100290,290,Digital,Ativa,2018-08-12 20:46:51
100291,291,Digital,Ativa,2023-03-08 18:44:54
100292,292,Corrente,Ativa,2024-01-21 17:25:39
100293,293,Corrente,Ativa,2021-03-21 23:01:41
100294,294,Corrente,Ativa,2019-01-02 09:11:51
100295,295,Digital,Ativa,2020-05-18 02:58:01
100296,296,Corrente,Ativa,2022-08-15 22:42:07
100297,297,Corrente,Ativa,2021-06-25 13:39:25
100298,298,Corrente,Ativa,2019-02-23 06:56:35
100299,299,Digital,Bloqueada,2018-01-31 00:15:08
100300,300,Corrente,Ativa,2018-02-03 14:45:20
100301,301,Corrente,Ativa,2018-02-22 08:48:54
100302,302,Corrente,Ativa,2025-11-12 06:04:33
100303,303,Corrente,Ativa,2021-04-02 16:37:46
100304,304,Digital,Ativa,2021-10-12 12:26:52
100305,305,Corrente,Ativa,2019-03-05 03:36:02
100306,306,Corrente,Ativa,2024-02-25 19:48:23
100307,307,Corrente,Ativa,2022-12-06 08:40:49
100308,308,Digital,Ativa,2020-11-06 08:43:13
100309,309,Corrente,Ativa,2020-09-06 22:44:03
100310,310,Corrente,Ativa,2025-06-05 00:56:37
100311,311,Corrente,Ativa,2018-05-24 06:26:34
100312,312,Corrente,Ativa,2021-07-30 23:17:37
100313,313,Corrente,Ativa,2020-03-13 14:52:40
100314,314,Corrente,Ativa,2020-07-07 07:59:55
100315,315,Digital,Ativa,2018-06-04 19:05:21
100316,316,Corrente,Bloqueada,2020-12-11 22:43:20
100317,317,Corrente,Ativa,2018-03-07 02:38:55
100318,318,Digital,Ativa,2021-02-14 15:05:50
100319,319,Corrente,Bloqueada,2019-04-03 21:58:46
100320,320,Corrente,Ativa,2024-11-19 08:32:58
100321,321,Digital,Ativa,2021-01-10 04:55:30
100322,322,Digital,Ativa,2020-10-28 21:17:44
100323,323,Digital,Ativa,2024-04-25 20:10:48
100324,324,Corrente,Ativa,2023-02-03 04:18:29
100325,325,Corrente,Ativa,2023-04-22 12:14:41
100326,326,Digital,Ativa,2024-02-03 13:45:58
100327,327,Corrente,Ativa,2022-04-27 12:42:59
100328,328,Digital,Ativa,2021-06-17 04:35:18
100329,329,Digital,Ativa,2019-03-19 08:04:32
100330,330,Digital,Ativa,2023-02-11 02:12:18
100331,331,Corrente,Ativa,2025-04-02 23:00:22
100332,332,Digital,Ativa,2020-05-15 22:38:04
100333,333,Corrente,Ativa,2018-09-07 21:12:08
100334,334,Corrente,Ativa,2018-09-10 00:38:00
100335,335,Digital,Ativa,2023-02-12 21:31:02
100336,336,Corrente,Ativa,2018-08-30 22:13:56
100337,337,Corrente,Ativa,2023-06-21 00:33:07
100338,338,Corrente,Ativa,2024-08-02 06:55:04
100339,339,Corrente,Ativa,2022-01-08 20:10:45
100340,340,Corrente,Ativa,2023-09-18 01:46:36
100341,341,Corrente,Ativa,2022-02-13 23:59:37
100342,342,Corrente,Ativa,2025-03-12 03:25:51
100343,343,Corrente,Encerrada,2022-07-09 00:30:09
100344,344,Corrente,Ativa,2019-11-22 11:46:42
100345,345,Corrente,Ativa,2018-10-26 16:38:46
100346,346,Corrente,Ativa,2025-12-23 15:21:02
100347,347,Corrente,Ativa,2019-01-22 19:11:15
100348,348,Digital,Ativa,2024-12-25 03:39:50
100349,349,Corrente,Ativa,2020-12-27 14:22:52
100350,350,Digital,Ativa,2022-01-28 17:52:11
100351,351,Corrente,Ativa,2024-12-23 23:02:19
100352,352,Corrente,Ativa,2021-05-11 03:03:00
100353,353,Corrente,Bloqueada,2018-05-16 05:12:16
100354,354,Corrente,Ativa,2019-03-08 06:38:49
100355,355,Digital,Ativa,2019-04-26 18:24:50
100356,356,Digital,Ativa,2025-04-15 23:50:16
100357,357,Digital,Ativa,2019-02-17 16:33:07
100358,358,Corrente,Bloqueada,2018-12-31 10:38:03
100359,359,Corrente,Encerrada,2018-07-28 17:33:40
100360,360,Digital,Bloqueada,2021-08-17 08:32:14
100361,361,Corrente,Ativa,2018-08-31 15:32:17
100362,362,Digital,Ativa,2022-12-01 06:11:05
100363,363,Corrente,Ativa,2022-09-16 19:04:14
100364,364,Corrente,Ativa,2020-01-25 23:14:18
100365,365,Digital,Ativa,2021-05-13 00:05:11
100366,366,Digital,Ativa,2025-12-10 18:05:20
100367,367,Digital,Ativa,2019-02-28 22:17:49
100368,368,Corrente,Ativa,2018-07-23 00:51:38
100369,369,Digital,Ativa,2024-05-05 20:18:11
100370,370,Corrente,Ativa,2018-07-07 08:07:01
100371,371,Corrente,Ativa,2019-01-29 23:06:15
100372,372,Corrente,Ativa,2020-08-26 09:18:11
100373,373,Digital,Ativa,2024-05-30 01:29:37
100374,374,Corrente,Ativa,2025-05-03 15:45:07
100375,375,Corrente,Ativa,2019-01-28 21:49:36
100376,376,Corrente,Ativa,2020-03-05 20:52:39
100377,377,Corrente,Ativa,2025-09-18 03:12:08
100378,378,Corrente,Ativa,2022-08-19 13:13:54
100379,379,Corrente,Ativa,2019-10-06 08:50:05
100380,380,Digital,Ativa,2025-06-21 10:47:35
100381,381,Corrente,Ativa,2018-02-01 01:50:55
100382,382,Digital,Bloqueada,2018-02-15 15:33:47
100383,383,Corrente,Ativa,2022-04-25 01:58:36
100384,384,Corrente,Ativa,2019-11-19 00:13:59
100385,385,Corrente,Ativa,2019-12-11 04:02:21
100386,386,Corrente,Ativa,2021-06-08 15:24:33
100387,387,Corrente,Ativa,2021-12-19 15:14:57
100388,388,Corrente,Ativa,2023-02-24 13:14:49
100389,389,Corrente,Encerrada,2021-07-12 06:01:55
100390,390,Digital,Ativa,2022-02-21 21:23:12
100391,391,Digital,Bloqueada,2021-09-18 18:30:35
100392,392,Digital,Ativa,2020-01-13 15:21:06
100393,393,Corrente,Ativa,2020-03-12 19:45:15
100394,394,Corrente,Ativa,2018-04-20 07:25:37
100395,395,Corrente,Ativa,2024-05-24 19:12:11
100396,396,Corrente,Ativa,2020-03-20 10:36:22
100397,397,Digital,Ativa,2020-06-15 09:47:08
100398,398,Corrente,Ativa,2025-07-25 20:36:09
100399,399,Corrente,Ativa,2019-01-07 08:18:10
100400,400,Corrente,Ativa,2018-07-30 19:55:50
100401,401,Digital,Ativa,2020-01-06 21:29:58
100402,402,Digital,Ativa,2022-06-11 19:26:04
100403,403,Corrente,Ativa,2024-11-03 23:15:08
100404,404,Corrente,Encerrada,2019-11-30 20:00:10
100405,405,Corrente,Ativa,2019-06-07 05:35:20
100406,406,Corrente,Ativa,2019-11-25 09:01:39
100407,407,Corrente,Ativa,2021-04-13 20:47:15
100408,408,Corrente,Ativa,2024-05-11 10:28:00
100409,409,Corrente,Ativa,2022-02-23 05:16:46
100410,410,Corrente,Ativa,2021-04-10 13:06:54
100411,411,Digital,Ativa,2018-11-05 01:59:25
100412,412,Corrente,Ativa,2023-01-30 21:56:42
100413,413,Digital,Ativa,2018-10-12 04:32:05
100414,414,Digital,Ativa,2020-09-08 13:36:05
100415,415,Digital,Ativa,2019-02-19 18:56:40
100416,416,Digital,Ativa,2018-05-21 18:55:53
100417,417,Corrente,Ativa,2021-09-03 08:44:41
100418,418,Corrente,Ativa,2018-02-11 13:43:21
100419,419,Corrente,Ativa,2019-02-11 01:59:36
100420,420,Corrente,Ativa,2025-01-24 09:26:44
100421,421,Corrente,Ativa,2024-06-05 19:34:41
100422,422,Corrente,Ativa,2018-06-26 20:09:36
100423,423,Corrente,Ativa,2019-07-04 07:29:53
100424,424,Corrente,Ativa,2024-05-06 15:36:17
100425,425,Digital,Ativa,2025-09-25 17:22:19
100426,426,Digital,Ativa,2018-12-07 22:48:32
100427,427,Corrente,Ativa,2019-01-29 19:36:59
100428,428,Corrente,Ativa,2023-07-06 17:10:47
100429,429,Corrente,Ativa,2021-08-23 02:29:38
100430,430,Corrente,Ativa,2019-04-28 10:29:13
100431,431,Corrente,Ativa,2018-12-06 14:30:37
100432,432,Digital,Ativa,2024-06-10 19:01:33
100433,433,Corrente,Ativa,2018-09-18 05:44:57
100434,434,Corrente,Ativa,2022-04-13 03:19:43
100435,435,Corrente,Ativa,2021-09-16 15:17:15
100436,436,Corrente,Ativa,2024-04-17 11:24:07
100437,437,Digital,Ativa,2018-07-24 04:18:39
100438,438,Corrente,Ativa,2022-07-16 00:57:41
100439,439,Digital,Ativa,2024-06-21 05:06:56
100440,440,Corrente,Ativa,2021-06-16 08:18:52
100441,441,Corrente,Ativa,2021-03-03 02:58:37
100442,442,Corrente,Ativa,2018-04-18 04:43:40
100443,443,Corrente,Ativa,2020-06-22 17:40:38
100444,444,Corrente,Bloqueada,2021-08-24 05:39:30
100445,445,Digital,Ativa,2018-03-03 06:38:16
100446,446,Digital,Ativa,2018-06-03 05:43:15
100447,447,Corrente,Ativa,2023-01-07 05:00:49
100448,448,Corrente,Ativa,2020-09-29 07:05:45
100449,449,Corrente,Ativa,2025-10-21 14:34:38
100450,450,Corrente,Ativa,2024-05-15 10:00:08
100451,451,Corrente,Ativa,2024-02-26 08:49:56
100452,452,Corrente,Ativa,2025-03-31 10:16:58
100453,453,Corrente,Ativa,2022-10-13 23:49:18
100454,454,Corrente,Ativa,2021-07-25 09:10:03
100455,455,Corrente,Ativa,2022-09-11 20:13:59
100456,456,Digital,Ativa,2020-07-13 01:01:28
100457,457,Corrente,Ativa,2022-11-25 17:15:22
100458,458,Corrente,Ativa,2022-02-05 15:43:28
100459,459,Corrente,Ativa,2023-05-30 19:34:02
100460,460,Digital,Ativa,2022-02-15 08:31:14
100461,461,Digital,Ativa,2020-07-26 16:51:02
100462,462,Corrente,Ativa,2019-11-23 20:07:57
100463,463,Corrente,Ativa,2019-01-17 23:43:29
100464,464,Digital,Ativa,2019-12-12 16:48:13
100465,465,Digital,Ativa,2020-12-15 06:02:11
100466,466,Digital,Ativa,2020-06-27 00:25:55
100467,467,Digital,Ativa,2019-04-25 00:05:42
100468,468,Corrente,Ativa,2025-01-05 23:18:21
100469,469,Digital,Ativa,2022-07-13 15:42:06
100470,470,Digital,Ativa,2024-09-22 23:02:25
100471,471,Corrente,Ativa,2025-01-14 21:10:47
100472,472,Digital,Ativa,2018-06-03 23:57:11
100473,473,Corrente,Ativa,2018-09-11 12:54:20
100474,474,Corrente,Ativa,2021-01-16 03:51:58
100475,475,Corrente,Ativa,2023-08-26 02:43:27
100476,476,Digital,Ativa,2019-09-23 11:28:53
100477,477,Corrente,Ativa,2025-07-09 20:34:11
100478,478,Corrente,Ativa,2024-02-11 02:37:21
100479,479,Corrente,Ativa,2023-05-03 20:47:10
100480,480,Corrente,Ativa,2019-08-14 13:57:38
100481,481,Corrente,Ativa,2022-05-01 13:52:18
100482,482,Corrente,Ativa,2019-04-02 19:43:43
100483,483,Corrente,Ativa,2022-03-27 00:29:31
100484,484,Digital,Ativa,2024-10-09 06:18:10
100485,485,Digital,Ativa,2025-04-02 12:58:59
100486,486,Corrente,Ativa,2020-07-18 23:12:46
100487,487,Corrente,Ativa,2024-09-15 04:43:42
100488,488,Corrente,Ativa,2018-08-14 14:47:02
100489,489,Corrente,Ativa,2021-02-06 01:55:52
100490,490,Corrente,Ativa,2018-04-14 07:40:41
100491,491,Corrente,Ativa,2018-06-27 06:15:56
100492,492,Corrente,Ativa,2023-06-09 22:11:26
100493,493,Corrente,Ativa,2019-08-30 01:03:15
100494,494,Corrente,Ativa,2019-12-08 03:21:03
100495,495,Corrente,Ativa,2023-10-04 10:55:08
100496,496,Corrente,Ativa,2022-05-28 03:31:18
100497,497,Corrente,Ativa,2020-07-14 17:20:57
100498,498,Corrente,Ativa,2024-02-03 02:13:09
100499,499,Corrente,Ativa,2020-08-06 18:08:09
100500,500,Corrente,Ativa,2021-07-19 16:05:11
100501,501,Corrente,Bloqueada,2022-01-20 09:09:21
100502,502,Digital,Ativa,2025-05-05 08:33:54
100503,503,Corrente,Ativa,2020-08-01 21:10:12
100504,504,Corrente,Ativa,2025-04-22 09:33:05
100505,505,Corrente,Ativa,2020-03-12 11:42:25
100506,506,Digital,Ativa,2025-12-29 07:10:12
100507,507,Corrente,Bloqueada,2018-01-12 00:21:20
100508,508,Corrente,Ativa,2020-02-15 20:30:01
100509,509,Digital,Ativa,2024-08-14 05:10:18
100510,510,Corrente,Ativa,2018-04-07 09:54:42
100511,511,Digital,Ativa,2024-07-23 23:34:48
100512,512,Corrente,Ativa,2024-07-18 16:58:07
100513,513,Corrente,Ativa,2021-12-15 04:51:21
100514,514,Digital,Ativa,2025-01-05 18:03:40
100515,515,Corrente,Ativa,2018-08-31 18:16:34
100516,516,Corrente,Ativa,2024-04-05 13:32:05
100517,517,Corrente,Ativa,2018-03-19 11:52:05
100518,518,Corrente,Ativa,2025-02-06 10:11:13
100519,519,Corrente,Ativa,2020-08-29 12:57:58
100520,520,Corrente,Ativa,2025-12-26 02:52:40
100521,521,Digital,Ativa,2020-08-09 03:46:48
100522,522,Corrente,Ativa,2019-07-26 01:20:39
100523,523,Corrente,Bloqueada,2020-06-21 10:58:05
100524,524,Digital,Ativa,2021-08-06 13:44:20
100525,525,Digital,Bloqueada,2018-07-07 05:36:23
100526,526,Corrente,Ativa,2023-05-21 10:43:43
100527,527,Digital,Ativa,2025-06-09 11:40:16
100528,528,Digital,Ativa,2024-03-08 23:02:08
100529,529,Digital,Ativa,2020-02-11 06:14:50
100530,530,Corrente,Encerrada,2020-08-22 20:48:12
100531,531,Corrente,Ativa,2022-07-25 22:06:28
100532,532,Corrente,Ativa,2024-06-30 20:29:26
100533,533,Corrente,Ativa,2019-04-25 13:29:00
100534,534,Corrente,Ativa,2020-07-22 22:49:12
100535,535,Digital,Ativa,2024-06-07 23:22:00
100536,536,Corrente,Ativa,2025-09-04 08:55:09
100537,537,Digital,Ativa,2023-05-10 19:22:58
100538,538,Corrente,Ativa,2022-11-15 13:10:24
100539,539,Corrente,Ativa,2019-07-16 01:03:30
100540,540,Corrente,Ativa,2025-11-14 19:16:31
100541,541,Corrente,Ativa,2018-02-28 01:56:23
100542,542,Corrente,Ativa,2023-03-02 00:16:06
100543,543,Corrente,Ativa,2018-05-09 18:39:16
100544,544,Corrente,Ativa,2019-01-16 06:06:02
100545,545,Corrente,Ativa,2022-06-17 09:26:49
100546,546,Corrente,Ativa,2022-11-18 01:54:03
100547,547,Corrente,Bloqueada,2019-08-04 09:39:26
100548,548,Corrente,Ativa,2019-06-19 03:32:08
100549,549,Corrente,Ativa,2019-08-22 05:22:52
100550,550,Digital,Ativa,2019-11-03 00:13:39
100551,551,Corrente,Ativa,2021-06-20 07:32:21
100552,552,Corrente,Ativa,2020-01-16 01:43:23
100553,553,Corrente,Bloqueada,2022-06-12 10:59:48
100554,554,Corrente,Ativa,2025-04-17 08:52:05
100555,555,Corrente,Ativa,2025-03-08 21:26:27
100556,556,Digital,Ativa,2018-09-06 10:22:10
100557,557,Digital,Ativa,2018-12-22 23:37:18
100558,558,Corrente,Ativa,2019-12-07 11:56:04
100559,559,Corrente,Ativa,2023-06-01 23:24:20
100560,560,Corrente,Bloqueada,2019-05-31 21:34:53
100561,561,Corrente,Ativa,2019-09-27 08:31:38
100562,562,Corrente,Ativa,2018-04-15 04:40:49
100563,563,Corrente,Ativa,2020-01-20 00:56:09
100564,564,Corrente,Ativa,2018-07-25 22:07:43
100565,565,Corrente,Ativa,2024-02-07 03:45:00
100566,566,Corrente,Ativa,2020-08-06 18:54:42
100567,567,Digital,Ativa,2019-07-19 13:55:09
100568,568,Digital,Ativa,2023-09-13 00:09:26
100569,569,Corrente,Ativa,2022-08-03 12:44:20
100570,570,Corrente,Ativa,2019-01-01 12:41:50
100571,571,Corrente,Ativa,2024-09-17 09:03:33
100572,572,Digital,Ativa,2025-11-09 23:51:25
100573,573,Digital,Ativa,2021-12-29 20:25:30
100574,574,Corrente,Ativa,2023-03-06 05:27:26
100575,575,Corrente,Ativa,2022-02-17 17:42:14
100576,576,Digital,Ativa,2019-12-14 22:44:17
100577,577,Corrente,Encerrada,2024-04-12 04:40:09
100578,578,Corrente,Ativa,2021-02-13 22:57:55
100579,579,Digital,Bloqueada,2020-12-12 08:14:53
100580,580,Corrente,Ativa,2019-01-25 16:00:30
100581,581,Corrente,Ativa,2024-01-01 19:22:45
100582,582,Corrente,Ativa,2021-09-18 18:16:50
100583,583,Digital,Ativa,2019-08-16 06:09:41
100584,584,Corrente,Ativa,2018-11-12 20:37:13
100585,585,Corrente,Ativa,2018-06-22 01:50:06
100586,586,Digital,Ativa,2025-07-10 13:26:56
100587,587,Digital,Ativa,2021-12-21 01:01:27
100588,588,Corrente,Ativa,2020-08-06 09:37:29
100589,589,Corrente,Ativa,2018-09-04 20:36:04
100590,590,Corrente,Ativa,2023-01-22 12:50:05
100591,591,Corrente,Ativa,2022-07-25 00:23:25
100592,592,Corrente,Ativa,2018-05-16 13:59:38
100593,593,Corrente,Ativa,2019-07-03 11:15:57
100594,594,Corrente,Ativa,2025-10-09 09:09:20
100595,595,Digital,Ativa,2019-01-23 04:33:17
100596,596,Digital,Ativa,2025-10-05 00:31:53
100597,597,Corrente,Ativa,2023-11-15 15:21:45
100598,598,Corrente,Ativa,2022-02-26 02:31:26
100599,599,Corrente,Ativa,2018-04-30 16:02:02
100600,600,Corrente,Ativa,2023-04-15 09:27:44
100601,601,Corrente,Ativa,2024-09-10 05:44:42
100602,602,Digital,Ativa,2023-09-10 14:17:13
100603,603,Digital,Ativa,2022-05-20 22:02:54
100604,604,Digital,Ativa,2024-11-29 14:55:07
100605,605,Digital,Ativa,2024-01-10 18:46:26
100606,606,Corrente,Ativa,2019-06-06 02:42:29
100607,607,Digital,Ativa,2018-09-08 07:14:57
100608,608,Corrente,Ativa,2024-07-03 09:43:19
100609,609,Digital,Bloqueada,2024-01-18 23:05:30
100610,610,Corrente,Ativa,2020-12-26 19:55:05
100611,611,Corrente,Ativa,2020-02-06 15:27:34
100612,612,Corrente,Ativa,2020-02-11 09:07:54
100613,613,Corrente,Ativa,2018-06-11 23:50:09
100614,614,Corrente,Ativa,2022-08-06 10:26:56
100615,615,Digital,Ativa,2021-04-20 09:18:14
100616,616,Corrente,Ativa,2020-09-30 16:09:51
100617,617,Corrente,Ativa,2019-06-24 17:07:08
100618,618,Corrente,Ativa,2019-10-10 07:51:24
100619,619,Corrente,Ativa,2021-04-27 11:36:22
100620,620,Corrente,Ativa,2025-05-12 08:18:07
100621,621,Corrente,Ativa,2025-08-15 18:18:42
100622,622,Corrente,Ativa,2018-12-05 08:38:53
100623,623,Digital,Ativa,2019-12-03 07:28:57
100624,624,Digital,Ativa,2019-08-28 08:08:44
100625,625,Corrente,Ativa,2018-01-21 00:41:43
100626,626,Digital,Ativa,2023-01-09 22:13:43
100627,627,Corrente,Ativa,2018-08-11 12:40:36
100628,628,Digital,Ativa,2020-03-06 10:10:14
100629,629,Corrente,Ativa,2025-09-05 06:58:58
100630,630,Corrente,Ativa,2018-03-22 02:30:13
100631,631,Corrente,Ativa,2019-04-11 18:34:26
100632,632,Digital,Ativa,2025-08-04 14:32:58
100633,633,Corrente,Ativa,2024-12-31 21:41:31
100634,634,Corrente,Ativa,2023-12-24 05:37:44
100635,635,Digital,Ativa,2023-12-03 12:07:18
100636,636,Corrente,Ativa,2025-01-30 19:52:16
100637,637,Corrente,Ativa,2025-02-23 11:45:59
100638,638,Digital,Ativa,2025-03-10 14:51:21
100639,639,Digital,Ativa,2018-02-01 07:19:13
100640,640,Digital,Ativa,2023-09-06 18:23:28
100641,641,Corrente,Ativa,2023-08-16 02:39:10
100642,642,Corrente,Ativa,2025-07-22 20:27:10
100643,643,Digital,Ativa,2025-10-08 15:19:38
100644,644,Digital,Ativa,2021-01-14 01:13:07
100645,645,Corrente,Ativa,2022-07-14 18:29:12
100646,646,Digital,Ativa,2023-12-29 01:36:05
100647,647,Digital,Ativa,2018-08-25 22:47:22
100648,648,Corrente,Ativa,2025-04-08 18:47:08
100649,649,Corrente,Ativa,2018-03-11 03:08:43
100650,650,Corrente,Ativa,2021-01-19 01:31:05
100651,651,Corrente,Ativa,2021-10-27 23:35:35
100652,652,Corrente,Ativa,2020-09-20 18:45:58
100653,653,Corrente,Ativa,2022-02-01 05:59:00
100654,654,Corrente,Ativa,2020-10-11 20:51:59
100655,655,Corrente,Bloqueada,2020-09-01 02:29:49
100656,656,Corrente,Ativa,2019-12-21 01:40:53
100657,657,Corrente,Ativa,2024-11-28 20:24:47
100658,658,Corrente,Ativa,2020-12-31 16:31:10
100659,659,Corrente,Ativa,2023-02-08 19:23:17
100660,660,Corrente,Ativa,2020-01-23 04:31:48
100661,661,Corrente,Ativa,2023-07-14 22:09:11
100662,662,Corrente,Ativa,2018-04-16 15:14:42
100663,663,Corrente,Ativa,2018-07-15 22:34:48
100664,664,Corrente,Ativa,2022-03-02 17:53:24
100665,665,Digital,Ativa,2024-04-13 21:18:32
100666,666,Corrente,Ativa,2022-02-28 03:11:00
100667,667,Corrente,Ativa,2018-04-27 04:29:06
100668,668,Corrente,Ativa,2021-08-29 15:08:40
100669,669,Corrente,Ativa,2024-08-05 23:10:55
100670,670,Corrente,Ativa,2021-10-27 00:50:55
100671,671,Digital,Bloqueada,2024-11-05 04:00:15
100672,672,Corrente,Ativa,2022-06-26 15:41:05
100673,673,Digital,Ativa,2018-06-08 10:17:47
100674,674,Digital,Ativa,2021-12-04 12:59:59
100675,675,Corrente,Bloqueada,2021-12-30 13:17:48
100676,676,Corrente,Ativa,2021-06-06 20:52:20
100677,677,Digital,Ativa,2025-11-03 11:06:42
100678,678,Corrente,Ativa,2021-01-14 20:34:14
100679,679,Corrente,Ativa,2019-10-25 15:02:11
100680,680,Corrente,Ativa,2024-12-18 23:34:55
100681,681,Corrente,Ativa,2018-10-16 21:06:38
100682,682,Corrente,Ativa,2021-09-15 04:00:13
100683,683,Digital,Ativa,2022-10-05 18:17:59
100684,684,Digital,Ativa,2022-05-19 02:13:03
100685,685,Corrente,Ativa,2020-12-29 15:52:00
100686,686,Corrente,Ativa,2018-10-10 20:15:00
100687,687,Digital,Ativa,2023-07-28 02:09:11
100688,688,Corrente,Ativa,2024-03-21 05:11:29
100689,689,Corrente,Bloqueada,2019-12-06 16:43:33
100690,690,Corrente,Ativa,2021-07-17 15:08:22
100691,691,Corrente,Ativa,2022-06-16 16:44:21
100692,692,Corrente,Ativa,2019-01-11 10:08:41
100693,693,Digital,Ativa,2023-08-31 00:19:46
100694,694,Digital,Ativa,2020-12-09 02:37:25
100695,695,Corrente,Ativa,2019-06-11 03:18:14
100696,696,Corrente,Ativa,2025-07-27 01:37:00
100697,697,Digital,Ativa,2020-12-16 23:08:34
100698,698,Digital,Ativa,2023-07-28 09:41:15
100699,699,Corrente,Ativa,2024-05-08 04:43:37
100700,700,Corrente,Ativa,2018-10-14 06:32:01
100701,701,Corrente,Ativa,2021-12-23 08:23:14
100702,702,Digital,Ativa,2025-08-05 18:16:27
100703,703,Digital,Ativa,2022-11-15 21:17:17
100704,704,Corrente,Ativa,2021-08-06 18:45:04
100705,705,Digital,Ativa,2018-09-12 08:23:50
100706,706,Digital,Bloqueada,2022-06-05 22:58:42
100707,707,Corrente,Ativa,2020-03-11 16:02:21
100708,708,Corrente,Encerrada,2023-11-03 22:07:17
100709,709,Corrente,Ativa,2021-04-29 20:27:09
100710,710,Digital,Ativa,2018-02-21 19:01:22
100711,711,Corrente,Ativa,2023-08-03 10:31:23
100712,712,Corrente,Ativa,2020-06-24 13:21:14
100713,713,Digital,Ativa,2018-01-03 23:40:57
100714,714,Corrente,Ativa,2024-03-22 18:21:54
100715,715,Corrente,Ativa,2018-02-07 22:58:48
100716,716,Corrente,Ativa,2019-08-07 14:01:19
100717,717,Corrente,Ativa,2023-11-30 09:04:49
100718,718,Corrente,Ativa,2021-06-08 23:08:46
100719,719,Corrente,Ativa,2019-10-23 14:59:16
100720,720,Digital,Ativa,2024-01-09 21:33:45
100721,721,Digital,Bloqueada,2025-10-02 19:11:53
100722,722,Digital,Ativa,2022-04-28 13:53:53
100723,723,Digital,Ativa,2019-01-11 06:04:53
100724,724,Corrente,Ativa,2019-01-10 10:52:51
100725,725,Corrente,Ativa,2024-05-18 08:30:14
100726,726,Corrente,Ativa,2021-05-12 15:30:52
100727,727,Corrente,Ativa,2023-05-22 07:09:52
100728,728,Digital,Encerrada,2023-06-03 11:38:31
100729,729,Corrente,Ativa,2019-08-28 14:38:25
100730,730,Corrente,Ativa,2019-01-22 00:03:10
100731,731,Corrente,Encerrada,2018-07-02 17:17:02
100732,732,Corrente,Ativa,2023-05-09 18:57:07
100733,733,Corrente,Ativa,2025-02-04 16:48:12
100734,734,Corrente,Ativa,2024-07-01 06:47:18
100735,735,Digital,Ativa,2021-11-05 09:57:01
100736,736,Digital,Ativa,2019-09-14 13:28:14
100737,737,Digital,Ativa,2024-12-16 16:46:31
100738,738,Corrente,Ativa,2024-01-05 09:53:35
100739,739,Corrente,Ativa,2023-02-25 00:19:20
100740,740,Digital,Ativa,2025-04-16 03:07:04
100741,741,Digital,Ativa,2020-03-18 03:51:20
100742,742,Corrente,Ativa,2021-03-25 14:14:26
100743,743,Digital,Ativa,2024-04-12 04:18:46
100744,744,Corrente,Ativa,2019-10-24 05:27:03
100745,745,Corrente,Ativa,2022-03-29 00:59:59
100746,746,Digital,Ativa,2024-09-28 04:30:08
100747,747,Corrente,Ativa,2022-10-16 09:36:09
100748,748,Corrente,Ativa,2023-07-03 14:01:24
100749,749,Corrente,Ativa,2022-10-18 13:47:30
100750,750,Corrente,Ativa,2021-07-25 04:27:29
100751,751,Corrente,Ativa,2019-04-25 19:31:40
100752,752,Corrente,Ativa,2019-04-14 11:33:37
100753,753,Corrente,Ativa,2019-02-25 22:48:19
100754,754,Corrente,Ativa,2019-01-31 02:38:23
100755,755,Corrente,Ativa,2022-09-08 17:44:04
100756,756,Digital,Ativa,2025-08-24 21:17:30
100757,757,Digital,Ativa,2018-12-13 11:55:12
100758,758,Corrente,Ativa,2021-09-10 15:19:22
100759,759,Digital,Ativa,2024-11-08 05:21:25
100760,760,Corrente,Ativa,2022-08-15 21:58:02
100761,761,Corrente,Ativa,2018-04-08 08:30:02
100762,762,Corrente,Bloqueada,2019-04-04 02:48:04
100763,763,Corrente,Ativa,2020-03-31 17:02:20
100764,764,Digital,Ativa,2023-05-16 11:10:11
100765,765,Corrente,Ativa,2023-04-25 06:17:57
100766,766,Corrente,Ativa,2023-07-20 21:53:35
100767,767,Corrente,Ativa,2019-02-04 05:42:31
100768,768,Corrente,Ativa,2023-01-11 13:12:53
100769,769,Corrente,Ativa,2022-12-26 00:32:14
100770,770,Digital,Ativa,2025-05-30 20:20:50
100771,771,Digital,Bloqueada,2023-01-25 12:02:23
100772,772,Digital,Ativa,2024-04-30 08:27:31
100773,773,Digital,Encerrada,2020-06-24 18:16:11
100774,774,Corrente,Ativa,2021-04-26 05:30:04
100775,775,Corrente,Ativa,2023-05-05 13:03:29
100776,776,Corrente,Ativa,2020-06-25 00:57:55
100777,777,Corrente,Ativa,2025-02-13 10:56:56
100778,778,Digital,Ativa,2020-05-17 09:37:55
100779,779,Corrente,Ativa,2024-08-10 13:10:36
100780,780,Corrente,Ativa,2024-07-13 10:21:43
100781,781,Corrente,Ativa,2019-01-22 10:32:18
100782,782,Corrente,Ativa,2022-12-11 00:35:24
100783,783,Corrente,Ativa,2021-08-06 00:59:10
100784,784,Digital,Ativa,2021-03-31 21:57:40
100785,785,Corrente,Ativa,2020-05-23 18:23:45
100786,786,Corrente,Ativa,2022-12-11 06:58:37
100787,787,Corrente,Ativa,2023-08-10 17:46:32
100788,788,Corrente,Ativa,2019-12-29 16:01:51
100789,789,Corrente,Ativa,2024-07-24 16:15:20
100790,790,Corrente,Ativa,2022-06-25 05:13:01
100791,791,Corrente,Ativa,2021-06-21 18:34:49
100792,792,Corrente,Ativa,2021-03-01 00:35:18
100793,793,Corrente,Ativa,2019-10-28 13:02:59
100794,794,Corrente,Ativa,2019-02-05 04:25:34
100795,795,Corrente,Ativa,2022-08-24 15:26:13
100796,796,Corrente,Ativa,2025-02-20 07:26:48
100797,797,Digital,Ativa,2025-05-07 05:21:32
100798,798,Corrente,Ativa,2022-12-25 22:37:41
100799,799,Corrente,Ativa,2020-08-24 13:34:59
100800,800,Corrente,Ativa,2023-12-16 03:17:20
100801,801,Corrente,Ativa,2023-09-02 07:15:10
100802,802,Digital,Ativa,2025-05-17 17:28:15
100803,803,Corrente,Ativa,2019-05-09 00:00:22
100804,804,Digital,Ativa,2024-01-29 19:20:54
100805,805,Digital,Ativa,2024-05-24 05:13:41
100806,806,Digital,Ativa,2025-08-06 22:38:42
100807,807,Digital,Bloqueada,2020-12-20 19:36:36
100808,808,Corrente,Ativa,2023-11-16 18:38:55
100809,809,Corrente,Ativa,2023-10-31 15:01:42
100810,810,Corrente,Ativa,2023-07-02 04:45:25
100811,811,Digital,Ativa,2020-01-22 09:35:02
100812,812,Corrente,Ativa,2024-11-20 00:08:36
100813,813,Corrente,Ativa,2024-01-09 18:00:00
100814,814,Corrente,Ativa,2018-03-22 12:12:09
100815,815,Corrente,Ativa,2022-10-24 21:03:54
100816,816,Corrente,Ativa,2021-07-23 08:14:12
100817,817,Corrente,Ativa,2025-01-01 19:46:41
100818,818,Corrente,Ativa,2025-11-24 00:45:13
100819,819,Corrente,Ativa,2022-06-01 17:41:29
100820,820,Corrente,Ativa,2024-12-31 21:06:09
100821,821,Corrente,Ativa,2024-11-20 19:27:15
100822,822,Digital,Ativa,2024-11-27 18:38:05
100823,823,Corrente,Ativa,2019-03-13 09:35:49
100824,824,Corrente,Bloqueada,2024-04-24 23:53:24
100825,825,Corrente,Ativa,2020-03-09 13:01:58
100826,826,Corrente,Ativa,2021-07-25 06:38:01
100827,827,Corrente,Ativa,2023-11-14 02:11:42
100828,828,Corrente,Ativa,2025-06-15 05:43:35
100829,829,Corrente,Ativa,2025-01-12 12:14:49
100830,830,Corrente,Ativa,2022-09-23 10:40:00
100831,831,Digital,Encerrada,2023-12-26 03:39:08
100832,832,Corrente,Ativa,2018-07-28 09:59:58
100833,833,Corrente,Bloqueada,2024-04-22 01:08:23
100834,834,Corrente,Ativa,2020-04-29 05:21:19
100835,835,Corrente,Ativa,2022-11-19 18:39:41
100836,836,Corrente,Ativa,2018-10-17 09:48:02
100837,837,Digital,Ativa,2019-03-24 19:56:09
100838,838,Digital,Ativa,2019-02-14 09:36:59
100839,839,Corrente,Ativa,2020-06-29 17:28:29
100840,840,Digital,Ativa,2023-09-24 14:45:29
100841,841,Digital,Encerrada,2019-05-05 08:38:41
100842,842,Corrente,Ativa,2019-01-15 23:38:37
100843,843,Digital,Ativa,2021-12-25 15:29:05
100844,844,Corrente,Ativa,2024-12-27 11:22:12
100845,845,Corrente,Ativa,2022-08-13 13:13:00
100846,846,Digital,Ativa,2019-09-29 02:47:29
100847,847,Corrente,Ativa,2019-10-02 14:34:38
100848,848,Corrente,Ativa,2025-09-24 10:30:47
100849,849,Corrente,Ativa,2020-01-09 09:06:16
100850,850,Digital,Ativa,2019-08-05 08:57:14
100851,851,Corrente,Ativa,2019-08-14 11:57:35
100852,852,Corrente,Ativa,2025-12-07 15:04:29
100853,853,Corrente,Ativa,2024-07-26 07:50:19
100854,854,Corrente,Ativa,2023-01-30 14:50:53
100855,855,Corrente,Ativa,2018-05-02 13:17:49
100856,856,Corrente,Ativa,2024-04-05 19:15:57
100857,857,Digital,Ativa,2021-06-06 01:23:01
100858,858,Corrente,Encerrada,2020-07-28 09:24:03
100859,859,Digital,Ativa,2025-03-31 10:53:30
100860,860,Corrente,Ativa,2025-02-27 08:39:38
100861,861,Corrente,Ativa,2022-10-03 10:29:17
100862,862,Digital,Ativa,2024-06-10 19:34:09
100863,863,Digital,Ativa,2023-07-24 09:37:27
100864,864,Corrente,Ativa,2023-03-26 14:09:02
100865,865,Corrente,Ativa,2021-11-08 20:26:53
100866,866,Corrente,Bloqueada,2023-12-26 03:22:26
100867,867,Corrente,Ativa,2022-08-11 22:34:57
100868,868,Digital,Ativa,2024-06-10 17:24:51
100869,869,Corrente,Ativa,2020-06-21 09:37:16
100870,870,Digital,Ativa,2019-09-17 21:07:45
100871,871,Corrente,Ativa,2024-12-11 14:44:34
100872,872,Corrente,Ativa,2022-06-01 06:33:12
100873,873,Corrente,Ativa,2023-09-21 15:34:14
100874,874,Corrente,Ativa,2021-08-03 17:43:38
100875,875,Corrente,Encerrada,2022-09-06 10:31:26
100876,876,Corrente,Ativa,2018-04-23 07:43:44
100877,877,Digital,Ativa,2019-10-07 15:33:45
100878,878,Digital,Encerrada,2024-12-29 02:47:32
100879,879,Corrente,Ativa,2019-02-28 11:58:12
100880,880,Corrente,Ativa,2021-04-06 09:44:40
100881,881,Digital,Ativa,2021-09-20 08:24:15
100882,882,Corrente,Ativa,2018-05-23 08:27:55
100883,883,Corrente,Ativa,2022-04-17 08:03:12
100884,884,Digital,Ativa,2024-05-31 01:57:04
100885,885,Corrente,Ativa,2024-03-12 16:55:41
100886,886,Digital,Ativa,2021-02-07 08:22:23
100887,887,Corrente,Ativa,2022-02-19 17:00:09
100888,888,Corrente,Ativa,2019-11-14 01:13:26
100889,889,Corrente,Ativa,2022-08-22 16:39:22
100890,890,Corrente,Ativa,2022-10-27 02:43:26
100891,891,Corrente,Ativa,2024-04-30 22:24:55
100892,892,Corrente,Ativa,2019-08-06 12:23:31
100893,893,Corrente,Ativa,2023-12-11 17:40:45
100894,894,Corrente,Ativa,2025-09-14 03:09:09
100895,895,Corrente,Ativa,2022-12-19 08:07:42
100896,896,Corrente,Ativa,2023-08-03 15:53:52
100897,897,Corrente,Ativa,2024-06-01 07:45:05
100898,898,Digital,Ativa,2019-05-10 11:23:51
100899,899,Corrente,Ativa,2018-12-15 12:08:37
100900,900,Corrente,Ativa,2021-01-14 01:25:58
100901,901,Digital,Ativa,2022-01-28 04:24:23
100902,902,Digital,Ativa,2020-03-04 17:01:15
100903,903,Digital,Ativa,2018-03-08 05:16:31
100904,904,Corrente,Ativa,2019-02-22 18:14:22
100905,905,Digital,Ativa,2019-04-20 12:13:56
100906,906,Corrente,Bloqueada,2020-11-18 18:29:40
100907,907,Corrente,Ativa,2021-10-26 07:05:21
100908,908,Corrente,Ativa,2018-01-21 19:35:47
100909,909,Digital,Ativa,2021-11-12 00:20:58
100910,910,Digital,Ativa,2022-03-20 06:29:53
100911,911,Digital,Ativa,2019-11-17 13:08:22
100912,912,Corrente,Ativa,2023-05-25 02:18:05
100913,913,Corrente,Ativa,2021-05-09 16:31:25
100914,914,Corrente,Ativa,2018-07-02 10:56:14
100915,915,Digital,Ativa,2022-09-22 18:39:22
100916,916,Corrente,Ativa,2018-05-31 00:22:32
100917,917,Digital,Ativa,2024-04-03 11:42:18
100918,918,Corrente,Ativa,2022-01-12 00:12:49
100919,919,Digital,Ativa,2022-08-05 20:17:39
100920,920,Corrente,Ativa,2024-12-08 13:47:06
100921,921,Digital,Ativa,2025-02-27 21:18:38
100922,922,Digital,Ativa,2022-06-27 18:55:35
100923,923,Corrente,Ativa,2025-11-27 18:05:12
100924,924,Corrente,Ativa,2021-12-22 14:54:27
100925,925,Digital,Bloqueada,2024-01-12 21:06:47
100926,926,Corrente,Ativa,2021-11-24 17:43:34
100927,927,Corrente,Ativa,2025-06-11 14:15:40
100928,928,Corrente,Ativa,2018-12-22 13:32:03
100929,929,Corrente,Ativa,2025-06-10 21:39:01
100930,930,Corrente,Ativa,2022-05-28 17:59:45
100931,931,Corrente,Ativa,2018-02-27 01:54:58
100932,932,Corrente,Ativa,2021-02-09 01:18:02
100933,933,Corrente,Ativa,2024-10-17 13:41:25
100934,934,Corrente,Ativa,2025-05-11 02:21:55
100935,935,Corrente,Ativa,2024-09-02 21:42:26
100936,936,Digital,Ativa,2018-10-31 07:49:16
100937,937,Corrente,Ativa,2021-06-30 13:16:53
100938,938,Corrente,Ativa,2021-11-27 07:39:58
100939,939,Corrente,Ativa,2023-05-02 14:02:42
100940,940,Corrente,Ativa,2023-04-05 03:05:52
100941,941,Digital,Ativa,2018-11-12 11:45:33
100942,942,Digital,Ativa,2023-07-10 21:36:21
100943,943,Corrente,Ativa,2019-04-15 16:12:46
100944,944,Corrente,Ativa,2020-11-21 03:32:17
100945,945,Digital,Ativa,2018-09-09 10:28:08
100946,946,Digital,Encerrada,2020-06-13 01:24:31
100947,947,Corrente,Bloqueada,2024-09-01 12:16:21
100948,948,Digital,Ativa,2019-01-13 21:24:00
100949,949,Corrente,Ativa,2020-01-30 06:41:14
100950,950,Corrente,Ativa,2021-06-28 03:06:11
100951,951,Corrente,Ativa,2018-01-23 15:39:32
100952,952,Corrente,Ativa,2021-11-06 20:19:23
100953,953,Corrente,Ativa,2022-03-23 00:49:43
100954,954,Corrente,Ativa,2024-08-07 07:37:06
100955,955,Corrente,Ativa,2020-02-17 09:34:34
100956,956,Digital,Ativa,2022-05-12 12:44:28
100957,957,Corrente,Bloqueada,2025-06-21 12:28:40
100958,958,Corrente,Ativa,2024-02-22 10:06:32
100959,959,Corrente,Ativa,2023-09-26 09:32:47
100960,960,Corrente,Ativa,2019-03-29 03:03:42
100961,961,Corrente,Ativa,2020-04-17 01:15:23
100962,962,Digital,Ativa,2018-06-26 04:16:41
100963,963,Digital,Encerrada,2021-02-07 04:29:46
100964,964,Corrente,Ativa,2025-12-04 19:26:12
100965,965,Corrente,Ativa,2022-04-07 12:24:35
100966,966,Digital,Ativa,2023-09-19 23:31:18
100967,967,Corrente,Ativa,2025-06-02 09:13:00
100968,968,Corrente,Ativa,2018-12-07 01:32:24
100969,969,Digital,Ativa,2022-08-13 16:36:21
100970,970,Digital,Ativa,2024-07-23 17:00:22
100971,971,Corrente,Ativa,2019-08-29 13:19:12
100972,972,Corrente,Ativa,2025-10-18 23:42:27
100973,973,Corrente,Ativa,2021-01-04 12:15:58
100974,974,Corrente,Ativa,2023-03-16 19:49:21
100975,975,Corrente,Ativa,2021-09-23 10:09:20
100976,976,Corrente,Ativa,2024-04-24 00:00:26
100977,977,Corrente,Ativa,2025-04-04 19:56:54
100978,978,Digital,Ativa,2019-02-13 19:56:58
100979,979,Corrente,Ativa,2025-06-13 21:49:13
100980,980,Corrente,Ativa,2018-12-15 09:44:19
100981,981,Digital,Ativa,2018-02-20 03:43:45
100982,982,Corrente,Ativa,2022-12-05 23:00:04
100983,983,Corrente,Ativa,2020-09-10 07:31:50
100984,984,Digital,Ativa,2019-06-21 18:18:25
100985,985,Digital,Ativa,2022-01-12 12:11:02
100986,986,Corrente,Ativa,2019-06-01 04:08:18
100987,987,Corrente,Ativa,2019-01-04 03:45:49
100988,988,Corrente,Ativa,2024-10-27 06:13:59
100989,989,Corrente,Ativa,2022-03-28 15:17:26
100990,990,Digital,Ativa,2022-06-04 13:24:16
100991,991,Corrente,Ativa,2021-11-24 14:00:56
100992,992,Corrente,Ativa,2025-03-24 17:14:06
100993,993,Corrente,Ativa,2022-11-08 09:06:13
100994,994,Corrente,Ativa,2022-10-03 08:14:19
100995,995,Digital,Ativa,2021-03-08 22:59:42
100996,996,Corrente,Ativa,2019-03-07 14:32:28
100997,997,Corrente,Ativa,2020-12-12 22:19:15
100998,998,Digital,Ativa,2022-07-30 15:49:35
100999,999,Corrente,Ativa,2024-09-11 01:17:02
101000,1000,Digital,Ativa,2021-11-03 20:35:29
101001,1001,Digital,Ativa,2024-04-09 03:19:13
101002,1002,Digital,Ativa,2023-06-25 16:37:27
101003,1003,Corrente,Ativa,2020-08-27 12:05:29
101004,1004,Corrente,Ativa,2018-02-13 11:24:20
101005,1005,Corrente,Ativa,2023-04-18 10:11:50
101006,1006,Corrente,Ativa,2024-08-31 12:44:32
101007,1007,Digital,Ativa,2024-01-02 10:56:05
101008,1008,Corrente,Ativa,2021-12-21 05:51:38
101009,1009,Corrente,Ativa,2022-03-28 14:51:53
101010,1010,Corrente,Ativa,2023-09-07 13:59:02
101011,1011,Corrente,Ativa,2018-10-15 08:47:53
101012,1012,Corrente,Ativa,2020-09-19 00:28:54
101013,1013,Digital,Ativa,2022-03-27 15:37:13
101014,1014,Corrente,Ativa,2024-07-22 08:58:20
101015,1015,Corrente,Ativa,2022-09-29 06:02:10
101016,1016,Digital,Ativa,2022-03-25 16:30:19
101017,1017,Corrente,Ativa,2021-07-31 21:10:48
101018,1018,Digital,Ativa,2024-03-06 08:42:03
101019,1019,Digital,Ativa,2020-06-07 14:14:32
101020,1020,Digital,Ativa,2023-09-05 21:18:48
101021,1021,Corrente,Ativa,2018-02-18 05:25:35
101022,1022,Corrente,Ativa,2025-05-07 00:49:32
101023,1023,Corrente,Ativa,2023-04-16 21:47:22
101024,1024,Digital,Ativa,2023-06-27 14:50:30
101025,1025,Corrente,Ativa,2019-08-18 07:21:58
101026,1026,Corrente,Ativa,2020-05-30 14:48:24
101027,1027,Corrente,Ativa,2018-08-18 21:33:05
101028,1028,Corrente,Ativa,2023-12-24 04:46:17
101029,1029,Digital,Ativa,2023-12-05 12:47:42
101030,1030,Corrente,Ativa,2025-12-11 07:11:00
101031,1031,Digital,Ativa,2021-06-29 16:25:43
101032,1032,Corrente,Ativa,2023-01-07 01:07:51
101033,1033,Corrente,Encerrada,2021-09-01 04:33:22
101034,1034,Corrente,Ativa,2024-09-17 00:52:52
101035,1035,Corrente,Ativa,2019-04-15 03:55:47
101036,1036,Digital,Ativa,2025-02-11 10:36:33
101037,1037,Corrente,Bloqueada,2021-02-12 04:59:55
101038,1038,Corrente,Ativa,2019-11-27 01:22:08
101039,1039,Corrente,Encerrada,2020-12-05 07:55:51
101040,1040,Corrente,Ativa,2025-03-29 17:02:51
101041,1041,Corrente,Ativa,2022-11-02 00:37:13
101042,1042,Corrente,Ativa,2020-11-25 07:21:12
101043,1043,Corrente,Ativa,2018-06-25 23:32:42
101044,1044,Corrente,Ativa,2020-10-29 06:36:04
101045,1045,Digital,Ativa,2024-02-18 05:49:32
101046,1046,Corrente,Ativa,2018-08-24 05:30:29
101047,1047,Corrente,Ativa,2021-10-05 15:15:44
101048,1048,Corrente,Bloqueada,2022-04-12 00:23:01
101049,1049,Digital,Ativa,2025-04-30 00:33:36
101050,1050,Corrente,Ativa,2018-07-15 15:47:57
101051,1051,Corrente,Ativa,2018-06-22 08:30:28
101052,1052,Corrente,Ativa,2024-07-20 10:26:52
101053,1053,Corrente,Ativa,2022-12-06 22:43:04
101054,1054,Corrente,Ativa,2020-02-09 20:47:00
101055,1055,Digital,Ativa,2023-11-24 07:45:02
101056,1056,Corrente,Bloqueada,2023-02-26 17:40:30
101057,1057,Digital,Ativa,2020-12-27 18:05:17
101058,1058,Digital,Bloqueada,2022-11-14 20:22:51
101059,1059,Corrente,Ativa,2021-04-10 15:38:05
101060,1060,Digital,Ativa,2019-05-30 06:44:51
101061,1061,Corrente,Ativa,2021-04-08 19:09:54
101062,1062,Corrente,Ativa,2024-11-22 14:29:07
101063,1063,Corrente,Ativa,2019-03-01 05:59:07
101064,1064,Corrente,Ativa,2021-12-27 22:33:31
101065,1065,Corrente,Ativa,2021-11-01 05:34:22
101066,1066,Corrente,Ativa,2018-09-30 08:51:25
101067,1067,Corrente,Ativa,2020-06-07 17:27:33
101068,1068,Corrente,Ativa,2023-04-16 15:32:34
101069,1069,Corrente,Ativa,2021-09-11 16:56:29
101070,1070,Corrente,Ativa,2020-12-13 02:01:40
101071,1071,Digital,Ativa,2018-11-02 01:31:34
101072,1072,Corrente,Ativa,2025-02-26 19:46:56
101073,1073,Digital,Ativa,2020-01-24 16:30:42
101074,1074,Digital,Ativa,2021-02-24 12:45:46
101075,1075,Corrente,Ativa,2019-03-23 05:36:53
101076,1076,Digital,Ativa,2024-09-16 19:03:53
101077,1077,Corrente,Ativa,2021-10-15 23:19:13
101078,1078,Corrente,Ativa,2022-10-08 18:13:11
101079,1079,Corrente,Ativa,2022-08-22 13:30:30
101080,1080,Corrente,Ativa,2024-09-21 01:12:11
101081,1081,Digital,Ativa,2020-04-24 00:25:53
101082,1082,Digital,Ativa,2021-10-14 07:44:36
101083,1083,Corrente,Encerrada,2018-10-15 20:09:34
101084,1084,Corrente,Ativa,2023-09-14 03:07:15
101085,1085,Corrente,Ativa,2020-12-15 18:56:30
101086,1086,Corrente,Ativa,2019-04-25 02:00:49
101087,1087,Corrente,Ativa,2021-12-30 22:30:11
101088,1088,Corrente,Ativa,2025-06-20 23:08:56
101089,1089,Digital,Ativa,2019-09-20 12:26:41
101090,1090,Digital,Ativa,2018-10-10 14:19:37
101091,1091,Digital,Ativa,2020-09-21 18:07:27
101092,1092,Corrente,Ativa,2023-11-13 00:34:49
101093,1093,Corrente,Ativa,2025-09-02 07:06:20
101094,1094,Corrente,Ativa,2023-10-14 13:27:33
101095,1095,Corrente,Ativa,2020-07-23 20:38:43
101096,1096,Corrente,Ativa,2024-05-28 16:24:39
101097,1097,Corrente,Ativa,2019-02-17 17:48:28
101098,1098,Digital,Ativa,2022-12-23 15:12:03
101099,1099,Digital,Ativa,2020-05-19 15:03:52
101100,1100,Corrente,Ativa,2019-07-30 04:48:30
101101,1101,Digital,Ativa,2019-11-28 03:26:49
101102,1102,Digital,Ativa,2023-12-28 13:07:30
101103,1103,Corrente,Ativa,2020-05-10 22:37:58
101104,1104,Corrente,Ativa,2021-07-27 08:07:10
101105,1105,Corrente,Ativa,2019-03-09 02:41:30
101106,1106,Corrente,Ativa,2023-01-18 14:23:12
101107,1107,Corrente,Ativa,2020-01-02 16:57:03
101108,1108,Corrente,Ativa,2025-07-31 19:37:54
101109,1109,Digital,Ativa,2021-02-15 21:00:08
101110,1110,Digital,Ativa,2021-05-09 09:07:40
101111,1111,Corrente,Encerrada,2024-09-21 20:07:52
101112,1112,Corrente,Ativa,2024-05-27 01:13:24
101113,1113,Corrente,Ativa,2023-06-19 04:47:57
101114,1114,Corrente,Ativa,2024-08-19 12:43:11
101115,1115,Corrente,Ativa,2024-06-19 15:23:16
101116,1116,Digital,Ativa,2024-03-25 04:23:38
101117,1117,Corrente,Ativa,2021-12-02 14:30:27
101118,1118,Corrente,Ativa,2020-02-04 11:57:33
101119,1119,Corrente,Ativa,2025-07-15 16:53:50
101120,1120,Digital,Ativa,2025-05-14 09:19:31
101121,1121,Digital,Bloqueada,2022-12-19 12:52:19
101122,1122,Corrente,Ativa,2018-02-01 18:29:21
101123,1123,Corrente,Ativa,2022-02-14 08:02:46
101124,1124,Corrente,Ativa,2023-12-20 13:41:06
101125,1125,Digital,Ativa,2019-06-28 15:57:20
101126,1126,Corrente,Ativa,2021-06-07 21:01:31
101127,1127,Digital,Ativa,2024-12-24 01:11:54
101128,1128,Corrente,Ativa,2021-04-05 20:13:13
101129,1129,Digital,Ativa,2021-07-22 04:35:30
101130,1130,Corrente,Ativa,2018-12-18 15:59:52
101131,1131,Digital,Encerrada,2022-01-02 05:26:03
101132,1132,Corrente,Ativa,2018-02-01 00:02:48
101133,1133,Corrente,Ativa,2020-12-04 21:00:22
101134,1134,Digital,Ativa,2020-12-28 17:09:52
101135,1135,Corrente,Ativa,2018-02-12 17:04:37
101136,1136,Digital,Ativa,2025-03-02 16:39:37
101137,1137,Corrente,Encerrada,2024-05-30 04:46:56
101138,1138,Digital,Ativa,2018-11-23 09:20:49
101139,1139,Corrente,Bloqueada,2025-07-16 23:54:10
101140,1140,Corrente,Ativa,2020-03-12 23:55:54
101141,1141,Digital,Ativa,2023-04-02 08:54:18
101142,1142,Corrente,Ativa,2018-05-25 06:33:49
101143,1143,Digital,Ativa,2022-02-12 20:27:49
101144,1144,Digital,Ativa,2022-03-08 11:25:30
101145,1145,Corrente,Ativa,2018-10-03 01:14:14
101146,1146,Corrente,Ativa,2024-06-14 15:23:19
101147,1147,Digital,Ativa,2018-12-17 06:42:32
101148,1148,Digital,Ativa,2023-05-23 18:24:22
101149,1149,Corrente,Ativa,2022-02-06 21:41:09
101150,1150,Corrente,Encerrada,2022-09-15 06:45:24
101151,1151,Corrente,Ativa,2023-06-28 01:44:57
101152,1152,Corrente,Ativa,2022-08-04 21:23:29
101153,1153,Corrente,Ativa,2020-11-05 15:07:11
101154,1154,Corrente,Ativa,2024-06-24 15:05:18
101155,1155,Digital,Ativa,2020-12-01 17:47:35
101156,1156,Corrente,Ativa,2021-05-19 10:00:52
101157,1157,Corrente,Ativa,2022-06-10 21:06:33
101158,1158,Corrente,Ativa,2021-01-07 06:03:29
101159,1159,Digital,Ativa,2019-09-21 07:38:10
101160,1160,Corrente,Ativa,2025-11-15 16:31:05
101161,1161,Corrente,Ativa,2022-02-02 00:18:01
101162,1162,Corrente,Ativa,2019-08-23 08:15:23
101163,1163,Corrente,Ativa,2019-10-19 04:17:34
101164,1164,Corrente,Ativa,2018-01-04 06:41:58
101165,1165,Digital,Encerrada,2020-08-07 02:32:25
101166,1166,Corrente,Ativa,2025-08-04 08:26:15
101167,1167,Digital,Ativa,2025-12-12 08:10:28
101168,1168,Corrente,Ativa,2020-01-10 03:00:09
101169,1169,Corrente,Ativa,2022-03-10 22:18:47
101170,1170,Corrente,Ativa,2020-07-21 08:40:28
101171,1171,Digital,Ativa,2024-12-23 19:36:13
101172,1172,Corrente,Ativa,2023-01-29 05:51:05
101173,1173,Digital,Ativa,2025-01-20 04:27:24
101174,1174,Corrente,Ativa,2018-11-16 00:00:09
101175,1175,Digital,Ativa,2025-02-16 15:08:21
101176,1176,Digital,Ativa,2020-09-06 14:40:17
101177,1177,Corrente,Ativa,2022-09-12 22:22:39
101178,1178,Digital,Ativa,2023-02-08 11:00:43
101179,1179,Corrente,Bloqueada,2018-05-08 04:17:01
101180,1180,Corrente,Ativa,2020-10-20 14:15:55
101181,1181,Corrente,Ativa,2024-12-29 02:22:41
101182,1182,Corrente,Ativa,2025-01-25 05:09:11
101183,1183,Corrente,Ativa,2023-05-05 21:24:35
101184,1184,Corrente,Ativa,2020-02-28 12:32:23
101185,1185,Corrente,Ativa,2024-07-28 04:41:28
101186,1186,Corrente,Ativa,2024-03-05 14:41:44
101187,1187,Corrente,Encerrada,2025-12-25 14:51:27
101188,1188,Corrente,Ativa,2019-04-30 17:26:55
101189,1189,Digital,Ativa,2024-04-23 19:50:29
101190,1190,Digital,Encerrada,2020-04-18 13:24:26
101191,1191,Digital,Ativa,2019-01-11 12:26:42
101192,1192,Corrente,Ativa,2022-07-03 03:32:23
101193,1193,Corrente,Ativa,2023-12-08 07:11:28
101194,1194,Corrente,Ativa,2022-09-25 14:14:13
101195,1195,Corrente,Ativa,2022-12-24 22:49:18
101196,1196,Digital,Ativa,2021-02-05 06:24:46
101197,1197,Digital,Ativa,2022-01-29 04:08:50
101198,1198,Corrente,Ativa,2025-07-29 12:22:17
101199,1199,Corrente,Ativa,2023-03-19 00:06:33
101200,1200,Digital,Ativa,2019-09-03 07:06:58
101201,1201,Digital,Ativa,2018-09-27 20:01:12
101202,1202,Corrente,Ativa,2023-02-24 04:18:14
101203,1203,Corrente,Ativa,2023-07-23 01:37:00
101204,1204,Corrente,Ativa,2023-08-26 13:54:21
101205,1205,Corrente,Ativa,2025-07-31 10:18:41
101206,1206,Digital,Ativa,2023-05-03 19:01:41
101207,1207,Corrente,Ativa,2019-12-20 12:48:44
101208,1208,Corrente,Ativa,2024-01-07 17:02:11
101209,1209,Corrente,Ativa,2024-03-21 15:18:18
101210,1210,Corrente,Ativa,2019-11-19 20:17:58
101211,1211,Corrente,Encerrada,2022-10-17 05:18:59
101212,1212,Corrente,Ativa,2020-09-14 00:15:34
101213,1213,Corrente,Ativa,2020-04-16 23:49:09
101214,1214,Digital,Ativa,2018-09-17 16:27:19
101215,1215,Corrente,Ativa,2025-07-03 01:03:11
101216,1216,Corrente,Ativa,2024-04-13 01:32:08
101217,1217,Corrente,Ativa,2025-05-12 19:30:59
101218,1218,Corrente,Ativa,2020-05-28 19:36:40
101219,1219,Corrente,Ativa,2024-04-12 03:12:52
101220,1220,Corrente,Ativa,2018-05-24 22:23:56
101221,1221,Corrente,Ativa,2018-01-22 03:59:06
101222,1222,Corrente,Ativa,2019-06-21 18:25:28
101223,1223,Corrente,Bloqueada,2021-07-31 13:35:26
101224,1224,Digital,Ativa,2020-12-13 06:03:25
101225,1225,Corrente,Ativa,2025-01-24 10:34:02
101226,1226,Corrente,Bloqueada,2025-11-07 22:40:35
101227,1227,Digital,Ativa,2024-02-16 18:19:42
101228,1228,Digital,Ativa,2024-06-02 00:36:02
101229,1229,Corrente,Ativa,2025-04-06 01:04:46
101230,1230,Corrente,Bloqueada,2021-04-04 22:15:41
101231,1231,Corrente,Ativa,2020-02-29 23:17:42
101232,1232,Corrente,Ativa,2018-05-11 21:33:03
101233,1233,Digital,Ativa,2020-05-13 06:07:15
101234,1234,Corrente,Ativa,2024-11-06 19:13:56
101235,1235,Corrente,Ativa,2020-04-09 05:15:46
101236,1236,Corrente,Ativa,2021-11-07 13:13:41
101237,1237,Corrente,Ativa,2025-03-31 00:13:16
101238,1238,Corrente,Ativa,2018-06-21 11:58:59
101239,1239,Digital,Ativa,2023-11-05 14:59:12
101240,1240,Digital,Ativa,2020-11-18 18:39:45
101241,1241,Corrente,Encerrada,2019-09-12 17:36:07
101242,1242,Corrente,Ativa,2019-07-23 04:03:59
101243,1243,Corrente,Ativa,2018-09-07 17:18:54
101244,1244,Corrente,Ativa,2020-08-08 18:43:31
101245,1245,Corrente,Ativa,2019-05-18 02:29:15
101246,1246,Corrente,Ativa,2020-07-10 02:44:31
101247,1247,Corrente,Bloqueada,2018-11-07 08:58:06
101248,1248,Corrente,Ativa,2025-02-13 06:34:07
101249,1249,Corrente,Ativa,2021-07-24 05:51:53
101250,1250,Digital,Ativa,2023-04-23 06:06:25
101251,1251,Digital,Ativa,2021-07-14 09:10:52
101252,1252,Corrente,Ativa,2022-02-04 17:03:07
101253,1253,Corrente,Ativa,2024-11-09 13:10:27
101254,1254,Digital,Ativa,2019-07-05 23:00:06
101255,1255,Digital,Ativa,2022-04-09 05:16:26
101256,1256,Corrente,Ativa,2025-11-03 23:26:25
101257,1257,Corrente,Ativa,2023-05-20 23:34:29
101258,1258,Corrente,Ativa,2021-03-07 03:57:36
101259,1259,Digital,Ativa,2020-09-29 04:23:23
101260,1260,Digital,Ativa,2020-03-12 07:01:06
101261,1261,Corrente,Ativa,2020-08-17 03:56:56
101262,1262,Digital,Bloqueada,2018-11-16 20:03:16
101263,1263,Corrente,Ativa,2019-09-05 00:31:41
101264,1264,Corrente,Ativa,2025-12-10 12:25:35
101265,1265,Corrente,Ativa,2025-12-22 12:39:43
101266,1266,Corrente,Ativa,2020-07-06 11:10:50
101267,1267,Digital,Ativa,2019-09-05 04:44:39
101268,1268,Digital,Ativa,2021-10-13 12:53:20
101269,1269,Digital,Encerrada,2025-02-04 16:54:43
101270,1270,Corrente,Ativa,2021-06-08 09:50:55
101271,1271,Digital,Ativa,2021-05-16 00:38:58
101272,1272,Corrente,Ativa,2020-11-04 20:31:05
101273,1273,Corrente,Ativa,2021-01-18 22:38:16
101274,1274,Corrente,Ativa,2023-02-15 05:07:58
101275,1275,Corrente,Ativa,2019-07-08 17:40:06
101276,1276,Digital,Ativa,2021-02-15 22:57:31
101277,1277,Corrente,Ativa,2019-10-29 20:12:18
101278,1278,Corrente,Ativa,2018-04-20 14:50:37
101279,1279,Digital,Ativa,2024-09-11 07:09:20
101280,1280,Corrente,Ativa,2022-10-08 12:24:12
101281,1281,Corrente,Ativa,2023-06-03 03:59:10
101282,1282,Corrente,Ativa,2025-11-13 18:11:53
101283,1283,Corrente,Ativa,2023-08-28 19:46:42
101284,1284,Corrente,Ativa,2018-09-17 13:22:02
101285,1285,Digital,Ativa,2019-08-31 16:27:29
101286,1286,Digital,Ativa,2023-02-27 05:36:52
101287,1287,Corrente,Ativa,2020-09-18 14:45:11
101288,1288,Corrente,Ativa,2023-03-30 00:14:07
101289,1289,Digital,Ativa,2020-08-25 02:04:03
101290,1290,Corrente,Bloqueada,2025-01-19 04:17:53
101291,1291,Digital,Ativa,2023-05-02 11:39:51
101292,1292,Digital,Ativa,2022-08-24 07:50:54
101293,1293,Digital,Ativa,2025-04-29 17:23:19
101294,1294,Digital,Ativa,2024-03-18 15:47:05
101295,1295,Digital,Ativa,2019-07-16 16:08:44
101296,1296,Corrente,Ativa,2019-05-15 01:24:39
101297,1297,Corrente,Ativa,2024-10-17 01:09:31
101298,1298,Digital,Ativa,2019-02-08 08:33:48
101299,1299,Corrente,Ativa,2019-04-08 08:02:05
101300,1300,Corrente,Ativa,2025-09-01 20:21:14
101301,1301,Digital,Ativa,2020-06-23 04:47:12
101302,1302,Corrente,Ativa,2023-04-15 11:12:46
101303,1303,Corrente,Ativa,2024-01-14 11:06:35
101304,1304,Corrente,Ativa,2021-09-14 11:25:28
101305,1305,Corrente,Ativa,2022-05-27 18:19:31
101306,1306,Digital,Bloqueada,2018-07-27 08:25:27
101307,1307,Digital,Ativa,2022-12-19 06:23:07
101308,1308,Digital,Ativa,2022-09-05 05:13:27
101309,1309,Corrente,Ativa,2021-01-27 11:00:05
101310,1310,Corrente,Bloqueada,2025-04-21 07:05:07
101311,1311,Corrente,Ativa,2020-02-08 02:05:00
101312,1312,Corrente,Ativa,2018-06-04 21:59:32
101313,1313,Digital,Ativa,2020-02-17 10:27:24
101314,1314,Corrente,Bloqueada,2019-01-24 07:40:29
101315,1315,Corrente,Ativa,2021-10-18 21:01:59
101316,1316,Corrente,Ativa,2019-08-17 05:51:50
101317,1317,Corrente,Ativa,2020-09-04 14:41:11
101318,1318,Digital,Ativa,2023-01-31 02:06:22
101319,1319,Corrente,Bloqueada,2019-06-17 07:24:45
101320,1320,Corrente,Ativa,2018-01-26 14:09:15
101321,1321,Corrente,Ativa,2024-09-14 01:40:26
101322,1322,Corrente,Ativa,2025-08-22 06:34:56
101323,1323,Corrente,Ativa,2020-11-26 05:05:30
101324,1324,Digital,Ativa,2022-06-05 05:55:24
101325,1325,Digital,Ativa,2020-06-29 01:54:43
101326,1326,Corrente,Ativa,2024-12-17 19:31:24
101327,1327,Corrente,Ativa,2022-06-12 23:40:24
101328,1328,Digital,Ativa,2020-03-22 12:43:01
101329,1329,Digital,Encerrada,2018-05-13 09:33:33
101330,1330,Corrente,Ativa,2018-05-28 02:51:23
101331,1331,Corrente,Ativa,2024-10-04 21:38:01
101332,1332,Corrente,Ativa,2020-09-11 15:52:55
101333,1333,Corrente,Ativa,2024-05-30 18:21:17
101334,1334,Digital,Ativa,2023-01-12 09:06:20
101335,1335,Corrente,Ativa,2024-01-04 14:51:51
101336,1336,Corrente,Ativa,2018-04-29 15:33:24
101337,1337,Corrente,Ativa,2018-06-11 21:02:34
101338,1338,Digital,Ativa,2021-03-30 08:38:15
101339,1339,Corrente,Ativa,2019-04-09 07:22:39
101340,1340,Digital,Ativa,2022-08-07 19:23:31
101341,1341,Corrente,Ativa,2021-11-16 10:35:49
101342,1342,Corrente,Ativa,2021-03-01 15:59:02
101343,1343,Corrente,Ativa,2018-10-14 17:49:41
101344,1344,Corrente,Ativa,2019-05-01 02:57:25
101345,1345,Corrente,Ativa,2022-11-25 22:50:38
101346,1346,Corrente,Ativa,2022-12-24 11:01:11
101347,1347,Corrente,Ativa,2024-03-16 18:11:41
101348,1348,Corrente,Bloqueada,2024-05-04 21:36:14
101349,1349,Digital,Ativa,2024-09-02 17:38:44
101350,1350,Corrente,Ativa,2024-12-25 10:43:03
101351,1351,Corrente,Ativa,2020-07-06 14:48:08
101352,1352,Corrente,Ativa,2023-02-11 16:05:15
101353,1353,Corrente,Encerrada,2022-12-09 16:04:35
101354,1354,Digital,Ativa,2024-10-16 22:38:42
101355,1355,Corrente,Ativa,2023-12-02 22:46:28
101356,1356,Corrente,Ativa,2019-08-23 07:41:32
101357,1357,Corrente,Ativa,2020-10-15 18:27:05
101358,1358,Corrente,Ativa,2025-10-25 04:51:05
101359,1359,Corrente,Ativa,2023-03-05 20:33:40
101360,1360,Corrente,Ativa,2022-05-02 17:54:37
101361,1361,Corrente,Ativa,2021-07-28 04:48:38
101362,1362,Digital,Bloqueada,2024-06-26 05:54:10
101363,1363,Corrente,Ativa,2025-04-12 23:33:32
101364,1364,Digital,Ativa,2025-06-08 22:52:58
101365,1365,Corrente,Ativa,2022-05-21 16:22:33
101366,1366,Corrente,Ativa,2021-01-28 01:01:17
101367,1367,Digital,Ativa,2020-03-10 11:15:20
101368,1368,Corrente,Ativa,2018-01-05 05:36:29
101369,1369,Corrente,Ativa,2024-01-01 20:45:16
101370,1370,Corrente,Ativa,2018-04-15 06:24:37
101371,1371,Corrente,Ativa,2025-10-02 19:34:05
101372,1372,Corrente,Ativa,2018-11-18 20:09:13
101373,1373,Corrente,Ativa,2020-11-20 08:12:40
101374,1374,Digital,Ativa,2021-08-15 09:02:40
101375,1375,Digital,Ativa,2025-07-16 18:23:29
101376,1376,Corrente,Ativa,2020-05-23 23:58:17
101377,1377,Corrente,Ativa,2019-02-23 17:48:42
101378,1378,Digital,Ativa,2024-03-16 09:02:47
101379,1379,Corrente,Ativa,2021-05-09 05:34:27
101380,1380,Corrente,Ativa,2020-12-13 14:34:46
101381,1381,Corrente,Ativa,2022-02-23 03:09:39
101382,1382,Corrente,Ativa,2024-01-25 14:54:27
101383,1383,Digital,Ativa,2023-03-27 08:24:07
101384,1384,Digital,Ativa,2024-01-31 06:25:30
101385,1385,Digital,Ativa,2023-07-14 23:41:13
101386,1386,Digital,Ativa,2021-09-15 20:32:19
101387,1387,Corrente,Ativa,2022-01-05 15:31:46
101388,1388,Corrente,Ativa,2021-08-03 11:02:34
101389,1389,Corrente,Bloqueada,2019-02-27 00:14:17
101390,1390,Corrente,Ativa,2024-01-12 07:38:32
101391,1391,Corrente,Ativa,2019-04-06 11:41:22
101392,1392,Corrente,Ativa,2022-08-24 13:27:32
101393,1393,Digital,Ativa,2022-05-31 22:30:39
101394,1394,Corrente,Ativa,2020-10-18 17:58:34
101395,1395,Corrente,Ativa,2020-04-07 22:06:24
101396,1396,Corrente,Bloqueada,2022-03-19 12:20:24
101397,1397,Digital,Ativa,2025-04-17 17:08:37
101398,1398,Corrente,Ativa,2022-08-05 20:52:20
101399,1399,Digital,Ativa,2020-06-07 15:25:07
101400,1400,Digital,Ativa,2025-11-26 10:07:51
101401,1401,Corrente,Ativa,2020-03-19 12:40:10
101402,1402,Digital,Ativa,2023-02-26 03:39:13
101403,1403,Corrente,Ativa,2020-09-24 13:20:29
101404,1404,Corrente,Bloqueada,2021-10-01 10:34:49
101405,1405,Corrente,Ativa,2021-03-14 11:50:23
101406,1406,Digital,Ativa,2021-12-09 06:53:24
101407,1407,Corrente,Ativa,2024-07-05 00:36:47
101408,1408,Corrente,Ativa,2020-04-29 03:58:35
101409,1409,Corrente,Ativa,2018-07-06 18:17:38
101410,1410,Corrente,Ativa,2023-11-29 23:36:06
101411,1411,Corrente,Ativa,2023-08-08 10:33:14
101412,1412,Digital,Ativa,2024-06-30 11:03:26
101413,1413,Corrente,Encerrada,2023-05-26 12:49:46
101414,1414,Corrente,Ativa,2021-07-26 05:05:29
101415,1415,Corrente,Ativa,2020-03-22 19:01:31
101416,1416,Digital,Ativa,2021-09-11 22:07:37
101417,1417,Corrente,Ativa,2023-03-03 10:43:04
101418,1418,Corrente,Ativa,2020-01-19 21:28:43
101419,1419,Digital,Bloqueada,2023-10-30 21:39:57
101420,1420,Corrente,Ativa,2025-10-20 11:02:56
101421,1421,Corrente,Bloqueada,2020-12-12 08:43:06
101422,1422,Digital,Ativa,2025-11-04 03:38:53
101423,1423,Corrente,Ativa,2025-01-25 10:25:10
101424,1424,Corrente,Ativa,2020-04-10 01:37:45
101425,1425,Corrente,Ativa,2018-03-06 06:53:31
101426,1426,Corrente,Ativa,2021-06-11 11:51:01
101427,1427,Corrente,Ativa,2025-11-26 10:08:47
101428,1428,Corrente,Ativa,2021-03-29 17:15:21
101429,1429,Corrente,Ativa,2019-06-08 23:04:19
101430,1430,Corrente,Ativa,2021-05-21 05:17:46
101431,1431,Corrente,Bloqueada,2022-02-07 22:40:43
101432,1432,Corrente,Ativa,2022-04-07 19:16:42
101433,1433,Corrente,Ativa,2022-04-10 13:20:09
101434,1434,Corrente,Ativa,2024-07-06 07:40:37
101435,1435,Digital,Ativa,2024-10-20 15:28:57
101436,1436,Corrente,Ativa,2025-08-27 00:46:34
101437,1437,Digital,Ativa,2024-05-08 16:54:00
101438,1438,Corrente,Ativa,2023-07-28 20:03:20
101439,1439,Corrente,Ativa,2025-11-18 23:51:07
101440,1440,Digital,Ativa,2019-07-23 13:42:57
101441,1441,Corrente,Ativa,2025-02-18 12:35:57
101442,1442,Corrente,Ativa,2024-05-19 11:45:44
101443,1443,Corrente,Ativa,2023-04-18 16:46:20
101444,1444,Corrente,Ativa,2022-05-09 22:18:57
101445,1445,Digital,Encerrada,2022-02-22 04:04:05
101446,1446,Corrente,Ativa,2024-10-04 05:42:52
101447,1447,Corrente,Ativa,2024-04-02 00:59:34
101448,1448,Corrente,Ativa,2018-09-30 16:12:13
101449,1449,Corrente,Ativa,2023-06-04 15:15:04
101450,1450,Digital,Ativa,2025-01-05 16:43:38
101451,1451,Corrente,Ativa,2024-09-06 12:26:52
101452,1452,Corrente,Ativa,2025-12-11 13:21:25
101453,1453,Digital,Ativa,2024-12-16 12:41:51
101454,1454,Corrente,Ativa,2019-02-11 05:18:36
101455,1455,Digital,Ativa,2018-01-22 08:09:03
101456,1456,Corrente,Ativa,2022-04-30 06:48:07
101457,1457,Corrente,Ativa,2022-10-12 13:55:37
101458,1458,Corrente,Bloqueada,2021-01-19 19:43:26
101459,1459,Corrente,Ativa,2025-02-01 17:28:50
101460,1460,Corrente,Ativa,2020-04-18 07:04:09
101461,1461,Digital,Ativa,2019-12-31 06:57:57
101462,1462,Corrente,Encerrada,2025-11-18 14:08:33
101463,1463,Corrente,Ativa,2023-03-13 00:39:10
101464,1464,Corrente,Ativa,2018-02-12 15:06:24
101465,1465,Corrente,Ativa,2022-03-25 01:50:51
101466,1466,Digital,Bloqueada,2020-05-24 22:20:53
101467,1467,Corrente,Bloqueada,2025-11-15 22:59:07
101468,1468,Corrente,Ativa,2024-09-16 03:50:58
101469,1469,Corrente,Ativa,2018-07-08 22:08:10
101470,1470,Corrente,Ativa,2022-02-11 15:58:51
101471,1471,Corrente,Ativa,2019-05-25 13:16:20
101472,1472,Digital,Ativa,2019-08-23 01:29:48
101473,1473,Corrente,Ativa,2018-05-23 05:35:11
101474,1474,Corrente,Ativa,2023-02-03 01:52:25
101475,1475,Corrente,Ativa,2025-02-13 22:21:09
101476,1476,Corrente,Ativa,2018-08-06 08:47:55
101477,1477,Corrente,Ativa,2021-11-24 03:14:49
101478,1478,Digital,Ativa,2018-02-26 10:59:24
101479,1479,Digital,Ativa,2025-08-04 06:19:02
101480,1480,Corrente,Ativa,2025-07-24 17:13:34
101481,1481,Corrente,Ativa,2024-10-10 04:14:23
101482,1482,Digital,Ativa,2024-04-16 08:13:10
101483,1483,Digital,Ativa,2024-07-30 03:06:18
101484,1484,Digital,Ativa,2025-02-18 18:34:07
101485,1485,Corrente,Ativa,2019-12-07 02:58:45
101486,1486,Corrente,Ativa,2024-06-12 15:11:23
101487,1487,Corrente,Bloqueada,2025-04-28 15:24:16
101488,1488,Corrente,Ativa,2022-02-21 22:40:39
101489,1489,Corrente,Ativa,2018-01-28 01:30:01
101490,1490,Digital,Ativa,2019-09-04 08:33:33
101491,1491,Corrente,Ativa,2018-08-27 16:08:19
101492,1492,Corrente,Ativa,2021-06-27 14:46:40
101493,1493,Corrente,Ativa,2022-03-10 00:22:01
101494,1494,Corrente,Ativa,2020-11-15 17:19:24
101495,1495,Corrente,Bloqueada,2019-03-03 04:26:41
101496,1496,Corrente,Bloqueada,2021-05-25 15:17:06
101497,1497,Corrente,Ativa,2020-09-10 23:14:45
101498,1498,Corrente,Ativa,2021-06-12 23:17:53
101499,1499,Corrente,Ativa,2023-09-22 00:48:49
101500,1500,Corrente,Ativa,2018-07-16 04:22:05
101501,1501,Corrente,Ativa,2022-09-15 16:15:33
101502,1502,Digital,Ativa,2020-11-25 20:48:11
101503,1503,Corrente,Ativa,2021-01-14 20:12:35
101504,1504,Corrente,Ativa,2019-09-16 08:53:40
101505,1505,Digital,Ativa,2018-05-18 11:51:54
101506,1506,Corrente,Ativa,2024-01-01 04:27:19
101507,1507,Corrente,Ativa,2018-01-11 08:52:18
101508,1508,Digital,Ativa,2019-11-04 01:14:12
101509,1509,Digital,Ativa,2023-08-22 07:37:20
101510,1510,Corrente,Ativa,2018-04-16 08:40:57
101511,1511,Digital,Ativa,2025-04-09 03:19:15
101512,1512,Corrente,Ativa,2022-05-19 19:09:49
101513,1513,Digital,Ativa,2018-08-30 02:49:33
101514,1514,Corrente,Ativa,2019-11-28 15:01:24
101515,1515,Corrente,Ativa,2023-05-15 13:19:41
101516,1516,Corrente,Ativa,2022-07-05 11:23:40
101517,1517,Digital,Ativa,2025-04-15 20:45:07
101518,1518,Digital,Ativa,2020-06-20 12:15:55
101519,1519,Digital,Ativa,2020-01-02 06:52:29
101520,1520,Corrente,Ativa,2025-08-10 17:29:12
101521,1521,Corrente,Ativa,2024-02-26 06:14:31
101522,1522,Corrente,Ativa,2025-05-04 09:33:30
101523,1523,Corrente,Ativa,2021-08-05 08:14:19
101524,1524,Corrente,Ativa,2021-01-07 10:17:00
101525,1525,Digital,Ativa,2019-08-19 01:41:05
101526,1526,Digital,Ativa,2019-09-12 01:12:08
101527,1527,Corrente,Ativa,2019-08-13 12:24:33
101528,1528,Digital,Ativa,2019-12-07 20:04:15
101529,1529,Digital,Ativa,2023-01-24 02:52:37
101530,1530,Corrente,Ativa,2021-02-14 01:00:49
101531,1531,Corrente,Ativa,2022-06-18 12:41:09
101532,1532,Corrente,Ativa,2023-07-12 05:43:01
101533,1533,Digital,Ativa,2019-06-11 00:41:14
101534,1534,Corrente,Ativa,2020-09-18 08:41:58
101535,1535,Corrente,Ativa,2021-11-04 17:04:09
101536,1536,Corrente,Ativa,2019-06-28 07:10:36
101537,1537,Digital,Ativa,2023-05-23 05:01:40
101538,1538,Corrente,Ativa,2023-08-27 15:35:55
101539,1539,Corrente,Ativa,2024-04-01 17:03:14
101540,1540,Digital,Ativa,2025-12-07 06:49:35
101541,1541,Corrente,Ativa,2022-10-17 23:57:18
101542,1542,Corrente,Ativa,2020-02-11 09:55:13
101543,1543,Corrente,Ativa,2019-11-27 02:34:04
101544,1544,Corrente,Ativa,2020-10-02 20:27:31
101545,1545,Digital,Ativa,2022-01-17 02:44:12
101546,1546,Corrente,Ativa,2022-01-05 07:02:37
101547,1547,Digital,Ativa,2023-03-12 08:49:31
101548,1548,Corrente,Ativa,2023-03-17 15:10:56
101549,1549,Corrente,Ativa,2019-01-12 06:14:18
101550,1550,Corrente,Ativa,2025-03-24 23:56:27
101551,1551,Corrente,Bloqueada,2025-07-31 05:58:09
101552,1552,Digital,Ativa,2023-03-23 15:33:35
101553,1553,Corrente,Ativa,2021-05-09 02:50:12
101554,1554,Corrente,Ativa,2023-12-22 17:24:36
101555,1555,Digital,Ativa,2020-09-22 10:15:41
101556,1556,Corrente,Bloqueada,2019-08-04 18:53:30
101557,1557,Digital,Ativa,2019-10-10 19:57:04
101558,1558,Corrente,Ativa,2025-10-17 02:36:37
101559,1559,Digital,Ativa,2024-03-06 14:34:54
101560,1560,Digital,Ativa,2019-05-02 04:21:03
101561,1561,Corrente,Ativa,2023-09-20 18:37:18
101562,1562,Corrente,Ativa,2018-12-14 07:13:49
101563,1563,Digital,Ativa,2022-01-20 04:32:59
101564,1564,Corrente,Ativa,2019-04-02 16:32:48
101565,1565,Corrente,Ativa,2021-08-01 14:11:47
101566,1566,Digital,Ativa,2021-03-13 19:05:49
101567,1567,Corrente,Bloqueada,2022-08-14 00:59:15
101568,1568,Corrente,Ativa,2019-10-23 21:53:30
101569,1569,Corrente,Ativa,2021-08-09 19:52:34
101570,1570,Corrente,Ativa,2023-04-28 01:12:03
101571,1571,Digital,Ativa,2025-10-26 08:08:29
101572,1572,Corrente,Ativa,2020-01-15 11:09:41
101573,1573,Digital,Ativa,2021-10-31 20:41:33
101574,1574,Corrente,Ativa,2025-08-21 13:32:10
101575,1575,Digital,Ativa,2022-02-11 16:34:29
101576,1576,Corrente,Ativa,2020-05-11 11:50:45
101577,1577,Corrente,Ativa,2020-11-08 22:30:59
101578,1578,Corrente,Ativa,2020-07-31 16:54:55
101579,1579,Corrente,Ativa,2025-03-10 20:28:10
101580,1580,Corrente,Ativa,2018-01-21 18:41:10
101581,1581,Digital,Ativa,2018-08-07 11:47:50
101582,1582,Corrente,Ativa,2022-12-25 03:45:15
101583,1583,Corrente,Ativa,2025-12-16 13:31:59
101584,1584,Corrente,Ativa,2020-06-20 20:34:45
101585,1585,Corrente,Ativa,2024-06-10 07:35:32
101586,1586,Digital,Ativa,2021-03-15 22:25:45
101587,1587,Corrente,Ativa,2020-12-31 01:20:48
101588,1588,Digital,Ativa,2019-10-02 11:46:05
101589,1589,Corrente,Ativa,2022-08-06 13:31:14
101590,1590,Digital,Ativa,2024-10-08 22:24:08
101591,1591,Corrente,Bloqueada,2025-09-13 22:39:24
101592,1592,Digital,Ativa,2022-11-27 09:04:26
101593,1593,Corrente,Ativa,2025-10-20 15:48:08
101594,1594,Corrente,Ativa,2018-11-08 17:22:39
101595,1595,Corrente,Ativa,2021-01-09 13:42:33
101596,1596,Digital,Ativa,2019-04-18 03:43:20
101597,1597,Corrente,Ativa,2019-04-14 07:20:26
101598,1598,Corrente,Ativa,2021-05-15 23:35:05
101599,1599,Corrente,Ativa,2018-08-23 14:41:56
101600,1600,Corrente,Encerrada,2023-01-09 18:38:29
101601,1601,Corrente,Ativa,2020-01-16 03:24:08
101602,1602,Corrente,Ativa,2024-03-18 01:31:47
101603,1603,Corrente,Ativa,2023-03-15 20:15:38
101604,1604,Digital,Ativa,2024-02-22 14:14:11
101605,1605,Corrente,Ativa,2018-01-24 23:17:15
101606,1606,Corrente,Ativa,2022-10-10 05:55:52
101607,1607,Corrente,Ativa,2020-02-29 20:35:55
101608,1608,Digital,Ativa,2025-10-30 03:14:30
101609,1609,Corrente,Ativa,2023-11-20 04:52:05
101610,1610,Digital,Bloqueada,2019-12-14 02:28:25
101611,1611,Corrente,Encerrada,2025-10-18 20:23:33
101612,1612,Corrente,Ativa,2025-03-22 16:50:20
101613,1613,Corrente,Ativa,2022-08-20 03:37:02
101614,1614,Corrente,Ativa,2019-11-30 17:39:16
101615,1615,Corrente,Ativa,2025-02-18 06:37:47
101616,1616,Corrente,Ativa,2020-12-27 23:47:06
101617,1617,Digital,Bloqueada,2025-10-21 08:00:03
101618,1618,Digital,Ativa,2023-08-12 08:33:33
101619,1619,Corrente,Ativa,2023-08-21 10:01:58
101620,1620,Corrente,Ativa,2022-11-23 12:12:20
101621,1621,Corrente,Ativa,2025-08-30 08:45:05
101622,1622,Corrente,Ativa,2023-11-07 23:32:20
101623,1623,Corrente,Bloqueada,2023-02-24 05:50:32
101624,1624,Corrente,Ativa,2018-12-29 23:38:03
101625,1625,Corrente,Ativa,2020-10-30 06:07:33
101626,1626,Corrente,Ativa,2025-04-22 02:06:38
101627,1627,Corrente,Ativa,2023-05-18 23:49:14
101628,1628,Digital,Ativa,2019-05-25 12:04:33
101629,1629,Corrente,Ativa,2023-12-03 16:52:23
101630,1630,Digital,Ativa,2021-02-15 06:11:23
101631,1631,Corrente,Ativa,2018-05-29 09:47:09
101632,1632,Corrente,Ativa,2019-08-06 04:23:49
101633,1633,Digital,Bloqueada,2023-07-24 04:37:25
101634,1634,Corrente,Ativa,2024-04-15 14:54:52
101635,1635,Corrente,Ativa,2022-12-02 07:57:17
101636,1636,Corrente,Ativa,2024-08-04 20:25:43
101637,1637,Corrente,Ativa,2019-11-27 07:49:10
101638,1638,Digital,Ativa,2024-05-18 17:05:03
101639,1639,Corrente,Ativa,2024-08-16 20:32:46
101640,1640,Corrente,Ativa,2018-06-23 00:42:23
101641,1641,Digital,Ativa,2023-07-07 12:58:04
101642,1642,Corrente,Ativa,2019-12-21 02:56:30
101643,1643,Digital,Ativa,2025-07-04 09:17:56
101644,1644,Corrente,Ativa,2020-05-03 23:02:34
101645,1645,Corrente,Ativa,2019-04-25 20:17:01
101646,1646,Corrente,Ativa,2018-10-31 17:42:16
101647,1647,Digital,Ativa,2021-07-05 17:46:56
101648,1648,Corrente,Ativa,2025-10-11 01:43:40
101649,1649,Digital,Ativa,2021-06-28 19:29:23
101650,1650,Corrente,Ativa,2021-11-04 05:36:30
101651,1651,Corrente,Ativa,2020-02-24 16:28:09
101652,1652,Digital,Ativa,2025-09-15 19:34:51
101653,1653,Corrente,Ativa,2018-11-11 06:18:34
101654,1654,Corrente,Ativa,2025-05-08 23:39:04
101655,1655,Digital,Ativa,2025-05-21 16:46:39
101656,1656,Corrente,Ativa,2024-10-25 04:52:33
101657,1657,Corrente,Ativa,2022-10-09 19:41:32
101658,1658,Corrente,Ativa,2018-12-29 19:15:43
101659,1659,Corrente,Ativa,2021-10-13 22:28:44
101660,1660,Corrente,Ativa,2023-12-06 21:27:30
101661,1661,Digital,Ativa,2021-08-06 02:36:18
101662,1662,Corrente,Ativa,2019-10-22 13:55:49
101663,1663,Corrente,Ativa,2023-09-12 16:00:14
101664,1664,Corrente,Ativa,2018-03-12 13:40:02
101665,1665,Corrente,Ativa,2025-06-02 07:32:18
101666,1666,Corrente,Ativa,2021-02-22 07:53:56
101667,1667,Digital,Ativa,2019-01-03 03:13:00
101668,1668,Corrente,Ativa,2020-08-14 05:02:58
101669,1669,Corrente,Ativa,2021-05-24 06:37:40
101670,1670,Digital,Bloqueada,2019-03-29 21:03:30
101671,1671,Corrente,Ativa,2019-08-25 15:48:01
101672,1672,Corrente,Ativa,2021-06-20 05:03:03
101673,1673,Corrente,Ativa,2019-02-10 15:13:51
101674,1674,Corrente,Bloqueada,2019-07-24 05:30:42
101675,1675,Corrente,Ativa,2018-09-16 05:16:37
101676,1676,Corrente,Ativa,2020-04-23 17:09:30
101677,1677,Corrente,Ativa,2018-10-13 16:29:35
101678,1678,Corrente,Ativa,2022-02-14 13:22:09
101679,1679,Corrente,Ativa,2022-04-27 07:49:52
101680,1680,Corrente,Ativa,2019-05-22 01:32:55
101681,1681,Digital,Ativa,2024-06-07 07:02:35
101682,1682,Digital,Ativa,2020-08-02 07:32:34
101683,1683,Corrente,Ativa,2021-02-23 04:33:53
101684,1684,Corrente,Ativa,2025-12-09 00:33:24
101685,1685,Digital,Ativa,2021-09-01 09:21:25
101686,1686,Corrente,Ativa,2019-07-17 03:50:02
101687,1687,Digital,Ativa,2020-02-15 09:59:57
101688,1688,Corrente,Ativa,2025-05-21 23:44:17
101689,1689,Corrente,Ativa,2021-10-04 09:38:13
101690,1690,Digital,Ativa,2019-02-04 03:16:16
101691,1691,Digital,Ativa,2021-09-12 00:53:28
101692,1692,Corrente,Ativa,2023-06-30 15:43:47
101693,1693,Digital,Ativa,2023-04-20 00:14:07
101694,1694,Corrente,Ativa,2021-02-12 18:08:28
101695,1695,Digital,Bloqueada,2024-02-20 11:47:09
101696,1696,Corrente,Ativa,2025-12-31 15:32:44
101697,1697,Corrente,Ativa,2019-10-25 11:54:44
101698,1698,Corrente,Ativa,2019-01-08 13:08:34
101699,1699,Corrente,Ativa,2023-08-14 19:10:13
101700,1700,Corrente,Ativa,2023-10-24 18:10:56
101701,1701,Corrente,Ativa,2021-05-09 01:18:46
101702,1702,Corrente,Ativa,2021-02-03 02:03:51
101703,1703,Corrente,Ativa,2021-01-12 00:46:42
101704,1704,Corrente,Ativa,2018-04-12 03:28:17
101705,1705,Corrente,Ativa,2022-06-16 03:37:15
101706,1706,Corrente,Ativa,2023-09-21 19:13:51
101707,1707,Corrente,Ativa,2020-02-15 13:44:45
101708,1708,Corrente,Ativa,2022-03-02 21:23:15
101709,1709,Digital,Ativa,2022-07-08 07:43:35
101710,1710,Corrente,Ativa,2023-05-02 23:35:54
101711,1711,Corrente,Ativa,2021-12-01 21:09:43
101712,1712,Corrente,Ativa,2022-09-20 15:14:37
101713,1713,Corrente,Ativa,2025-09-09 06:50:51
101714,1714,Corrente,Ativa,2025-12-24 13:47:22
101715,1715,Digital,Ativa,2019-02-09 21:05:16
101716,1716,Digital,Ativa,2019-09-17 16:03:51
101717,1717,Corrente,Ativa,2018-06-11 13:05:53
101718,1718,Digital,Ativa,2022-10-29 07:18:04
101719,1719,Corrente,Ativa,2022-11-08 00:23:31
101720,1720,Corrente,Ativa,2023-11-14 18:03:05
101721,1721,Corrente,Ativa,2021-07-18 23:56:46
101722,1722,Corrente,Ativa,2025-01-29 06:35:44
101723,1723,Digital,Ativa,2025-11-30 20:52:42
101724,1724,Corrente,Ativa,2024-07-30 14:07:58
101725,1725,Corrente,Ativa,2023-01-11 09:29:13
101726,1726,Corrente,Ativa,2018-12-02 15:25:25
101727,1727,Digital,Ativa,2018-05-28 07:06:50
101728,1728,Corrente,Ativa,2021-11-12 20:30:30
101729,1729,Corrente,Ativa,2021-01-04 23:18:01
101730,1730,Corrente,Ativa,2023-12-14 02:05:31
101731,1731,Digital,Ativa,2023-01-07 05:15:00
101732,1732,Corrente,Ativa,2024-09-21 16:12:05
101733,1733,Corrente,Ativa,2022-11-05 21:19:23
101734,1734,Corrente,Ativa,2021-11-05 18:32:05
101735,1735,Digital,Ativa,2020-01-03 11:17:25
101736,1736,Corrente,Ativa,2022-04-07 03:15:36
101737,1737,Corrente,Ativa,2024-02-10 12:55:25
101738,1738,Corrente,Ativa,2024-10-11 08:19:15
101739,1739,Digital,Ativa,2020-02-29 11:08:17
101740,1740,Corrente,Bloqueada,2024-04-24 09:50:48
101741,1741,Corrente,Ativa,2019-01-22 09:15:05
101742,1742,Corrente,Bloqueada,2020-12-26 22:19:18
101743,1743,Corrente,Ativa,2021-01-27 06:43:00
101744,1744,Digital,Ativa,2018-09-25 16:07:17
101745,1745,Corrente,Ativa,2019-05-29 23:19:54
101746,1746,Corrente,Ativa,2024-02-11 08:01:24
101747,1747,Corrente,Ativa,2021-10-26 13:48:04
101748,1748,Digital,Ativa,2022-08-26 09:53:57
101749,1749,Corrente,Ativa,2018-06-26 20:57:27
101750,1750,Corrente,Ativa,2021-04-15 09:43:56
101751,1751,Digital,Ativa,2024-04-13 01:31:13
101752,1752,Corrente,Ativa,2022-03-27 13:59:54
101753,1753,Corrente,Ativa,2019-07-12 13:33:29
101754,1754,Corrente,Ativa,2025-06-08 17:14:32
101755,1755,Digital,Ativa,2022-08-16 15:40:29
101756,1756,Corrente,Ativa,2024-05-05 16:49:29
101757,1757,Corrente,Ativa,2025-04-03 19:34:28
101758,1758,Corrente,Ativa,2024-10-14 01:49:07
101759,1759,Corrente,Ativa,2022-04-04 07:09:59
101760,1760,Digital,Bloqueada,2019-01-11 00:38:11
101761,1761,Digital,Ativa,2022-06-04 17:05:21
101762,1762,Digital,Ativa,2019-04-19 03:17:08
101763,1763,Digital,Ativa,2024-08-01 02:31:27
101764,1764,Digital,Ativa,2025-10-13 04:10:44
101765,1765,Corrente,Ativa,2022-11-29 20:12:51
101766,1766,Corrente,Ativa,2024-08-06 17:10:10
101767,1767,Digital,Ativa,2021-05-21 16:06:02
101768,1768,Corrente,Ativa,2020-12-17 06:26:12
101769,1769,Corrente,Ativa,2024-04-17 22:34:55
101770,1770,Corrente,Bloqueada,2020-05-13 13:47:52
101771,1771,Corrente,Ativa,2019-01-15 17:49:12
101772,1772,Digital,Ativa,2025-11-16 12:46:48
101773,1773,Digital,Ativa,2018-08-27 08:13:25
101774,1774,Corrente,Bloqueada,2022-11-20 13:49:59
101775,1775,Corrente,Ativa,2024-07-15 22:19:43
101776,1776,Corrente,Ativa,2022-07-30 02:24:00
101777,1777,Corrente,Ativa,2021-08-30 04:16:30
101778,1778,Digital,Ativa,2018-09-22 15:00:48
101779,1779,Corrente,Ativa,2023-01-31 23:43:50
101780,1780,Corrente,Ativa,2024-12-28 10:31:23
101781,1781,Digital,Ativa,2022-12-23 05:02:55
101782,1782,Digital,Ativa,2019-11-25 13:44:36
101783,1783,Corrente,Ativa,2025-07-07 01:52:17
101784,1784,Digital,Ativa,2023-11-17 21:20:35
101785,1785,Digital,Ativa,2018-07-01 14:06:39
101786,1786,Digital,Ativa,2018-11-22 21:14:59
101787,1787,Corrente,Ativa,2024-10-16 02:07:49
101788,1788,Corrente,Ativa,2020-04-07 03:25:11
101789,1789,Digital,Ativa,2018-02-11 00:22:20
101790,1790,Corrente,Ativa,2024-02-26 11:58:10
101791,1791,Digital,Ativa,2020-11-10 09:49:15
101792,1792,Digital,Bloqueada,2021-05-26 14:07:55
101793,1793,Corrente,Ativa,2024-08-02 13:08:45
101794,1794,Corrente,Ativa,2024-08-20 14:19:18
101795,1795,Corrente,Ativa,2020-08-15 20:27:58
101796,1796,Corrente,Ativa,2020-06-29 22:25:53
101797,1797,Corrente,Ativa,2021-03-18 01:30:48
101798,1798,Corrente,Ativa,2023-12-19 00:13:26
101799,1799,Digital,Ativa,2024-04-11 05:14:06
101800,1800,Digital,Ativa,2018-06-18 16:51:12
101801,1801,Corrente,Ativa,2020-12-08 23:19:40
101802,1802,Digital,Ativa,2018-05-12 02:09:39
101803,1803,Corrente,Ativa,2020-05-16 13:12:33
101804,1804,Corrente,Ativa,2018-09-11 13:33:29
101805,1805,Digital,Ativa,2022-07-13 23:47:48
101806,1806,Corrente,Encerrada,2021-05-17 05:27:20
101807,1807,Digital,Bloqueada,2025-07-02 14:28:50
101808,1808,Corrente,Ativa,2025-09-04 08:56:04
101809,1809,Corrente,Ativa,2021-05-08 07:17:13
101810,1810,Digital,Ativa,2018-02-02 14:46:41
101811,1811,Corrente,Ativa,2019-12-30 17:14:38
101812,1812,Digital,Ativa,2024-05-06 06:17:55
101813,1813,Corrente,Ativa,2020-02-26 20:49:05
101814,1814,Digital,Ativa,2024-04-02 21:29:59
101815,1815,Corrente,Ativa,2024-04-20 22:00:22
101816,1816,Corrente,Ativa,2021-12-15 18:49:51
101817,1817,Digital,Ativa,2022-07-01 01:40:38
101818,1818,Corrente,Ativa,2019-12-24 00:11:34
101819,1819,Digital,Ativa,2022-07-04 00:32:56
101820,1820,Digital,Ativa,2018-03-20 08:34:57
101821,1821,Corrente,Ativa,2021-08-03 15:54:13
101822,1822,Digital,Ativa,2024-10-13 16:02:54
101823,1823,Corrente,Ativa,2020-09-30 20:15:24
101824,1824,Corrente,Ativa,2020-02-05 20:50:07
101825,1825,Corrente,Ativa,2025-09-13 15:07:09
101826,1826,Digital,Ativa,2023-09-16 12:38:27
101827,1827,Corrente,Ativa,2018-01-01 11:45:32
101828,1828,Digital,Bloqueada,2020-05-01 02:18:19
101829,1829,Corrente,Ativa,2023-10-25 22:19:37
101830,1830,Corrente,Ativa,2020-11-16 09:40:58
101831,1831,Corrente,Encerrada,2025-06-15 02:44:05
101832,1832,Corrente,Ativa,2023-03-27 04:43:20
101833,1833,Corrente,Ativa,2018-05-02 10:06:18
101834,1834,Digital,Ativa,2020-11-11 17:56:48
101835,1835,Corrente,Ativa,2018-12-30 16:37:37
101836,1836,Corrente,Ativa,2021-08-16 11:21:35
101837,1837,Corrente,Ativa,2022-04-01 05:30:45
101838,1838,Digital,Ativa,2021-11-24 19:58:23
101839,1839,Digital,Ativa,2022-06-24 05:01:18
101840,1840,Corrente,Ativa,2019-05-26 07:22:51
101841,1841,Digital,Ativa,2025-03-21 15:04:27
101842,1842,Corrente,Ativa,2021-07-12 01:01:10
101843,1843,Corrente,Ativa,2020-04-11 00:09:00
101844,1844,Corrente,Ativa,2024-03-02 14:45:22
101845,1845,Digital,Ativa,2021-07-31 17:29:04
101846,1846,Corrente,Ativa,2021-05-08 19:58:30
101847,1847,Digital,Ativa,2021-09-30 12:34:35
101848,1848,Corrente,Ativa,2019-12-02 17:50:09
101849,1849,Corrente,Ativa,2023-12-14 05:45:15
101850,1850,Corrente,Ativa,2025-06-18 17:31:40
101851,1851,Corrente,Ativa,2025-07-09 01:41:41
101852,1852,Digital,Ativa,2020-03-05 09:22:23
101853,1853,Corrente,Ativa,2021-01-12 02:49:29
101854,1854,Corrente,Ativa,2019-06-13 02:37:39
101855,1855,Corrente,Ativa,2019-11-19 19:27:52
101856,1856,Corrente,Ativa,2021-05-17 21:04:06
101857,1857,Corrente,Ativa,2024-11-16 22:25:52
101858,1858,Corrente,Ativa,2019-01-28 02:37:55
101859,1859,Digital,Ativa,2019-12-23 21:56:57
101860,1860,Corrente,Ativa,2019-08-31 08:27:17
101861,1861,Digital,Ativa,2021-04-09 22:33:05
101862,1862,Digital,Ativa,2024-09-01 09:51:13
101863,1863,Corrente,Ativa,2023-01-05 22:29:52
101864,1864,Corrente,Ativa,2023-01-20 21:16:48
101865,1865,Digital,Ativa,2018-10-08 20:43:27
101866,1866,Corrente,Ativa,2022-03-08 03:12:24
101867,1867,Corrente,Ativa,2021-06-05 00:51:25
101868,1868,Corrente,Ativa,2018-07-23 15:49:30
101869,1869,Corrente,Ativa,2018-09-04 06:04:40
101870,1870,Corrente,Ativa,2020-05-31 17:56:03
101871,1871,Corrente,Ativa,2021-04-25 14:55:57
101872,1872,Digital,Ativa,2021-03-10 19:41:48
101873,1873,Digital,Ativa,2023-02-04 09:54:03
101874,1874,Corrente,Ativa,2019-02-15 11:14:49
101875,1875,Corrente,Ativa,2018-11-01 19:14:23
101876,1876,Digital,Ativa,2018-04-10 09:50:50
101877,1877,Corrente,Ativa,2020-12-30 06:31:02
101878,1878,Digital,Ativa,2025-07-04 07:53:08
101879,1879,Digital,Ativa,2018-11-28 08:01:34
101880,1880,Corrente,Ativa,2019-08-26 13:44:09
101881,1881,Corrente,Ativa,2022-08-01 10:31:45
101882,1882,Corrente,Ativa,2025-04-19 10:22:48
101883,1883,Corrente,Ativa,2024-04-25 12:24:38
101884,1884,Digital,Ativa,2021-08-15 12:07:31
101885,1885,Corrente,Ativa,2023-01-22 03:32:47
101886,1886,Corrente,Bloqueada,2018-02-03 00:18:17
101887,1887,Digital,Ativa,2019-03-11 10:31:57
101888,1888,Corrente,Ativa,2024-08-26 07:45:53
101889,1889,Corrente,Ativa,2023-06-20 01:46:25
101890,1890,Corrente,Ativa,2025-05-13 10:03:14
101891,1891,Digital,Ativa,2025-01-17 16:28:28
101892,1892,Corrente,Ativa,2020-05-04 13:22:38
101893,1893,Corrente,Ativa,2020-07-02 04:34:38
101894,1894,Corrente,Ativa,2025-01-25 13:50:37
101895,1895,Corrente,Ativa,2025-01-22 10:08:53
101896,1896,Corrente,Ativa,2024-11-09 07:33:01
101897,1897,Corrente,Ativa,2019-02-03 07:57:20
101898,1898,Corrente,Ativa,2023-09-24 20:03:16
101899,1899,Corrente,Ativa,2023-08-03 09:36:09
101900,1900,Corrente,Ativa,2018-11-30 08:18:53
101901,1901,Corrente,Ativa,2021-10-10 21:45:22
101902,1902,Digital,Ativa,2024-06-16 11:03:50
101903,1903,Digital,Ativa,2020-11-04 03:46:14
101904,1904,Digital,Ativa,2025-09-12 02:53:45
101905,1905,Corrente,Encerrada,2018-12-06 04:27:26
101906,1906,Digital,Ativa,2018-03-09 03:19:55
101907,1907,Corrente,Ativa,2024-06-11 22:07:26
101908,1908,Digital,Ativa,2020-01-03 13:13:12
101909,1909,Digital,Ativa,2022-04-23 13:43:54
101910,1910,Corrente,Ativa,2019-08-17 08:06:52
101911,1911,Corrente,Ativa,2019-10-14 16:00:09
101912,1912,Corrente,Encerrada,2018-01-20 18:11:19
101913,1913,Corrente,Ativa,2021-07-16 21:39:20
101914,1914,Corrente,Ativa,2021-05-23 13:28:42
101915,1915,Corrente,Bloqueada,2025-05-27 17:38:29
101916,1916,Corrente,Ativa,2018-08-30 14:21:13
101917,1917,Corrente,Ativa,2022-06-19 10:53:37
101918,1918,Digital,Ativa,2019-07-24 08:10:12
101919,1919,Corrente,Ativa,2018-12-30 16:47:35
101920,1920,Corrente,Ativa,2024-01-24 22:50:41
101921,1921,Corrente,Ativa,2024-06-06 16:03:10
101922,1922,Digital,Ativa,2018-11-05 13:07:30
101923,1923,Corrente,Bloqueada,2019-01-28 08:36:01
101924,1924,Corrente,Ativa,2018-02-18 16:48:51
101925,1925,Digital,Ativa,2025-08-08 03:12:15
101926,1926,Corrente,Ativa,2021-01-30 21:32:51
101927,1927,Digital,Ativa,2025-04-11 03:40:32
101928,1928,Corrente,Ativa,2019-08-06 07:03:01
101929,1929,Corrente,Ativa,2021-03-27 07:42:35
101930,1930,Corrente,Ativa,2021-09-05 01:06:21
101931,1931,Corrente,Ativa,2025-02-22 12:19:23
101932,1932,Corrente,Ativa,2022-09-19 08:57:23
101933,1933,Digital,Ativa,2025-08-23 11:42:25
101934,1934,Digital,Ativa,2024-04-03 11:16:36
101935,1935,Digital,Ativa,2021-05-12 07:32:14
101936,1936,Corrente,Ativa,2023-01-23 07:56:19
101937,1937,Corrente,Ativa,2022-08-25 05:00:23
101938,1938,Digital,Ativa,2024-03-14 22:50:38
101939,1939,Digital,Ativa,2022-10-11 05:12:09
101940,1940,Digital,Bloqueada,2020-02-03 21:33:36
101941,1941,Digital,Ativa,2020-09-26 19:11:02
101942,1942,Digital,Ativa,2025-02-28 05:40:36
101943,1943,Corrente,Ativa,2021-10-16 18:06:01
101944,1944,Corrente,Ativa,2018-03-02 09:36:20
101945,1945,Corrente,Bloqueada,2018-09-26 21:13:20
101946,1946,Digital,Ativa,2020-12-19 23:33:35
101947,1947,Corrente,Ativa,2025-06-19 23:58:54
101948,1948,Digital,Ativa,2025-08-26 17:09:44
101949,1949,Digital,Ativa,2023-02-27 11:21:48
101950,1950,Digital,Ativa,2023-06-30 10:07:58
101951,1951,Corrente,Ativa,2023-08-03 17:23:02
101952,1952,Corrente,Ativa,2021-04-21 07:33:05
101953,1953,Corrente,Ativa,2019-06-24 15:24:10
101954,1954,Digital,Ativa,2021-09-19 04:21:56
101955,1955,Digital,Ativa,2023-12-19 01:14:47
101956,1956,Digital,Bloqueada,2019-02-21 22:18:05
101957,1957,Digital,Ativa,2025-01-24 22:53:18
101958,1958,Corrente,Ativa,2022-03-20 08:48:58
101959,1959,Corrente,Ativa,2024-08-15 04:15:02
101960,1960,Corrente,Ativa,2019-02-13 23:02:53
101961,1961,Digital,Ativa,2021-03-26 00:25:53
101962,1962,Corrente,Ativa,2024-06-17 11:46:30
101963,1963,Corrente,Ativa,2023-09-07 23:35:01
101964,1964,Digital,Ativa,2021-08-07 00:21:15
101965,1965,Digital,Ativa,2021-12-03 13:09:11
101966,1966,Digital,Ativa,2023-05-22 01:03:36
101967,1967,Corrente,Ativa,2025-09-29 09:57:49
101968,1968,Corrente,Ativa,2019-12-27 20:49:58
101969,1969,Corrente,Ativa,2019-07-18 06:26:37
101970,1970,Digital,Ativa,2020-11-10 04:23:35
101971,1971,Corrente,Ativa,2023-09-09 18:04:59
101972,1972,Digital,Ativa,2025-02-25 13:14:49
101973,1973,Corrente,Ativa,2023-05-22 08:36:54
101974,1974,Corrente,Ativa,2021-09-26 03:37:52
101975,1975,Digital,Ativa,2025-12-06 16:54:55
101976,1976,Corrente,Ativa,2025-05-26 01:43:32
101977,1977,Corrente,Ativa,2020-05-27 16:38:01
101978,1978,Corrente,Encerrada,2021-02-11 04:55:48
101979,1979,Corrente,Ativa,2023-05-09 19:41:18
101980,1980,Corrente,Ativa,2019-07-27 14:20:35
101981,1981,Corrente,Ativa,2022-12-16 21:21:18
101982,1982,Digital,Ativa,2022-01-11 03:16:28
101983,1983,Corrente,Ativa,2021-12-09 01:16:29
101984,1984,Corrente,Ativa,2020-12-10 10:01:20
101985,1985,Corrente,Ativa,2022-07-22 02:00:55
101986,1986,Corrente,Ativa,2020-10-05 14:31:31
101987,1987,Corrente,Ativa,2021-12-15 14:18:35
101988,1988,Corrente,Ativa,2025-11-21 03:11:36
101989,1989,Corrente,Ativa,2025-07-12 14:57:22
101990,1990,Corrente,Ativa,2021-04-06 06:46:05
101991,1991,Corrente,Ativa,2019-01-17 14:41:38
101992,1992,Digital,Ativa,2020-04-16 21:46:04
101993,1993,Corrente,Ativa,2022-05-07 09:44:03
101994,1994,Corrente,Ativa,2020-07-23 22:39:03
101995,1995,Corrente,Ativa,2025-12-01 17:00:49
101996,1996,Corrente,Ativa,2025-10-22 05:09:23
101997,1997,Corrente,Ativa,2019-04-15 12:29:53
101998,1998,Digital,Ativa,2021-01-07 11:57:44
101999,1999,Corrente,Ativa,2025-06-20 22:31:56
102000,2000,Corrente,Bloqueada,2020-02-01 22:15:31
102001,2001,Digital,Ativa,2019-04-26 14:36:04
102002,2002,Corrente,Ativa,2020-12-01 05:46:48
102003,2003,Corrente,Ativa,2024-08-24 13:10:25
102004,2004,Corrente,Ativa,2024-09-11 05:50:11
102005,2005,Corrente,Ativa,2025-03-06 06:51:33
102006,2006,Corrente,Ativa,2023-04-03 23:08:32
102007,2007,Corrente,Ativa,2021-07-20 18:39:28
102008,2008,Digital,Ativa,2020-12-26 19:59:01
102009,2009,Corrente,Bloqueada,2019-07-26 12:54:52
102010,2010,Corrente,Ativa,2019-09-06 16:37:35
102011,2011,Digital,Ativa,2020-02-04 03:13:39
102012,2012,Digital,Ativa,2019-04-06 03:10:28
102013,2013,Corrente,Ativa,2019-03-17 03:14:16
102014,2014,Corrente,Ativa,2023-09-12 15:21:03
102015,2015,Corrente,Bloqueada,2020-09-14 17:11:00
102016,2016,Digital,Ativa,2022-03-29 21:02:25
102017,2017,Digital,Ativa,2020-07-02 14:13:58
102018,2018,Corrente,Ativa,2018-11-28 08:22:22
102019,2019,Corrente,Ativa,2024-08-01 00:29:34
102020,2020,Digital,Ativa,2018-10-04 21:32:41
102021,2021,Corrente,Ativa,2024-12-26 04:16:56
102022,2022,Digital,Bloqueada,2021-04-25 23:27:50
102023,2023,Digital,Bloqueada,2024-03-04 21:59:03
102024,2024,Digital,Ativa,2024-05-11 06:37:51
102025,2025,Corrente,Ativa,2025-01-08 23:06:06
102026,2026,Digital,Ativa,2021-04-24 09:01:45
102027,2027,Corrente,Ativa,2018-08-20 02:50:42
102028,2028,Corrente,Ativa,2020-04-27 06:52:26
102029,2029,Corrente,Ativa,2018-01-30 19:58:52
102030,2030,Corrente,Ativa,2020-06-24 02:19:04
102031,2031,Corrente,Ativa,2022-03-08 15:07:34
102032,2032,Digital,Ativa,2025-07-26 11:09:29
102033,2033,Digital,Ativa,2018-08-22 11:16:51
102034,2034,Digital,Ativa,2022-01-06 20:00:43
102035,2035,Corrente,Bloqueada,2023-02-13 09:28:25
102036,2036,Corrente,Ativa,2021-04-06 05:21:16
102037,2037,Digital,Ativa,2022-03-30 06:10:46
102038,2038,Digital,Ativa,2020-11-20 10:27:30
102039,2039,Digital,Ativa,2020-10-10 09:02:50
102040,2040,Corrente,Ativa,2020-05-25 13:18:07
102041,2041,Digital,Ativa,2024-05-08 23:21:13
102042,2042,Digital,Ativa,2024-06-30 20:38:53
102043,2043,Corrente,Ativa,2023-10-25 12:24:06
102044,2044,Corrente,Ativa,2018-11-21 23:50:58
102045,2045,Digital,Ativa,2022-09-05 03:48:17
102046,2046,Corrente,Ativa,2019-04-27 18:07:59
102047,2047,Corrente,Bloqueada,2021-03-03 02:51:44
102048,2048,Corrente,Ativa,2022-07-17 14:56:58
102049,2049,Corrente,Ativa,2018-08-06 14:23:49
102050,2050,Corrente,Ativa,2023-11-10 16:24:15
102051,2051,Corrente,Ativa,2022-06-17 02:07:40
102052,2052,Corrente,Ativa,2023-11-23 04:22:21
102053,2053,Digital,Ativa,2020-04-09 16:44:50
102054,2054,Corrente,Bloqueada,2020-11-26 08:04:41
102055,2055,Corrente,Bloqueada,2025-09-16 01:46:03
102056,2056,Corrente,Ativa,2018-04-25 07:01:46
102057,2057,Digital,Ativa,2020-02-04 13:20:13
102058,2058,Corrente,Ativa,2024-07-26 07:57:37
102059,2059,Corrente,Ativa,2025-11-06 08:18:50
102060,2060,Corrente,Ativa,2018-06-25 19:54:26
102061,2061,Digital,Ativa,2020-10-05 04:52:39
102062,2062,Corrente,Encerrada,2021-04-26 12:52:50
102063,2063,Corrente,Bloqueada,2024-07-21 19:24:35
102064,2064,Digital,Ativa,2019-06-08 14:44:49
102065,2065,Corrente,Ativa,2022-12-22 16:21:18
102066,2066,Corrente,Ativa,2018-07-21 22:29:43
102067,2067,Corrente,Ativa,2024-11-09 14:17:41
102068,2068,Corrente,Ativa,2018-10-24 18:42:00
102069,2069,Corrente,Ativa,2022-11-15 04:59:41
102070,2070,Corrente,Ativa,2018-01-20 12:02:38
102071,2071,Digital,Ativa,2018-08-28 00:14:47
102072,2072,Corrente,Ativa,2025-11-14 17:54:36
102073,2073,Corrente,Ativa,2019-08-23 06:09:03
102074,2074,Digital,Ativa,2025-03-18 22:26:43
102075,2075,Digital,Ativa,2019-09-03 17:47:08
102076,2076,Corrente,Ativa,2023-01-08 11:52:44
102077,2077,Corrente,Ativa,2019-03-06 16:29:59
102078,2078,Corrente,Ativa,2021-01-22 12:43:58
102079,2079,Digital,Ativa,2020-03-13 10:23:28
102080,2080,Corrente,Ativa,2024-03-26 16:16:58
102081,2081,Corrente,Ativa,2025-12-02 11:28:24
102082,2082,Digital,Ativa,2025-11-05 05:03:11
102083,2083,Corrente,Ativa,2021-02-10 23:20:52
102084,2084,Corrente,Ativa,2018-01-14 20:59:31
102085,2085,Corrente,Ativa,2023-12-26 14:59:48
102086,2086,Digital,Ativa,2022-06-09 16:59:24
102087,2087,Digital,Ativa,2024-05-23 08:07:44
102088,2088,Corrente,Ativa,2020-10-01 19:01:53
102089,2089,Corrente,Ativa,2022-12-15 08:29:00
102090,2090,Digital,Ativa,2018-11-14 21:18:25
102091,2091,Digital,Ativa,2021-01-14 22:15:26
102092,2092,Corrente,Ativa,2024-07-01 23:20:10
102093,2093,Corrente,Ativa,2020-07-15 23:48:12
102094,2094,Digital,Ativa,2024-07-28 15:37:50
102095,2095,Corrente,Ativa,2019-02-02 03:58:32
102096,2096,Corrente,Bloqueada,2025-02-13 07:02:45
102097,2097,Corrente,Ativa,2021-09-14 05:28:35
102098,2098,Digital,Ativa,2018-10-12 23:06:36
102099,2099,Corrente,Ativa,2024-03-11 04:04:00
102100,2100,Corrente,Ativa,2019-12-14 03:37:18
102101,2101,Digital,Bloqueada,2021-07-05 03:12:38
102102,2102,Corrente,Ativa,2019-02-20 23:03:50
102103,2103,Corrente,Ativa,2019-12-07 01:56:28
102104,2104,Corrente,Ativa,2022-12-07 13:53:11
102105,2105,Corrente,Bloqueada,2022-10-25 04:54:24
102106,2106,Corrente,Ativa,2019-08-11 08:49:44
102107,2107,Corrente,Ativa,2024-12-08 15:30:57
102108,2108,Corrente,Bloqueada,2025-06-28 00:14:52
102109,2109,Corrente,Bloqueada,2025-07-18 16:01:20
102110,2110,Digital,Ativa,2022-01-03 07:43:12
102111,2111,Digital,Ativa,2018-07-15 03:27:03
102112,2112,Corrente,Ativa,2024-12-20 13:08:18
102113,2113,Digital,Ativa,2021-07-25 15:21:00
102114,2114,Digital,Ativa,2022-02-15 06:38:45
102115,2115,Corrente,Bloqueada,2022-03-02 03:56:26
102116,2116,Digital,Ativa,2018-03-15 15:03:29
102117,2117,Corrente,Ativa,2018-05-24 19:31:13
102118,2118,Digital,Ativa,2022-09-11 14:51:27
102119,2119,Digital,Ativa,2018-07-27 12:37:36
102120,2120,Digital,Ativa,2024-11-21 17:39:20
102121,2121,Corrente,Ativa,2021-11-10 15:26:24
102122,2122,Corrente,Ativa,2021-10-24 09:14:04
102123,2123,Corrente,Ativa,2023-06-09 15:10:20
102124,2124,Corrente,Ativa,2020-07-31 07:48:05
102125,2125,Corrente,Ativa,2022-07-18 16:50:51
102126,2126,Corrente,Bloqueada,2023-01-06 14:58:00
102127,2127,Digital,Ativa,2025-08-14 10:17:41
102128,2128,Digital,Ativa,2021-01-21 02:23:01
102129,2129,Digital,Encerrada,2024-07-26 03:53:23
102130,2130,Corrente,Ativa,2020-08-14 00:10:12
102131,2131,Corrente,Ativa,2025-10-19 08:45:32
102132,2132,Corrente,Bloqueada,2023-12-08 06:51:44
102133,2133,Corrente,Ativa,2021-10-16 03:21:51
102134,2134,Corrente,Ativa,2020-05-27 00:32:50
102135,2135,Corrente,Ativa,2023-09-24 16:00:21
102136,2136,Digital,Ativa,2022-11-01 01:04:33
102137,2137,Digital,Ativa,2019-09-23 21:47:44
102138,2138,Digital,Ativa,2024-10-02 23:12:12
102139,2139,Corrente,Ativa,2019-04-15 07:43:44
102140,2140,Corrente,Ativa,2024-12-10 10:43:57
102141,2141,Digital,Ativa,2019-03-07 21:29:20
102142,2142,Corrente,Ativa,2021-10-31 10:46:17
102143,2143,Corrente,Ativa,2021-06-04 02:32:09
102144,2144,Corrente,Ativa,2024-11-10 20:49:31
102145,2145,Digital,Ativa,2021-04-07 20:27:28
102146,2146,Corrente,Ativa,2023-04-12 02:27:24
102147,2147,Corrente,Ativa,2023-10-07 23:33:57
102148,2148,Digital,Ativa,2020-04-09 21:36:29
102149,2149,Corrente,Ativa,2020-07-28 08:25:29
102150,2150,Digital,Ativa,2022-02-18 17:09:55
102151,2151,Corrente,Ativa,2020-11-10 00:37:23
102152,2152,Digital,Ativa,2021-06-06 12:58:53
102153,2153,Corrente,Ativa,2019-03-03 13:58:59
102154,2154,Corrente,Ativa,2019-06-19 01:15:35
102155,2155,Digital,Ativa,2023-04-18 10:26:12
102156,2156,Corrente,Ativa,2023-05-04 06:18:21
102157,2157,Corrente,Ativa,2022-07-29 20:58:54
102158,2158,Corrente,Bloqueada,2022-12-06 06:21:10
102159,2159,Corrente,Ativa,2020-12-16 00:53:27
102160,2160,Digital,Ativa,2021-12-23 23:04:25
102161,2161,Corrente,Ativa,2023-08-12 13:10:15
102162,2162,Corrente,Ativa,2019-12-01 00:53:30
102163,2163,Corrente,Ativa,2018-11-18 18:51:50
102164,2164,Corrente,Ativa,2024-01-27 16:17:48
102165,2165,Corrente,Ativa,2025-02-06 08:01:49
102166,2166,Digital,Ativa,2022-03-01 10:41:44
102167,2167,Corrente,Ativa,2024-11-06 19:46:34
102168,2168,Digital,Ativa,2020-05-13 18:49:02
102169,2169,Digital,Ativa,2019-10-14 07:24:30
102170,2170,Corrente,Ativa,2021-10-19 11:28:52
102171,2171,Digital,Ativa,2021-12-19 15:01:59
102172,2172,Digital,Ativa,2018-10-19 20:32:01
102173,2173,Digital,Ativa,2024-10-16 17:52:43
102174,2174,Corrente,Ativa,2021-08-06 18:46:07
102175,2175,Corrente,Ativa,2019-04-08 11:51:58
102176,2176,Digital,Ativa,2024-04-28 11:51:24
102177,2177,Digital,Ativa,2018-04-10 11:16:23
102178,2178,Corrente,Ativa,2019-08-16 15:18:24
102179,2179,Digital,Ativa,2024-03-07 18:46:48
102180,2180,Digital,Ativa,2021-12-15 12:52:32
102181,2181,Corrente,Ativa,2021-07-14 14:58:31
102182,2182,Corrente,Ativa,2021-01-03 04:32:30
102183,2183,Corrente,Ativa,2020-01-23 17:31:30
102184,2184,Digital,Ativa,2023-05-20 18:44:13
102185,2185,Corrente,Ativa,2023-08-27 02:55:47
102186,2186,Corrente,Ativa,2018-05-29 12:40:30
102187,2187,Digital,Ativa,2024-03-23 18:41:00
102188,2188,Corrente,Ativa,2018-08-07 18:59:06
102189,2189,Corrente,Ativa,2025-09-16 13:49:51
102190,2190,Corrente,Ativa,2018-02-21 07:05:48
102191,2191,Corrente,Ativa,2025-12-26 06:22:49
102192,2192,Corrente,Ativa,2025-10-30 05:02:46
102193,2193,Corrente,Bloqueada,2022-04-28 21:40:30
102194,2194,Digital,Ativa,2019-05-01 18:50:01
102195,2195,Corrente,Ativa,2023-09-29 14:03:11
102196,2196,Corrente,Ativa,2020-09-25 09:42:04
102197,2197,Digital,Ativa,2020-03-12 07:13:38
102198,2198,Corrente,Ativa,2022-11-01 19:27:11
102199,2199,Corrente,Ativa,2021-10-31 05:41:28
102200,2200,Corrente,Ativa,2019-11-26 08:15:14
102201,2201,Corrente,Ativa,2022-02-08 06:13:59
102202,2202,Digital,Ativa,2019-04-29 03:42:37
102203,2203,Digital,Ativa,2023-08-05 15:51:14
102204,2204,Digital,Ativa,2025-04-10 06:42:52
102205,2205,Digital,Ativa,2024-04-30 09:06:10
102206,2206,Corrente,Ativa,2021-09-15 02:38:17
102207,2207,Corrente,Ativa,2023-08-17 01:27:00
102208,2208,Corrente,Ativa,2020-06-30 21:53:11
102209,2209,Corrente,Ativa,2018-10-13 08:22:29
102210,2210,Corrente,Ativa,2024-03-13 15:36:36
102211,2211,Corrente,Ativa,2018-02-09 13:06:28
102212,2212,Corrente,Ativa,2019-11-15 00:02:34
102213,2213,Corrente,Ativa,2025-11-03 08:24:11
102214,2214,Corrente,Ativa,2018-02-10 22:16:05
102215,2215,Corrente,Ativa,2021-06-13 18:00:39
102216,2216,Corrente,Bloqueada,2025-08-13 00:22:45
102217,2217,Corrente,Ativa,2021-10-02 11:26:14
102218,2218,Corrente,Ativa,2019-01-07 09:22:32
102219,2219,Corrente,Ativa,2024-03-17 23:44:06
102220,2220,Corrente,Ativa,2024-07-26 07:33:33
102221,2221,Corrente,Ativa,2018-03-21 21:15:43
102222,2222,Corrente,Ativa,2022-12-01 23:54:16
102223,2223,Digital,Ativa,2019-06-12 16:50:01
102224,2224,Corrente,Ativa,2021-09-21 23:58:20
102225,2225,Digital,Encerrada,2018-10-05 19:21:52
102226,2226,Corrente,Bloqueada,2025-09-25 09:30:26
102227,2227,Corrente,Ativa,2024-08-31 13:21:09
102228,2228,Digital,Ativa,2022-05-10 23:54:38
102229,2229,Corrente,Ativa,2024-12-26 19:44:18
102230,2230,Corrente,Ativa,2022-05-04 08:08:58
102231,2231,Corrente,Bloqueada,2019-01-20 14:31:57
102232,2232,Digital,Ativa,2019-06-19 01:21:56
102233,2233,Corrente,Ativa,2018-09-02 20:51:44
102234,2234,Corrente,Ativa,2022-08-16 05:06:44
102235,2235,Digital,Ativa,2018-10-05 22:20:28
102236,2236,Corrente,Ativa,2024-09-08 10:44:26
102237,2237,Corrente,Ativa,2023-02-04 23:08:39
102238,2238,Corrente,Ativa,2024-04-21 05:55:52
102239,2239,Corrente,Ativa,2024-11-26 14:15:37
102240,2240,Corrente,Ativa,2024-09-02 10:01:00
102241,2241,Corrente,Ativa,2024-06-26 01:13:57
102242,2242,Corrente,Ativa,2025-09-17 08:32:19
102243,2243,Corrente,Ativa,2024-04-25 15:36:50
102244,2244,Corrente,Bloqueada,2023-03-21 17:45:59
102245,2245,Digital,Ativa,2021-07-18 19:15:39
102246,2246,Corrente,Ativa,2023-06-01 19:01:18
102247,2247,Corrente,Ativa,2021-06-30 17:40:17
102248,2248,Corrente,Ativa,2020-08-25 18:42:47
102249,2249,Corrente,Ativa,2021-10-01 00:31:50
102250,2250,Digital,Ativa,2018-01-06 09:10:41
102251,2251,Corrente,Ativa,2024-09-17 09:39:29
102252,2252,Corrente,Bloqueada,2024-11-14 07:17:21
102253,2253,Corrente,Ativa,2019-01-22 17:21:50
102254,2254,Corrente,Ativa,2018-07-09 09:49:36
102255,2255,Digital,Ativa,2022-02-06 12:13:42
102256,2256,Corrente,Ativa,2025-05-27 12:15:51
102257,2257,Corrente,Ativa,2025-04-08 14:07:18
102258,2258,Corrente,Ativa,2025-03-27 23:07:26
102259,2259,Corrente,Ativa,2020-08-17 12:45:39
102260,2260,Corrente,Ativa,2024-07-30 20:58:34
102261,2261,Digital,Ativa,2022-08-06 21:08:30
102262,2262,Corrente,Ativa,2018-02-21 10:48:27
102263,2263,Digital,Ativa,2023-05-23 00:05:44
102264,2264,Corrente,Ativa,2022-04-12 05:18:36
102265,2265,Corrente,Ativa,2018-12-07 13:40:33
102266,2266,Corrente,Ativa,2023-02-18 06:15:48
102267,2267,Digital,Ativa,2023-06-23 07:54:22
102268,2268,Corrente,Ativa,2020-09-10 11:29:35
102269,2269,Corrente,Ativa,2019-05-18 22:06:41
102270,2270,Corrente,Ativa,2019-01-22 12:31:14
102271,2271,Digital,Ativa,2025-06-22 10:44:33
102272,2272,Digital,Ativa,2018-12-15 23:07:03
102273,2273,Corrente,Ativa,2020-05-25 04:12:30
102274,2274,Digital,Bloqueada,2020-03-23 21:04:41
102275,2275,Corrente,Ativa,2022-12-13 08:15:25
102276,2276,Corrente,Ativa,2019-08-30 17:35:24
102277,2277,Corrente,Ativa,2024-03-23 04:30:45
102278,2278,Corrente,Ativa,2025-02-24 05:44:52
102279,2279,Digital,Ativa,2019-05-31 03:33:40
102280,2280,Corrente,Ativa,2024-11-21 00:13:35
102281,2281,Corrente,Ativa,2019-08-18 03:11:36
102282,2282,Digital,Ativa,2018-01-20 08:20:17
102283,2283,Corrente,Ativa,2024-02-09 08:09:16
102284,2284,Corrente,Ativa,2021-12-19 18:38:13
102285,2285,Corrente,Ativa,2025-01-07 03:49:11
102286,2286,Corrente,Ativa,2023-12-16 11:01:59
102287,2287,Corrente,Encerrada,2019-05-17 10:51:17
102288,2288,Digital,Ativa,2021-04-29 02:27:30
102289,2289,Corrente,Ativa,2024-05-16 15:39:45
102290,2290,Digital,Ativa,2019-12-01 04:41:00
102291,2291,Corrente,Ativa,2022-02-18 04:32:49
102292,2292,Corrente,Ativa,2025-04-04 03:09:37
102293,2293,Corrente,Ativa,2023-04-18 23:08:06
102294,2294,Corrente,Ativa,2023-08-12 13:27:10
102295,2295,Digital,Ativa,2021-10-04 18:34:33
102296,2296,Corrente,Ativa,2023-02-23 19:25:44
102297,2297,Corrente,Ativa,2024-02-20 09:38:07
102298,2298,Corrente,Ativa,2019-02-16 11:11:53
102299,2299,Digital,Ativa,2020-04-01 05:39:09
102300,2300,Digital,Ativa,2024-07-02 21:22:55
102301,2301,Corrente,Ativa,2025-10-21 19:32:42
102302,2302,Corrente,Ativa,2021-04-09 10:27:56
102303,2303,Corrente,Ativa,2020-10-17 06:44:38
102304,2304,Digital,Ativa,2020-02-09 08:51:03
102305,2305,Digital,Ativa,2023-05-03 00:08:59
102306,2306,Corrente,Ativa,2021-06-03 14:53:56
102307,2307,Digital,Ativa,2024-07-22 06:34:57
102308,2308,Corrente,Ativa,2025-10-27 19:19:57
102309,2309,Digital,Ativa,2019-11-08 01:50:15
102310,2310,Digital,Ativa,2024-03-27 09:40:52
102311,2311,Digital,Ativa,2018-10-28 18:58:23
102312,2312,Corrente,Ativa,2020-05-12 09:35:24
102313,2313,Corrente,Ativa,2020-11-08 10:52:13
102314,2314,Digital,Ativa,2022-12-10 23:41:12
102315,2315,Corrente,Ativa,2022-12-10 08:47:33
102316,2316,Corrente,Encerrada,2024-10-05 12:24:28
102317,2317,Digital,Ativa,2023-10-12 05:19:34
102318,2318,Corrente,Ativa,2018-07-31 16:38:24
102319,2319,Corrente,Ativa,2024-06-13 19:55:19
102320,2320,Corrente,Encerrada,2023-04-21 07:23:18
102321,2321,Corrente,Bloqueada,2023-01-05 07:35:18
102322,2322,Corrente,Ativa,2025-01-09 20:43:18
102323,2323,Corrente,Encerrada,2022-10-31 10:03:10
102324,2324,Corrente,Ativa,2018-05-21 11:33:58
102325,2325,Corrente,Encerrada,2025-08-28 00:18:38
102326,2326,Corrente,Ativa,2024-04-16 11:33:14
102327,2327,Digital,Ativa,2019-06-13 13:04:32
102328,2328,Corrente,Ativa,2024-02-06 11:47:23
102329,2329,Digital,Ativa,2020-08-27 22:37:12
102330,2330,Corrente,Ativa,2022-08-17 03:22:30
102331,2331,Digital,Ativa,2022-08-07 20:59:02
102332,2332,Corrente,Ativa,2024-06-17 02:17:14
102333,2333,Corrente,Encerrada,2023-08-04 21:02:52
102334,2334,Corrente,Ativa,2025-02-13 09:45:19
102335,2335,Digital,Ativa,2022-02-07 04:58:03
102336,2336,Digital,Bloqueada,2022-03-20 04:38:56
102337,2337,Digital,Ativa,2019-05-28 20:33:41
102338,2338,Corrente,Ativa,2023-06-07 06:02:01
102339,2339,Corrente,Ativa,2025-08-22 17:12:55
102340,2340,Corrente,Ativa,2019-10-11 14:00:29
102341,2341,Corrente,Ativa,2023-07-05 09:23:16
102342,2342,Corrente,Bloqueada,2018-05-20 12:07:07
102343,2343,Corrente,Bloqueada,2021-02-03 08:50:03
102344,2344,Corrente,Ativa,2024-07-09 04:33:20
102345,2345,Digital,Ativa,2019-09-15 15:34:04
102346,2346,Corrente,Ativa,2024-01-23 15:43:32
102347,2347,Corrente,Ativa,2023-09-23 07:50:25
102348,2348,Corrente,Ativa,2022-06-19 13:34:25
102349,2349,Digital,Ativa,2021-01-11 18:44:45
102350,2350,Digital,Ativa,2025-08-16 05:56:31
102351,2351,Corrente,Encerrada,2023-04-25 14:14:03
102352,2352,Corrente,Ativa,2022-11-09 19:34:18
102353,2353,Corrente,Ativa,2023-01-23 23:21:39
102354,2354,Corrente,Ativa,2021-04-25 20:01:34
102355,2355,Corrente,Ativa,2020-01-23 19:52:57
102356,2356,Corrente,Ativa,2023-10-02 07:44:54
102357,2357,Corrente,Ativa,2025-12-01 21:56:56
102358,2358,Digital,Ativa,2018-05-27 03:20:26
102359,2359,Corrente,Ativa,2025-08-31 19:19:39
102360,2360,Corrente,Ativa,2018-05-13 15:36:33
102361,2361,Corrente,Ativa,2024-06-24 06:19:51
102362,2362,Digital,Ativa,2022-10-11 13:23:25
102363,2363,Corrente,Ativa,2022-10-21 15:24:07
102364,2364,Corrente,Ativa,2024-04-09 09:54:50
102365,2365,Digital,Ativa,2024-09-10 22:54:31
102366,2366,Corrente,Ativa,2020-12-01 14:34:16
102367,2367,Corrente,Ativa,2022-08-30 02:23:20
102368,2368,Corrente,Ativa,2022-03-10 15:03:25
102369,2369,Digital,Ativa,2018-11-24 00:50:01
102370,2370,Corrente,Ativa,2021-03-01 19:23:50
102371,2371,Corrente,Ativa,2022-02-04 08:45:19
102372,2372,Corrente,Ativa,2025-07-14 06:53:40
102373,2373,Corrente,Ativa,2023-05-03 06:09:49
102374,2374,Corrente,Ativa,2021-05-29 01:39:50
102375,2375,Corrente,Ativa,2019-03-31 02:06:17
102376,2376,Corrente,Ativa,2020-09-03 16:43:21
102377,2377,Corrente,Ativa,2025-08-02 02:20:54
102378,2378,Corrente,Ativa,2025-05-11 14:29:11
102379,2379,Corrente,Ativa,2022-05-05 07:33:02
102380,2380,Corrente,Ativa,2020-09-28 16:13:37
102381,2381,Digital,Ativa,2025-04-09 04:46:36
102382,2382,Digital,Ativa,2025-03-11 03:04:35
102383,2383,Corrente,Ativa,2019-09-30 08:04:59
102384,2384,Corrente,Ativa,2020-06-10 06:45:44
102385,2385,Corrente,Bloqueada,2020-12-24 12:01:55
102386,2386,Digital,Ativa,2018-02-05 10:23:13
102387,2387,Digital,Ativa,2019-01-28 01:48:54
102388,2388,Corrente,Ativa,2021-08-24 10:33:57
102389,2389,Digital,Ativa,2024-06-09 18:48:35
102390,2390,Digital,Ativa,2023-06-16 06:52:12
102391,2391,Digital,Ativa,2021-10-13 03:56:07
102392,2392,Digital,Bloqueada,2020-07-31 09:25:09
102393,2393,Digital,Ativa,2021-08-21 05:09:59
102394,2394,Corrente,Ativa,2018-09-14 01:32:35
102395,2395,Corrente,Ativa,2019-08-26 03:35:13
102396,2396,Digital,Ativa,2019-02-04 20:48:59
102397,2397,Corrente,Ativa,2025-05-29 10:24:37
102398,2398,Corrente,Ativa,2022-05-09 23:41:28
102399,2399,Corrente,Encerrada,2025-05-30 19:40:59
102400,2400,Digital,Ativa,2025-07-15 06:25:12
102401,2401,Corrente,Ativa,2019-07-14 23:21:50
102402,2402,Corrente,Ativa,2020-08-29 18:01:35
102403,2403,Corrente,Ativa,2023-02-10 14:23:54
102404,2404,Digital,Ativa,2018-08-12 07:31:24
102405,2405,Corrente,Ativa,2019-08-26 06:29:12
102406,2406,Corrente,Ativa,2019-06-26 11:39:09
102407,2407,Corrente,Ativa,2024-11-12 13:04:34
102408,2408,Corrente,Ativa,2020-10-19 12:12:18
102409,2409,Corrente,Ativa,2024-05-21 21:59:53
102410,2410,Digital,Ativa,2024-01-11 02:14:42
102411,2411,Digital,Ativa,2021-05-06 21:54:28
102412,2412,Corrente,Ativa,2023-07-31 02:00:52
102413,2413,Corrente,Ativa,2024-01-24 02:18:52
102414,2414,Digital,Ativa,2018-03-29 13:07:32
102415,2415,Corrente,Ativa,2024-09-09 13:42:47
102416,2416,Corrente,Ativa,2023-03-06 09:44:57
102417,2417,Digital,Ativa,2020-11-17 15:02:03
102418,2418,Digital,Ativa,2020-03-09 11:19:19
102419,2419,Digital,Ativa,2025-12-28 22:15:58
102420,2420,Corrente,Ativa,2022-03-02 08:43:09
102421,2421,Digital,Ativa,2018-01-27 13:52:23
102422,2422,Corrente,Bloqueada,2023-02-27 06:57:35
102423,2423,Corrente,Ativa,2023-02-19 09:06:37
102424,2424,Digital,Ativa,2024-02-06 23:53:28
102425,2425,Corrente,Ativa,2025-10-12 00:47:21
102426,2426,Corrente,Ativa,2019-08-11 23:31:49
102427,2427,Digital,Ativa,2024-10-28 18:22:09
102428,2428,Digital,Ativa,2022-04-04 03:35:04
102429,2429,Corrente,Ativa,2022-06-12 14:24:53
102430,2430,Corrente,Ativa,2023-09-09 17:03:44
102431,2431,Digital,Ativa,2020-03-26 03:28:59
102432,2432,Digital,Ativa,2024-03-31 09:22:19
102433,2433,Digital,Ativa,2023-07-07 04:39:48
102434,2434,Corrente,Ativa,2020-03-28 19:20:54
102435,2435,Corrente,Ativa,2019-10-17 20:09:33
102436,2436,Corrente,Encerrada,2023-10-22 17:14:35
102437,2437,Corrente,Ativa,2025-04-18 01:01:04
102438,2438,Corrente,Ativa,2021-09-27 03:58:06
102439,2439,Corrente,Ativa,2023-07-30 12:35:34
102440,2440,Corrente,Ativa,2021-04-11 07:22:34
102441,2441,Corrente,Ativa,2022-04-03 11:36:20
102442,2442,Corrente,Ativa,2022-12-12 20:38:12
102443,2443,Corrente,Ativa,2024-04-03 10:08:33
102444,2444,Corrente,Ativa,2024-07-28 08:56:59
102445,2445,Corrente,Ativa,2018-05-03 08:33:07
102446,2446,Corrente,Ativa,2024-06-18 10:57:15
102447,2447,Corrente,Ativa,2025-06-16 05:24:17
102448,2448,Corrente,Ativa,2020-07-08 15:15:36
102449,2449,Digital,Ativa,2021-06-19 12:21:43
102450,2450,Digital,Ativa,2021-09-07 03:11:56
102451,2451,Corrente,Ativa,2021-05-12 20:20:59
102452,2452,Digital,Ativa,2018-04-18 09:02:25
102453,2453,Corrente,Ativa,2023-11-18 11:22:45
102454,2454,Corrente,Ativa,2024-09-22 06:24:38
102455,2455,Digital,Ativa,2023-12-04 13:00:46
102456,2456,Corrente,Ativa,2019-10-08 04:12:33
102457,2457,Corrente,Encerrada,2019-03-01 15:00:39
102458,2458,Digital,Ativa,2019-11-27 14:10:32
102459,2459,Digital,Ativa,2019-03-20 09:38:12
102460,2460,Digital,Ativa,2024-02-13 02:47:17
102461,2461,Digital,Ativa,2021-01-15 23:11:49
102462,2462,Corrente,Ativa,2022-06-30 15:11:05
102463,2463,Corrente,Ativa,2019-03-19 22:50:57
102464,2464,Corrente,Ativa,2023-01-14 07:33:48
102465,2465,Corrente,Ativa,2019-09-01 20:08:42
102466,2466,Corrente,Ativa,2022-05-14 12:47:44
102467,2467,Digital,Encerrada,2020-11-12 02:39:25
102468,2468,Corrente,Ativa,2021-01-04 19:32:58
102469,2469,Corrente,Ativa,2018-10-09 09:17:56
102470,2470,Corrente,Ativa,2020-05-03 17:31:49
102471,2471,Corrente,Ativa,2022-08-06 04:40:45
102472,2472,Digital,Ativa,2021-09-05 18:44:31
102473,2473,Corrente,Ativa,2025-11-13 17:41:15
102474,2474,Corrente,Ativa,2020-08-14 15:15:25
102475,2475,Corrente,Ativa,2020-10-13 04:29:20
102476,2476,Corrente,Ativa,2025-06-27 01:09:56
102477,2477,Corrente,Ativa,2019-12-22 03:06:44
102478,2478,Corrente,Bloqueada,2022-10-13 13:24:55
102479,2479,Corrente,Ativa,2021-12-02 20:04:29
102480,2480,Corrente,Ativa,2021-05-27 23:58:31
102481,2481,Digital,Ativa,2018-09-08 06:12:42
102482,2482,Corrente,Ativa,2022-09-07 21:58:11
102483,2483,Corrente,Ativa,2021-08-02 06:46:26
102484,2484,Corrente,Ativa,2024-06-14 03:19:37
102485,2485,Corrente,Ativa,2022-05-14 12:53:03
102486,2486,Corrente,Ativa,2021-07-03 01:13:46
102487,2487,Digital,Ativa,2020-11-13 01:14:09
102488,2488,Corrente,Ativa,2021-07-09 08:24:32
102489,2489,Corrente,Ativa,2021-03-13 07:04:29
102490,2490,Corrente,Ativa,2025-04-25 00:10:28
102491,2491,Digital,Ativa,2025-12-13 21:30:45
102492,2492,Corrente,Ativa,2021-06-03 14:05:59
102493,2493,Corrente,Ativa,2024-10-14 00:35:09
102494,2494,Corrente,Ativa,2022-03-31 20:16:30
102495,2495,Digital,Ativa,2020-12-02 23:53:41
102496,2496,Corrente,Ativa,2024-09-14 17:26:54
102497,2497,Corrente,Ativa,2021-07-14 19:59:29
102498,2498,Corrente,Ativa,2022-01-29 22:12:55
102499,2499,Digital,Ativa,2019-10-16 18:27:00
102500,2500,Corrente,Ativa,2023-07-28 22:55:24
102501,2501,Corrente,Ativa,2019-07-08 12:04:18
102502,2502,Corrente,Ativa,2025-02-14 01:09:17
102503,2503,Digital,Ativa,2023-12-09 11:47:33
102504,2504,Corrente,Ativa,2023-03-26 02:59:23
102505,2505,Corrente,Ativa,2022-03-15 22:28:53
102506,2506,Corrente,Ativa,2024-12-09 12:53:19
102507,2507,Digital,Encerrada,2021-12-10 15:44:22
102508,2508,Digital,Ativa,2023-06-20 20:35:03
102509,2509,Corrente,Ativa,2023-08-03 13:28:26
102510,2510,Corrente,Ativa,2023-04-30 05:47:34
102511,2511,Corrente,Ativa,2020-11-16 20:38:36
102512,2512,Digital,Ativa,2019-02-11 02:01:39
102513,2513,Corrente,Ativa,2018-01-08 18:40:20
102514,2514,Corrente,Ativa,2019-04-12 11:19:41
102515,2515,Corrente,Ativa,2019-07-30 19:55:15
102516,2516,Corrente,Ativa,2020-06-06 22:42:57
102517,2517,Corrente,Ativa,2021-03-03 20:20:22
102518,2518,Corrente,Ativa,2024-07-04 22:35:14
102519,2519,Corrente,Ativa,2021-04-22 12:30:24
102520,2520,Digital,Encerrada,2025-08-03 13:43:20
102521,2521,Digital,Ativa,2024-09-06 20:31:06
102522,2522,Corrente,Ativa,2025-02-09 11:18:10
102523,2523,Corrente,Ativa,2022-01-05 08:40:06
102524,2524,Digital,Ativa,2019-10-12 08:05:44
102525,2525,Corrente,Ativa,2022-03-16 13:19:41
102526,2526,Corrente,Ativa,2021-09-12 18:48:06
102527,2527,Corrente,Ativa,2025-12-20 13:56:10
102528,2528,Corrente,Ativa,2020-10-12 02:53:11
102529,2529,Corrente,Ativa,2025-03-20 20:31:17
102530,2530,Corrente,Ativa,2021-12-12 23:50:02
102531,2531,Corrente,Ativa,2018-08-29 05:27:14
102532,2532,Corrente,Ativa,2024-11-07 17:59:11
102533,2533,Corrente,Ativa,2018-01-29 17:06:56
102534,2534,Corrente,Ativa,2019-11-30 12:58:33
102535,2535,Digital,Ativa,2022-10-14 13:28:13
102536,2536,Digital,Ativa,2025-02-25 04:47:51
102537,2537,Corrente,Ativa,2018-09-06 03:47:26
102538,2538,Corrente,Ativa,2022-09-23 06:33:15
102539,2539,Digital,Ativa,2022-03-30 12:17:48
102540,2540,Digital,Ativa,2020-07-17 03:42:23
102541,2541,Digital,Ativa,2019-05-21 13:40:09
102542,2542,Corrente,Ativa,2024-12-21 17:43:19
102543,2543,Corrente,Ativa,2021-05-24 21:55:47
102544,2544,Digital,Ativa,2022-03-08 01:50:01
102545,2545,Corrente,Ativa,2023-06-14 02:38:00
102546,2546,Corrente,Ativa,2020-08-22 11:38:38
102547,2547,Corrente,Encerrada,2019-04-17 16:27:23
102548,2548,Corrente,Ativa,2025-10-04 00:37:44
102549,2549,Corrente,Ativa,2020-12-23 15:08:40
102550,2550,Corrente,Ativa,2023-07-07 00:21:23
102551,2551,Digital,Ativa,2022-08-16 19:51:01
102552,2552,Corrente,Ativa,2020-11-06 23:40:29
102553,2553,Corrente,Ativa,2025-06-14 22:27:47
102554,2554,Corrente,Ativa,2023-12-07 17:03:53
102555,2555,Corrente,Ativa,2023-08-21 10:36:25
102556,2556,Digital,Ativa,2021-09-10 15:46:44
102557,2557,Corrente,Ativa,2021-01-10 17:35:34
102558,2558,Corrente,Ativa,2021-10-30 02:10:14
102559,2559,Corrente,Ativa,2021-02-28 06:31:05
102560,2560,Corrente,Ativa,2021-02-13 18:59:01
102561,2561,Corrente,Ativa,2022-05-09 09:22:03
102562,2562,Corrente,Ativa,2019-12-20 01:39:37
102563,2563,Corrente,Ativa,2025-06-01 02:31:47
102564,2564,Digital,Ativa,2020-05-09 21:38:06
102565,2565,Corrente,Ativa,2020-11-28 17:33:32
102566,2566,Corrente,Ativa,2025-12-03 19:03:23
102567,2567,Corrente,Ativa,2021-05-05 21:00:44
102568,2568,Corrente,Ativa,2025-01-29 21:11:10
102569,2569,Corrente,Encerrada,2019-09-23 10:06:12
102570,2570,Digital,Ativa,2023-06-24 10:50:38
102571,2571,Corrente,Ativa,2020-08-14 04:18:12
102572,2572,Corrente,Ativa,2022-02-03 15:23:36
102573,2573,Corrente,Ativa,2019-06-10 09:38:37
102574,2574,Corrente,Ativa,2023-10-29 00:50:06
102575,2575,Corrente,Ativa,2018-08-16 15:40:31
102576,2576,Corrente,Ativa,2023-05-08 21:55:06
102577,2577,Corrente,Ativa,2024-11-09 13:39:49
102578,2578,Digital,Ativa,2023-09-04 01:53:39
102579,2579,Corrente,Ativa,2025-08-22 20:50:45
102580,2580,Corrente,Ativa,2023-10-05 21:31:02
102581,2581,Corrente,Ativa,2025-08-01 02:29:42
102582,2582,Digital,Ativa,2024-01-27 14:33:29
102583,2583,Corrente,Ativa,2021-02-15 07:03:11
102584,2584,Corrente,Ativa,2020-09-26 17:05:54
102585,2585,Corrente,Ativa,2024-01-22 22:43:17
102586,2586,Corrente,Ativa,2019-09-04 02:03:22
102587,2587,Digital,Ativa,2022-03-15 21:52:45
102588,2588,Digital,Ativa,2022-02-03 17:13:58
102589,2589,Digital,Ativa,2021-10-14 08:13:02
102590,2590,Corrente,Ativa,2025-08-12 18:08:00
102591,2591,Corrente,Ativa,2020-03-19 05:25:55
102592,2592,Corrente,Ativa,2022-02-28 12:45:26
102593,2593,Corrente,Ativa,2020-07-24 08:44:11
102594,2594,Digital,Encerrada,2018-03-07 19:08:57
102595,2595,Digital,Ativa,2025-11-26 09:10:56
102596,2596,Corrente,Ativa,2018-07-15 08:35:57
102597,2597,Corrente,Ativa,2025-02-26 21:58:47
102598,2598,Corrente,Ativa,2025-07-09 10:28:21
102599,2599,Digital,Ativa,2020-10-08 11:07:33
102600,2600,Corrente,Ativa,2019-08-15 17:46:07
102601,2601,Digital,Ativa,2023-06-10 06:42:26
102602,2602,Corrente,Encerrada,2024-04-19 03:06:45
102603,2603,Digital,Ativa,2019-06-23 18:00:51
102604,2604,Corrente,Ativa,2022-02-14 04:17:28
102605,2605,Digital,Ativa,2025-01-13 17:16:44
102606,2606,Corrente,Ativa,2022-11-18 22:12:35
102607,2607,Corrente,Ativa,2020-03-17 02:32:05
102608,2608,Corrente,Ativa,2020-02-15 14:13:30
102609,2609,Corrente,Ativa,2025-11-15 19:09:48
102610,2610,Corrente,Ativa,2019-01-27 17:17:50
102611,2611,Corrente,Ativa,2020-09-26 23:54:07
102612,2612,Digital,Ativa,2023-04-17 21:52:28
102613,2613,Digital,Ativa,2019-05-28 14:35:09
102614,2614,Digital,Ativa,2024-01-22 18:44:44
102615,2615,Digital,Ativa,2019-10-24 02:03:01
102616,2616,Corrente,Ativa,2025-06-19 13:03:06
102617,2617,Corrente,Encerrada,2019-07-09 01:19:44
102618,2618,Corrente,Ativa,2022-06-01 03:32:35
102619,2619,Digital,Ativa,2018-10-24 07:59:36
102620,2620,Corrente,Ativa,2019-06-01 17:13:49
102621,2621,Corrente,Ativa,2023-03-08 01:28:58
102622,2622,Corrente,Ativa,2022-04-15 00:30:55
102623,2623,Corrente,Ativa,2019-12-07 17:38:01
102624,2624,Digital,Ativa,2019-09-14 02:34:13
102625,2625,Corrente,Ativa,2019-05-07 17:22:03
102626,2626,Digital,Ativa,2021-02-18 22:05:55
102627,2627,Corrente,Ativa,2018-09-20 13:32:13
102628,2628,Digital,Ativa,2022-11-18 11:45:13
102629,2629,Digital,Ativa,2020-06-06 08:02:14
102630,2630,Corrente,Ativa,2024-11-14 17:44:36
102631,2631,Corrente,Ativa,2023-07-26 22:10:11
102632,2632,Digital,Ativa,2020-05-14 21:16:30
102633,2633,Corrente,Ativa,2019-10-11 14:52:19
102634,2634,Corrente,Ativa,2021-04-27 05:35:10
102635,2635,Corrente,Ativa,2019-09-17 11:06:13
102636,2636,Corrente,Ativa,2022-05-29 09:34:27
102637,2637,Corrente,Ativa,2022-07-31 19:39:30
102638,2638,Digital,Ativa,2021-01-17 11:14:09
102639,2639,Digital,Encerrada,2021-07-03 04:22:38
102640,2640,Digital,Ativa,2018-07-09 04:45:07
102641,2641,Digital,Encerrada,2021-06-10 04:55:18
102642,2642,Corrente,Bloqueada,2022-11-24 03:11:57
102643,2643,Corrente,Ativa,2025-05-07 05:25:53
102644,2644,Corrente,Ativa,2024-05-20 08:15:55
102645,2645,Digital,Ativa,2021-04-15 23:19:52
102646,2646,Corrente,Bloqueada,2018-11-09 14:43:25
102647,2647,Corrente,Ativa,2020-03-04 08:16:40
102648,2648,Corrente,Ativa,2021-04-07 20:32:47
102649,2649,Digital,Ativa,2024-10-18 10:31:17
102650,2650,Digital,Ativa,2020-08-30 02:31:36
102651,2651,Digital,Ativa,2024-10-28 20:06:08
102652,2652,Corrente,Ativa,2025-05-25 05:32:37
102653,2653,Corrente,Ativa,2023-07-27 18:51:14
102654,2654,Corrente,Ativa,2022-10-14 14:40:21
102655,2655,Corrente,Ativa,2025-12-15 05:39:16
102656,2656,Corrente,Ativa,2024-06-09 20:04:59
102657,2657,Corrente,Ativa,2023-05-15 09:20:36
102658,2658,Corrente,Ativa,2024-06-04 20:57:49
102659,2659,Digital,Ativa,2019-04-13 00:25:52
102660,2660,Digital,Ativa,2024-01-23 15:49:17
102661,2661,Corrente,Ativa,2019-10-03 03:06:52
102662,2662,Digital,Ativa,2024-10-26 06:40:58
102663,2663,Corrente,Ativa,2020-09-15 12:31:49
102664,2664,Corrente,Ativa,2025-03-23 23:09:34
102665,2665,Corrente,Ativa,2024-01-30 13:42:54
102666,2666,Digital,Ativa,2023-04-21 16:24:16
102667,2667,Corrente,Ativa,2018-06-27 23:01:29
102668,2668,Digital,Ativa,2020-06-26 23:42:39
102669,2669,Corrente,Ativa,2018-10-01 20:05:16
102670,2670,Digital,Ativa,2020-01-03 02:51:41
102671,2671,Corrente,Ativa,2023-11-01 19:05:58
102672,2672,Digital,Ativa,2021-01-18 13:55:40
102673,2673,Digital,Ativa,2018-03-07 14:44:32
102674,2674,Digital,Ativa,2023-08-31 11:07:50
102675,2675,Digital,Ativa,2019-05-27 16:54:02
102676,2676,Corrente,Ativa,2020-06-26 07:03:41
102677,2677,Corrente,Ativa,2025-10-13 05:56:59
102678,2678,Digital,Ativa,2021-06-29 11:18:32
102679,2679,Corrente,Ativa,2022-08-12 21:59:34
102680,2680,Digital,Ativa,2022-03-07 15:50:37
102681,2681,Corrente,Ativa,2020-03-30 02:58:23
102682,2682,Corrente,Ativa,2019-09-28 11:15:07
102683,2683,Corrente,Ativa,2022-12-26 22:43:21
102684,2684,Corrente,Ativa,2022-02-05 02:44:14
102685,2685,Corrente,Ativa,2024-07-30 23:12:59
102686,2686,Corrente,Ativa,2025-02-27 13:49:56
102687,2687,Corrente,Ativa,2023-03-24 21:33:38
102688,2688,Digital,Ativa,2021-02-03 18:40:06
102689,2689,Corrente,Ativa,2022-05-20 09:40:37
102690,2690,Digital,Ativa,2022-06-23 08:25:11
102691,2691,Corrente,Ativa,2023-01-11 13:18:33
102692,2692,Digital,Ativa,2018-10-12 12:35:06
102693,2693,Corrente,Ativa,2018-01-04 13:39:33
102694,2694,Corrente,Ativa,2022-06-30 11:16:06
102695,2695,Corrente,Ativa,2020-02-24 19:23:14
102696,2696,Corrente,Ativa,2019-07-19 09:48:29
102697,2697,Digital,Ativa,2022-04-05 02:16:19
102698,2698,Digital,Ativa,2019-04-22 15:33:10
102699,2699,Corrente,Ativa,2023-06-08 22:06:45
102700,2700,Digital,Ativa,2021-10-16 08:34:10
102701,2701,Corrente,Ativa,2022-03-27 11:50:06
102702,2702,Digital,Ativa,2025-12-12 03:52:09
102703,2703,Corrente,Ativa,2019-06-20 22:33:42
102704,2704,Corrente,Bloqueada,2019-11-27 20:22:42
102705,2705,Corrente,Ativa,2022-02-16 19:08:25
102706,2706,Digital,Ativa,2025-03-21 09:23:08
102707,2707,Corrente,Bloqueada,2025-06-02 22:46:05
102708,2708,Corrente,Ativa,2021-11-04 16:16:07
102709,2709,Corrente,Ativa,2023-07-26 19:31:08
102710,2710,Corrente,Ativa,2022-08-19 00:09:58
102711,2711,Corrente,Ativa,2018-05-28 23:49:39
102712,2712,Corrente,Ativa,2023-07-02 14:26:40
102713,2713,Digital,Ativa,2023-06-26 23:13:09
102714,2714,Digital,Ativa,2024-05-29 03:03:42
102715,2715,Digital,Ativa,2020-05-12 04:47:00
102716,2716,Corrente,Ativa,2024-01-01 09:28:45
102717,2717,Corrente,Bloqueada,2023-09-13 09:07:20
102718,2718,Corrente,Ativa,2018-04-17 16:59:11
102719,2719,Corrente,Ativa,2019-10-10 10:25:03
102720,2720,Digital,Ativa,2022-12-28 23:28:30
102721,2721,Digital,Ativa,2021-05-05 10:01:41
102722,2722,Corrente,Ativa,2022-10-07 11:03:28
102723,2723,Digital,Ativa,2021-05-14 05:45:54
102724,2724,Digital,Ativa,2025-06-25 02:33:50
102725,2725,Digital,Ativa,2022-03-13 19:42:25
102726,2726,Corrente,Ativa,2021-09-18 22:52:47
102727,2727,Corrente,Ativa,2018-12-20 20:08:16
102728,2728,Corrente,Ativa,2023-02-12 05:31:54
102729,2729,Digital,Ativa,2018-01-18 18:05:11
102730,2730,Digital,Ativa,2023-08-02 03:08:29
102731,2731,Corrente,Ativa,2023-09-07 09:56:02
102732,2732,Corrente,Ativa,2020-08-26 00:16:08
102733,2733,Digital,Ativa,2021-07-09 21:43:38
102734,2734,Corrente,Ativa,2020-09-20 21:21:46
102735,2735,Corrente,Ativa,2022-08-16 10:57:07
102736,2736,Corrente,Ativa,2023-08-12 00:07:45
102737,2737,Corrente,Ativa,2025-10-25 06:19:23
102738,2738,Corrente,Ativa,2024-01-22 22:01:58
102739,2739,Corrente,Ativa,2018-05-11 09:23:52
102740,2740,Digital,Ativa,2025-10-11 19:20:04
102741,2741,Corrente,Ativa,2023-08-24 08:41:35
102742,2742,Digital,Ativa,2022-12-11 12:54:24
102743,2743,Corrente,Ativa,2020-04-13 05:17:12
102744,2744,Digital,Ativa,2018-04-18 22:09:12
102745,2745,Corrente,Ativa,2024-08-02 14:13:58
102746,2746,Corrente,Ativa,2024-09-18 21:50:56
102747,2747,Corrente,Ativa,2024-01-12 03:01:07
102748,2748,Corrente,Ativa,2021-07-07 00:10:56
102749,2749,Corrente,Ativa,2020-06-27 01:39:14
102750,2750,Corrente,Bloqueada,2023-02-18 07:33:42
102751,2751,Corrente,Ativa,2018-05-17 10:18:40
102752,2752,Corrente,Ativa,2022-05-25 00:17:27
102753,2753,Digital,Ativa,2019-11-27 04:21:32
102754,2754,Corrente,Ativa,2024-08-22 05:15:37
102755,2755,Corrente,Ativa,2018-10-18 19:27:15
102756,2756,Corrente,Ativa,2018-08-20 13:31:43
102757,2757,Digital,Ativa,2018-10-07 14:52:03
102758,2758,Digital,Ativa,2021-07-05 00:12:43
102759,2759,Corrente,Ativa,2018-10-17 12:44:59
102760,2760,Corrente,Ativa,2025-06-26 05:49:04
102761,2761,Digital,Ativa,2022-10-08 23:54:15
102762,2762,Digital,Ativa,2025-10-07 05:06:31
102763,2763,Corrente,Ativa,2024-01-20 23:34:53
102764,2764,Corrente,Ativa,2019-05-23 14:52:06
102765,2765,Digital,Ativa,2018-06-09 11:55:02
102766,2766,Corrente,Ativa,2024-02-16 07:27:51
102767,2767,Digital,Encerrada,2021-05-18 23:31:03
102768,2768,Corrente,Ativa,2020-08-30 04:21:02
102769,2769,Corrente,Ativa,2018-09-23 22:28:32
102770,2770,Corrente,Ativa,2023-12-07 22:49:37
102771,2771,Corrente,Ativa,2024-11-19 08:14:15
102772,2772,Corrente,Ativa,2018-06-05 16:28:16
102773,2773,Digital,Ativa,2025-09-07 16:25:28
102774,2774,Corrente,Ativa,2021-12-28 05:47:24
102775,2775,Corrente,Ativa,2019-06-25 05:08:59
102776,2776,Corrente,Ativa,2023-05-16 06:56:31
102777,2777,Corrente,Bloqueada,2018-02-11 15:21:13
102778,2778,Corrente,Ativa,2023-04-05 10:59:45
102779,2779,Digital,Ativa,2019-08-07 18:43:07
102780,2780,Digital,Bloqueada,2023-12-09 08:39:49
102781,2781,Corrente,Encerrada,2018-04-30 23:39:10
102782,2782,Corrente,Ativa,2019-04-09 23:55:58
102783,2783,Corrente,Ativa,2022-05-26 15:19:47
102784,2784,Corrente,Bloqueada,2018-09-29 21:02:33
102785,2785,Corrente,Ativa,2020-02-14 06:53:10
102786,2786,Corrente,Ativa,2022-02-26 03:18:54
102787,2787,Corrente,Ativa,2024-03-02 13:00:49
102788,2788,Corrente,Ativa,2019-08-31 03:35:40
102789,2789,Corrente,Ativa,2020-07-05 16:38:01
102790,2790,Corrente,Ativa,2021-08-24 23:06:24
102791,2791,Corrente,Ativa,2024-09-17 16:51:27
102792,2792,Corrente,Ativa,2022-04-01 16:49:18
102793,2793,Corrente,Ativa,2021-12-01 06:11:36
102794,2794,Corrente,Ativa,2018-03-07 21:22:07
102795,2795,Corrente,Ativa,2018-12-15 18:43:23
102796,2796,Corrente,Bloqueada,2023-09-13 11:52:08
102797,2797,Corrente,Ativa,2020-01-19 16:00:11
102798,2798,Digital,Bloqueada,2023-11-12 11:22:32
102799,2799,Digital,Ativa,2018-07-30 11:21:56
102800,2800,Digital,Ativa,2022-11-11 01:05:15
102801,2801,Corrente,Ativa,2024-11-26 18:48:18
102802,2802,Digital,Encerrada,2020-05-14 04:06:13
102803,2803,Digital,Ativa,2023-02-06 20:44:41
102804,2804,Corrente,Ativa,2025-03-26 07:06:24
102805,2805,Corrente,Ativa,2019-01-22 17:27:43
102806,2806,Corrente,Bloqueada,2019-03-29 16:15:57
102807,2807,Corrente,Ativa,2021-09-28 21:34:01
102808,2808,Digital,Ativa,2024-06-13 11:54:31
102809,2809,Corrente,Ativa,2023-03-25 01:42:33
102810,2810,Digital,Ativa,2020-10-23 23:32:03
102811,2811,Corrente,Ativa,2018-05-26 23:29:05
102812,2812,Digital,Ativa,2019-04-07 06:52:35
102813,2813,Corrente,Ativa,2020-06-29 08:58:05
102814,2814,Digital,Ativa,2018-07-23 19:11:28
102815,2815,Corrente,Ativa,2018-07-03 11:48:25
102816,2816,Corrente,Ativa,2022-06-20 09:57:34
102817,2817,Corrente,Ativa,2022-10-02 10:51:05
102818,2818,Corrente,Ativa,2021-08-13 03:45:00
102819,2819,Digital,Ativa,2018-01-22 19:39:35
102820,2820,Corrente,Ativa,2019-08-17 23:21:50
102821,2821,Corrente,Ativa,2024-07-14 23:34:29
102822,2822,Corrente,Ativa,2018-07-14 20:15:12
102823,2823,Corrente,Ativa,2021-02-18 12:07:08
102824,2824,Corrente,Ativa,2023-10-18 05:52:00
102825,2825,Corrente,Ativa,2024-09-19 16:33:53
102826,2826,Digital,Encerrada,2025-03-09 12:49:26
102827,2827,Digital,Ativa,2022-05-28 02:03:13
102828,2828,Digital,Ativa,2020-07-12 16:21:54
102829,2829,Corrente,Ativa,2023-06-16 12:15:55
102830,2830,Corrente,Ativa,2020-03-05 09:03:38
102831,2831,Corrente,Ativa,2021-07-24 19:26:16
102832,2832,Corrente,Ativa,2018-10-29 07:10:56
102833,2833,Corrente,Ativa,2020-12-21 15:46:32
102834,2834,Corrente,Ativa,2019-10-08 08:39:01
102835,2835,Digital,Ativa,2020-07-18 00:35:27
102836,2836,Digital,Ativa,2021-03-11 01:39:58
102837,2837,Digital,Ativa,2024-02-28 05:10:00
102838,2838,Corrente,Ativa,2023-11-03 02:10:19
102839,2839,Corrente,Ativa,2021-08-03 23:22:39
102840,2840,Digital,Ativa,2022-12-28 16:27:53
102841,2841,Corrente,Ativa,2022-02-17 13:07:38
102842,2842,Corrente,Ativa,2021-03-05 05:04:55
102843,2843,Digital,Ativa,2023-08-19 07:05:10
102844,2844,Corrente,Ativa,2024-12-27 09:52:41
102845,2845,Digital,Encerrada,2025-03-13 23:01:26
102846,2846,Corrente,Ativa,2020-02-09 21:36:05
102847,2847,Digital,Ativa,2019-05-31 21:44:12
102848,2848,Corrente,Ativa,2021-09-27 06:47:38
102849,2849,Corrente,Ativa,2019-07-08 06:55:57
102850,2850,Corrente,Ativa,2022-06-09 15:09:11
102851,2851,Corrente,Ativa,2019-12-14 08:54:16
102852,2852,Corrente,Ativa,2019-09-22 22:56:39
102853,2853,Digital,Ativa,2018-03-01 00:29:12
102854,2854,Digital,Ativa,2018-12-27 00:21:56
102855,2855,Corrente,Ativa,2023-05-10 09:16:50
102856,2856,Corrente,Ativa,2021-06-16 02:11:15
102857,2857,Corrente,Ativa,2020-11-25 06:57:07
102858,2858,Corrente,Ativa,2024-08-20 01:03:52
102859,2859,Digital,Bloqueada,2024-05-24 03:09:28
102860,2860,Corrente,Ativa,2019-07-13 10:08:00
102861,2861,Digital,Ativa,2020-11-17 05:32:13
102862,2862,Corrente,Ativa,2020-10-25 21:23:26
102863,2863,Corrente,Ativa,2023-11-17 18:04:28
102864,2864,Digital,Ativa,2022-07-14 14:24:30
102865,2865,Corrente,Ativa,2023-09-08 03:55:16
102866,2866,Corrente,Ativa,2021-03-08 10:20:33
102867,2867,Corrente,Ativa,2022-11-11 01:47:48
102868,2868,Corrente,Ativa,2024-04-11 21:03:38
102869,2869,Corrente,Ativa,2019-08-04 07:16:36
102870,2870,Corrente,Ativa,2020-04-16 19:47:46
102871,2871,Corrente,Bloqueada,2019-02-28 02:18:43
102872,2872,Corrente,Ativa,2019-01-17 14:35:50
102873,2873,Corrente,Bloqueada,2022-07-23 04:43:37
102874,2874,Digital,Ativa,2020-03-21 17:17:16
102875,2875,Corrente,Bloqueada,2021-11-04 08:22:58
102876,2876,Corrente,Ativa,2024-01-02 23:12:31
102877,2877,Corrente,Ativa,2018-03-26 16:18:49
102878,2878,Corrente,Ativa,2022-12-07 23:38:39
102879,2879,Corrente,Ativa,2023-05-18 20:05:07
102880,2880,Digital,Ativa,2022-09-22 08:02:18
102881,2881,Corrente,Ativa,2025-04-18 00:42:25
102882,2882,Corrente,Ativa,2021-08-20 03:36:00
102883,2883,Corrente,Ativa,2019-06-11 06:52:36
102884,2884,Corrente,Ativa,2022-11-12 14:42:48
102885,2885,Corrente,Encerrada,2024-01-26 08:08:24
102886,2886,Corrente,Ativa,2020-11-03 17:14:56
102887,2887,Digital,Ativa,2023-08-07 15:40:59
102888,2888,Corrente,Ativa,2019-08-30 09:27:28
102889,2889,Corrente,Ativa,2022-08-24 18:32:23
102890,2890,Digital,Ativa,2025-09-01 05:07:34
102891,2891,Digital,Ativa,2025-04-01 21:52:06
102892,2892,Corrente,Ativa,2018-03-16 16:56:45
102893,2893,Digital,Ativa,2024-08-21 17:36:40
102894,2894,Digital,Ativa,2023-06-04 03:41:31
102895,2895,Corrente,Ativa,2022-10-18 15:03:16
102896,2896,Corrente,Bloqueada,2018-09-19 15:53:11
102897,2897,Corrente,Ativa,2018-03-19 22:26:14
102898,2898,Corrente,Ativa,2021-03-23 13:57:33
102899,2899,Corrente,Ativa,2023-05-06 13:04:33
102900,2900,Digital,Ativa,2022-01-19 14:57:05
102901,2901,Corrente,Ativa,2018-05-26 13:19:56
102902,2902,Digital,Ativa,2022-07-17 15:22:59
102903,2903,Digital,Ativa,2020-08-18 23:22:56
102904,2904,Corrente,Encerrada,2018-01-21 00:09:45
102905,2905,Digital,Ativa,2025-06-10 23:45:56
102906,2906,Digital,Ativa,2022-08-17 21:05:08
102907,2907,Corrente,Ativa,2021-04-12 03:41:20
102908,2908,Digital,Ativa,2020-02-10 14:40:36
102909,2909,Corrente,Ativa,2018-11-21 21:22:43
102910,2910,Corrente,Ativa,2019-02-08 20:23:07
102911,2911,Corrente,Ativa,2025-01-29 14:47:09
102912,2912,Digital,Ativa,2022-11-11 08:40:25
102913,2913,Digital,Encerrada,2018-06-01 18:12:26
102914,2914,Corrente,Ativa,2018-05-08 03:38:39
102915,2915,Corrente,Ativa,2019-02-19 21:18:12
102916,2916,Corrente,Ativa,2020-02-21 00:59:47
102917,2917,Corrente,Ativa,2018-05-09 10:37:12
102918,2918,Corrente,Ativa,2025-04-13 16:18:48
102919,2919,Digital,Ativa,2021-04-03 02:34:10
102920,2920,Digital,Ativa,2020-02-14 02:59:46
102921,2921,Corrente,Ativa,2025-06-01 13:14:10
102922,2922,Corrente,Ativa,2021-06-04 13:46:14
102923,2923,Digital,Ativa,2022-01-24 12:01:36
102924,2924,Digital,Ativa,2025-05-20 21:50:59
102925,2925,Corrente,Ativa,2025-04-28 15:32:08
102926,2926,Corrente,Ativa,2021-09-05 14:43:55
102927,2927,Digital,Ativa,2021-08-22 18:01:11
102928,2928,Corrente,Ativa,2019-12-28 00:34:58
102929,2929,Digital,Ativa,2018-10-04 02:29:57
102930,2930,Digital,Ativa,2021-02-12 06:28:57
102931,2931,Corrente,Ativa,2023-11-16 03:21:16
102932,2932,Digital,Bloqueada,2023-12-11 04:54:53
102933,2933,Corrente,Ativa,2018-08-07 16:33:30
102934,2934,Corrente,Ativa,2021-01-01 21:05:38
102935,2935,Corrente,Ativa,2019-12-27 23:39:07
102936,2936,Corrente,Ativa,2024-03-20 21:05:44
102937,2937,Corrente,Ativa,2024-01-14 00:14:33
102938,2938,Corrente,Ativa,2019-05-23 00:17:48
102939,2939,Corrente,Ativa,2022-04-25 03:53:19
102940,2940,Corrente,Ativa,2024-02-08 14:12:06
102941,2941,Digital,Ativa,2018-01-25 07:21:43
102942,2942,Corrente,Ativa,2022-09-22 02:46:49
102943,2943,Digital,Ativa,2024-09-12 02:43:54
102944,2944,Corrente,Ativa,2020-04-16 18:16:01
102945,2945,Corrente,Ativa,2022-08-04 04:52:12
102946,2946,Corrente,Ativa,2019-02-12 17:42:10
102947,2947,Corrente,Ativa,2024-02-15 03:27:24
102948,2948,Corrente,Ativa,2023-11-19 04:55:18
102949,2949,Corrente,Ativa,2018-04-21 05:48:49
102950,2950,Corrente,Ativa,2021-08-13 21:08:21
102951,2951,Corrente,Ativa,2020-10-28 14:58:55
102952,2952,Corrente,Ativa,2024-08-22 20:04:31
102953,2953,Digital,Ativa,2024-03-08 11:05:42
102954,2954,Corrente,Ativa,2021-12-04 23:56:58
102955,2955,Corrente,Encerrada,2023-12-02 09:35:54
102956,2956,Corrente,Ativa,2023-10-06 11:23:59
102957,2957,Digital,Ativa,2023-12-18 20:16:05
102958,2958,Corrente,Ativa,2025-04-04 21:48:20
102959,2959,Corrente,Ativa,2025-05-11 04:28:56
102960,2960,Digital,Ativa,2018-11-09 09:10:26
102961,2961,Corrente,Ativa,2025-05-16 06:14:12
102962,2962,Digital,Ativa,2024-10-30 13:45:00
102963,2963,Corrente,Ativa,2023-10-22 05:26:12
102964,2964,Corrente,Ativa,2021-07-17 05:07:19
102965,2965,Digital,Ativa,2024-11-11 14:54:31
102966,2966,Corrente,Bloqueada,2021-04-16 18:48:48
102967,2967,Digital,Bloqueada,2024-06-16 12:33:01
102968,2968,Corrente,Ativa,2019-04-04 08:48:37
102969,2969,Digital,Ativa,2018-10-09 06:49:15
102970,2970,Corrente,Ativa,2023-12-07 07:52:37
102971,2971,Corrente,Ativa,2018-05-25 05:03:42
102972,2972,Corrente,Ativa,2020-01-09 14:17:46
102973,2973,Corrente,Ativa,2025-09-12 16:25:45
102974,2974,Corrente,Ativa,2019-11-23 15:54:36
102975,2975,Corrente,Ativa,2018-10-02 17:14:41
102976,2976,Corrente,Ativa,2021-07-11 09:33:40
102977,2977,Corrente,Ativa,2024-01-21 16:09:00
102978,2978,Corrente,Ativa,2020-08-08 18:38:42
102979,2979,Corrente,Ativa,2025-10-31 17:25:04
102980,2980,Digital,Ativa,2024-03-20 06:16:40
102981,2981,Corrente,Ativa,2021-12-13 16:06:23
102982,2982,Corrente,Ativa,2025-01-07 05:50:57
102983,2983,Corrente,Ativa,2021-02-19 01:49:55
102984,2984,Corrente,Encerrada,2022-10-10 05:27:20
102985,2985,Digital,Ativa,2020-07-25 15:07:20
102986,2986,Corrente,Ativa,2025-11-14 06:40:39
102987,2987,Corrente,Ativa,2018-01-16 04:23:57
102988,2988,Digital,Ativa,2023-01-19 01:49:51
102989,2989,Corrente,Ativa,2018-12-06 08:57:39
102990,2990,Corrente,Ativa,2021-11-17 17:18:56
102991,2991,Corrente,Ativa,2022-07-21 00:12:26
102992,2992,Corrente,Ativa,2025-11-22 18:07:06
102993,2993,Digital,Ativa,2022-03-17 18:20:54
102994,2994,Digital,Ativa,2023-10-11 22:23:13
102995,2995,Digital,Ativa,2019-10-07 18:57:11
102996,2996,Digital,Ativa,2023-01-07 21:17:17
102997,2997,Digital,Ativa,2023-04-19 03:47:26
102998,2998,Digital,Ativa,2022-05-21 17:22:01
102999,2999,Corrente,Ativa,2023-08-20 18:41:49
103000,3000,Corrente,Ativa,2020-08-20 18:12:10
103001,3001,Corrente,Ativa,2024-01-28 00:07:29
103002,3002,Corrente,Ativa,2021-08-25 18:14:01
103003,3003,Corrente,Ativa,2019-05-10 03:49:34
103004,3004,Digital,Ativa,2025-10-22 03:59:17
103005,3005,Corrente,Encerrada,2021-03-26 17:45:23
103006,3006,Corrente,Ativa,2021-09-09 17:05:37
103007,3007,Corrente,Ativa,2021-03-16 01:28:16
103008,3008,Corrente,Ativa,2018-04-02 21:40:18
103009,3009,Corrente,Ativa,2024-07-25 04:05:23
103010,3010,Corrente,Ativa,2022-12-14 12:40:56
103011,3011,Digital,Ativa,2022-08-24 03:23:36
103012,3012,Digital,Ativa,2024-06-16 19:51:32
103013,3013,Corrente,Ativa,2018-01-29 12:55:39
103014,3014,Corrente,Ativa,2020-12-27 04:01:56
103015,3015,Digital,Ativa,2024-11-05 14:54:46
103016,3016,Corrente,Ativa,2025-10-30 13:35:19
103017,3017,Corrente,Ativa,2025-05-16 04:38:42
103018,3018,Corrente,Ativa,2018-04-24 21:47:11
103019,3019,Corrente,Ativa,2021-05-15 09:08:14
103020,3020,Digital,Ativa,2018-09-29 13:09:31
103021,3021,Corrente,Ativa,2021-10-22 18:33:08
103022,3022,Corrente,Ativa,2019-12-27 00:56:22
103023,3023,Corrente,Ativa,2018-04-10 01:15:26
103024,3024,Digital,Ativa,2021-08-05 22:07:22
103025,3025,Corrente,Ativa,2021-10-23 15:56:01
103026,3026,Corrente,Ativa,2023-03-16 21:44:56
103027,3027,Corrente,Ativa,2019-11-20 16:26:26
103028,3028,Digital,Ativa,2023-07-05 14:08:22
103029,3029,Digital,Ativa,2023-11-22 02:13:15
103030,3030,Digital,Ativa,2022-11-10 18:40:56
103031,3031,Corrente,Ativa,2018-11-27 09:03:52
103032,3032,Corrente,Ativa,2023-04-12 07:22:42
103033,3033,Digital,Ativa,2021-03-17 18:52:49
103034,3034,Digital,Ativa,2024-02-24 01:51:06
103035,3035,Corrente,Ativa,2018-05-18 03:01:01
103036,3036,Corrente,Ativa,2019-04-25 03:09:40
103037,3037,Corrente,Ativa,2023-09-09 13:08:52
103038,3038,Corrente,Ativa,2025-12-19 04:34:37
103039,3039,Digital,Encerrada,2024-08-26 10:35:56
103040,3040,Corrente,Ativa,2023-07-22 20:40:07
103041,3041,Digital,Ativa,2020-09-18 04:28:53
103042,3042,Corrente,Ativa,2018-01-13 16:29:26
103043,3043,Corrente,Bloqueada,2023-10-14 23:45:46
103044,3044,Corrente,Ativa,2024-03-11 20:32:07
103045,3045,Corrente,Ativa,2023-06-25 04:49:12
103046,3046,Digital,Encerrada,2022-07-04 15:32:19
103047,3047,Corrente,Ativa,2025-12-06 09:25:56
103048,3048,Corrente,Encerrada,2023-10-23 09:28:03
103049,3049,Corrente,Ativa,2021-12-18 20:18:39
103050,3050,Corrente,Ativa,2020-12-03 02:51:36
103051,3051,Corrente,Ativa,2020-08-24 06:30:35
103052,3052,Corrente,Bloqueada,2018-08-21 22:26:25
103053,3053,Corrente,Ativa,2018-02-02 05:40:12
103054,3054,Corrente,Ativa,2022-02-12 13:33:18
103055,3055,Corrente,Ativa,2022-12-22 03:50:06
103056,3056,Corrente,Ativa,2025-11-30 07:05:11
103057,3057,Corrente,Ativa,2025-09-05 19:18:02
103058,3058,Digital,Ativa,2024-05-25 10:30:05
103059,3059,Corrente,Ativa,2021-01-14 03:33:58
103060,3060,Corrente,Ativa,2024-05-10 18:49:34
103061,3061,Corrente,Ativa,2018-08-11 23:27:24
103062,3062,Corrente,Ativa,2025-04-20 21:45:19
103063,3063,Digital,Ativa,2018-08-20 08:43:34
103064,3064,Digital,Ativa,2022-06-22 19:27:35
103065,3065,Corrente,Ativa,2019-07-30 17:42:52
103066,3066,Corrente,Ativa,2021-01-20 10:32:58
103067,3067,Corrente,Ativa,2022-12-12 22:13:30
103068,3068,Corrente,Ativa,2018-02-10 06:38:24
103069,3069,Digital,Ativa,2024-04-20 15:10:40
103070,3070,Corrente,Ativa,2023-06-10 12:14:30
103071,3071,Corrente,Ativa,2023-10-27 21:08:33
103072,3072,Corrente,Ativa,2022-01-08 09:43:07
103073,3073,Digital,Ativa,2021-03-13 10:29:39
103074,3074,Digital,Ativa,2020-08-04 04:53:47
103075,3075,Digital,Ativa,2018-08-03 01:37:25
103076,3076,Corrente,Ativa,2022-02-16 14:12:47
103077,3077,Digital,Ativa,2024-10-26 02:35:00
103078,3078,Corrente,Ativa,2025-11-21 21:36:36
103079,3079,Corrente,Ativa,2024-10-17 07:51:54
103080,3080,Corrente,Bloqueada,2022-04-30 15:52:05
103081,3081,Digital,Ativa,2024-04-01 13:59:53
103082,3082,Corrente,Ativa,2021-10-04 21:51:18
103083,3083,Digital,Ativa,2020-08-24 11:24:17
103084,3084,Corrente,Ativa,2021-04-30 04:40:43
103085,3085,Digital,Ativa,2025-04-02 21:14:11
103086,3086,Corrente,Bloqueada,2018-10-12 07:30:39
103087,3087,Digital,Ativa,2023-08-24 13:45:10
103088,3088,Corrente,Ativa,2020-06-15 10:13:56
103089,3089,Corrente,Ativa,2025-10-13 12:49:46
103090,3090,Corrente,Ativa,2018-02-15 07:03:25
103091,3091,Corrente,Ativa,2019-08-25 09:06:03
103092,3092,Corrente,Ativa,2018-11-29 14:34:55
103093,3093,Corrente,Ativa,2022-12-03 17:06:49
103094,3094,Corrente,Ativa,2020-05-16 19:14:38
103095,3095,Digital,Ativa,2021-12-30 21:21:44
103096,3096,Corrente,Ativa,2018-12-25 18:21:57
103097,3097,Corrente,Ativa,2025-05-18 15:09:00
103098,3098,Corrente,Ativa,2025-07-25 11:18:59
103099,3099,Digital,Ativa,2025-07-19 14:23:06
103100,3100,Digital,Ativa,2025-02-02 11:35:38
103101,3101,Corrente,Ativa,2022-12-20 18:18:35
103102,3102,Digital,Ativa,2020-06-26 02:29:17
103103,3103,Corrente,Ativa,2023-04-16 19:06:23
103104,3104,Corrente,Ativa,2018-03-23 15:36:25
103105,3105,Corrente,Ativa,2022-05-29 19:03:47
103106,3106,Digital,Ativa,2022-06-28 12:48:28
103107,3107,Digital,Ativa,2020-04-14 07:02:42
103108,3108,Digital,Ativa,2022-04-23 08:44:44
103109,3109,Corrente,Ativa,2023-12-30 14:06:21
103110,3110,Corrente,Ativa,2022-07-06 18:25:09
103111,3111,Corrente,Ativa,2020-03-03 12:27:35
103112,3112,Corrente,Ativa,2023-01-21 09:56:32
103113,3113,Corrente,Ativa,2023-04-25 10:33:34
103114,3114,Digital,Ativa,2025-06-19 07:44:17
103115,3115,Corrente,Ativa,2022-10-19 21:30:11
103116,3116,Corrente,Encerrada,2020-10-31 18:14:14
103117,3117,Corrente,Ativa,2024-03-29 18:14:19
103118,3118,Digital,Ativa,2024-01-13 08:19:29
103119,3119,Corrente,Ativa,2019-02-23 19:03:06
103120,3120,Corrente,Ativa,2022-05-03 04:59:55
103121,3121,Corrente,Ativa,2022-12-06 13:27:05
103122,3122,Corrente,Ativa,2022-07-28 21:48:43
103123,3123,Corrente,Ativa,2018-11-22 18:01:35
103124,3124,Corrente,Ativa,2021-10-19 13:37:59
103125,3125,Corrente,Ativa,2025-12-17 23:21:38
103126,3126,Corrente,Ativa,2018-04-20 22:38:38
103127,3127,Digital,Ativa,2025-04-18 22:53:05
103128,3128,Digital,Ativa,2025-02-15 08:52:31
103129,3129,Corrente,Ativa,2020-03-11 23:47:50
103130,3130,Digital,Ativa,2022-12-06 09:58:02
103131,3131,Digital,Ativa,2022-06-14 19:03:55
103132,3132,Corrente,Ativa,2024-01-14 12:55:05
103133,3133,Corrente,Ativa,2019-09-05 01:02:00
103134,3134,Corrente,Ativa,2025-07-19 13:19:15
103135,3135,Digital,Ativa,2020-09-13 00:08:49
103136,3136,Corrente,Ativa,2025-06-24 08:52:40
103137,3137,Corrente,Ativa,2019-08-21 07:38:33
103138,3138,Corrente,Ativa,2023-01-23 13:39:32
103139,3139,Corrente,Bloqueada,2024-10-26 10:35:24
103140,3140,Digital,Ativa,2022-06-26 23:58:17
103141,3141,Digital,Ativa,2019-09-09 01:00:06
103142,3142,Corrente,Ativa,2022-09-03 03:44:09
103143,3143,Corrente,Ativa,2023-12-13 18:12:04
103144,3144,Corrente,Ativa,2019-11-11 19:59:39
103145,3145,Corrente,Encerrada,2020-01-04 20:09:48
103146,3146,Corrente,Ativa,2023-10-13 13:48:36
103147,3147,Digital,Ativa,2025-04-04 03:24:37
103148,3148,Corrente,Ativa,2025-03-11 11:06:12
103149,3149,Corrente,Ativa,2021-11-15 12:21:11
103150,3150,Corrente,Ativa,2022-05-10 18:58:02
103151,3151,Corrente,Ativa,2022-09-29 11:42:03
103152,3152,Corrente,Ativa,2021-04-07 01:50:50
103153,3153,Corrente,Ativa,2023-04-29 10:05:23
103154,3154,Corrente,Ativa,2018-06-20 21:41:22
103155,3155,Digital,Ativa,2025-11-22 05:22:21
103156,3156,Corrente,Ativa,2024-03-09 22:03:14
103157,3157,Corrente,Bloqueada,2020-03-29 06:59:45
103158,3158,Digital,Ativa,2019-07-17 13:38:47
103159,3159,Corrente,Ativa,2022-12-17 02:45:48
103160,3160,Corrente,Ativa,2018-08-22 17:17:17
103161,3161,Corrente,Ativa,2019-07-10 07:31:18
103162,3162,Digital,Ativa,2019-01-12 22:43:01
103163,3163,Corrente,Ativa,2019-11-24 14:54:09
103164,3164,Corrente,Ativa,2021-02-17 06:30:49
103165,3165,Corrente,Ativa,2018-03-04 16:16:16
103166,3166,Corrente,Ativa,2019-11-30 12:38:05
103167,3167,Corrente,Ativa,2023-04-16 13:18:03
103168,3168,Digital,Ativa,2022-12-18 18:49:29
103169,3169,Corrente,Ativa,2019-01-30 13:51:45
103170,3170,Corrente,Ativa,2019-03-11 03:25:44
103171,3171,Corrente,Ativa,2022-03-23 02:02:07
103172,3172,Corrente,Ativa,2023-05-13 04:22:08
103173,3173,Corrente,Ativa,2022-04-06 12:21:48
103174,3174,Corrente,Ativa,2020-11-11 18:52:31
103175,3175,Digital,Encerrada,2024-04-18 18:06:55
103176,3176,Digital,Ativa,2023-04-05 08:35:21
103177,3177,Corrente,Ativa,2019-05-26 23:10:27
103178,3178,Corrente,Ativa,2024-08-30 10:13:21
103179,3179,Corrente,Ativa,2020-08-20 23:22:12
103180,3180,Digital,Ativa,2019-11-08 02:35:57
103181,3181,Digital,Ativa,2023-10-05 03:50:33
103182,3182,Corrente,Ativa,2018-08-04 13:47:19
103183,3183,Corrente,Ativa,2021-02-14 19:28:00
103184,3184,Digital,Ativa,2023-01-10 06:18:39
103185,3185,Corrente,Ativa,2021-11-06 11:23:20
103186,3186,Digital,Ativa,2022-12-23 06:19:34
103187,3187,Digital,Ativa,2018-01-06 22:26:28
103188,3188,Digital,Ativa,2020-09-19 20:23:32
103189,3189,Corrente,Ativa,2023-01-13 14:04:56
103190,3190,Corrente,Ativa,2018-01-08 06:11:29
103191,3191,Corrente,Ativa,2020-11-16 04:22:15
103192,3192,Digital,Ativa,2018-02-25 15:12:04
103193,3193,Corrente,Ativa,2018-03-02 18:04:45
103194,3194,Corrente,Ativa,2019-03-04 03:50:39
103195,3195,Corrente,Ativa,2018-12-21 09:56:49
103196,3196,Corrente,Ativa,2021-10-24 02:18:32
103197,3197,Digital,Ativa,2025-02-08 22:00:35
103198,3198,Digital,Ativa,2024-04-17 16:23:48
103199,3199,Digital,Ativa,2024-08-26 06:45:10
103200,3200,Digital,Ativa,2020-07-31 18:48:17
103201,3201,Corrente,Ativa,2020-03-05 20:17:40
103202,3202,Corrente,Ativa,2019-10-30 15:40:23
103203,3203,Corrente,Ativa,2025-02-23 04:40:11
103204,3204,Corrente,Ativa,2022-05-24 08:01:17
103205,3205,Corrente,Ativa,2019-09-20 12:22:08
103206,3206,Digital,Ativa,2019-11-30 12:40:43
103207,3207,Corrente,Ativa,2020-04-09 08:15:22
103208,3208,Digital,Ativa,2022-10-20 21:33:21
103209,3209,Digital,Ativa,2021-06-06 13:43:31
103210,3210,Corrente,Ativa,2018-11-16 00:40:10
103211,3211,Corrente,Ativa,2025-05-17 00:27:23
103212,3212,Digital,Ativa,2021-10-02 07:16:02
103213,3213,Corrente,Ativa,2025-09-08 21:24:17
103214,3214,Digital,Ativa,2024-03-11 17:18:33
103215,3215,Corrente,Ativa,2021-08-22 13:49:29
103216,3216,Digital,Ativa,2024-09-05 20:59:11
103217,3217,Digital,Ativa,2021-09-30 21:00:49
103218,3218,Corrente,Ativa,2019-10-04 21:40:09
103219,3219,Corrente,Bloqueada,2020-02-27 09:23:33
103220,3220,Corrente,Ativa,2024-04-21 03:03:46
103221,3221,Corrente,Ativa,2025-06-30 18:35:05
103222,3222,Corrente,Ativa,2025-01-07 17:53:23
103223,3223,Corrente,Ativa,2022-07-28 18:20:19
103224,3224,Digital,Ativa,2020-05-30 01:40:33
103225,3225,Digital,Bloqueada,2022-07-21 08:57:23
103226,3226,Digital,Ativa,2018-10-15 02:55:45
103227,3227,Corrente,Ativa,2022-08-13 13:24:29
103228,3228,Corrente,Ativa,2019-09-03 06:07:40
103229,3229,Digital,Ativa,2023-04-23 20:13:11
103230,3230,Digital,Ativa,2024-10-21 22:35:26
103231,3231,Corrente,Ativa,2023-01-01 20:37:02
103232,3232,Corrente,Ativa,2018-01-10 00:58:32
103233,3233,Corrente,Ativa,2019-01-26 18:42:38
103234,3234,Digital,Ativa,2019-11-10 20:40:19
103235,3235,Digital,Ativa,2023-10-17 03:58:27
103236,3236,Corrente,Ativa,2024-03-01 18:51:58
103237,3237,Corrente,Bloqueada,2019-02-01 10:32:13
103238,3238,Corrente,Ativa,2022-01-19 05:11:34
103239,3239,Digital,Ativa,2023-11-27 03:29:52
103240,3240,Digital,Ativa,2024-06-03 05:58:46
103241,3241,Digital,Ativa,2025-07-25 15:08:12
103242,3242,Corrente,Ativa,2022-05-20 09:49:28
103243,3243,Corrente,Ativa,2023-11-02 04:28:51
103244,3244,Digital,Ativa,2019-04-25 09:48:14
103245,3245,Digital,Ativa,2025-04-18 06:42:25
103246,3246,Corrente,Ativa,2020-09-11 21:38:52
103247,3247,Corrente,Ativa,2025-07-10 15:22:06
103248,3248,Corrente,Ativa,2021-09-01 06:48:14
103249,3249,Corrente,Ativa,2024-03-10 11:02:59
103250,3250,Corrente,Ativa,2024-05-12 05:13:53
103251,3251,Corrente,Ativa,2022-08-13 20:34:17
103252,3252,Corrente,Ativa,2022-04-27 05:05:10
103253,3253,Digital,Ativa,2021-04-13 14:01:09
103254,3254,Corrente,Ativa,2023-04-29 21:14:20
103255,3255,Corrente,Bloqueada,2018-01-01 23:36:59
103256,3256,Corrente,Ativa,2020-11-16 04:02:02
103257,3257,Digital,Ativa,2025-09-14 17:40:33
103258,3258,Corrente,Ativa,2021-12-31 04:24:21
103259,3259,Digital,Ativa,2022-06-10 01:27:36
103260,3260,Digital,Ativa,2025-09-23 20:04:58
103261,3261,Corrente,Ativa,2018-05-18 22:47:43
103262,3262,Digital,Ativa,2019-05-20 21:42:21
103263,3263,Corrente,Ativa,2019-10-24 11:25:27
103264,3264,Corrente,Ativa,2018-11-04 20:00:24
103265,3265,Digital,Ativa,2025-09-30 16:59:16
103266,3266,Digital,Ativa,2025-08-31 04:58:05
103267,3267,Digital,Ativa,2022-11-02 09:18:38
103268,3268,Digital,Ativa,2021-04-29 16:09:29
103269,3269,Corrente,Ativa,2020-01-29 00:24:36
103270,3270,Corrente,Ativa,2020-09-20 17:42:01
103271,3271,Digital,Encerrada,2023-09-02 10:50:05
103272,3272,Corrente,Encerrada,2022-03-04 00:36:34
103273,3273,Corrente,Ativa,2019-02-05 06:44:29
103274,3274,Corrente,Ativa,2023-07-10 04:24:58
103275,3275,Corrente,Ativa,2021-03-23 03:40:13
103276,3276,Corrente,Ativa,2020-07-29 23:11:40
103277,3277,Corrente,Ativa,2022-01-18 17:50:05
103278,3278,Corrente,Ativa,2022-12-16 05:35:26
103279,3279,Corrente,Ativa,2024-12-08 00:51:50
103280,3280,Corrente,Ativa,2018-05-03 22:37:37
103281,3281,Corrente,Ativa,2024-07-08 23:08:13
103282,3282,Corrente,Ativa,2021-09-21 10:21:25
103283,3283,Corrente,Ativa,2025-03-27 03:15:58
103284,3284,Digital,Ativa,2021-04-11 02:39:12
103285,3285,Digital,Ativa,2021-09-10 23:54:49
103286,3286,Corrente,Ativa,2021-03-04 18:55:11
103287,3287,Digital,Ativa,2024-02-01 15:28:50
103288,3288,Corrente,Ativa,2019-07-12 21:46:50
103289,3289,Corrente,Ativa,2019-01-16 19:41:46
103290,3290,Digital,Ativa,2020-07-15 06:59:39
103291,3291,Digital,Ativa,2021-07-29 21:34:12
103292,3292,Corrente,Ativa,2024-07-04 16:24:59
103293,3293,Corrente,Ativa,2024-05-31 00:46:47
103294,3294,Corrente,Ativa,2022-07-03 09:44:22
103295,3295,Corrente,Ativa,2020-07-31 13:06:53
103296,3296,Corrente,Ativa,2019-12-10 12:44:48
103297,3297,Corrente,Bloqueada,2022-11-15 15:58:40
103298,3298,Corrente,Ativa,2023-01-25 21:23:08
103299,3299,Corrente,Ativa,2020-12-05 21:42:13
103300,3300,Corrente,Ativa,2018-02-03 20:50:20
103301,3301,Corrente,Ativa,2022-09-13 12:55:35
103302,3302,Corrente,Ativa,2023-09-15 21:36:18
103303,3303,Corrente,Ativa,2024-12-16 02:12:39
103304,3304,Digital,Ativa,2022-03-29 22:04:23
103305,3305,Corrente,Encerrada,2021-10-27 09:06:56
103306,3306,Corrente,Ativa,2021-03-15 04:20:10
103307,3307,Corrente,Ativa,2021-01-03 15:54:12
103308,3308,Corrente,Ativa,2021-12-11 22:59:54
103309,3309,Corrente,Ativa,2023-12-25 16:17:29
103310,3310,Corrente,Ativa,2021-06-17 13:00:29
103311,3311,Corrente,Ativa,2018-08-07 22:48:09
103312,3312,Corrente,Ativa,2020-10-31 01:11:54
103313,3313,Corrente,Ativa,2023-06-21 10:41:35
103314,3314,Corrente,Ativa,2021-07-17 21:08:59
103315,3315,Digital,Ativa,2024-09-10 05:28:34
103316,3316,Corrente,Ativa,2023-04-09 17:22:48
103317,3317,Digital,Ativa,2021-03-20 14:16:28
103318,3318,Corrente,Ativa,2024-12-29 16:28:26
103319,3319,Corrente,Ativa,2024-05-30 06:06:00
103320,3320,Corrente,Ativa,2024-03-16 22:08:00
103321,3321,Corrente,Encerrada,2020-03-10 07:45:21
103322,3322,Corrente,Ativa,2025-03-13 22:20:50
103323,3323,Corrente,Ativa,2024-03-09 22:19:57
103324,3324,Corrente,Bloqueada,2018-05-10 07:58:55
103325,3325,Corrente,Ativa,2023-09-05 20:44:15
103326,3326,Corrente,Ativa,2025-06-16 16:39:31
103327,3327,Corrente,Ativa,2019-11-27 19:30:03
103328,3328,Digital,Ativa,2018-11-13 16:31:32
103329,3329,Digital,Ativa,2024-09-18 04:14:12
103330,3330,Digital,Ativa,2019-01-06 23:46:49
103331,3331,Corrente,Ativa,2024-09-07 01:04:26
103332,3332,Corrente,Ativa,2020-06-03 02:34:42
103333,3333,Corrente,Ativa,2025-05-20 21:53:25
103334,3334,Digital,Ativa,2025-04-19 21:59:47
103335,3335,Digital,Ativa,2024-08-06 09:01:31
103336,3336,Corrente,Ativa,2024-09-23 20:39:29
103337,3337,Digital,Ativa,2020-09-26 08:04:58
103338,3338,Digital,Ativa,2023-04-20 21:28:32
103339,3339,Corrente,Bloqueada,2025-05-27 02:21:10
103340,3340,Digital,Ativa,2022-09-07 04:48:47
103341,3341,Corrente,Ativa,2023-03-24 22:15:52
103342,3342,Corrente,Ativa,2024-06-20 04:04:41
103343,3343,Corrente,Ativa,2018-08-23 11:58:48
103344,3344,Corrente,Ativa,2025-09-13 03:13:06
103345,3345,Digital,Ativa,2021-05-22 13:28:27
103346,3346,Digital,Ativa,2018-04-20 15:59:26
103347,3347,Corrente,Ativa,2018-07-11 08:31:22
103348,3348,Corrente,Ativa,2021-06-14 09:43:40
103349,3349,Corrente,Ativa,2018-12-22 03:21:18
103350,3350,Corrente,Bloqueada,2020-08-14 19:37:04
103351,3351,Corrente,Ativa,2021-08-05 04:21:44
103352,3352,Corrente,Ativa,2018-12-08 07:15:02
103353,3353,Corrente,Ativa,2022-11-12 21:55:03
103354,3354,Digital,Ativa,2023-04-11 12:10:34
103355,3355,Corrente,Ativa,2021-07-04 10:03:59
103356,3356,Corrente,Ativa,2025-12-30 15:37:18
103357,3357,Corrente,Ativa,2018-07-09 00:31:33
103358,3358,Corrente,Ativa,2024-06-30 17:31:05
103359,3359,Digital,Ativa,2021-07-13 16:41:25
103360,3360,Corrente,Ativa,2024-09-18 08:53:14
103361,3361,Corrente,Bloqueada,2019-12-28 07:35:15
103362,3362,Corrente,Ativa,2022-08-02 22:26:25
103363,3363,Digital,Ativa,2019-09-22 07:29:20
103364,3364,Corrente,Ativa,2025-08-21 21:57:01
103365,3365,Corrente,Ativa,2018-07-11 20:03:01
103366,3366,Corrente,Ativa,2020-02-28 21:49:12
103367,3367,Digital,Ativa,2021-12-11 07:34:17
103368,3368,Corrente,Ativa,2021-06-05 01:48:47
103369,3369,Corrente,Ativa,2018-08-23 03:20:49
103370,3370,Corrente,Ativa,2024-11-14 00:07:12
103371,3371,Corrente,Ativa,2020-12-30 20:05:01
103372,3372,Corrente,Ativa,2023-10-28 07:00:22
103373,3373,Corrente,Ativa,2025-04-05 09:57:49
103374,3374,Corrente,Ativa,2022-02-12 10:48:00
103375,3375,Digital,Ativa,2024-07-15 16:47:20
103376,3376,Digital,Ativa,2022-03-09 15:51:52
103377,3377,Corrente,Ativa,2025-09-25 14:11:38
103378,3378,Corrente,Ativa,2018-04-20 12:16:34
103379,3379,Digital,Bloqueada,2022-02-09 07:51:06
103380,3380,Corrente,Ativa,2023-12-27 09:33:05
103381,3381,Digital,Bloqueada,2018-11-10 10:39:52
103382,3382,Digital,Ativa,2022-12-31 21:20:29
103383,3383,Corrente,Ativa,2024-08-05 17:59:41
103384,3384,Corrente,Bloqueada,2024-02-17 01:47:13
103385,3385,Corrente,Ativa,2021-05-25 06:13:34
103386,3386,Digital,Ativa,2020-03-19 10:23:02
103387,3387,Corrente,Bloqueada,2018-12-13 19:39:56
103388,3388,Corrente,Ativa,2022-10-05 06:32:03
103389,3389,Corrente,Ativa,2023-03-11 13:35:35
103390,3390,Corrente,Ativa,2021-12-07 14:42:03
103391,3391,Corrente,Ativa,2019-10-12 23:38:28
103392,3392,Corrente,Ativa,2021-05-05 20:03:09
103393,3393,Corrente,Encerrada,2023-03-05 17:45:05
103394,3394,Corrente,Ativa,2024-12-12 18:27:24
103395,3395,Corrente,Ativa,2018-03-02 19:46:01
103396,3396,Corrente,Encerrada,2024-02-05 20:20:19
103397,3397,Corrente,Ativa,2019-01-27 13:26:36
103398,3398,Digital,Ativa,2020-09-08 08:01:47
103399,3399,Corrente,Ativa,2018-05-15 10:29:32
103400,3400,Corrente,Ativa,2022-11-10 01:33:10
103401,3401,Corrente,Ativa,2022-04-21 18:15:56
103402,3402,Corrente,Ativa,2022-10-27 04:25:04
103403,3403,Digital,Ativa,2025-04-18 03:16:38
103404,3404,Corrente,Ativa,2025-06-20 23:18:26
103405,3405,Corrente,Ativa,2019-05-19 21:03:27
103406,3406,Corrente,Ativa,2023-04-04 20:25:26
103407,3407,Digital,Ativa,2022-10-08 11:16:18
103408,3408,Corrente,Ativa,2023-10-18 03:14:19
103409,3409,Corrente,Ativa,2019-01-31 17:38:03
103410,3410,Corrente,Ativa,2025-08-24 09:11:19
103411,3411,Corrente,Ativa,2020-11-12 23:01:23
103412,3412,Corrente,Ativa,2019-09-01 20:03:44
103413,3413,Corrente,Ativa,2019-02-15 23:41:19
103414,3414,Corrente,Ativa,2025-06-10 21:33:04
103415,3415,Corrente,Ativa,2024-04-03 05:31:31
103416,3416,Corrente,Ativa,2021-03-13 22:44:24
103417,3417,Corrente,Ativa,2019-09-13 09:36:20
103418,3418,Corrente,Ativa,2022-07-30 23:30:10
103419,3419,Corrente,Ativa,2023-12-15 02:27:00
103420,3420,Corrente,Ativa,2018-01-21 17:33:26
103421,3421,Digital,Ativa,2022-03-23 01:24:18
103422,3422,Digital,Ativa,2020-02-21 16:53:56
103423,3423,Digital,Ativa,2025-10-13 19:28:43
103424,3424,Corrente,Ativa,2021-02-13 04:44:18
103425,3425,Corrente,Ativa,2020-08-14 02:51:12
103426,3426,Corrente,Ativa,2022-07-01 13:29:25
103427,3427,Digital,Ativa,2023-03-05 05:30:42
103428,3428,Digital,Ativa,2021-06-15 12:44:31
103429,3429,Corrente,Ativa,2019-11-04 08:42:57
103430,3430,Corrente,Ativa,2020-09-26 11:22:42
103431,3431,Corrente,Ativa,2023-06-10 08:46:20
103432,3432,Corrente,Ativa,2023-11-11 08:20:52
103433,3433,Digital,Ativa,2025-04-21 08:06:28
103434,3434,Digital,Ativa,2020-06-13 06:45:28
103435,3435,Digital,Ativa,2025-09-27 07:14:19
103436,3436,Corrente,Encerrada,2021-08-30 12:33:19
103437,3437,Digital,Ativa,2019-06-15 18:47:54
103438,3438,Digital,Ativa,2024-03-12 04:06:09
103439,3439,Digital,Ativa,2018-11-26 16:40:26
103440,3440,Corrente,Ativa,2022-01-04 15:25:41
103441,3441,Corrente,Ativa,2021-08-04 09:03:56
103442,3442,Corrente,Ativa,2023-01-16 17:00:40
103443,3443,Corrente,Ativa,2018-12-23 14:48:24
103444,3444,Corrente,Ativa,2023-08-17 09:59:06
103445,3445,Corrente,Ativa,2025-05-16 12:40:53
103446,3446,Digital,Ativa,2019-01-30 05:28:48
103447,3447,Corrente,Ativa,2023-06-28 19:42:56
103448,3448,Digital,Ativa,2019-03-15 07:33:12
103449,3449,Corrente,Ativa,2018-05-19 17:54:06
103450,3450,Corrente,Ativa,2023-01-31 19:23:46
103451,3451,Corrente,Ativa,2021-01-13 00:15:17
103452,3452,Corrente,Ativa,2023-07-29 21:32:48
103453,3453,Digital,Ativa,2022-01-16 08:43:26
103454,3454,Corrente,Ativa,2022-05-16 20:05:23
103455,3455,Corrente,Ativa,2025-11-22 15:07:01
103456,3456,Corrente,Ativa,2021-11-10 09:09:43
103457,3457,Digital,Ativa,2020-02-25 18:17:26
103458,3458,Corrente,Ativa,2020-02-18 07:58:23
103459,3459,Digital,Ativa,2021-03-23 16:42:21
103460,3460,Corrente,Ativa,2019-08-28 10:32:33
103461,3461,Digital,Bloqueada,2022-02-06 14:00:03
103462,3462,Corrente,Ativa,2022-04-07 00:26:44
103463,3463,Corrente,Ativa,2021-02-11 14:06:47
103464,3464,Corrente,Ativa,2023-12-18 09:47:50
103465,3465,Corrente,Ativa,2019-06-26 19:43:31
103466,3466,Digital,Ativa,2020-04-23 12:41:11
103467,3467,Corrente,Ativa,2021-11-28 22:04:26
103468,3468,Corrente,Ativa,2025-10-06 12:41:43
103469,3469,Corrente,Ativa,2018-02-01 07:56:19
103470,3470,Digital,Ativa,2019-09-27 18:24:42
103471,3471,Digital,Ativa,2025-12-10 16:25:47
103472,3472,Digital,Ativa,2024-02-08 22:24:27
103473,3473,Corrente,Encerrada,2021-11-28 02:05:53
103474,3474,Digital,Ativa,2025-03-01 16:27:26
103475,3475,Corrente,Ativa,2023-06-11 06:23:09
103476,3476,Corrente,Ativa,2021-03-05 11:57:06
103477,3477,Corrente,Ativa,2023-05-06 00:29:08
103478,3478,Digital,Ativa,2020-01-20 04:17:33
103479,3479,Corrente,Ativa,2022-04-07 06:22:40
103480,3480,Corrente,Ativa,2019-08-06 08:33:51
103481,3481,Corrente,Ativa,2024-02-23 04:01:55
103482,3482,Digital,Ativa,2024-11-09 11:30:28
103483,3483,Corrente,Ativa,2020-01-05 23:48:43
103484,3484,Digital,Ativa,2024-06-18 07:50:19
103485,3485,Corrente,Ativa,2020-12-19 15:06:08
103486,3486,Corrente,Ativa,2020-04-16 17:59:34
103487,3487,Digital,Bloqueada,2020-06-01 23:20:09
103488,3488,Corrente,Ativa,2024-07-22 14:54:48
103489,3489,Digital,Ativa,2020-11-21 01:27:43
103490,3490,Corrente,Ativa,2025-09-01 01:24:52
103491,3491,Digital,Ativa,2023-05-11 01:10:10
103492,3492,Digital,Ativa,2025-10-29 12:24:56
103493,3493,Corrente,Ativa,2022-10-29 13:50:29
103494,3494,Corrente,Ativa,2022-01-12 13:44:11
103495,3495,Digital,Ativa,2023-11-30 22:09:41
103496,3496,Corrente,Ativa,2021-08-02 13:11:27
103497,3497,Corrente,Ativa,2020-02-08 15:55:21
103498,3498,Corrente,Ativa,2023-04-14 11:03:05
103499,3499,Corrente,Ativa,2018-10-15 20:14:36
103500,3500,Corrente,Ativa,2025-09-07 18:46:10
103501,3501,Digital,Ativa,2025-01-01 18:42:37
103502,3502,Corrente,Ativa,2018-05-11 09:52:16
103503,3503,Digital,Ativa,2019-12-20 04:09:51
103504,3504,Digital,Ativa,2025-12-14 12:37:23
103505,3505,Corrente,Ativa,2018-02-10 12:53:49
103506,3506,Digital,Encerrada,2023-08-06 02:34:59
103507,3507,Digital,Ativa,2024-04-21 06:33:06
103508,3508,Corrente,Ativa,2019-02-08 10:04:44
103509,3509,Digital,Ativa,2018-06-11 08:51:09
103510,3510,Corrente,Ativa,2020-04-08 04:15:54
103511,3511,Digital,Ativa,2025-10-13 13:37:08
103512,3512,Digital,Bloqueada,2020-03-02 04:15:40
103513,3513,Corrente,Ativa,2021-12-12 23:01:33
103514,3514,Corrente,Ativa,2022-01-19 08:02:07
103515,3515,Corrente,Ativa,2023-03-17 06:58:48
103516,3516,Corrente,Ativa,2021-03-04 00:09:12
103517,3517,Corrente,Ativa,2023-10-20 02:09:43
103518,3518,Digital,Ativa,2020-04-13 06:05:15
103519,3519,Digital,Ativa,2020-12-03 11:22:49
103520,3520,Digital,Ativa,2022-04-10 04:52:05
103521,3521,Corrente,Ativa,2023-01-01 19:18:20
103522,3522,Corrente,Ativa,2025-01-25 06:03:31
103523,3523,Corrente,Ativa,2020-08-27 01:22:37
103524,3524,Corrente,Ativa,2022-05-19 17:33:37
103525,3525,Corrente,Ativa,2018-06-11 23:49:51
103526,3526,Corrente,Ativa,2025-12-04 12:30:03
103527,3527,Digital,Ativa,2020-02-02 15:01:00
103528,3528,Digital,Ativa,2019-12-23 13:07:27
103529,3529,Corrente,Bloqueada,2020-10-11 23:25:13
103530,3530,Digital,Ativa,2019-07-20 22:46:23
103531,3531,Corrente,Ativa,2025-08-29 02:49:06
103532,3532,Corrente,Ativa,2021-12-03 12:24:08
103533,3533,Digital,Ativa,2021-05-18 12:23:43
103534,3534,Corrente,Ativa,2019-04-03 16:34:24
103535,3535,Corrente,Ativa,2018-08-11 03:22:23
103536,3536,Corrente,Encerrada,2018-03-29 05:34:14
103537,3537,Corrente,Ativa,2021-12-13 07:18:01
103538,3538,Corrente,Ativa,2022-05-21 20:33:53
103539,3539,Corrente,Ativa,2022-12-17 23:26:12
103540,3540,Digital,Ativa,2025-08-30 23:44:33
103541,3541,Corrente,Ativa,2025-10-26 03:31:57
103542,3542,Corrente,Ativa,2025-04-28 16:00:56
103543,3543,Digital,Ativa,2020-01-16 09:29:40
103544,3544,Digital,Ativa,2025-10-17 21:08:03
103545,3545,Corrente,Ativa,2023-12-14 13:14:06
103546,3546,Corrente,Ativa,2021-07-05 19:12:32
103547,3547,Corrente,Ativa,2024-11-02 17:21:50
103548,3548,Corrente,Bloqueada,2024-06-15 12:18:10
103549,3549,Digital,Ativa,2020-02-15 09:21:56
103550,3550,Digital,Ativa,2022-12-31 22:14:42
103551,3551,Corrente,Ativa,2021-07-24 21:10:15
103552,3552,Corrente,Ativa,2020-09-28 11:16:33
103553,3553,Corrente,Bloqueada,2022-09-23 06:35:07
103554,3554,Corrente,Ativa,2023-09-13 14:43:26
103555,3555,Corrente,Bloqueada,2020-01-11 23:50:09
103556,3556,Digital,Ativa,2025-04-19 23:02:56
103557,3557,Corrente,Ativa,2021-08-28 13:54:35
103558,3558,Corrente,Ativa,2023-07-06 23:24:29
103559,3559,Corrente,Bloqueada,2020-12-05 01:46:24
103560,3560,Digital,Ativa,2024-03-17 21:45:23
103561,3561,Digital,Ativa,2020-07-22 16:11:51
103562,3562,Digital,Ativa,2023-12-04 03:28:55
103563,3563,Corrente,Ativa,2019-05-04 13:13:11
103564,3564,Corrente,Ativa,2020-04-28 12:26:34
103565,3565,Corrente,Ativa,2023-06-12 13:41:04
103566,3566,Digital,Ativa,2019-03-17 07:59:25
103567,3567,Corrente,Ativa,2020-03-06 13:54:08
103568,3568,Digital,Ativa,2025-05-19 11:53:42
103569,3569,Digital,Ativa,2023-03-29 21:08:06
103570,3570,Corrente,Ativa,2019-05-05 08:05:13
103571,3571,Corrente,Ativa,2021-10-28 03:23:57
103572,3572,Corrente,Ativa,2022-11-01 09:27:48
103573,3573,Corrente,Ativa,2021-01-10 04:53:11
103574,3574,Corrente,Ativa,2021-08-13 04:42:45
103575,3575,Corrente,Ativa,2025-01-07 16:04:32
103576,3576,Digital,Ativa,2022-02-01 09:15:57
103577,3577,Digital,Ativa,2024-12-31 16:32:06
103578,3578,Corrente,Ativa,2025-10-28 08:26:54
103579,3579,Digital,Ativa,2022-10-14 14:08:07
103580,3580,Corrente,Ativa,2025-04-21 05:20:59
103581,3581,Corrente,Ativa,2025-05-30 04:58:31
103582,3582,Corrente,Ativa,2018-12-27 14:58:55
103583,3583,Digital,Ativa,2022-06-11 21:19:24
103584,3584,Corrente,Ativa,2021-03-18 11:50:22
103585,3585,Corrente,Ativa,2024-11-27 23:58:32
103586,3586,Corrente,Ativa,2025-09-15 14:24:18
103587,3587,Corrente,Ativa,2024-03-22 11:51:25
103588,3588,Digital,Ativa,2023-03-03 04:21:21
103589,3589,Corrente,Ativa,2019-09-04 10:10:15
103590,3590,Digital,Ativa,2018-09-13 21:50:21
103591,3591,Corrente,Ativa,2022-12-05 21:53:46
103592,3592,Digital,Ativa,2023-06-24 03:01:55
103593,3593,Corrente,Ativa,2023-01-30 11:14:57
103594,3594,Corrente,Ativa,2025-01-02 14:27:29
103595,3595,Digital,Ativa,2021-01-21 13:20:01
103596,3596,Digital,Encerrada,2020-04-26 19:27:41
103597,3597,Corrente,Ativa,2024-07-26 12:49:16
103598,3598,Corrente,Ativa,2025-10-11 02:38:31
103599,3599,Corrente,Ativa,2021-12-26 21:16:40
103600,3600,Digital,Bloqueada,2019-06-30 15:28:10
103601,3601,Digital,Ativa,2018-03-15 22:49:25
103602,3602,Corrente,Ativa,2023-07-12 22:44:23
103603,3603,Corrente,Encerrada,2020-01-19 14:47:10
103604,3604,Corrente,Ativa,2018-05-22 01:25:57
103605,3605,Digital,Ativa,2018-04-09 21:33:04
103606,3606,Corrente,Encerrada,2025-02-22 13:25:30
103607,3607,Corrente,Ativa,2019-05-07 19:03:20
103608,3608,Corrente,Ativa,2018-12-25 01:00:09
103609,3609,Digital,Ativa,2022-03-13 12:48:38
103610,3610,Corrente,Ativa,2024-01-02 10:17:38
103611,3611,Digital,Ativa,2020-06-21 02:20:33
103612,3612,Digital,Ativa,2018-07-01 08:02:32
103613,3613,Digital,Ativa,2025-03-16 13:00:07
103614,3614,Corrente,Ativa,2025-12-12 15:12:52
103615,3615,Corrente,Ativa,2024-12-13 10:20:35
103616,3616,Corrente,Ativa,2021-09-05 15:44:22
103617,3617,Corrente,Bloqueada,2020-02-22 01:53:33
103618,3618,Digital,Ativa,2025-08-18 09:09:01
103619,3619,Digital,Ativa,2021-08-20 14:03:20
103620,3620,Corrente,Ativa,2022-06-10 10:18:15
103621,3621,Corrente,Ativa,2021-03-25 17:05:59
103622,3622,Corrente,Ativa,2020-10-05 22:27:38
103623,3623,Corrente,Ativa,2023-11-03 19:44:49
103624,3624,Corrente,Ativa,2024-04-20 22:02:19
103625,3625,Corrente,Ativa,2024-04-16 11:44:43
103626,3626,Digital,Ativa,2020-03-26 23:13:13
103627,3627,Digital,Ativa,2019-01-18 05:16:56
103628,3628,Corrente,Ativa,2020-01-03 04:13:53
103629,3629,Corrente,Ativa,2018-12-18 15:08:39
103630,3630,Corrente,Ativa,2025-10-05 21:09:40
103631,3631,Corrente,Ativa,2025-01-30 23:12:53
103632,3632,Digital,Ativa,2025-08-21 06:16:41
103633,3633,Corrente,Ativa,2019-03-07 23:15:36
103634,3634,Corrente,Ativa,2019-09-16 13:45:11
103635,3635,Corrente,Ativa,2024-11-10 18:39:00
103636,3636,Corrente,Ativa,2024-02-03 09:02:13
103637,3637,Corrente,Ativa,2019-01-25 06:08:04
103638,3638,Corrente,Bloqueada,2020-08-23 13:48:56
103639,3639,Digital,Ativa,2022-01-19 23:43:06
103640,3640,Corrente,Ativa,2019-12-19 21:20:43
103641,3641,Corrente,Ativa,2022-08-02 10:40:04
103642,3642,Corrente,Ativa,2022-09-21 18:12:21
103643,3643,Corrente,Ativa,2023-11-18 07:08:16
103644,3644,Corrente,Ativa,2023-11-21 06:32:47
103645,3645,Corrente,Ativa,2018-11-05 08:53:11
103646,3646,Corrente,Ativa,2024-12-10 12:21:01
103647,3647,Corrente,Ativa,2022-01-10 16:15:19
103648,3648,Digital,Ativa,2021-06-24 01:04:13
103649,3649,Digital,Ativa,2023-04-15 10:27:35
103650,3650,Digital,Ativa,2024-11-01 23:59:40
103651,3651,Corrente,Ativa,2024-05-26 22:43:09
103652,3652,Corrente,Ativa,2018-11-04 10:09:15
103653,3653,Corrente,Ativa,2022-03-11 15:49:42
103654,3654,Corrente,Ativa,2025-09-09 16:28:22
103655,3655,Digital,Ativa,2019-06-06 14:19:49
103656,3656,Corrente,Ativa,2020-12-10 02:46:00
103657,3657,Digital,Ativa,2023-02-11 01:02:12
103658,3658,Corrente,Ativa,2023-02-05 15:08:31
103659,3659,Corrente,Ativa,2025-07-20 22:16:40
103660,3660,Corrente,Ativa,2019-03-28 05:10:05
103661,3661,Digital,Ativa,2020-03-18 19:45:44
103662,3662,Corrente,Ativa,2022-08-15 12:24:03
103663,3663,Corrente,Ativa,2024-06-04 13:33:28
103664,3664,Corrente,Ativa,2020-12-25 11:58:31
103665,3665,Corrente,Bloqueada,2025-03-13 02:24:45
103666,3666,Corrente,Ativa,2019-09-16 02:17:30
103667,3667,Corrente,Ativa,2021-05-08 16:26:44
103668,3668,Corrente,Ativa,2025-03-02 00:25:19
103669,3669,Corrente,Ativa,2020-04-06 17:02:33
103670,3670,Corrente,Ativa,2022-02-20 17:26:54
103671,3671,Corrente,Ativa,2021-05-09 19:57:46
103672,3672,Corrente,Ativa,2022-04-12 22:48:02
103673,3673,Corrente,Ativa,2025-04-08 09:28:08
103674,3674,Corrente,Ativa,2024-03-21 20:23:30
103675,3675,Corrente,Ativa,2024-12-21 09:16:02
103676,3676,Corrente,Ativa,2019-06-08 02:15:46
103677,3677,Digital,Ativa,2024-10-12 18:17:36
103678,3678,Corrente,Ativa,2020-02-28 23:33:41
103679,3679,Digital,Ativa,2022-08-18 17:44:50
103680,3680,Corrente,Ativa,2022-08-06 03:19:53
103681,3681,Corrente,Bloqueada,2020-10-12 11:51:42
103682,3682,Corrente,Ativa,2023-06-29 02:12:34
103683,3683,Digital,Ativa,2022-05-23 18:40:24
103684,3684,Digital,Ativa,2019-12-23 13:44:06
103685,3685,Corrente,Ativa,2018-09-18 08:02:07
103686,3686,Corrente,Ativa,2022-06-27 14:46:54
103687,3687,Digital,Ativa,2022-05-28 20:55:57
103688,3688,Corrente,Ativa,2018-09-10 03:39:35
103689,3689,Corrente,Ativa,2025-11-21 18:00:00
103690,3690,Corrente,Ativa,2021-12-14 09:59:19
103691,3691,Corrente,Ativa,2019-05-30 19:15:27
103692,3692,Corrente,Ativa,2025-03-02 19:38:15
103693,3693,Digital,Ativa,2021-04-06 23:30:19
103694,3694,Digital,Ativa,2019-01-20 10:28:43
103695,3695,Corrente,Ativa,2022-03-08 01:59:57
103696,3696,Digital,Ativa,2020-04-16 05:15:35
103697,3697,Corrente,Ativa,2021-01-23 13:10:29
103698,3698,Digital,Ativa,2024-02-13 07:39:21
103699,3699,Corrente,Ativa,2021-01-25 03:31:25
103700,3700,Digital,Ativa,2018-10-10 11:31:16
103701,3701,Corrente,Ativa,2025-01-03 10:45:14
103702,3702,Digital,Ativa,2018-02-24 14:50:32
103703,3703,Digital,Ativa,2023-01-01 00:50:30
103704,3704,Corrente,Ativa,2021-06-14 18:34:35
103705,3705,Corrente,Ativa,2025-11-15 11:45:35
103706,3706,Corrente,Ativa,2025-05-30 15:25:18
103707,3707,Corrente,Ativa,2024-07-23 01:50:05
103708,3708,Digital,Ativa,2023-11-22 22:17:03
103709,3709,Corrente,Ativa,2018-06-25 08:20:00
103710,3710,Corrente,Ativa,2025-11-11 07:12:26
103711,3711,Corrente,Ativa,2020-09-11 07:01:20
103712,3712,Corrente,Ativa,2023-02-13 19:54:24
103713,3713,Digital,Ativa,2022-06-22 18:10:59
103714,3714,Corrente,Ativa,2018-08-08 19:29:12
103715,3715,Corrente,Ativa,2024-10-10 11:29:19
103716,3716,Corrente,Ativa,2024-11-26 19:57:22
103717,3717,Digital,Ativa,2020-09-12 09:56:25
103718,3718,Corrente,Ativa,2020-07-30 05:58:08
103719,3719,Digital,Ativa,2018-12-25 00:42:55
103720,3720,Digital,Ativa,2018-01-13 19:28:29
103721,3721,Corrente,Ativa,2025-10-27 05:44:00
103722,3722,Digital,Ativa,2018-03-25 16:49:54
103723,3723,Corrente,Ativa,2025-03-04 08:18:04
103724,3724,Digital,Ativa,2018-08-31 21:34:06
103725,3725,Corrente,Ativa,2023-02-07 21:40:10
103726,3726,Corrente,Ativa,2019-12-06 14:32:30
103727,3727,Corrente,Ativa,2019-06-29 23:16:54
103728,3728,Corrente,Ativa,2023-09-25 07:16:23
103729,3729,Corrente,Ativa,2022-11-15 07:38:43
103730,3730,Digital,Ativa,2021-02-04 05:36:43
103731,3731,Digital,Ativa,2021-06-15 12:39:29
103732,3732,Digital,Ativa,2018-02-21 12:42:46
103733,3733,Corrente,Ativa,2022-05-03 01:57:12
103734,3734,Corrente,Ativa,2018-04-04 16:18:01
103735,3735,Digital,Ativa,2022-01-08 04:39:01
103736,3736,Digital,Ativa,2020-06-09 02:04:45
103737,3737,Corrente,Ativa,2020-09-21 16:48:33
103738,3738,Digital,Ativa,2020-11-08 21:46:00
103739,3739,Corrente,Encerrada,2023-10-03 23:52:38
103740,3740,Corrente,Ativa,2023-02-05 21:26:48
103741,3741,Digital,Bloqueada,2024-11-20 08:40:26
103742,3742,Digital,Ativa,2022-10-16 16:28:49
103743,3743,Corrente,Ativa,2018-09-17 01:53:29
103744,3744,Corrente,Ativa,2018-10-17 23:25:23
103745,3745,Corrente,Ativa,2020-10-17 10:22:39
103746,3746,Digital,Ativa,2019-08-06 03:00:53
103747,3747,Corrente,Encerrada,2021-09-04 16:48:41
103748,3748,Digital,Ativa,2022-07-18 09:07:02
103749,3749,Corrente,Ativa,2025-10-23 07:49:01
103750,3750,Corrente,Ativa,2019-08-13 16:17:06
103751,3751,Corrente,Ativa,2025-03-06 06:33:17
103752,3752,Digital,Ativa,2023-04-24 16:38:52
103753,3753,Corrente,Ativa,2019-12-23 14:44:09
103754,3754,Corrente,Ativa,2022-09-14 21:28:42
103755,3755,Corrente,Ativa,2021-07-12 17:16:26
103756,3756,Corrente,Ativa,2019-11-23 10:23:16
103757,3757,Corrente,Ativa,2023-02-06 11:36:10
103758,3758,Corrente,Ativa,2022-09-01 05:41:23
103759,3759,Corrente,Ativa,2025-08-03 02:19:48
103760,3760,Corrente,Ativa,2020-04-29 10:28:21
103761,3761,Corrente,Ativa,2018-06-24 04:24:53
103762,3762,Digital,Ativa,2023-12-16 20:15:41
103763,3763,Corrente,Ativa,2018-11-30 01:44:37
103764,3764,Digital,Ativa,2021-05-08 16:52:29
103765,3765,Corrente,Ativa,2021-02-21 03:16:37
103766,3766,Digital,Ativa,2019-08-09 20:18:23
103767,3767,Corrente,Ativa,2024-06-30 11:30:39
103768,3768,Corrente,Ativa,2024-04-11 21:14:11
103769,3769,Corrente,Ativa,2021-10-26 13:37:53
103770,3770,Corrente,Ativa,2019-09-28 22:01:29
103771,3771,Corrente,Ativa,2025-07-23 15:16:22
103772,3772,Corrente,Ativa,2023-03-29 10:00:54
103773,3773,Digital,Ativa,2023-01-06 09:18:50
103774,3774,Corrente,Ativa,2021-11-23 14:46:10
103775,3775,Corrente,Ativa,2025-05-21 20:32:13
103776,3776,Digital,Ativa,2023-12-17 16:47:42
103777,3777,Corrente,Ativa,2019-03-17 21:10:12
103778,3778,Corrente,Ativa,2022-10-10 19:20:37
103779,3779,Digital,Ativa,2024-09-09 19:00:57
103780,3780,Digital,Ativa,2018-10-31 22:28:40
103781,3781,Corrente,Ativa,2021-03-05 11:35:30
103782,3782,Corrente,Ativa,2025-02-17 21:24:28
103783,3783,Corrente,Ativa,2021-03-01 08:40:18
103784,3784,Corrente,Ativa,2023-03-17 16:49:56
103785,3785,Digital,Ativa,2023-01-17 17:54:57
103786,3786,Digital,Ativa,2021-07-07 23:14:10
103787,3787,Corrente,Ativa,2025-01-16 21:50:22
103788,3788,Corrente,Ativa,2018-05-10 12:47:58
103789,3789,Corrente,Ativa,2022-12-22 12:13:41
103790,3790,Digital,Ativa,2025-04-16 10:53:54
103791,3791,Digital,Ativa,2018-01-30 01:50:08
103792,3792,Corrente,Ativa,2020-07-20 03:25:42
103793,3793,Corrente,Ativa,2019-02-12 15:14:46
103794,3794,Corrente,Ativa,2025-08-25 20:29:53
103795,3795,Corrente,Ativa,2018-11-20 10:35:48
103796,3796,Corrente,Ativa,2020-08-07 20:52:44
103797,3797,Corrente,Ativa,2024-01-29 07:07:14
103798,3798,Corrente,Encerrada,2024-05-11 22:17:11
103799,3799,Digital,Ativa,2024-08-19 05:02:27
103800,3800,Digital,Ativa,2021-02-07 18:51:14
103801,3801,Digital,Ativa,2019-09-16 21:48:33
103802,3802,Corrente,Ativa,2018-12-12 06:22:21
103803,3803,Digital,Ativa,2018-04-26 14:15:42
103804,3804,Corrente,Ativa,2020-06-20 07:32:40
103805,3805,Corrente,Ativa,2020-10-19 02:47:38
103806,3806,Corrente,Ativa,2018-06-28 13:17:24
103807,3807,Corrente,Ativa,2024-08-04 09:51:52
103808,3808,Corrente,Ativa,2025-03-29 18:41:59
103809,3809,Corrente,Ativa,2019-04-16 22:03:30
103810,3810,Corrente,Ativa,2019-06-20 13:08:19
103811,3811,Digital,Ativa,2022-12-22 17:35:55
103812,3812,Digital,Ativa,2023-07-07 04:30:45
103813,3813,Corrente,Ativa,2018-01-24 02:14:02
103814,3814,Corrente,Ativa,2018-06-01 07:05:29
103815,3815,Corrente,Ativa,2020-03-26 19:20:43
103816,3816,Digital,Bloqueada,2022-12-25 00:05:51
103817,3817,Corrente,Ativa,2021-02-19 13:21:08
103818,3818,Corrente,Ativa,2021-11-01 22:17:13
103819,3819,Corrente,Ativa,2020-02-24 08:31:37
103820,3820,Corrente,Ativa,2018-03-22 01:37:54
103821,3821,Digital,Ativa,2018-09-26 00:33:40
103822,3822,Corrente,Ativa,2024-04-06 20:42:12
103823,3823,Digital,Ativa,2018-12-27 21:09:44
103824,3824,Corrente,Ativa,2023-02-25 13:46:43
103825,3825,Corrente,Ativa,2018-06-15 14:39:19
103826,3826,Digital,Ativa,2021-03-29 06:01:07
103827,3827,Digital,Ativa,2021-04-26 16:06:17
103828,3828,Digital,Ativa,2023-06-23 14:56:01
103829,3829,Corrente,Ativa,2021-07-02 23:28:34
103830,3830,Digital,Ativa,2021-04-20 00:21:16
103831,3831,Corrente,Ativa,2023-07-30 04:38:59
103832,3832,Digital,Ativa,2021-07-07 12:07:35
103833,3833,Corrente,Ativa,2018-12-02 21:14:03
103834,3834,Corrente,Ativa,2025-08-07 14:05:47
103835,3835,Corrente,Ativa,2018-10-17 06:16:21
103836,3836,Corrente,Ativa,2019-07-10 07:19:25
103837,3837,Corrente,Ativa,2018-12-17 10:41:43
103838,3838,Corrente,Ativa,2018-02-10 02:34:19
103839,3839,Digital,Ativa,2020-12-21 22:56:09
103840,3840,Digital,Ativa,2023-01-17 05:11:32
103841,3841,Corrente,Ativa,2020-05-11 15:21:08
103842,3842,Corrente,Ativa,2019-06-10 22:02:31
103843,3843,Corrente,Ativa,2022-04-04 18:20:35
103844,3844,Digital,Ativa,2018-07-19 02:06:20
103845,3845,Corrente,Ativa,2018-10-13 16:55:30
103846,3846,Corrente,Ativa,2025-10-06 05:41:45
103847,3847,Digital,Ativa,2022-05-05 08:35:42
103848,3848,Corrente,Ativa,2018-09-22 03:41:53
103849,3849,Corrente,Ativa,2025-12-06 21:44:44
103850,3850,Digital,Ativa,2018-03-25 05:49:15
103851,3851,Digital,Ativa,2018-04-03 07:50:15
103852,3852,Corrente,Ativa,2020-02-13 09:20:43
103853,3853,Corrente,Ativa,2023-12-28 19:25:01
103854,3854,Corrente,Ativa,2024-09-20 09:11:48
103855,3855,Digital,Ativa,2022-02-01 06:38:51
103856,3856,Corrente,Ativa,2019-05-21 19:37:25
103857,3857,Corrente,Ativa,2025-02-05 15:17:17
103858,3858,Corrente,Ativa,2021-05-04 13:15:08
103859,3859,Corrente,Ativa,2023-02-10 10:48:24
103860,3860,Digital,Ativa,2018-08-29 23:02:21
103861,3861,Digital,Ativa,2024-11-14 01:45:16
103862,3862,Digital,Encerrada,2018-12-12 13:15:14
103863,3863,Corrente,Ativa,2022-09-20 00:45:34
103864,3864,Digital,Ativa,2023-05-12 10:08:19
103865,3865,Corrente,Ativa,2024-02-19 16:31:55
103866,3866,Corrente,Ativa,2022-05-13 00:55:45
103867,3867,Corrente,Ativa,2018-01-22 04:39:01
103868,3868,Digital,Ativa,2022-05-23 06:53:02
103869,3869,Corrente,Ativa,2019-01-22 17:00:44
103870,3870,Corrente,Ativa,2018-09-02 22:53:51
103871,3871,Corrente,Ativa,2022-04-09 16:21:12
103872,3872,Corrente,Ativa,2018-07-01 13:28:31
103873,3873,Digital,Ativa,2023-03-28 07:01:31
103874,3874,Corrente,Ativa,2019-03-06 16:05:53
103875,3875,Corrente,Ativa,2023-04-01 21:03:00
103876,3876,Digital,Bloqueada,2023-08-23 07:54:33
103877,3877,Corrente,Ativa,2021-06-22 10:45:36
103878,3878,Corrente,Ativa,2020-03-21 07:29:16
103879,3879,Corrente,Ativa,2019-08-09 23:09:47
103880,3880,Corrente,Ativa,2022-04-01 00:00:12
103881,3881,Corrente,Ativa,2024-10-22 13:02:27
103882,3882,Corrente,Ativa,2018-12-22 04:08:47
103883,3883,Corrente,Ativa,2025-06-18 14:20:23
103884,3884,Digital,Encerrada,2018-08-01 19:23:46
103885,3885,Digital,Bloqueada,2023-10-18 14:16:19
103886,3886,Digital,Ativa,2025-06-19 19:37:37
103887,3887,Corrente,Ativa,2021-08-14 12:23:52
103888,3888,Corrente,Ativa,2023-06-11 17:09:08
103889,3889,Corrente,Ativa,2024-07-13 22:50:42
103890,3890,Corrente,Ativa,2025-12-20 21:09:30
103891,3891,Corrente,Ativa,2023-04-04 17:53:14
103892,3892,Corrente,Ativa,2018-08-23 11:39:53
103893,3893,Corrente,Ativa,2022-10-10 20:27:07
103894,3894,Digital,Ativa,2020-12-07 16:42:50
103895,3895,Corrente,Ativa,2022-05-31 16:14:48
103896,3896,Digital,Ativa,2020-12-08 19:03:34
103897,3897,Corrente,Ativa,2020-07-07 06:01:00
103898,3898,Digital,Ativa,2024-02-25 23:31:12
103899,3899,Corrente,Ativa,2021-05-21 04:31:47
103900,3900,Corrente,Ativa,2020-12-30 01:49:02
103901,3901,Corrente,Ativa,2024-04-03 23:36:38
103902,3902,Digital,Ativa,2018-10-17 09:24:19
103903,3903,Corrente,Ativa,2019-08-24 11:49:10
103904,3904,Corrente,Ativa,2025-09-05 02:57:06
103905,3905,Corrente,Ativa,2022-11-04 13:39:31
103906,3906,Corrente,Ativa,2025-04-15 15:55:39
103907,3907,Corrente,Ativa,2018-05-23 19:06:04
103908,3908,Corrente,Ativa,2025-06-27 07:36:51
103909,3909,Digital,Ativa,2024-12-13 10:18:35
103910,3910,Corrente,Bloqueada,2025-08-30 21:11:37
103911,3911,Digital,Ativa,2018-05-03 22:22:52
103912,3912,Corrente,Ativa,2020-11-26 13:51:30
103913,3913,Corrente,Ativa,2024-07-14 21:12:57
103914,3914,Corrente,Ativa,2023-10-23 12:38:53
103915,3915,Digital,Ativa,2024-11-11 19:54:01
103916,3916,Corrente,Ativa,2018-12-19 18:57:40
103917,3917,Digital,Ativa,2020-04-16 16:26:59
103918,3918,Corrente,Ativa,2025-10-30 20:44:34
103919,3919,Corrente,Ativa,2025-07-11 05:39:00
103920,3920,Corrente,Ativa,2024-09-11 18:42:49
103921,3921,Digital,Bloqueada,2022-07-14 10:19:52
103922,3922,Corrente,Ativa,2022-12-01 19:00:26
103923,3923,Corrente,Ativa,2025-12-11 14:55:28
103924,3924,Corrente,Ativa,2018-01-14 10:51:09
103925,3925,Corrente,Ativa,2023-08-20 13:57:49
103926,3926,Digital,Ativa,2021-11-20 23:21:23
103927,3927,Corrente,Ativa,2023-01-30 23:18:04
103928,3928,Corrente,Ativa,2020-04-10 01:33:10
103929,3929,Corrente,Ativa,2019-01-12 17:52:35
103930,3930,Corrente,Encerrada,2023-09-02 21:39:35
103931,3931,Corrente,Ativa,2018-01-03 08:43:10
103932,3932,Corrente,Bloqueada,2018-12-29 06:37:10
103933,3933,Corrente,Ativa,2025-11-11 04:57:24
103934,3934,Corrente,Ativa,2020-10-07 18:51:21
103935,3935,Corrente,Ativa,2023-07-02 03:01:55
103936,3936,Corrente,Ativa,2025-04-18 19:30:47
103937,3937,Corrente,Ativa,2018-07-09 04:32:48
103938,3938,Corrente,Ativa,2018-02-25 04:08:01
103939,3939,Digital,Ativa,2019-01-13 10:05:08
103940,3940,Corrente,Ativa,2020-03-26 17:30:01
103941,3941,Digital,Ativa,2018-05-14 12:21:26
103942,3942,Corrente,Ativa,2019-02-15 21:48:08
103943,3943,Corrente,Ativa,2022-07-09 12:09:38
103944,3944,Corrente,Ativa,2025-08-14 01:27:16
103945,3945,Corrente,Ativa,2021-05-27 03:38:18
103946,3946,Corrente,Ativa,2025-10-02 18:09:21
103947,3947,Digital,Ativa,2024-04-12 10:31:33
103948,3948,Corrente,Ativa,2021-08-10 07:18:13
103949,3949,Corrente,Ativa,2018-10-06 00:43:31
103950,3950,Corrente,Ativa,2023-01-06 16:10:21
103951,3951,Digital,Ativa,2021-03-10 02:50:52
103952,3952,Corrente,Ativa,2020-03-14 04:38:25
103953,3953,Corrente,Ativa,2019-08-06 20:17:51
103954,3954,Corrente,Ativa,2018-04-28 09:25:18
103955,3955,Digital,Ativa,2024-11-23 12:45:27
103956,3956,Corrente,Ativa,2019-10-29 02:23:42
103957,3957,Corrente,Ativa,2021-03-16 09:26:36
103958,3958,Digital,Ativa,2022-06-18 06:16:32
103959,3959,Corrente,Ativa,2024-08-18 17:11:29
103960,3960,Digital,Ativa,2024-06-23 22:14:27
103961,3961,Corrente,Ativa,2021-05-08 08:47:08
103962,3962,Corrente,Ativa,2024-12-05 03:59:25
103963,3963,Corrente,Ativa,2025-01-21 09:07:55
103964,3964,Digital,Ativa,2020-01-20 15:12:11
103965,3965,Corrente,Ativa,2020-03-06 11:14:40
103966,3966,Corrente,Ativa,2024-07-05 08:36:53
103967,3967,Digital,Ativa,2019-02-24 13:07:54
103968,3968,Corrente,Ativa,2025-11-01 00:33:51
103969,3969,Digital,Ativa,2024-01-06 20:17:37
103970,3970,Corrente,Ativa,2021-03-24 16:46:58
103971,3971,Corrente,Ativa,2018-09-24 08:54:02
103972,3972,Corrente,Ativa,2022-09-16 04:02:16
103973,3973,Corrente,Ativa,2018-09-24 05:14:46
103974,3974,Digital,Ativa,2018-02-02 20:56:35
103975,3975,Corrente,Encerrada,2025-09-02 20:06:51
103976,3976,Digital,Ativa,2020-09-21 01:03:37
103977,3977,Corrente,Ativa,2025-11-19 13:20:31
103978,3978,Corrente,Ativa,2018-03-28 03:18:36
103979,3979,Corrente,Encerrada,2020-03-23 13:31:15
103980,3980,Corrente,Ativa,2023-08-29 18:55:21
103981,3981,Corrente,Ativa,2022-01-11 05:34:04
103982,3982,Corrente,Bloqueada,2022-03-28 20:20:37
103983,3983,Digital,Ativa,2024-12-26 15:25:11
103984,3984,Corrente,Bloqueada,2022-02-11 06:39:06
103985,3985,Corrente,Ativa,2022-06-29 03:20:56
103986,3986,Corrente,Ativa,2019-10-22 05:36:14
103987,3987,Corrente,Ativa,2024-03-20 03:40:28
103988,3988,Digital,Ativa,2022-06-15 09:04:35
103989,3989,Corrente,Ativa,2024-02-15 20:30:29
103990,3990,Corrente,Ativa,2021-12-07 23:15:45
103991,3991,Corrente,Ativa,2022-04-13 17:25:53
103992,3992,Corrente,Ativa,2025-02-02 20:18:39
103993,3993,Corrente,Ativa,2021-08-16 11:05:09
103994,3994,Corrente,Encerrada,2020-11-04 23:43:20
103995,3995,Corrente,Ativa,2020-06-18 19:42:58
103996,3996,Corrente,Ativa,2024-07-19 08:21:07
103997,3997,Digital,Ativa,2023-08-02 19:08:42
103998,3998,Corrente,Ativa,2020-02-24 12:14:48
103999,3999,Corrente,Ativa,2025-05-07 05:06:50
104000,4000,Corrente,Ativa,2019-09-23 22:10:54
104001,4001,Corrente,Ativa,2021-12-30 18:51:08
104002,4002,Corrente,Ativa,2018-07-12 09:06:28
104003,4003,Digital,Ativa,2020-06-29 22:50:48
104004,4004,Corrente,Ativa,2021-11-25 23:33:40
104005,4005,Corrente,Ativa,2020-09-08 04:27:00
104006,4006,Corrente,Ativa,2023-10-13 05:29:42
104007,4007,Corrente,Ativa,2019-12-21 04:55:10
104008,4008,Digital,Bloqueada,2025-01-19 22:07:27
104009,4009,Corrente,Bloqueada,2020-12-17 05:50:13
104010,4010,Corrente,Encerrada,2021-09-11 16:19:53
104011,4011,Digital,Ativa,2020-03-23 06:07:06
104012,4012,Digital,Ativa,2025-09-11 08:28:41
104013,4013,Digital,Ativa,2019-09-09 04:21:53
104014,4014,Corrente,Ativa,2019-07-21 08:26:53
104015,4015,Corrente,Ativa,2022-02-28 20:31:36
104016,4016,Corrente,Ativa,2021-07-15 08:31:17
104017,4017,Corrente,Ativa,2024-03-06 22:22:07
104018,4018,Corrente,Ativa,2022-05-23 11:58:24
104019,4019,Digital,Ativa,2024-12-05 05:48:49
104020,4020,Corrente,Ativa,2019-10-03 13:23:50
104021,4021,Corrente,Ativa,2022-08-14 15:31:55
104022,4022,Corrente,Ativa,2021-04-29 18:41:53
104023,4023,Corrente,Bloqueada,2024-07-19 13:59:33
104024,4024,Corrente,Ativa,2019-04-25 07:41:21
104025,4025,Digital,Ativa,2025-05-06 22:54:37
104026,4026,Digital,Ativa,2021-02-06 01:17:35
104027,4027,Corrente,Ativa,2024-02-03 17:16:25
104028,4028,Digital,Ativa,2019-12-26 17:34:28
104029,4029,Corrente,Bloqueada,2020-10-07 18:51:01
104030,4030,Corrente,Ativa,2019-12-09 18:58:23
104031,4031,Corrente,Ativa,2018-12-05 03:22:46
104032,4032,Corrente,Ativa,2018-05-07 20:10:22
104033,4033,Digital,Ativa,2024-06-19 19:53:48
104034,4034,Corrente,Ativa,2020-03-18 00:55:12
104035,4035,Corrente,Ativa,2018-06-20 08:36:01
104036,4036,Digital,Encerrada,2019-09-21 04:37:05
104037,4037,Corrente,Ativa,2019-12-30 11:05:52
104038,4038,Corrente,Ativa,2020-03-11 02:12:18
104039,4039,Corrente,Ativa,2018-10-19 07:11:07
104040,4040,Corrente,Ativa,2022-06-14 06:37:57
104041,4041,Corrente,Ativa,2023-06-29 13:25:31
104042,4042,Digital,Ativa,2020-04-28 21:06:18
104043,4043,Corrente,Ativa,2020-12-28 08:44:24
104044,4044,Corrente,Ativa,2020-02-10 04:33:22
104045,4045,Corrente,Ativa,2023-01-10 09:20:59
104046,4046,Corrente,Ativa,2022-11-19 01:08:46
104047,4047,Digital,Ativa,2020-11-26 22:38:42
104048,4048,Digital,Ativa,2021-01-31 04:07:29
104049,4049,Corrente,Ativa,2024-09-10 03:45:48
104050,4050,Corrente,Ativa,2025-08-02 11:45:35
104051,4051,Digital,Ativa,2025-06-13 08:02:25
104052,4052,Corrente,Bloqueada,2021-07-30 03:42:46
104053,4053,Corrente,Ativa,2023-03-17 03:05:39
104054,4054,Corrente,Ativa,2019-12-22 19:52:53
104055,4055,Corrente,Ativa,2020-06-27 15:02:15
104056,4056,Corrente,Ativa,2022-05-18 04:00:13
104057,4057,Corrente,Ativa,2025-09-14 16:58:53
104058,4058,Corrente,Ativa,2022-04-06 14:21:24
104059,4059,Corrente,Ativa,2022-07-05 12:49:32
104060,4060,Corrente,Ativa,2019-11-03 05:38:58
104061,4061,Corrente,Bloqueada,2025-03-31 19:29:37
104062,4062,Digital,Encerrada,2019-05-15 09:58:07
104063,4063,Digital,Ativa,2024-09-09 18:03:42
104064,4064,Corrente,Ativa,2023-07-10 05:36:05
104065,4065,Corrente,Ativa,2022-11-10 17:22:50
104066,4066,Digital,Ativa,2024-05-03 14:46:35
104067,4067,Corrente,Ativa,2018-11-21 06:56:23
104068,4068,Digital,Ativa,2019-09-21 10:57:48
104069,4069,Digital,Ativa,2022-03-14 00:42:34
104070,4070,Corrente,Ativa,2020-07-04 14:09:13
104071,4071,Corrente,Ativa,2020-04-03 02:17:07
104072,4072,Digital,Ativa,2019-06-04 05:23:45
104073,4073,Corrente,Ativa,2018-08-12 02:45:06
104074,4074,Corrente,Ativa,2019-10-06 17:34:23
104075,4075,Corrente,Ativa,2022-09-09 21:43:59
104076,4076,Corrente,Ativa,2024-10-09 13:02:42
104077,4077,Digital,Ativa,2019-08-02 21:52:14
104078,4078,Corrente,Ativa,2023-01-31 08:15:53
104079,4079,Corrente,Ativa,2025-10-25 09:51:31
104080,4080,Digital,Ativa,2018-11-19 18:31:49
104081,4081,Digital,Ativa,2024-08-03 11:31:24
104082,4082,Digital,Ativa,2024-12-13 02:23:36
104083,4083,Corrente,Ativa,2023-09-29 02:20:27
104084,4084,Digital,Ativa,2021-11-17 10:39:09
104085,4085,Corrente,Ativa,2025-01-08 00:49:29
104086,4086,Digital,Ativa,2022-05-09 09:05:59
104087,4087,Corrente,Ativa,2018-04-19 22:26:07
104088,4088,Digital,Ativa,2020-04-16 05:06:04
104089,4089,Corrente,Ativa,2019-10-19 05:16:27
104090,4090,Corrente,Ativa,2025-06-11 05:27:52
104091,4091,Corrente,Ativa,2025-08-28 13:40:37
104092,4092,Digital,Ativa,2020-07-15 06:41:33
104093,4093,Digital,Ativa,2019-02-01 14:14:36
104094,4094,Corrente,Ativa,2024-04-12 14:02:25
104095,4095,Corrente,Ativa,2018-09-29 21:13:03
104096,4096,Digital,Bloqueada,2021-08-24 01:21:40
104097,4097,Corrente,Ativa,2025-04-13 15:50:17
104098,4098,Corrente,Ativa,2018-12-23 05:46:58
104099,4099,Digital,Ativa,2019-07-28 17:51:30
104100,4100,Corrente,Ativa,2018-04-02 18:12:09
104101,4101,Corrente,Ativa,2018-05-16 00:48:59
104102,4102,Corrente,Ativa,2020-10-29 22:56:48
104103,4103,Digital,Encerrada,2025-08-21 12:27:38
104104,4104,Corrente,Ativa,2022-05-14 09:48:35
104105,4105,Corrente,Ativa,2023-03-01 02:36:18
104106,4106,Corrente,Ativa,2021-11-09 16:15:34
104107,4107,Corrente,Ativa,2022-01-05 17:36:05
104108,4108,Corrente,Ativa,2018-06-16 22:29:33
104109,4109,Corrente,Ativa,2019-09-11 16:46:19
104110,4110,Corrente,Ativa,2022-03-25 21:04:00
104111,4111,Corrente,Ativa,2025-04-21 23:02:05
104112,4112,Corrente,Ativa,2020-09-23 02:05:08
104113,4113,Corrente,Ativa,2025-06-16 09:27:54
104114,4114,Digital,Ativa,2024-03-01 18:26:29
104115,4115,Corrente,Ativa,2021-10-29 00:25:46
104116,4116,Digital,Ativa,2024-11-26 07:34:32
104117,4117,Digital,Ativa,2023-05-31 18:10:17
104118,4118,Corrente,Ativa,2021-07-15 23:37:25
104119,4119,Corrente,Ativa,2023-10-31 18:23:38
104120,4120,Corrente,Ativa,2021-08-19 16:36:07
104121,4121,Corrente,Ativa,2024-06-11 20:44:33
104122,4122,Corrente,Ativa,2022-01-14 22:34:24
104123,4123,Corrente,Ativa,2023-10-15 12:40:13
104124,4124,Digital,Ativa,2025-02-19 06:50:38
104125,4125,Digital,Ativa,2019-03-12 00:39:12
104126,4126,Corrente,Ativa,2018-12-06 07:08:22
104127,4127,Corrente,Ativa,2024-05-31 04:45:18
104128,4128,Corrente,Ativa,2018-09-30 02:07:27
104129,4129,Corrente,Ativa,2022-04-04 18:23:26
104130,4130,Corrente,Ativa,2019-06-13 23:01:18
104131,4131,Corrente,Ativa,2018-11-19 21:09:27
104132,4132,Digital,Ativa,2023-06-22 11:09:51
104133,4133,Corrente,Ativa,2018-10-17 18:17:11
104134,4134,Corrente,Ativa,2023-10-14 04:14:51
104135,4135,Digital,Ativa,2024-11-16 14:48:18
104136,4136,Corrente,Ativa,2019-02-01 11:46:12
104137,4137,Corrente,Ativa,2024-06-10 02:23:26
104138,4138,Corrente,Ativa,2019-04-16 03:52:38
104139,4139,Corrente,Ativa,2022-07-19 20:50:05
104140,4140,Digital,Ativa,2022-11-28 19:36:12
104141,4141,Corrente,Encerrada,2019-11-27 04:57:18
104142,4142,Corrente,Ativa,2024-09-14 13:58:37
104143,4143,Corrente,Ativa,2020-04-25 21:52:24
104144,4144,Digital,Ativa,2023-04-07 04:38:44
104145,4145,Corrente,Ativa,2019-10-28 19:38:22
104146,4146,Digital,Ativa,2021-05-09 06:34:04
104147,4147,Corrente,Ativa,2024-11-13 15:37:17
104148,4148,Corrente,Ativa,2019-03-30 17:30:20
104149,4149,Corrente,Ativa,2022-07-12 06:54:22
104150,4150,Digital,Ativa,2018-07-11 05:05:55
104151,4151,Corrente,Ativa,2022-05-04 15:36:30
104152,4152,Corrente,Bloqueada,2019-12-01 06:43:15
104153,4153,Corrente,Ativa,2023-04-22 20:58:29
104154,4154,Corrente,Ativa,2021-03-19 05:08:56
104155,4155,Corrente,Ativa,2024-04-27 19:55:25
104156,4156,Corrente,Ativa,2025-10-25 08:30:20
104157,4157,Corrente,Ativa,2022-01-19 21:50:40
104158,4158,Corrente,Ativa,2024-05-17 17:41:20
104159,4159,Digital,Ativa,2025-07-18 01:50:23
104160,4160,Digital,Ativa,2023-10-14 20:33:04
104161,4161,Corrente,Ativa,2020-08-16 18:56:03
104162,4162,Corrente,Ativa,2018-03-16 22:15:26
104163,4163,Corrente,Ativa,2019-04-29 16:18:27
104164,4164,Corrente,Ativa,2022-10-08 18:43:06
104165,4165,Digital,Ativa,2019-01-06 05:49:27
104166,4166,Corrente,Ativa,2022-08-23 16:49:01
104167,4167,Digital,Ativa,2025-10-01 12:16:36
104168,4168,Corrente,Ativa,2018-04-25 14:06:49
104169,4169,Corrente,Ativa,2023-04-27 19:10:43
104170,4170,Corrente,Ativa,2018-07-26 20:28:39
104171,4171,Corrente,Ativa,2022-06-13 08:21:10
104172,4172,Digital,Ativa,2023-02-22 14:40:13
104173,4173,Digital,Ativa,2018-01-19 16:12:37
104174,4174,Corrente,Ativa,2024-12-27 04:24:31
104175,4175,Corrente,Ativa,2018-03-29 10:48:33
104176,4176,Corrente,Ativa,2018-08-04 10:21:08
104177,4177,Corrente,Ativa,2022-07-13 05:55:23
104178,4178,Corrente,Ativa,2019-09-26 07:57:05
104179,4179,Corrente,Ativa,2023-09-05 00:17:41
104180,4180,Corrente,Ativa,2021-12-17 05:02:32
104181,4181,Digital,Ativa,2020-04-04 00:45:19
104182,4182,Corrente,Ativa,2025-12-14 05:52:40
104183,4183,Corrente,Ativa,2021-07-05 05:42:59
104184,4184,Corrente,Ativa,2025-06-04 16:26:17
104185,4185,Digital,Ativa,2020-09-19 16:32:11
104186,4186,Digital,Ativa,2020-11-01 21:23:04
104187,4187,Digital,Ativa,2023-06-24 04:06:44
104188,4188,Corrente,Ativa,2025-02-16 08:38:31
104189,4189,Digital,Ativa,2025-08-18 07:24:40
104190,4190,Corrente,Ativa,2023-05-30 09:15:32
104191,4191,Corrente,Bloqueada,2018-06-21 05:34:13
104192,4192,Digital,Ativa,2022-05-20 06:49:23
104193,4193,Digital,Ativa,2019-07-09 18:15:43
104194,4194,Corrente,Ativa,2022-04-10 21:32:32
104195,4195,Corrente,Ativa,2020-02-24 04:58:56
104196,4196,Corrente,Bloqueada,2018-07-13 13:54:28
104197,4197,Digital,Ativa,2025-07-04 08:49:10
104198,4198,Digital,Ativa,2022-07-16 14:22:52
104199,4199,Corrente,Ativa,2019-08-25 20:51:31
104200,4200,Digital,Ativa,2022-11-07 22:25:39
104201,4201,Corrente,Ativa,2024-04-17 19:41:39
104202,4202,Digital,Ativa,2025-04-16 03:47:01
104203,4203,Digital,Ativa,2022-11-30 23:47:52
104204,4204,Corrente,Ativa,2023-10-23 18:53:47
104205,4205,Corrente,Ativa,2020-11-03 00:11:23
104206,4206,Corrente,Ativa,2018-04-23 20:17:16
104207,4207,Corrente,Ativa,2021-09-30 11:00:56
104208,4208,Digital,Ativa,2023-09-09 04:35:40
104209,4209,Corrente,Ativa,2025-02-19 14:54:34
104210,4210,Corrente,Ativa,2019-07-01 06:18:12
104211,4211,Digital,Ativa,2023-06-24 22:12:12
104212,4212,Corrente,Ativa,2024-08-27 08:09:30
104213,4213,Corrente,Ativa,2025-02-03 15:52:28
104214,4214,Corrente,Ativa,2020-01-28 07:05:43
104215,4215,Digital,Ativa,2018-05-10 03:35:47
104216,4216,Digital,Ativa,2024-11-02 16:04:59
104217,4217,Corrente,Ativa,2020-04-25 07:43:51
104218,4218,Digital,Ativa,2018-05-15 20:01:51
104219,4219,Digital,Ativa,2019-10-14 06:01:45
104220,4220,Digital,Ativa,2025-08-27 05:54:22
104221,4221,Corrente,Ativa,2025-10-05 04:32:56
104222,4222,Corrente,Ativa,2024-02-10 06:42:19
104223,4223,Corrente,Ativa,2019-05-27 22:07:51
104224,4224,Digital,Ativa,2022-02-28 08:58:31
104225,4225,Corrente,Ativa,2025-04-12 01:47:25
104226,4226,Corrente,Ativa,2024-10-26 20:06:16
104227,4227,Corrente,Ativa,2021-01-23 01:11:43
104228,4228,Digital,Ativa,2019-02-08 08:56:09
104229,4229,Corrente,Ativa,2025-12-18 04:24:39
104230,4230,Digital,Ativa,2023-05-15 17:18:11
104231,4231,Corrente,Ativa,2022-10-28 15:49:33
104232,4232,Corrente,Bloqueada,2024-10-11 14:15:00
104233,4233,Corrente,Ativa,2023-08-02 11:25:13
104234,4234,Corrente,Ativa,2018-10-01 02:11:49
104235,4235,Corrente,Ativa,2018-03-19 03:18:12
104236,4236,Digital,Ativa,2023-10-16 21:46:16
104237,4237,Corrente,Ativa,2019-02-24 18:56:44
104238,4238,Corrente,Ativa,2025-01-22 15:26:20
104239,4239,Corrente,Ativa,2024-11-22 14:27:10
104240,4240,Corrente,Ativa,2018-03-23 22:34:52
104241,4241,Corrente,Ativa,2023-03-03 08:10:09
104242,4242,Digital,Ativa,2019-12-31 13:32:05
104243,4243,Corrente,Ativa,2025-12-25 13:53:48
104244,4244,Corrente,Bloqueada,2023-03-04 20:53:45
104245,4245,Corrente,Ativa,2025-04-11 09:33:21
104246,4246,Corrente,Ativa,2020-12-09 13:06:02
104247,4247,Corrente,Ativa,2020-07-19 06:41:50
104248,4248,Corrente,Ativa,2024-01-19 12:11:03
104249,4249,Digital,Ativa,2019-06-19 18:20:39
104250,4250,Corrente,Encerrada,2024-06-10 05:03:16
104251,4251,Digital,Ativa,2025-12-11 23:44:30
104252,4252,Corrente,Ativa,2018-03-13 11:20:43
104253,4253,Corrente,Ativa,2024-06-03 13:08:57
104254,4254,Corrente,Ativa,2020-12-29 07:09:11
104255,4255,Corrente,Ativa,2025-06-27 06:58:28
104256,4256,Corrente,Ativa,2023-03-10 17:42:27
104257,4257,Corrente,Ativa,2023-08-29 19:03:52
104258,4258,Corrente,Bloqueada,2025-01-14 05:11:35
104259,4259,Corrente,Ativa,2024-08-12 15:39:15
104260,4260,Corrente,Ativa,2025-05-01 00:32:33
104261,4261,Digital,Ativa,2022-02-11 06:47:13
104262,4262,Corrente,Ativa,2021-08-19 15:43:45
104263,4263,Corrente,Ativa,2023-10-20 14:40:26
104264,4264,Corrente,Ativa,2023-07-14 19:47:09
104265,4265,Corrente,Ativa,2021-05-16 17:58:52
104266,4266,Corrente,Ativa,2018-04-14 16:38:22
104267,4267,Corrente,Ativa,2025-02-02 09:03:24
104268,4268,Corrente,Ativa,2024-01-15 15:35:37
104269,4269,Digital,Ativa,2018-10-25 14:46:03
104270,4270,Digital,Ativa,2018-01-26 01:21:35
104271,4271,Digital,Ativa,2023-12-05 01:08:23
104272,4272,Digital,Ativa,2020-10-23 08:09:25
104273,4273,Digital,Ativa,2018-01-30 17:12:48
104274,4274,Corrente,Ativa,2020-05-08 03:10:03
104275,4275,Corrente,Ativa,2024-05-16 03:07:40
104276,4276,Digital,Ativa,2024-05-22 10:09:29
104277,4277,Corrente,Ativa,2024-04-24 18:26:10
104278,4278,Corrente,Ativa,2022-12-26 21:04:41
104279,4279,Corrente,Ativa,2020-07-26 14:14:34
104280,4280,Corrente,Ativa,2022-05-24 06:10:21
104281,4281,Corrente,Ativa,2022-09-22 17:24:22
104282,4282,Corrente,Ativa,2023-12-16 07:45:29
104283,4283,Corrente,Ativa,2025-11-24 04:56:04
104284,4284,Corrente,Ativa,2021-03-31 12:14:24
104285,4285,Digital,Ativa,2021-06-06 18:11:59
104286,4286,Corrente,Ativa,2024-05-17 08:43:17
104287,4287,Digital,Ativa,2025-04-12 23:32:25
104288,4288,Digital,Ativa,2021-10-08 22:59:26
104289,4289,Corrente,Ativa,2025-04-17 13:02:06
104290,4290,Digital,Ativa,2023-04-22 18:51:49
104291,4291,Corrente,Ativa,2019-04-22 10:09:58
104292,4292,Digital,Ativa,2019-06-21 21:15:04
104293,4293,Corrente,Ativa,2018-11-26 08:10:40
104294,4294,Digital,Ativa,2025-01-20 18:07:01
104295,4295,Digital,Ativa,2018-10-11 04:36:28
104296,4296,Corrente,Ativa,2025-10-21 13:44:42
104297,4297,Digital,Ativa,2023-08-08 11:58:15
104298,4298,Corrente,Ativa,2019-06-09 07:48:35
104299,4299,Corrente,Ativa,2018-05-20 11:39:05
104300,4300,Digital,Ativa,2024-04-28 17:19:20
104301,4301,Digital,Ativa,2025-02-23 10:36:35
104302,4302,Corrente,Ativa,2021-07-17 01:06:59
104303,4303,Digital,Ativa,2022-07-11 21:28:43
104304,4304,Corrente,Ativa,2024-03-12 06:11:57
104305,4305,Corrente,Ativa,2021-05-08 08:49:12
104306,4306,Corrente,Ativa,2019-09-21 10:19:24
104307,4307,Digital,Ativa,2019-06-19 11:40:19
104308,4308,Corrente,Ativa,2022-04-06 18:57:12
104309,4309,Digital,Ativa,2024-05-12 04:32:32
104310,4310,Digital,Ativa,2021-01-03 19:06:15
104311,4311,Digital,Ativa,2020-10-09 08:43:13
104312,4312,Corrente,Ativa,2021-06-12 06:04:07
104313,4313,Corrente,Ativa,2019-04-03 19:49:08
104314,4314,Corrente,Ativa,2018-09-15 10:43:56
104315,4315,Corrente,Ativa,2018-12-07 08:41:16
104316,4316,Digital,Ativa,2024-03-22 11:20:29
104317,4317,Corrente,Ativa,2024-07-23 05:58:56
104318,4318,Corrente,Ativa,2025-05-14 02:59:40
104319,4319,Digital,Ativa,2024-06-05 20:25:09
104320,4320,Digital,Ativa,2024-01-20 05:25:03
104321,4321,Corrente,Ativa,2025-06-02 23:55:28
104322,4322,Corrente,Ativa,2022-08-28 00:58:52
104323,4323,Digital,Ativa,2023-02-12 18:30:41
104324,4324,Corrente,Ativa,2023-08-26 15:41:46
104325,4325,Corrente,Ativa,2021-08-02 05:05:02
104326,4326,Digital,Ativa,2019-02-26 12:54:58
104327,4327,Corrente,Ativa,2023-05-21 02:36:30
104328,4328,Corrente,Ativa,2023-06-11 13:16:42
104329,4329,Corrente,Ativa,2024-10-06 10:55:54
104330,4330,Digital,Ativa,2018-04-19 11:54:41
104331,4331,Digital,Ativa,2020-03-10 17:37:28
104332,4332,Digital,Ativa,2022-07-08 17:47:39
104333,4333,Corrente,Ativa,2023-12-09 09:38:13
104334,4334,Corrente,Ativa,2023-09-20 11:14:32
104335,4335,Corrente,Ativa,2018-06-22 16:56:20
104336,4336,Corrente,Ativa,2021-06-21 23:50:43
104337,4337,Digital,Ativa,2024-12-04 23:19:23
104338,4338,Corrente,Ativa,2020-05-10 07:42:05
104339,4339,Corrente,Ativa,2021-08-15 04:01:07
104340,4340,Digital,Ativa,2025-12-10 15:46:15
104341,4341,Digital,Ativa,2020-04-22 22:32:01
104342,4342,Corrente,Ativa,2024-04-03 10:20:11
104343,4343,Digital,Ativa,2024-12-28 21:35:51
104344,4344,Corrente,Ativa,2018-05-01 06:36:49
104345,4345,Corrente,Ativa,2025-09-21 03:35:44
104346,4346,Digital,Ativa,2018-07-06 09:39:15
104347,4347,Digital,Ativa,2020-10-01 05:07:02
104348,4348,Corrente,Ativa,2021-04-29 12:40:15
104349,4349,Corrente,Ativa,2023-03-31 15:01:53
104350,4350,Corrente,Ativa,2018-04-26 02:12:42
104351,4351,Corrente,Ativa,2022-07-01 15:25:06
104352,4352,Digital,Ativa,2020-09-13 07:42:19
104353,4353,Corrente,Ativa,2019-09-27 16:10:13
104354,4354,Corrente,Bloqueada,2022-08-23 00:28:17
104355,4355,Corrente,Ativa,2022-10-25 23:55:11
104356,4356,Digital,Ativa,2025-07-25 03:57:28
104357,4357,Corrente,Ativa,2023-03-07 03:52:37
104358,4358,Digital,Ativa,2018-12-05 02:42:13
104359,4359,Corrente,Ativa,2022-12-29 04:14:19
104360,4360,Corrente,Ativa,2018-03-27 08:19:19
104361,4361,Digital,Ativa,2020-05-24 09:38:08
104362,4362,Corrente,Ativa,2018-11-22 21:27:43
104363,4363,Corrente,Ativa,2019-10-12 19:39:21
104364,4364,Corrente,Ativa,2019-01-13 04:42:58
104365,4365,Digital,Ativa,2021-02-02 22:49:53
104366,4366,Digital,Ativa,2018-07-30 03:15:41
104367,4367,Digital,Bloqueada,2020-07-29 15:01:35
104368,4368,Corrente,Bloqueada,2020-02-19 07:38:08
104369,4369,Digital,Ativa,2018-03-25 05:07:06
104370,4370,Corrente,Ativa,2022-06-17 03:43:23
104371,4371,Corrente,Encerrada,2020-05-24 17:58:06
104372,4372,Corrente,Ativa,2021-02-24 14:08:15
104373,4373,Digital,Ativa,2023-09-25 19:31:22
104374,4374,Corrente,Ativa,2021-06-20 17:16:53
104375,4375,Corrente,Ativa,2022-02-24 10:44:29
104376,4376,Corrente,Ativa,2019-10-07 22:17:19
104377,4377,Digital,Ativa,2019-08-16 23:48:51
104378,4378,Corrente,Ativa,2023-08-10 18:10:29
104379,4379,Digital,Ativa,2020-06-04 04:34:47
104380,4380,Digital,Ativa,2023-07-21 19:56:06
104381,4381,Digital,Ativa,2018-02-16 11:08:14
104382,4382,Corrente,Ativa,2025-02-28 17:57:47
104383,4383,Digital,Ativa,2020-01-27 07:56:02
104384,4384,Corrente,Ativa,2019-04-11 01:46:26
104385,4385,Corrente,Ativa,2023-07-28 12:30:13
104386,4386,Digital,Ativa,2025-03-04 14:51:44
104387,4387,Corrente,Ativa,2023-11-28 06:33:38
104388,4388,Digital,Ativa,2020-04-23 13:01:59
104389,4389,Digital,Ativa,2023-07-09 18:29:32
104390,4390,Digital,Ativa,2020-10-13 04:27:30
104391,4391,Corrente,Encerrada,2018-01-14 20:22:24
104392,4392,Digital,Ativa,2025-05-23 03:14:36
104393,4393,Corrente,Ativa,2019-04-08 17:23:24
104394,4394,Corrente,Ativa,2024-11-03 03:50:52
104395,4395,Digital,Ativa,2024-01-31 13:04:29
104396,4396,Digital,Ativa,2021-12-31 07:04:47
104397,4397,Corrente,Ativa,2024-04-05 12:06:19
104398,4398,Digital,Ativa,2024-09-02 08:25:12
104399,4399,Digital,Ativa,2021-10-07 21:20:33
104400,4400,Digital,Ativa,2019-12-21 08:46:46
104401,4401,Corrente,Ativa,2018-04-24 07:17:59
104402,4402,Digital,Ativa,2021-08-29 06:14:26
104403,4403,Corrente,Ativa,2025-12-31 04:49:32
104404,4404,Corrente,Ativa,2021-05-30 11:45:33
104405,4405,Digital,Ativa,2019-03-22 13:14:33
104406,4406,Corrente,Ativa,2022-02-20 20:44:35
104407,4407,Corrente,Ativa,2024-10-09 11:34:23
104408,4408,Corrente,Ativa,2025-12-08 09:26:57
104409,4409,Corrente,Ativa,2021-10-16 21:02:59
104410,4410,Corrente,Ativa,2025-12-24 16:15:43
104411,4411,Digital,Ativa,2020-12-22 02:53:59
104412,4412,Digital,Ativa,2025-08-14 07:51:10
104413,4413,Corrente,Ativa,2019-05-28 10:31:11
104414,4414,Corrente,Ativa,2023-10-01 05:05:21
104415,4415,Corrente,Ativa,2019-02-10 09:25:19
104416,4416,Corrente,Ativa,2022-05-29 03:52:41
104417,4417,Digital,Ativa,2021-12-04 01:16:34
104418,4418,Corrente,Ativa,2020-02-06 14:39:09
104419,4419,Corrente,Ativa,2025-11-16 22:52:34
104420,4420,Digital,Ativa,2021-01-01 20:35:01
104421,4421,Corrente,Ativa,2023-05-05 02:18:21
104422,4422,Corrente,Ativa,2021-06-04 22:38:22
104423,4423,Digital,Ativa,2024-08-20 23:10:26
104424,4424,Corrente,Ativa,2018-11-10 04:06:05
104425,4425,Digital,Ativa,2021-04-28 03:38:41
104426,4426,Corrente,Ativa,2023-02-23 21:06:04
104427,4427,Digital,Bloqueada,2021-09-03 01:42:25
104428,4428,Corrente,Ativa,2024-02-01 07:26:26
104429,4429,Corrente,Ativa,2021-04-05 20:42:09
104430,4430,Corrente,Ativa,2025-04-02 12:19:40
104431,4431,Corrente,Ativa,2022-12-22 07:37:41
104432,4432,Corrente,Ativa,2025-04-23 07:33:23
104433,4433,Corrente,Ativa,2018-07-05 11:08:48
104434,4434,Corrente,Ativa,2022-01-25 08:11:14
104435,4435,Digital,Ativa,2025-10-07 20:06:07
104436,4436,Corrente,Ativa,2021-09-25 03:06:22
104437,4437,Corrente,Ativa,2018-08-09 18:58:33
104438,4438,Corrente,Ativa,2018-03-11 19:09:16
104439,4439,Digital,Ativa,2020-03-22 01:57:30
104440,4440,Corrente,Ativa,2025-02-11 21:01:49
104441,4441,Corrente,Ativa,2024-05-25 09:03:46
104442,4442,Corrente,Ativa,2022-08-25 01:50:59
104443,4443,Corrente,Ativa,2025-03-26 11:51:49
104444,4444,Corrente,Ativa,2022-01-16 00:51:44
104445,4445,Digital,Bloqueada,2023-04-10 18:12:49
104446,4446,Digital,Ativa,2023-08-19 19:13:34
104447,4447,Corrente,Ativa,2020-07-29 19:51:37
104448,4448,Corrente,Ativa,2024-03-26 14:07:48
104449,4449,Corrente,Bloqueada,2019-03-14 05:26:18
104450,4450,Corrente,Ativa,2020-05-01 13:41:47
104451,4451,Corrente,Ativa,2018-11-30 01:02:14
104452,4452,Corrente,Ativa,2020-03-14 15:54:24
104453,4453,Corrente,Ativa,2024-03-21 21:57:31
104454,4454,Corrente,Ativa,2022-02-10 18:43:40
104455,4455,Corrente,Ativa,2025-08-02 01:46:41
104456,4456,Digital,Ativa,2019-04-10 17:30:52
104457,4457,Corrente,Ativa,2025-12-17 13:51:31
104458,4458,Corrente,Ativa,2024-05-29 01:44:14
104459,4459,Corrente,Ativa,2019-01-13 16:08:57
104460,4460,Corrente,Ativa,2019-09-25 06:34:56
104461,4461,Corrente,Ativa,2024-02-05 02:59:54
104462,4462,Corrente,Ativa,2020-04-05 11:26:24
104463,4463,Corrente,Ativa,2022-02-01 18:43:06
104464,4464,Digital,Ativa,2020-10-30 01:50:48
104465,4465,Digital,Ativa,2025-02-10 17:52:21
104466,4466,Corrente,Ativa,2019-06-02 20:27:45
104467,4467,Corrente,Ativa,2023-12-08 10:30:33
104468,4468,Digital,Ativa,2024-07-30 00:00:38
104469,4469,Digital,Ativa,2023-01-31 21:11:53
104470,4470,Corrente,Ativa,2020-11-25 13:49:17
104471,4471,Digital,Ativa,2023-07-04 09:25:41
104472,4472,Corrente,Ativa,2023-06-05 19:17:30
104473,4473,Digital,Ativa,2023-01-28 23:34:45
104474,4474,Corrente,Ativa,2022-10-17 03:26:15
104475,4475,Corrente,Ativa,2025-03-06 02:51:37
104476,4476,Corrente,Ativa,2025-03-02 12:59:08
104477,4477,Corrente,Ativa,2021-11-11 08:04:02
104478,4478,Corrente,Ativa,2025-04-22 16:08:41
104479,4479,Corrente,Ativa,2019-10-06 10:03:13
104480,4480,Corrente,Ativa,2025-05-22 16:18:53
104481,4481,Corrente,Ativa,2021-08-08 13:26:44
104482,4482,Digital,Ativa,2025-03-23 20:40:28
104483,4483,Digital,Ativa,2018-06-23 08:44:37
104484,4484,Corrente,Ativa,2024-03-29 05:24:10
104485,4485,Corrente,Ativa,2019-01-11 03:12:38
104486,4486,Corrente,Ativa,2019-12-25 17:30:52
104487,4487,Corrente,Ativa,2025-02-07 21:55:13
104488,4488,Digital,Bloqueada,2023-05-22 10:33:30
104489,4489,Corrente,Bloqueada,2022-12-10 13:49:57
104490,4490,Corrente,Ativa,2024-01-12 17:29:31
104491,4491,Digital,Ativa,2020-01-21 15:08:48
104492,4492,Corrente,Ativa,2020-01-23 04:58:32
104493,4493,Digital,Ativa,2022-03-27 03:33:47
104494,4494,Corrente,Ativa,2018-07-26 06:06:13
104495,4495,Corrente,Ativa,2023-02-24 15:36:42
104496,4496,Corrente,Encerrada,2020-07-21 02:23:34
104497,4497,Digital,Ativa,2022-08-10 04:56:27
104498,4498,Digital,Ativa,2019-07-03 16:24:36
104499,4499,Corrente,Ativa,2021-01-01 16:02:25
104500,4500,Corrente,Ativa,2020-04-14 20:41:55
104501,4501,Corrente,Ativa,2021-10-31 22:57:15
104502,4502,Corrente,Ativa,2025-11-01 20:04:36
104503,4503,Digital,Ativa,2022-12-06 05:21:30
104504,4504,Digital,Ativa,2019-03-22 06:39:53
104505,4505,Digital,Ativa,2022-11-23 04:29:37
104506,4506,Corrente,Ativa,2018-07-31 18:55:36
104507,4507,Corrente,Ativa,2020-06-14 03:41:21
104508,4508,Corrente,Ativa,2018-06-01 02:33:53
104509,4509,Corrente,Ativa,2023-08-25 00:41:05
104510,4510,Corrente,Ativa,2024-02-15 19:13:05
104511,4511,Corrente,Ativa,2022-07-02 20:30:44
104512,4512,Corrente,Ativa,2019-08-26 05:27:41
104513,4513,Corrente,Ativa,2020-12-05 19:45:42
104514,4514,Corrente,Ativa,2022-06-09 22:08:00
104515,4515,Corrente,Ativa,2020-10-08 20:45:49
104516,4516,Corrente,Ativa,2020-08-04 22:10:35
104517,4517,Corrente,Ativa,2025-01-06 16:21:46
104518,4518,Digital,Ativa,2021-04-23 01:59:57
104519,4519,Corrente,Ativa,2022-06-05 07:29:15
104520,4520,Corrente,Ativa,2020-05-25 10:59:11
104521,4521,Corrente,Ativa,2022-10-29 13:32:48
104522,4522,Corrente,Ativa,2022-01-28 22:32:00
104523,4523,Corrente,Ativa,2022-09-13 11:53:12
104524,4524,Corrente,Ativa,2019-06-25 00:12:31
104525,4525,Digital,Ativa,2018-08-11 09:35:52
104526,4526,Digital,Ativa,2024-11-11 05:27:25
104527,4527,Corrente,Ativa,2025-09-04 05:00:48
104528,4528,Corrente,Ativa,2019-12-19 15:17:24
104529,4529,Corrente,Ativa,2019-01-26 12:42:23
104530,4530,Corrente,Ativa,2018-05-23 03:31:16
104531,4531,Corrente,Ativa,2025-08-26 19:43:02
104532,4532,Corrente,Ativa,2020-10-23 06:33:55
104533,4533,Corrente,Ativa,2024-09-17 22:30:49
104534,4534,Digital,Ativa,2025-09-17 19:59:44
104535,4535,Corrente,Ativa,2021-12-25 06:59:17
104536,4536,Corrente,Ativa,2018-07-24 13:57:45
104537,4537,Corrente,Ativa,2023-02-06 13:31:40
104538,4538,Digital,Encerrada,2025-07-21 22:11:14
104539,4539,Corrente,Ativa,2021-05-02 12:10:14
104540,4540,Corrente,Ativa,2022-01-31 20:36:29
104541,4541,Corrente,Ativa,2025-07-04 13:18:40
104542,4542,Digital,Ativa,2020-02-19 17:23:25
104543,4543,Digital,Encerrada,2021-12-10 02:31:47
104544,4544,Corrente,Ativa,2025-10-13 13:33:45
104545,4545,Corrente,Bloqueada,2018-05-27 23:13:47
104546,4546,Corrente,Ativa,2025-01-07 19:03:36
104547,4547,Digital,Ativa,2018-07-02 12:04:14
104548,4548,Digital,Ativa,2020-09-22 07:30:01
104549,4549,Corrente,Ativa,2018-08-15 00:45:49
104550,4550,Corrente,Ativa,2020-11-05 06:09:09
104551,4551,Digital,Ativa,2025-12-04 06:35:45
104552,4552,Corrente,Ativa,2022-11-12 16:23:01
104553,4553,Corrente,Ativa,2025-06-12 05:49:28
104554,4554,Corrente,Ativa,2024-07-28 12:10:39
104555,4555,Corrente,Ativa,2024-03-18 07:16:48
104556,4556,Corrente,Ativa,2018-10-03 19:48:59
104557,4557,Digital,Ativa,2022-09-02 09:51:00
104558,4558,Digital,Ativa,2021-05-24 07:32:28
104559,4559,Corrente,Ativa,2022-10-22 05:28:23
104560,4560,Digital,Ativa,2024-03-30 21:49:32
104561,4561,Corrente,Ativa,2018-08-29 02:25:03
104562,4562,Corrente,Ativa,2020-05-13 12:17:58
104563,4563,Corrente,Ativa,2019-04-25 08:04:09
104564,4564,Digital,Ativa,2021-04-10 22:58:41
104565,4565,Corrente,Encerrada,2022-12-15 07:20:23
104566,4566,Digital,Ativa,2019-07-14 05:34:00
104567,4567,Corrente,Ativa,2018-10-31 21:15:05
104568,4568,Corrente,Ativa,2023-12-04 02:49:01
104569,4569,Corrente,Ativa,2023-11-10 13:16:39
104570,4570,Digital,Ativa,2022-12-16 12:54:19
104571,4571,Corrente,Ativa,2022-12-14 23:27:17
104572,4572,Digital,Ativa,2018-06-25 09:37:43
104573,4573,Corrente,Ativa,2021-02-16 00:35:15
104574,4574,Corrente,Ativa,2019-06-28 20:28:44
104575,4575,Corrente,Ativa,2021-10-07 17:41:02
104576,4576,Digital,Ativa,2025-11-15 11:42:28
104577,4577,Corrente,Ativa,2024-10-19 03:53:45
104578,4578,Corrente,Ativa,2025-04-21 13:38:16
104579,4579,Corrente,Ativa,2023-05-03 18:24:58
104580,4580,Corrente,Ativa,2020-12-30 11:52:31
104581,4581,Corrente,Ativa,2024-08-18 06:02:38
104582,4582,Digital,Encerrada,2023-10-30 13:35:31
104583,4583,Digital,Ativa,2023-04-19 16:57:36
104584,4584,Corrente,Ativa,2020-12-21 02:05:17
104585,4585,Digital,Ativa,2021-04-20 18:19:54
104586,4586,Corrente,Ativa,2022-11-05 23:32:40
104587,4587,Corrente,Ativa,2020-03-20 21:36:10
104588,4588,Corrente,Ativa,2023-08-14 07:09:28
104589,4589,Corrente,Ativa,2023-03-08 15:24:38
104590,4590,Digital,Ativa,2025-07-26 11:30:12
104591,4591,Corrente,Ativa,2024-03-09 20:00:22
104592,4592,Corrente,Ativa,2019-06-08 08:13:44
104593,4593,Corrente,Ativa,2023-06-01 04:08:50
104594,4594,Corrente,Ativa,2018-05-27 12:43:32
104595,4595,Corrente,Ativa,2018-07-02 08:44:50
104596,4596,Corrente,Ativa,2023-02-26 20:13:59
104597,4597,Corrente,Ativa,2024-02-21 08:15:43
104598,4598,Corrente,Ativa,2019-08-27 11:30:02
104599,4599,Digital,Ativa,2024-12-05 06:00:16
104600,4600,Digital,Bloqueada,2018-02-27 07:13:39
104601,4601,Corrente,Ativa,2024-08-21 21:31:34
104602,4602,Corrente,Ativa,2025-08-29 14:08:14
104603,4603,Digital,Ativa,2021-07-18 11:32:28
104604,4604,Corrente,Ativa,2025-05-22 17:33:17
104605,4605,Digital,Ativa,2019-07-30 10:23:36
104606,4606,Corrente,Ativa,2019-01-15 00:16:09
104607,4607,Digital,Ativa,2025-08-27 03:32:10
104608,4608,Corrente,Ativa,2023-09-16 14:07:29
104609,4609,Corrente,Ativa,2025-11-07 17:10:53
104610,4610,Digital,Ativa,2018-11-04 16:46:16
104611,4611,Digital,Bloqueada,2024-03-13 11:13:09
104612,4612,Digital,Ativa,2020-09-23 16:17:58
104613,4613,Corrente,Ativa,2021-12-17 04:54:11
104614,4614,Corrente,Ativa,2025-10-24 14:29:56
104615,4615,Digital,Ativa,2022-10-15 20:36:32
104616,4616,Corrente,Ativa,2023-12-03 13:36:35
104617,4617,Corrente,Ativa,2020-02-28 23:10:31
104618,4618,Digital,Ativa,2019-08-02 00:57:03
104619,4619,Digital,Ativa,2020-03-10 20:48:21
104620,4620,Corrente,Ativa,2021-09-09 14:51:34
104621,4621,Corrente,Ativa,2018-07-29 18:45:52
104622,4622,Digital,Ativa,2020-09-14 22:25:58
104623,4623,Corrente,Ativa,2023-04-04 20:27:01
104624,4624,Corrente,Encerrada,2019-05-09 08:31:31
104625,4625,Corrente,Ativa,2021-02-21 02:58:25
104626,4626,Digital,Ativa,2022-06-12 23:29:31
104627,4627,Corrente,Ativa,2019-03-17 12:20:28
104628,4628,Digital,Ativa,2020-04-05 06:50:57
104629,4629,Corrente,Ativa,2018-12-14 04:27:02
104630,4630,Corrente,Ativa,2025-11-01 00:52:50
104631,4631,Corrente,Ativa,2024-10-07 08:19:29
104632,4632,Corrente,Ativa,2019-02-07 06:55:05
104633,4633,Corrente,Ativa,2025-08-29 23:12:50
104634,4634,Digital,Ativa,2021-09-15 07:34:17
104635,4635,Corrente,Ativa,2022-12-27 08:01:05
104636,4636,Corrente,Ativa,2018-03-23 16:45:01
104637,4637,Corrente,Bloqueada,2025-10-13 15:15:43
104638,4638,Corrente,Ativa,2024-02-16 07:17:14
104639,4639,Corrente,Ativa,2020-02-15 06:20:13
104640,4640,Digital,Ativa,2020-02-04 20:56:50
104641,4641,Corrente,Ativa,2025-09-20 14:25:08
104642,4642,Digital,Ativa,2023-09-03 11:58:49
104643,4643,Corrente,Ativa,2019-10-29 10:20:15
104644,4644,Digital,Ativa,2021-04-04 21:19:53
104645,4645,Corrente,Ativa,2021-03-07 22:10:17
104646,4646,Digital,Ativa,2024-12-19 23:30:12
104647,4647,Digital,Ativa,2025-09-20 14:14:37
104648,4648,Corrente,Ativa,2023-10-07 08:07:02
104649,4649,Corrente,Ativa,2018-03-13 19:47:53
104650,4650,Digital,Ativa,2022-02-28 12:14:34
104651,4651,Corrente,Ativa,2019-09-10 16:30:10
104652,4652,Corrente,Ativa,2025-03-03 21:12:42
104653,4653,Corrente,Ativa,2019-06-23 12:43:14
104654,4654,Digital,Ativa,2019-01-22 22:52:22
104655,4655,Digital,Ativa,2020-10-02 15:23:25
104656,4656,Corrente,Ativa,2024-09-30 11:20:05
104657,4657,Corrente,Ativa,2021-11-17 01:24:37
104658,4658,Digital,Ativa,2025-01-18 09:27:15
104659,4659,Digital,Ativa,2023-10-29 03:10:50
104660,4660,Corrente,Ativa,2023-10-17 02:09:48
104661,4661,Corrente,Ativa,2025-07-14 19:05:17
104662,4662,Corrente,Ativa,2022-06-06 19:15:41
104663,4663,Corrente,Ativa,2022-05-15 08:15:47
104664,4664,Digital,Ativa,2022-02-16 01:29:01
104665,4665,Digital,Ativa,2025-09-03 13:13:18
104666,4666,Corrente,Ativa,2024-06-01 15:14:18
104667,4667,Digital,Ativa,2018-09-22 09:26:45
104668,4668,Digital,Ativa,2024-01-21 04:15:38
104669,4669,Corrente,Ativa,2022-09-25 05:55:30
104670,4670,Corrente,Ativa,2022-04-24 09:08:05
104671,4671,Corrente,Ativa,2022-02-26 21:43:42
104672,4672,Corrente,Ativa,2024-10-07 17:15:39
104673,4673,Corrente,Ativa,2025-11-28 21:37:38
104674,4674,Corrente,Ativa,2018-06-05 10:21:22
104675,4675,Digital,Ativa,2018-05-23 16:59:44
104676,4676,Digital,Ativa,2018-04-06 20:10:22
104677,4677,Corrente,Ativa,2022-05-31 05:03:58
104678,4678,Corrente,Bloqueada,2021-01-08 19:11:40
104679,4679,Corrente,Ativa,2022-05-11 05:49:34
104680,4680,Digital,Ativa,2024-08-17 15:17:08
104681,4681,Digital,Ativa,2025-05-03 20:39:45
104682,4682,Corrente,Ativa,2019-06-06 04:27:05
104683,4683,Digital,Ativa,2024-12-24 18:19:39
104684,4684,Corrente,Ativa,2023-10-18 09:59:45
104685,4685,Corrente,Ativa,2019-08-13 07:48:14
104686,4686,Corrente,Ativa,2025-12-27 13:16:24
104687,4687,Corrente,Ativa,2024-11-10 14:36:01
104688,4688,Corrente,Encerrada,2024-01-06 00:26:18
104689,4689,Corrente,Ativa,2020-06-03 15:29:21
104690,4690,Corrente,Ativa,2019-10-05 14:12:47
104691,4691,Corrente,Ativa,2024-10-15 03:53:09
104692,4692,Corrente,Ativa,2022-10-12 15:36:25
104693,4693,Corrente,Ativa,2021-08-14 01:12:58
104694,4694,Corrente,Ativa,2025-06-25 06:01:20
104695,4695,Corrente,Ativa,2023-06-04 18:25:59
104696,4696,Corrente,Ativa,2018-01-13 06:57:32
104697,4697,Corrente,Ativa,2025-12-08 05:40:00
104698,4698,Digital,Ativa,2025-12-01 13:10:00
104699,4699,Corrente,Encerrada,2025-02-07 16:29:07
104700,4700,Corrente,Ativa,2023-03-20 00:20:11
104701,4701,Digital,Ativa,2019-01-08 20:35:10
104702,4702,Corrente,Ativa,2022-12-28 23:04:02
104703,4703,Corrente,Ativa,2022-11-01 20:06:46
104704,4704,Corrente,Ativa,2024-01-29 23:56:39
104705,4705,Corrente,Ativa,2018-03-04 17:11:39
104706,4706,Corrente,Ativa,2025-03-07 02:53:49
104707,4707,Corrente,Ativa,2021-12-07 04:35:00
104708,4708,Corrente,Ativa,2025-12-19 11:02:58
104709,4709,Digital,Ativa,2019-12-04 00:56:29
104710,4710,Digital,Ativa,2025-10-14 22:19:15
104711,4711,Corrente,Ativa,2024-10-07 04:16:41
104712,4712,Corrente,Encerrada,2018-08-08 06:11:01
104713,4713,Corrente,Encerrada,2025-01-10 01:57:47
104714,4714,Corrente,Ativa,2020-07-07 20:08:04
104715,4715,Corrente,Ativa,2019-04-08 13:26:58
104716,4716,Digital,Ativa,2023-11-11 03:06:29
104717,4717,Corrente,Ativa,2020-10-24 18:49:42
104718,4718,Digital,Ativa,2019-05-27 19:32:49
104719,4719,Corrente,Ativa,2019-11-13 21:35:01
104720,4720,Digital,Ativa,2021-10-23 23:48:57
104721,4721,Corrente,Ativa,2022-10-28 03:35:35
104722,4722,Corrente,Ativa,2021-03-15 20:46:39
104723,4723,Corrente,Encerrada,2024-01-30 03:07:09
104724,4724,Corrente,Ativa,2022-02-22 17:39:13
104725,4725,Digital,Ativa,2019-11-28 03:20:47
104726,4726,Corrente,Ativa,2018-07-09 02:59:00
104727,4727,Digital,Ativa,2025-08-09 06:57:49
104728,4728,Digital,Ativa,2025-09-24 13:54:31
104729,4729,Corrente,Ativa,2021-03-27 12:14:16
104730,4730,Digital,Ativa,2021-01-17 01:10:14
104731,4731,Corrente,Bloqueada,2021-10-05 07:50:32
104732,4732,Corrente,Ativa,2025-01-30 08:51:41
104733,4733,Digital,Ativa,2023-07-10 20:11:52
104734,4734,Digital,Bloqueada,2025-12-24 11:34:22
104735,4735,Corrente,Ativa,2024-08-23 20:18:47
104736,4736,Digital,Bloqueada,2019-04-05 23:13:10
104737,4737,Corrente,Ativa,2023-03-02 15:29:19
104738,4738,Digital,Ativa,2022-09-19 00:03:49
104739,4739,Corrente,Ativa,2022-07-23 19:50:55
104740,4740,Corrente,Ativa,2025-08-27 10:28:12
104741,4741,Corrente,Ativa,2020-07-29 22:29:15
104742,4742,Corrente,Ativa,2022-12-17 03:37:00
104743,4743,Digital,Ativa,2021-05-27 19:47:54
104744,4744,Corrente,Ativa,2018-11-11 08:28:34
104745,4745,Corrente,Ativa,2019-08-13 16:24:07
104746,4746,Corrente,Ativa,2019-10-10 08:53:06
104747,4747,Corrente,Ativa,2022-10-06 17:50:06
104748,4748,Corrente,Ativa,2019-03-27 22:36:58
104749,4749,Corrente,Ativa,2025-05-27 21:14:48
104750,4750,Corrente,Ativa,2023-01-08 18:06:07
104751,4751,Corrente,Ativa,2021-05-04 10:34:00
104752,4752,Corrente,Ativa,2019-08-03 05:46:07
104753,4753,Corrente,Ativa,2022-04-12 06:36:28
104754,4754,Digital,Encerrada,2019-08-06 03:15:21
104755,4755,Corrente,Ativa,2020-10-10 21:03:05
104756,4756,Corrente,Ativa,2025-07-12 16:57:01
104757,4757,Corrente,Ativa,2023-07-13 21:44:51
104758,4758,Digital,Ativa,2020-05-19 06:06:51
104759,4759,Corrente,Ativa,2019-08-17 09:16:17
104760,4760,Corrente,Ativa,2024-12-13 08:03:12
104761,4761,Digital,Ativa,2019-05-06 21:43:59
104762,4762,Corrente,Ativa,2021-02-21 13:30:15
104763,4763,Corrente,Ativa,2020-08-18 02:47:58
104764,4764,Corrente,Ativa,2018-01-09 05:10:07
104765,4765,Digital,Ativa,2018-03-14 17:47:33
104766,4766,Corrente,Ativa,2020-07-03 22:51:40
104767,4767,Corrente,Ativa,2024-05-21 13:31:54
104768,4768,Corrente,Ativa,2021-11-13 04:35:05
104769,4769,Corrente,Ativa,2023-11-05 20:33:44
104770,4770,Digital,Ativa,2022-02-18 16:06:16
104771,4771,Digital,Ativa,2025-04-14 04:30:10
104772,4772,Corrente,Ativa,2025-10-19 13:19:45
104773,4773,Corrente,Bloqueada,2018-11-15 10:36:44
104774,4774,Digital,Ativa,2018-03-26 11:50:30
104775,4775,Corrente,Ativa,2019-10-28 16:56:20
104776,4776,Corrente,Ativa,2025-06-12 18:09:32
104777,4777,Corrente,Ativa,2022-09-29 04:58:17
104778,4778,Corrente,Ativa,2025-11-11 06:15:01
104779,4779,Corrente,Ativa,2020-02-27 08:47:48
104780,4780,Corrente,Ativa,2023-02-21 20:34:43
104781,4781,Corrente,Ativa,2022-07-01 21:38:40
104782,4782,Corrente,Ativa,2024-02-21 06:04:19
104783,4783,Corrente,Ativa,2024-07-06 11:42:17
104784,4784,Digital,Ativa,2025-11-16 03:41:16
104785,4785,Digital,Ativa,2019-07-24 14:37:48
104786,4786,Corrente,Ativa,2022-10-01 09:24:44
104787,4787,Corrente,Ativa,2023-08-03 22:45:54
104788,4788,Digital,Ativa,2022-09-27 14:38:58
104789,4789,Digital,Ativa,2020-03-31 22:08:45
104790,4790,Corrente,Ativa,2020-05-14 14:46:28
104791,4791,Corrente,Ativa,2019-03-30 17:31:12
104792,4792,Corrente,Encerrada,2018-09-18 05:55:11
104793,4793,Corrente,Encerrada,2019-12-11 02:20:58
104794,4794,Corrente,Ativa,2022-01-02 14:07:01
104795,4795,Corrente,Ativa,2025-11-27 02:08:01
104796,4796,Digital,Ativa,2022-10-30 05:21:16
104797,4797,Corrente,Ativa,2025-08-18 07:26:56
104798,4798,Corrente,Ativa,2025-03-18 18:05:14
104799,4799,Digital,Ativa,2018-06-07 18:44:55
104800,4800,Corrente,Ativa,2025-05-16 06:47:26
104801,4801,Corrente,Encerrada,2019-08-28 15:23:21
104802,4802,Digital,Ativa,2018-10-09 14:39:10
104803,4803,Corrente,Bloqueada,2019-07-22 04:58:10
104804,4804,Corrente,Ativa,2022-10-29 01:53:33
104805,4805,Corrente,Ativa,2022-10-18 18:14:29
104806,4806,Corrente,Ativa,2019-07-11 04:04:49
104807,4807,Corrente,Ativa,2022-06-06 17:32:04
104808,4808,Corrente,Ativa,2021-05-10 14:19:11
104809,4809,Corrente,Ativa,2019-03-03 19:49:12
104810,4810,Digital,Ativa,2018-04-21 19:27:50
104811,4811,Digital,Ativa,2020-05-31 21:10:43
104812,4812,Corrente,Ativa,2020-09-18 17:33:22
104813,4813,Corrente,Ativa,2019-08-25 03:13:02
104814,4814,Corrente,Ativa,2023-01-10 07:53:44
104815,4815,Corrente,Ativa,2018-05-06 22:35:31
104816,4816,Digital,Ativa,2019-02-16 15:15:48
104817,4817,Digital,Ativa,2019-09-27 16:20:21
104818,4818,Corrente,Ativa,2025-03-19 05:19:05
104819,4819,Corrente,Ativa,2021-09-15 06:04:36
104820,4820,Corrente,Ativa,2025-04-06 10:30:56
104821,4821,Digital,Ativa,2020-03-21 04:13:46
104822,4822,Corrente,Ativa,2022-11-01 15:21:51
104823,4823,Corrente,Ativa,2019-10-12 06:43:43
104824,4824,Digital,Ativa,2020-10-11 11:41:25
104825,4825,Digital,Ativa,2021-06-01 05:32:31
104826,4826,Corrente,Ativa,2023-12-28 11:32:35
104827,4827,Corrente,Ativa,2019-05-20 20:45:07
104828,4828,Corrente,Ativa,2024-03-03 09:12:34
104829,4829,Corrente,Ativa,2022-08-16 22:09:17
104830,4830,Corrente,Ativa,2025-11-28 18:33:56
104831,4831,Corrente,Ativa,2024-11-04 18:32:39
104832,4832,Corrente,Ativa,2019-05-03 05:32:35
104833,4833,Corrente,Ativa,2022-01-28 04:32:54
104834,4834,Digital,Ativa,2025-09-23 17:20:45
104835,4835,Corrente,Ativa,2022-09-28 01:56:39
104836,4836,Corrente,Ativa,2023-05-23 13:33:34
104837,4837,Digital,Ativa,2025-10-25 06:03:00
104838,4838,Digital,Ativa,2024-09-23 18:10:49
104839,4839,Corrente,Ativa,2025-07-15 04:47:27
104840,4840,Corrente,Ativa,2022-08-19 17:29:52
104841,4841,Corrente,Bloqueada,2023-05-19 04:42:33
104842,4842,Corrente,Bloqueada,2022-06-18 05:45:22
104843,4843,Digital,Ativa,2021-08-22 00:00:03
104844,4844,Corrente,Ativa,2024-02-29 17:00:25
104845,4845,Corrente,Ativa,2018-06-06 11:11:18
104846,4846,Digital,Ativa,2022-05-06 08:24:24
104847,4847,Digital,Ativa,2019-02-14 04:52:51
104848,4848,Corrente,Ativa,2020-03-26 13:15:40
104849,4849,Digital,Ativa,2025-05-09 12:33:55
104850,4850,Corrente,Ativa,2022-03-05 04:56:53
104851,4851,Corrente,Bloqueada,2019-12-15 22:12:19
104852,4852,Digital,Ativa,2025-07-21 12:35:21
104853,4853,Corrente,Ativa,2021-03-25 00:00:23
104854,4854,Corrente,Ativa,2019-11-06 09:25:54
104855,4855,Corrente,Ativa,2023-07-07 14:30:09
104856,4856,Digital,Ativa,2024-03-19 21:53:17
104857,4857,Digital,Ativa,2019-03-22 11:35:47
104858,4858,Corrente,Ativa,2023-10-07 05:06:53
104859,4859,Corrente,Ativa,2025-05-29 06:00:28
104860,4860,Corrente,Ativa,2018-08-23 04:38:11
104861,4861,Corrente,Ativa,2025-12-30 16:42:30
104862,4862,Corrente,Ativa,2025-05-28 12:18:21
104863,4863,Corrente,Ativa,2019-08-11 15:29:12
104864,4864,Corrente,Ativa,2023-02-06 10:14:17
104865,4865,Corrente,Bloqueada,2018-01-16 12:31:29
104866,4866,Corrente,Ativa,2025-02-03 09:28:51
104867,4867,Corrente,Ativa,2019-12-23 03:32:18
104868,4868,Digital,Ativa,2022-02-16 02:56:11
104869,4869,Corrente,Ativa,2022-07-05 22:32:18
104870,4870,Corrente,Ativa,2018-03-06 18:48:15
104871,4871,Digital,Ativa,2022-08-06 11:54:14
104872,4872,Corrente,Ativa,2022-11-25 03:23:21
104873,4873,Corrente,Ativa,2019-08-26 01:54:29
104874,4874,Corrente,Ativa,2022-12-12 15:46:42
104875,4875,Corrente,Ativa,2022-07-07 00:20:55
104876,4876,Corrente,Ativa,2025-10-26 01:13:02
104877,4877,Corrente,Bloqueada,2020-03-02 02:48:23
104878,4878,Digital,Ativa,2025-11-17 09:15:50
104879,4879,Corrente,Ativa,2021-08-16 15:13:12
104880,4880,Corrente,Ativa,2019-03-30 07:40:45
104881,4881,Corrente,Ativa,2022-03-05 20:29:38
104882,4882,Corrente,Ativa,2025-08-23 05:14:12
104883,4883,Corrente,Ativa,2022-08-05 09:44:53
104884,4884,Corrente,Ativa,2020-01-18 09:40:24
104885,4885,Corrente,Ativa,2021-08-20 05:21:19
104886,4886,Corrente,Ativa,2019-01-22 08:52:15
104887,4887,Digital,Ativa,2022-02-21 15:31:10
104888,4888,Corrente,Ativa,2024-10-19 02:20:04
104889,4889,Corrente,Ativa,2024-09-27 18:36:56
104890,4890,Corrente,Ativa,2019-05-14 03:01:31
104891,4891,Digital,Ativa,2022-09-23 14:56:26
104892,4892,Digital,Bloqueada,2024-02-06 02:50:27
104893,4893,Digital,Ativa,2025-10-12 08:56:14
104894,4894,Digital,Ativa,2025-12-08 07:27:45
104895,4895,Digital,Ativa,2025-01-24 18:26:16
104896,4896,Digital,Ativa,2021-01-31 02:54:18
104897,4897,Corrente,Ativa,2019-01-17 15:19:55
104898,4898,Corrente,Ativa,2021-12-02 00:58:10
104899,4899,Digital,Ativa,2024-11-27 00:10:18
104900,4900,Digital,Ativa,2021-02-25 10:23:33
104901,4901,Digital,Ativa,2018-08-27 05:13:03
104902,4902,Corrente,Ativa,2024-01-23 16:09:12
104903,4903,Digital,Ativa,2019-07-07 22:08:02
104904,4904,Digital,Ativa,2025-03-06 19:17:11
104905,4905,Corrente,Ativa,2024-04-09 15:02:32
104906,4906,Corrente,Ativa,2023-05-11 07:38:42
104907,4907,Digital,Ativa,2023-10-27 06:09:54
104908,4908,Corrente,Ativa,2024-01-24 20:11:15
104909,4909,Corrente,Ativa,2019-01-13 13:59:40
104910,4910,Corrente,Ativa,2021-09-19 11:49:04
104911,4911,Corrente,Ativa,2024-07-24 19:15:45
104912,4912,Digital,Ativa,2023-09-25 13:06:37
104913,4913,Corrente,Ativa,2020-04-26 11:30:23
104914,4914,Corrente,Ativa,2021-08-29 13:38:40
104915,4915,Corrente,Ativa,2022-04-06 11:59:30
104916,4916,Digital,Ativa,2018-11-08 09:29:51
104917,4917,Digital,Ativa,2025-05-31 21:51:33
104918,4918,Corrente,Ativa,2025-07-25 12:55:03
104919,4919,Digital,Ativa,2019-09-20 12:59:48
104920,4920,Corrente,Ativa,2025-03-30 19:05:43
104921,4921,Corrente,Ativa,2020-08-16 06:52:37
104922,4922,Corrente,Ativa,2022-05-28 12:08:00
104923,4923,Digital,Ativa,2025-07-18 18:17:22
104924,4924,Corrente,Ativa,2022-12-12 14:04:13
104925,4925,Digital,Bloqueada,2022-10-05 04:26:41
104926,4926,Corrente,Ativa,2020-08-15 04:55:01
104927,4927,Corrente,Ativa,2024-05-18 08:47:51
104928,4928,Corrente,Ativa,2023-01-24 23:59:33
104929,4929,Digital,Ativa,2018-09-25 10:55:15
104930,4930,Corrente,Ativa,2024-07-15 04:31:47
104931,4931,Corrente,Ativa,2024-01-02 16:27:52
104932,4932,Digital,Ativa,2019-11-17 23:44:00
104933,4933,Corrente,Bloqueada,2021-10-16 15:14:09
104934,4934,Digital,Bloqueada,2019-10-07 11:48:03
104935,4935,Corrente,Ativa,2021-04-01 20:20:34
104936,4936,Corrente,Ativa,2021-06-05 01:21:19
104937,4937,Corrente,Encerrada,2018-06-25 20:47:36
104938,4938,Corrente,Ativa,2022-03-05 23:01:24
104939,4939,Corrente,Ativa,2019-06-03 19:47:43
104940,4940,Corrente,Ativa,2019-02-15 02:20:39
104941,4941,Corrente,Ativa,2023-05-28 04:56:51
104942,4942,Corrente,Ativa,2022-05-28 07:21:14
104943,4943,Corrente,Encerrada,2019-08-27 09:26:11
104944,4944,Digital,Ativa,2024-02-12 18:16:45
104945,4945,Corrente,Ativa,2020-09-03 18:05:45
104946,4946,Corrente,Ativa,2018-11-19 04:49:16
104947,4947,Corrente,Ativa,2020-09-26 22:19:06
104948,4948,Corrente,Ativa,2020-04-18 07:00:50
104949,4949,Corrente,Ativa,2021-08-15 11:51:20
104950,4950,Corrente,Ativa,2022-07-23 19:48:09
104951,4951,Corrente,Encerrada,2022-06-05 06:39:29
104952,4952,Corrente,Ativa,2025-02-05 07:01:14
104953,4953,Corrente,Ativa,2019-09-26 18:49:51
104954,4954,Corrente,Bloqueada,2019-12-03 12:27:07
104955,4955,Digital,Ativa,2019-05-08 18:02:18
104956,4956,Corrente,Ativa,2023-06-21 00:09:06
104957,4957,Corrente,Ativa,2020-02-28 03:22:54
104958,4958,Corrente,Ativa,2024-09-16 18:03:46
104959,4959,Corrente,Ativa,2019-10-28 02:42:34
104960,4960,Digital,Ativa,2024-06-21 04:58:38
104961,4961,Digital,Ativa,2024-04-05 01:01:38
104962,4962,Digital,Ativa,2018-04-26 20:09:39
104963,4963,Corrente,Encerrada,2025-08-27 15:40:04
104964,4964,Digital,Ativa,2025-12-12 20:48:21
104965,4965,Corrente,Ativa,2022-07-24 02:45:24
104966,4966,Corrente,Ativa,2020-10-11 01:24:54
104967,4967,Corrente,Ativa,2022-10-21 08:52:38
104968,4968,Corrente,Ativa,2024-04-13 03:35:40
104969,4969,Corrente,Ativa,2020-03-10 22:10:03
104970,4970,Corrente,Ativa,2024-07-03 02:10:34
104971,4971,Corrente,Ativa,2024-07-20 08:59:34
104972,4972,Corrente,Ativa,2019-05-24 09:19:45
104973,4973,Corrente,Ativa,2024-02-27 07:57:43
104974,4974,Digital,Ativa,2021-01-24 16:01:18
104975,4975,Corrente,Ativa,2023-01-27 07:36:43
104976,4976,Digital,Ativa,2020-08-29 19:03:37
104977,4977,Digital,Ativa,2025-12-16 08:37:04
104978,4978,Corrente,Ativa,2018-04-19 13:25:57
104979,4979,Corrente,Ativa,2023-05-09 12:47:23
104980,4980,Corrente,Ativa,2021-03-04 08:59:22
104981,4981,Corrente,Ativa,2023-11-03 12:22:58
104982,4982,Digital,Ativa,2018-07-25 17:38:45
104983,4983,Corrente,Ativa,2022-08-15 03:51:17
104984,4984,Digital,Ativa,2020-06-01 22:28:35
104985,4985,Corrente,Ativa,2022-10-13 14:39:07
104986,4986,Digital,Ativa,2024-07-22 08:14:58
104987,4987,Corrente,Ativa,2022-03-04 02:44:17
104988,4988,Digital,Ativa,2019-09-04 00:05:47
104989,4989,Digital,Ativa,2021-06-24 12:31:17
104990,4990,Corrente,Ativa,2021-10-03 16:41:06
104991,4991,Corrente,Ativa,2018-07-04 08:35:56
104992,4992,Corrente,Ativa,2020-05-17 02:18:27
104993,4993,Digital,Ativa,2023-08-03 23:11:04
104994,4994,Corrente,Ativa,2020-02-26 12:32:22
104995,4995,Corrente,Ativa,2022-11-11 20:22:21
104996,4996,Corrente,Ativa,2023-12-30 10:12:32
104997,4997,Corrente,Ativa,2018-09-05 13:39:25
104998,4998,Corrente,Ativa,2022-08-23 09:16:35
104999,4999,Corrente,Ativa,2025-06-16 22:24:58
105000,5000,Corrente,Ativa,2020-12-18 05:04:39
105001,5001,Corrente,Ativa,2025-06-12 15:39:37
105002,5002,Corrente,Ativa,2024-02-01 22:07:31
105003,5003,Corrente,Ativa,2019-03-22 07:24:57
105004,5004,Corrente,Ativa,2019-08-18 23:33:19
105005,5005,Corrente,Ativa,2025-04-03 05:37:16
105006,5006,Digital,Bloqueada,2021-04-12 02:46:57
105007,5007,Corrente,Ativa,2023-02-20 22:51:48
105008,5008,Corrente,Ativa,2024-11-13 22:27:17
105009,5009,Corrente,Ativa,2023-04-26 01:42:56
105010,5010,Corrente,Ativa,2022-08-31 01:51:00
105011,5011,Corrente,Ativa,2025-01-18 20:06:47
105012,5012,Digital,Ativa,2024-12-18 02:16:14
105013,5013,Corrente,Ativa,2021-11-12 22:03:51
105014,5014,Corrente,Ativa,2022-03-03 14:56:17
105015,5015,Digital,Ativa,2018-07-07 03:49:44
105016,5016,Corrente,Ativa,2025-02-18 15:06:11
105017,5017,Corrente,Ativa,2023-10-05 00:54:43
105018,5018,Corrente,Ativa,2019-08-17 03:40:03
105019,5019,Corrente,Ativa,2023-09-02 14:40:38
105020,5020,Digital,Ativa,2018-11-06 11:47:51
105021,5021,Corrente,Bloqueada,2024-10-10 20:30:52
105022,5022,Corrente,Ativa,2023-07-25 07:29:27
105023,5023,Corrente,Ativa,2023-08-16 12:30:11
105024,5024,Corrente,Ativa,2019-10-22 07:19:08
105025,5025,Digital,Ativa,2025-02-14 04:05:23
105026,5026,Corrente,Ativa,2024-09-30 05:41:41
105027,5027,Digital,Ativa,2018-02-18 07:21:34
105028,5028,Corrente,Ativa,2022-11-19 08:24:56
105029,5029,Digital,Ativa,2018-07-30 00:01:24
105030,5030,Corrente,Bloqueada,2023-10-02 15:54:57
105031,5031,Corrente,Ativa,2021-12-22 00:57:16
105032,5032,Digital,Ativa,2022-03-30 22:04:29
105033,5033,Corrente,Ativa,2025-01-23 19:38:48
105034,5034,Digital,Ativa,2018-01-17 20:28:27
105035,5035,Corrente,Ativa,2025-07-22 14:24:08
105036,5036,Corrente,Ativa,2023-06-13 06:12:10
105037,5037,Digital,Ativa,2024-02-07 15:52:00
105038,5038,Digital,Ativa,2024-03-27 00:16:40
105039,5039,Digital,Bloqueada,2021-10-14 01:08:22
105040,5040,Digital,Ativa,2020-12-12 02:32:00
105041,5041,Corrente,Bloqueada,2021-03-12 10:28:17
105042,5042,Corrente,Bloqueada,2019-02-23 05:45:21
105043,5043,Digital,Ativa,2022-04-21 09:46:38
105044,5044,Corrente,Ativa,2018-12-14 08:37:27
105045,5045,Digital,Ativa,2021-05-23 01:48:16
105046,5046,Corrente,Ativa,2022-05-05 23:28:58
105047,5047,Corrente,Ativa,2025-02-15 23:20:02
105048,5048,Corrente,Ativa,2019-11-27 07:14:36
105049,5049,Corrente,Ativa,2022-10-16 02:46:55
105050,5050,Corrente,Ativa,2022-11-29 09:12:32
105051,5051,Corrente,Ativa,2022-03-09 07:00:04
105052,5052,Digital,Ativa,2019-11-28 13:36:30
105053,5053,Corrente,Ativa,2019-08-23 18:38:43
105054,5054,Corrente,Ativa,2019-02-21 21:20:34
105055,5055,Digital,Ativa,2018-06-06 18:25:43
105056,5056,Digital,Ativa,2018-04-08 15:22:19
105057,5057,Corrente,Ativa,2023-05-10 21:05:42
105058,5058,Digital,Ativa,2024-11-04 00:57:55
105059,5059,Corrente,Ativa,2023-12-31 14:49:04
105060,5060,Digital,Ativa,2020-08-11 21:17:10
105061,5061,Digital,Ativa,2020-01-03 22:00:34
105062,5062,Corrente,Ativa,2018-07-01 21:23:00
105063,5063,Digital,Ativa,2024-06-16 15:02:35
105064,5064,Digital,Ativa,2019-08-18 03:05:43
105065,5065,Corrente,Ativa,2022-08-26 16:58:39
105066,5066,Corrente,Ativa,2020-08-25 19:21:12
105067,5067,Corrente,Ativa,2020-11-28 18:56:46
105068,5068,Corrente,Bloqueada,2020-10-12 09:23:05
105069,5069,Digital,Ativa,2020-03-20 05:11:38
105070,5070,Corrente,Ativa,2025-06-22 06:55:18
105071,5071,Corrente,Ativa,2019-10-14 04:57:09
105072,5072,Digital,Ativa,2019-11-16 08:45:19
105073,5073,Digital,Ativa,2024-12-27 10:00:36
105074,5074,Digital,Ativa,2020-12-11 18:55:10
105075,5075,Corrente,Ativa,2018-07-17 07:58:52
105076,5076,Corrente,Ativa,2019-09-25 16:10:18
105077,5077,Corrente,Ativa,2020-04-08 10:02:27
105078,5078,Corrente,Ativa,2019-03-27 19:32:38
105079,5079,Corrente,Ativa,2025-04-22 05:56:00
105080,5080,Digital,Encerrada,2018-12-22 07:45:01
105081,5081,Corrente,Ativa,2024-07-01 18:31:55
105082,5082,Corrente,Ativa,2023-01-27 08:08:50
105083,5083,Corrente,Ativa,2024-08-25 08:45:41
105084,5084,Digital,Ativa,2020-03-15 04:13:45
105085,5085,Corrente,Ativa,2025-05-16 19:47:28
105086,5086,Corrente,Ativa,2022-02-04 00:06:38
105087,5087,Corrente,Ativa,2020-11-27 16:10:52
105088,5088,Corrente,Ativa,2022-10-31 06:10:30
105089,5089,Digital,Ativa,2019-05-10 13:51:13
105090,5090,Corrente,Ativa,2024-07-16 09:15:02
105091,5091,Corrente,Ativa,2023-03-13 00:16:15
105092,5092,Digital,Ativa,2024-07-13 11:02:21
105093,5093,Corrente,Ativa,2023-01-16 18:39:15
105094,5094,Corrente,Ativa,2020-11-20 13:22:32
105095,5095,Corrente,Ativa,2025-01-31 04:33:35
105096,5096,Corrente,Ativa,2022-04-04 23:00:36
105097,5097,Digital,Ativa,2021-08-05 05:30:40
105098,5098,Corrente,Encerrada,2021-09-20 09:23:39
105099,5099,Corrente,Ativa,2024-07-07 07:23:06
105100,5100,Corrente,Ativa,2020-10-06 20:15:47
105101,5101,Digital,Ativa,2021-03-18 02:20:10
105102,5102,Digital,Ativa,2020-10-13 00:59:24
105103,5103,Digital,Ativa,2023-10-11 16:22:59
105104,5104,Corrente,Ativa,2023-07-01 02:08:11
105105,5105,Digital,Ativa,2025-05-26 21:40:30
105106,5106,Corrente,Ativa,2024-02-06 21:35:15
105107,5107,Corrente,Ativa,2024-06-13 15:34:03
105108,5108,Digital,Ativa,2025-05-03 08:44:02
105109,5109,Digital,Ativa,2023-10-05 01:21:29
105110,5110,Digital,Bloqueada,2024-07-25 15:40:30
105111,5111,Digital,Ativa,2020-01-24 16:50:28
105112,5112,Digital,Ativa,2022-02-15 14:50:18
105113,5113,Corrente,Ativa,2024-10-29 21:29:21
105114,5114,Corrente,Ativa,2021-11-07 15:20:41
105115,5115,Corrente,Ativa,2018-01-29 04:05:47
105116,5116,Corrente,Ativa,2025-03-24 09:44:57
105117,5117,Digital,Ativa,2023-11-22 08:18:20
105118,5118,Digital,Ativa,2021-05-24 15:45:28
105119,5119,Corrente,Ativa,2019-11-02 18:56:50
105120,5120,Digital,Ativa,2019-01-21 07:34:54
105121,5121,Corrente,Bloqueada,2018-03-31 03:26:11
105122,5122,Digital,Ativa,2019-11-27 01:18:06
105123,5123,Digital,Ativa,2019-12-11 07:49:37
105124,5124,Corrente,Ativa,2018-05-16 16:21:59
105125,5125,Corrente,Bloqueada,2024-10-09 13:04:22
105126,5126,Corrente,Ativa,2023-05-21 08:28:50
105127,5127,Digital,Encerrada,2023-08-30 09:15:42
105128,5128,Corrente,Ativa,2018-07-14 08:02:18
105129,5129,Corrente,Ativa,2022-07-20 02:08:26
105130,5130,Corrente,Ativa,2021-05-19 01:49:24
105131,5131,Corrente,Ativa,2020-10-30 22:58:19
105132,5132,Digital,Ativa,2021-01-13 04:15:28
105133,5133,Digital,Ativa,2018-02-19 16:13:15
105134,5134,Corrente,Ativa,2023-02-11 23:04:37
105135,5135,Corrente,Ativa,2021-11-24 01:57:13
105136,5136,Corrente,Ativa,2025-06-09 06:20:53
105137,5137,Corrente,Ativa,2023-11-19 16:54:03
105138,5138,Corrente,Ativa,2025-03-09 12:34:28
105139,5139,Corrente,Ativa,2020-09-15 14:44:40
105140,5140,Corrente,Ativa,2019-03-01 18:38:38
105141,5141,Corrente,Ativa,2020-02-08 07:24:19
105142,5142,Corrente,Ativa,2020-05-27 14:25:21
105143,5143,Corrente,Ativa,2018-03-06 13:56:59
105144,5144,Corrente,Ativa,2021-11-20 13:32:22
105145,5145,Digital,Ativa,2024-08-10 07:07:48
105146,5146,Corrente,Ativa,2019-02-08 17:00:06
105147,5147,Digital,Ativa,2023-05-10 17:59:50
105148,5148,Digital,Ativa,2021-08-12 16:20:38
105149,5149,Corrente,Ativa,2024-09-07 16:58:10
105150,5150,Corrente,Encerrada,2025-06-06 18:20:12
105151,5151,Corrente,Ativa,2019-04-25 03:55:48
105152,5152,Corrente,Ativa,2019-03-14 13:53:20
105153,5153,Corrente,Ativa,2020-12-25 06:45:57
105154,5154,Corrente,Ativa,2025-11-24 12:59:31
105155,5155,Digital,Ativa,2025-06-16 21:09:21
105156,5156,Corrente,Ativa,2018-10-17 14:56:18
105157,5157,Corrente,Ativa,2019-11-05 09:14:22
105158,5158,Digital,Bloqueada,2024-08-22 15:26:58
105159,5159,Digital,Ativa,2022-06-19 22:14:53
105160,5160,Corrente,Encerrada,2020-05-22 22:51:12
105161,5161,Corrente,Ativa,2018-11-07 09:10:46
105162,5162,Corrente,Ativa,2023-01-27 05:50:17
105163,5163,Corrente,Ativa,2025-05-10 18:25:33
105164,5164,Digital,Ativa,2022-12-30 04:12:02
105165,5165,Corrente,Ativa,2019-08-22 02:23:34
105166,5166,Corrente,Ativa,2018-10-05 05:36:25
105167,5167,Corrente,Ativa,2021-04-30 10:24:31
105168,5168,Corrente,Ativa,2023-07-18 19:05:13
105169,5169,Corrente,Ativa,2020-05-31 13:24:43
105170,5170,Digital,Ativa,2022-04-30 17:23:10
105171,5171,Corrente,Bloqueada,2025-09-26 09:07:20
105172,5172,Corrente,Ativa,2023-11-04 22:48:28
105173,5173,Corrente,Ativa,2024-08-30 09:36:47
105174,5174,Digital,Bloqueada,2023-06-23 03:24:14
105175,5175,Digital,Ativa,2024-08-13 04:23:42
105176,5176,Digital,Ativa,2021-11-03 07:03:59
105177,5177,Digital,Ativa,2018-08-29 12:33:16
105178,5178,Digital,Bloqueada,2019-04-13 16:12:05
105179,5179,Corrente,Ativa,2025-01-06 16:42:15
105180,5180,Corrente,Ativa,2024-07-21 15:42:50
105181,5181,Corrente,Ativa,2018-01-11 15:49:30
105182,5182,Corrente,Ativa,2025-12-07 02:39:19
105183,5183,Digital,Ativa,2023-05-10 16:00:39
105184,5184,Corrente,Ativa,2023-04-15 12:19:55
105185,5185,Corrente,Ativa,2020-08-19 04:29:38
105186,5186,Corrente,Ativa,2022-09-02 01:28:37
105187,5187,Corrente,Ativa,2022-05-09 02:00:47
105188,5188,Corrente,Ativa,2023-01-14 01:13:01
105189,5189,Corrente,Ativa,2025-11-30 12:11:42
105190,5190,Corrente,Ativa,2020-12-14 15:58:21
105191,5191,Digital,Ativa,2018-09-06 10:00:45
105192,5192,Corrente,Ativa,2022-01-04 23:52:21
105193,5193,Corrente,Ativa,2021-10-31 06:51:50
105194,5194,Digital,Ativa,2021-09-20 01:05:06
105195,5195,Corrente,Ativa,2024-04-25 11:17:50
105196,5196,Digital,Ativa,2020-08-20 11:29:13
105197,5197,Digital,Ativa,2023-04-11 13:04:32
105198,5198,Digital,Ativa,2024-04-13 19:34:20
105199,5199,Digital,Ativa,2018-02-19 08:23:20
105200,5200,Corrente,Ativa,2023-07-30 05:43:01
105201,5201,Corrente,Ativa,2021-07-24 07:20:04
105202,5202,Corrente,Ativa,2019-12-24 02:38:06
105203,5203,Corrente,Ativa,2019-04-12 18:34:25
105204,5204,Corrente,Ativa,2018-11-21 13:09:23
105205,5205,Corrente,Ativa,2018-07-06 06:38:28
105206,5206,Digital,Ativa,2019-06-15 10:25:45
105207,5207,Corrente,Ativa,2020-02-18 01:28:35
105208,5208,Corrente,Ativa,2024-08-25 15:30:17
105209,5209,Corrente,Ativa,2025-05-24 21:06:59
105210,5210,Digital,Ativa,2022-09-14 20:32:58
105211,5211,Digital,Ativa,2020-12-17 03:12:21
105212,5212,Corrente,Ativa,2018-05-12 05:54:06
105213,5213,Digital,Ativa,2019-05-22 05:22:38
105214,5214,Corrente,Ativa,2018-12-08 22:29:55
105215,5215,Corrente,Ativa,2025-02-28 11:50:20
105216,5216,Corrente,Ativa,2020-08-24 12:15:07
105217,5217,Corrente,Bloqueada,2024-08-01 08:26:48
105218,5218,Digital,Ativa,2023-09-24 16:17:31
105219,5219,Corrente,Ativa,2018-06-21 07:40:17
105220,5220,Corrente,Ativa,2025-01-20 02:49:40
105221,5221,Digital,Bloqueada,2022-04-23 12:19:41
105222,5222,Digital,Ativa,2021-05-25 05:02:07
105223,5223,Corrente,Ativa,2018-09-21 09:00:02
105224,5224,Corrente,Ativa,2021-03-31 02:52:39
105225,5225,Corrente,Ativa,2023-06-29 03:41:01
105226,5226,Corrente,Ativa,2018-10-10 16:34:07
105227,5227,Digital,Ativa,2023-04-02 17:32:30
105228,5228,Corrente,Ativa,2025-12-03 02:46:10
105229,5229,Digital,Ativa,2022-02-26 03:42:15
105230,5230,Corrente,Ativa,2021-02-23 17:00:39
105231,5231,Corrente,Ativa,2019-10-21 06:42:57
105232,5232,Digital,Ativa,2022-06-13 22:02:50
105233,5233,Corrente,Ativa,2022-09-30 05:19:08
105234,5234,Corrente,Ativa,2023-11-13 10:49:45
105235,5235,Digital,Ativa,2023-04-06 13:53:32
105236,5236,Corrente,Bloqueada,2019-06-21 15:38:14
105237,5237,Corrente,Ativa,2025-07-06 00:15:49
105238,5238,Corrente,Ativa,2024-02-12 17:49:46
105239,5239,Corrente,Ativa,2024-04-07 19:32:16
105240,5240,Digital,Ativa,2019-06-03 15:51:59
105241,5241,Digital,Bloqueada,2023-02-07 18:29:37
105242,5242,Corrente,Ativa,2025-06-13 11:16:19
105243,5243,Digital,Ativa,2022-02-24 19:21:51
105244,5244,Corrente,Ativa,2021-10-30 22:12:33
105245,5245,Digital,Ativa,2022-11-09 04:55:14
105246,5246,Digital,Bloqueada,2019-03-24 12:35:58
105247,5247,Corrente,Ativa,2023-05-06 07:01:09
105248,5248,Digital,Encerrada,2021-11-04 12:35:36
105249,5249,Corrente,Ativa,2019-06-12 04:33:01
105250,5250,Corrente,Bloqueada,2021-10-26 04:22:33
105251,5251,Corrente,Ativa,2018-04-16 01:59:34
105252,5252,Digital,Ativa,2019-03-20 19:24:45
105253,5253,Digital,Ativa,2025-11-10 08:23:16
105254,5254,Corrente,Ativa,2018-03-22 15:33:20
105255,5255,Corrente,Ativa,2021-01-21 22:34:08
105256,5256,Corrente,Ativa,2021-03-06 05:06:40
105257,5257,Corrente,Encerrada,2019-12-29 14:24:18
105258,5258,Corrente,Ativa,2025-08-27 02:59:18
105259,5259,Corrente,Ativa,2025-09-07 16:50:54
105260,5260,Corrente,Ativa,2021-07-10 01:04:44
105261,5261,Corrente,Ativa,2020-09-26 10:01:12
105262,5262,Corrente,Ativa,2024-12-02 15:01:33
105263,5263,Corrente,Ativa,2020-06-14 05:31:17
105264,5264,Digital,Ativa,2023-11-13 04:05:26
105265,5265,Corrente,Ativa,2024-11-07 18:40:45
105266,5266,Corrente,Ativa,2021-06-20 10:14:02
105267,5267,Corrente,Ativa,2021-09-22 05:59:30
105268,5268,Corrente,Ativa,2022-07-30 07:56:58
105269,5269,Digital,Ativa,2022-08-07 02:27:19
105270,5270,Corrente,Ativa,2018-05-18 09:43:53
105271,5271,Corrente,Ativa,2022-09-03 21:34:29
105272,5272,Digital,Ativa,2018-06-20 06:45:22
105273,5273,Digital,Ativa,2020-02-27 20:53:48
105274,5274,Digital,Ativa,2019-04-27 00:44:59
105275,5275,Corrente,Ativa,2020-08-11 23:40:01
105276,5276,Corrente,Ativa,2019-05-15 14:28:08
105277,5277,Corrente,Ativa,2021-11-02 00:13:30
105278,5278,Corrente,Ativa,2020-08-23 16:12:54
105279,5279,Corrente,Ativa,2020-06-01 08:07:57
105280,5280,Digital,Ativa,2024-07-07 16:48:41
105281,5281,Corrente,Ativa,2019-09-08 17:49:35
105282,5282,Digital,Ativa,2021-05-19 00:46:49
105283,5283,Digital,Ativa,2019-06-19 08:43:59
105284,5284,Digital,Bloqueada,2019-10-05 21:49:34
105285,5285,Corrente,Ativa,2020-10-14 11:08:28
105286,5286,Corrente,Ativa,2018-06-27 13:41:44
105287,5287,Digital,Ativa,2025-06-29 10:14:27
105288,5288,Corrente,Ativa,2018-11-30 05:15:47
105289,5289,Corrente,Ativa,2023-03-02 21:19:33
105290,5290,Corrente,Ativa,2024-12-09 22:56:49
105291,5291,Digital,Ativa,2022-09-13 10:47:21
105292,5292,Corrente,Ativa,2021-06-02 16:20:16
105293,5293,Corrente,Ativa,2022-06-11 03:18:01
105294,5294,Digital,Ativa,2020-06-29 05:23:14
105295,5295,Digital,Ativa,2019-06-22 01:55:39
105296,5296,Corrente,Bloqueada,2022-09-06 17:47:54
105297,5297,Corrente,Ativa,2021-03-17 22:20:20
105298,5298,Corrente,Ativa,2020-10-02 09:23:13
105299,5299,Corrente,Ativa,2022-06-09 18:09:12
105300,5300,Digital,Ativa,2018-01-14 10:16:28
105301,5301,Digital,Ativa,2020-12-04 20:55:24
105302,5302,Digital,Ativa,2020-01-14 00:52:32
105303,5303,Corrente,Ativa,2021-07-17 05:25:51
105304,5304,Digital,Ativa,2018-08-03 21:43:24
105305,5305,Digital,Ativa,2025-09-28 19:14:58
105306,5306,Digital,Bloqueada,2024-05-24 09:08:46
105307,5307,Digital,Ativa,2023-06-02 06:29:40
105308,5308,Digital,Ativa,2025-01-31 11:32:32
105309,5309,Corrente,Ativa,2025-02-06 03:18:11
105310,5310,Digital,Ativa,2023-05-21 16:38:01
105311,5311,Corrente,Encerrada,2025-04-02 10:56:16
105312,5312,Corrente,Ativa,2021-10-21 08:00:42
105313,5313,Digital,Ativa,2021-12-24 12:32:26
105314,5314,Corrente,Ativa,2019-09-08 06:09:31
105315,5315,Corrente,Ativa,2021-10-19 05:51:54
105316,5316,Digital,Ativa,2019-05-20 10:51:18
105317,5317,Digital,Ativa,2018-12-06 07:33:20
105318,5318,Digital,Ativa,2025-09-23 21:56:31
105319,5319,Digital,Encerrada,2023-11-23 04:59:46
105320,5320,Digital,Ativa,2023-02-06 01:50:06
105321,5321,Digital,Ativa,2021-04-25 07:41:55
105322,5322,Corrente,Ativa,2025-08-01 13:41:55
105323,5323,Corrente,Ativa,2025-01-03 08:10:38
105324,5324,Corrente,Encerrada,2023-10-23 15:45:33
105325,5325,Corrente,Ativa,2019-01-09 06:23:24
105326,5326,Digital,Ativa,2023-06-22 14:39:18
105327,5327,Corrente,Ativa,2025-06-21 07:39:48
105328,5328,Digital,Ativa,2018-05-08 15:53:46
105329,5329,Corrente,Ativa,2021-08-22 23:38:58
105330,5330,Corrente,Ativa,2023-05-20 01:28:39
105331,5331,Corrente,Ativa,2022-12-31 19:19:06
105332,5332,Digital,Ativa,2020-09-21 20:00:10
105333,5333,Corrente,Ativa,2020-03-26 04:03:08
105334,5334,Corrente,Ativa,2020-10-07 13:03:04
105335,5335,Digital,Ativa,2022-03-06 20:09:17
105336,5336,Corrente,Ativa,2025-07-19 05:20:24
105337,5337,Corrente,Ativa,2019-08-18 01:46:00
105338,5338,Corrente,Ativa,2023-09-30 18:41:17
105339,5339,Corrente,Ativa,2022-11-20 13:26:54
105340,5340,Digital,Ativa,2020-05-13 02:33:48
105341,5341,Corrente,Ativa,2019-08-28 01:47:44
105342,5342,Digital,Ativa,2023-01-01 16:28:13
105343,5343,Corrente,Ativa,2025-10-23 10:13:59
105344,5344,Digital,Ativa,2023-11-20 22:56:28
105345,5345,Corrente,Ativa,2018-04-18 05:40:46
105346,5346,Corrente,Ativa,2022-02-06 02:14:41
105347,5347,Corrente,Ativa,2022-03-18 11:11:50
105348,5348,Corrente,Ativa,2022-09-11 09:19:30
105349,5349,Digital,Ativa,2024-03-15 06:42:09
105350,5350,Corrente,Ativa,2022-07-31 21:39:15
105351,5351,Corrente,Ativa,2024-05-27 06:58:48
105352,5352,Corrente,Ativa,2024-01-09 12:08:46
105353,5353,Digital,Ativa,2018-05-13 20:05:05
105354,5354,Digital,Ativa,2022-06-15 19:32:32
105355,5355,Digital,Ativa,2024-12-03 16:50:38
105356,5356,Corrente,Encerrada,2022-10-29 06:15:57
105357,5357,Corrente,Ativa,2018-03-04 21:25:42
105358,5358,Corrente,Ativa,2024-06-25 19:47:41
105359,5359,Digital,Ativa,2023-01-08 15:19:38
105360,5360,Digital,Ativa,2018-02-26 14:22:24
105361,5361,Corrente,Ativa,2023-06-10 08:41:09
105362,5362,Corrente,Ativa,2024-02-28 09:03:41
105363,5363,Corrente,Ativa,2020-05-07 17:40:20
105364,5364,Digital,Ativa,2022-08-01 04:55:22
105365,5365,Digital,Ativa,2019-04-10 23:57:43
105366,5366,Corrente,Ativa,2021-04-10 02:58:42
105367,5367,Digital,Ativa,2025-02-01 18:47:14
105368,5368,Digital,Ativa,2021-11-16 21:18:56
105369,5369,Corrente,Ativa,2018-01-31 09:05:07
105370,5370,Corrente,Ativa,2020-08-21 00:24:25
105371,5371,Corrente,Ativa,2024-05-12 16:47:43
105372,5372,Corrente,Ativa,2019-06-16 19:55:37
105373,5373,Corrente,Ativa,2025-09-14 10:41:41
105374,5374,Corrente,Ativa,2021-05-03 22:43:48
105375,5375,Corrente,Ativa,2019-02-10 22:49:42
105376,5376,Corrente,Ativa,2022-10-28 18:22:54
105377,5377,Corrente,Ativa,2025-06-30 18:49:31
105378,5378,Corrente,Bloqueada,2021-05-03 18:12:48
105379,5379,Corrente,Ativa,2021-10-18 07:39:30
105380,5380,Corrente,Ativa,2020-07-12 18:46:18
105381,5381,Corrente,Ativa,2019-02-15 09:07:25
105382,5382,Corrente,Bloqueada,2019-02-16 07:37:07
105383,5383,Corrente,Ativa,2021-03-16 08:42:22
105384,5384,Digital,Ativa,2020-09-12 07:47:49
105385,5385,Corrente,Ativa,2022-03-17 20:59:34
105386,5386,Corrente,Ativa,2020-09-05 16:06:53
105387,5387,Digital,Ativa,2024-07-25 13:54:33
105388,5388,Corrente,Bloqueada,2025-12-14 12:53:50
105389,5389,Corrente,Encerrada,2023-11-16 14:37:29
105390,5390,Corrente,Ativa,2021-12-29 09:00:30
105391,5391,Corrente,Ativa,2022-06-13 09:55:30
105392,5392,Corrente,Ativa,2023-05-13 10:41:43
105393,5393,Corrente,Ativa,2020-02-08 15:31:24
105394,5394,Digital,Ativa,2025-09-10 09:01:10
105395,5395,Corrente,Ativa,2021-01-08 06:04:02
105396,5396,Digital,Ativa,2021-05-03 04:47:11
105397,5397,Digital,Ativa,2018-04-30 11:35:52
105398,5398,Digital,Bloqueada,2025-01-27 23:32:12
105399,5399,Corrente,Ativa,2020-05-28 18:15:53
105400,5400,Corrente,Ativa,2020-10-31 15:23:40
105401,5401,Digital,Ativa,2025-09-15 00:14:12
105402,5402,Corrente,Ativa,2025-11-26 02:25:21
105403,5403,Corrente,Bloqueada,2021-12-02 09:25:28
105404,5404,Corrente,Ativa,2025-08-18 22:57:27
105405,5405,Corrente,Ativa,2021-03-13 02:16:14
105406,5406,Corrente,Ativa,2018-04-28 21:11:03
105407,5407,Corrente,Ativa,2019-07-21 22:02:56
105408,5408,Corrente,Ativa,2022-12-27 13:21:33
105409,5409,Corrente,Ativa,2022-11-13 17:14:39
105410,5410,Digital,Encerrada,2025-10-31 02:05:55
105411,5411,Corrente,Ativa,2025-12-30 15:09:42
105412,5412,Corrente,Ativa,2025-06-01 13:52:53
105413,5413,Corrente,Encerrada,2023-07-19 13:48:11
105414,5414,Digital,Ativa,2018-12-15 16:06:00
105415,5415,Corrente,Ativa,2019-12-21 11:46:06
105416,5416,Corrente,Ativa,2023-01-15 20:18:47
105417,5417,Corrente,Ativa,2018-08-26 16:27:52
105418,5418,Corrente,Ativa,2023-07-22 19:57:23
105419,5419,Corrente,Ativa,2019-12-21 19:37:43
105420,5420,Digital,Ativa,2025-08-29 14:18:37
105421,5421,Corrente,Ativa,2018-10-09 01:57:15
105422,5422,Corrente,Ativa,2023-02-09 13:36:21
105423,5423,Corrente,Ativa,2020-01-08 08:16:24
105424,5424,Corrente,Ativa,2023-10-19 18:33:29
105425,5425,Digital,Ativa,2021-03-11 14:46:08
105426,5426,Digital,Ativa,2021-09-12 03:43:01
105427,5427,Corrente,Ativa,2018-11-05 02:28:41
105428,5428,Digital,Bloqueada,2025-11-29 17:51:37
105429,5429,Corrente,Ativa,2018-02-12 12:56:33
105430,5430,Corrente,Ativa,2023-04-30 17:25:50
105431,5431,Corrente,Ativa,2018-01-04 19:02:35
105432,5432,Corrente,Ativa,2025-10-11 21:16:02
105433,5433,Corrente,Ativa,2020-04-30 21:51:52
105434,5434,Digital,Ativa,2024-09-25 18:16:04
105435,5435,Corrente,Ativa,2021-09-02 20:41:19
105436,5436,Corrente,Ativa,2022-02-06 00:50:44
105437,5437,Digital,Ativa,2021-09-05 07:22:40
105438,5438,Corrente,Ativa,2024-01-04 23:39:53
105439,5439,Digital,Ativa,2020-08-28 02:02:35
105440,5440,Corrente,Ativa,2020-06-27 01:39:09
105441,5441,Corrente,Ativa,2018-09-10 13:59:23
105442,5442,Digital,Ativa,2019-06-07 17:26:57
105443,5443,Digital,Ativa,2020-10-20 20:14:07
105444,5444,Corrente,Ativa,2018-08-30 00:29:28
105445,5445,Corrente,Ativa,2024-09-18 04:18:14
105446,5446,Corrente,Ativa,2019-09-18 18:19:56
105447,5447,Corrente,Ativa,2025-07-13 20:10:43
105448,5448,Digital,Encerrada,2020-07-22 22:42:46
105449,5449,Corrente,Ativa,2020-01-08 21:13:02
105450,5450,Corrente,Ativa,2021-07-08 16:16:09
105451,5451,Digital,Bloqueada,2023-08-11 15:02:35
105452,5452,Digital,Ativa,2025-05-12 21:19:29
105453,5453,Corrente,Ativa,2022-01-27 05:23:39
105454,5454,Corrente,Ativa,2024-11-21 10:55:00
105455,5455,Corrente,Encerrada,2018-02-03 04:15:23
105456,5456,Digital,Ativa,2019-03-10 10:42:00
105457,5457,Corrente,Ativa,2022-02-03 00:21:30
105458,5458,Corrente,Ativa,2023-09-11 11:14:41
105459,5459,Corrente,Ativa,2022-11-27 01:39:26
105460,5460,Corrente,Ativa,2022-08-09 00:37:06
105461,5461,Corrente,Ativa,2024-11-26 19:05:40
105462,5462,Corrente,Ativa,2020-02-29 11:29:51
105463,5463,Corrente,Ativa,2025-08-18 06:19:00
105464,5464,Corrente,Ativa,2022-02-01 12:52:46
105465,5465,Digital,Ativa,2023-04-19 18:32:07
105466,5466,Corrente,Ativa,2018-09-29 09:53:10
105467,5467,Corrente,Ativa,2022-11-10 00:27:14
105468,5468,Corrente,Encerrada,2022-03-27 00:56:52
105469,5469,Corrente,Ativa,2020-06-15 20:33:43
105470,5470,Corrente,Ativa,2022-04-29 06:12:20
105471,5471,Corrente,Ativa,2021-12-14 05:11:41
105472,5472,Corrente,Ativa,2022-01-18 14:17:05
105473,5473,Corrente,Ativa,2025-03-19 02:50:49
105474,5474,Corrente,Ativa,2018-05-15 07:33:37
105475,5475,Digital,Ativa,2020-10-05 10:22:08
105476,5476,Corrente,Bloqueada,2020-05-24 02:07:33
105477,5477,Corrente,Ativa,2025-02-01 10:05:43
105478,5478,Digital,Ativa,2022-03-13 11:47:43
105479,5479,Digital,Ativa,2022-08-09 22:07:12
105480,5480,Corrente,Ativa,2019-12-17 20:24:23
105481,5481,Corrente,Encerrada,2024-03-08 05:57:41
105482,5482,Corrente,Ativa,2021-07-15 23:33:44
105483,5483,Corrente,Ativa,2020-10-06 15:48:02
105484,5484,Corrente,Ativa,2022-10-07 15:16:31
105485,5485,Corrente,Ativa,2020-09-09 00:03:09
105486,5486,Corrente,Ativa,2025-09-15 21:56:45
105487,5487,Corrente,Ativa,2025-08-01 06:56:54
105488,5488,Digital,Ativa,2022-02-15 02:34:09
105489,5489,Corrente,Ativa,2024-04-08 04:25:40
105490,5490,Corrente,Ativa,2021-07-16 23:31:55
105491,5491,Digital,Ativa,2019-04-13 03:48:48
105492,5492,Corrente,Ativa,2021-10-23 01:42:28
105493,5493,Digital,Ativa,2022-08-19 07:06:15
105494,5494,Digital,Ativa,2024-03-06 08:49:45
105495,5495,Corrente,Ativa,2018-09-01 11:56:50
105496,5496,Corrente,Ativa,2021-09-27 18:26:06
105497,5497,Corrente,Ativa,2020-12-02 19:23:17
105498,5498,Digital,Ativa,2023-10-23 19:27:08
105499,5499,Digital,Ativa,2021-10-09 17:38:15
105500,5500,Corrente,Encerrada,2018-10-22 11:19:24
105501,5501,Corrente,Ativa,2020-12-12 06:35:09
105502,5502,Corrente,Ativa,2018-12-05 12:31:45
105503,5503,Corrente,Ativa,2025-10-26 02:58:12
105504,5504,Digital,Ativa,2023-08-21 13:48:21
105505,5505,Digital,Ativa,2022-05-21 21:55:06
105506,5506,Corrente,Ativa,2020-07-02 13:00:14
105507,5507,Corrente,Ativa,2019-09-17 12:09:27
105508,5508,Corrente,Ativa,2018-12-03 14:17:37
105509,5509,Corrente,Ativa,2018-12-10 21:13:42
105510,5510,Digital,Ativa,2019-01-03 14:57:19
105511,5511,Digital,Ativa,2021-12-15 20:09:45
105512,5512,Corrente,Ativa,2021-10-29 15:32:44
105513,5513,Corrente,Ativa,2025-12-09 20:55:57
105514,5514,Digital,Ativa,2023-05-26 16:26:59
105515,5515,Corrente,Ativa,2018-05-05 22:10:49
105516,5516,Corrente,Bloqueada,2024-02-10 01:51:29
105517,5517,Corrente,Ativa,2020-10-21 16:03:19
105518,5518,Corrente,Encerrada,2022-02-07 20:32:33
105519,5519,Corrente,Ativa,2022-12-12 18:26:41
105520,5520,Corrente,Ativa,2022-07-26 09:58:04
105521,5521,Corrente,Ativa,2023-04-23 18:10:06
105522,5522,Corrente,Ativa,2018-08-06 15:57:44
105523,5523,Digital,Ativa,2020-03-14 19:28:35
105524,5524,Corrente,Ativa,2020-08-03 23:22:46
105525,5525,Corrente,Bloqueada,2018-12-14 14:56:57
105526,5526,Corrente,Ativa,2021-11-14 07:48:29
105527,5527,Corrente,Ativa,2020-08-07 08:44:03
105528,5528,Digital,Ativa,2020-06-13 09:05:40
105529,5529,Corrente,Ativa,2019-06-08 08:09:04
105530,5530,Corrente,Ativa,2022-04-16 07:16:46
105531,5531,Corrente,Bloqueada,2021-01-16 13:49:45
105532,5532,Digital,Ativa,2019-10-21 08:46:24
105533,5533,Corrente,Ativa,2018-12-01 18:47:53
105534,5534,Digital,Ativa,2025-07-24 19:43:21
105535,5535,Digital,Ativa,2019-02-16 06:19:41
105536,5536,Digital,Ativa,2025-02-24 23:50:10
105537,5537,Digital,Ativa,2021-12-17 11:38:39
105538,5538,Corrente,Ativa,2025-10-04 12:27:17
105539,5539,Corrente,Bloqueada,2025-08-24 06:14:39
105540,5540,Corrente,Ativa,2023-12-26 19:31:23
105541,5541,Corrente,Ativa,2020-08-28 21:27:26
105542,5542,Corrente,Ativa,2022-12-21 03:17:15
105543,5543,Digital,Ativa,2020-01-24 22:04:27
105544,5544,Digital,Ativa,2020-01-25 02:25:23
105545,5545,Corrente,Ativa,2021-08-28 17:18:48
105546,5546,Corrente,Ativa,2025-12-19 06:04:33
105547,5547,Digital,Ativa,2019-04-17 00:45:53
105548,5548,Digital,Ativa,2021-01-02 18:22:22
105549,5549,Corrente,Ativa,2018-10-20 23:02:41
105550,5550,Corrente,Ativa,2018-12-30 07:54:17
105551,5551,Corrente,Ativa,2018-06-07 19:47:21
105552,5552,Corrente,Ativa,2023-10-07 16:29:42
105553,5553,Corrente,Ativa,2023-06-29 02:09:58
105554,5554,Digital,Ativa,2020-02-11 15:15:17
105555,5555,Corrente,Ativa,2023-06-10 19:42:57
105556,5556,Digital,Ativa,2024-09-21 07:03:43
105557,5557,Digital,Ativa,2024-12-01 08:28:52
105558,5558,Corrente,Ativa,2025-01-07 18:03:42
105559,5559,Corrente,Ativa,2021-01-13 18:39:33
105560,5560,Corrente,Ativa,2018-07-02 22:36:05
105561,5561,Corrente,Ativa,2022-11-29 23:02:17
105562,5562,Corrente,Ativa,2020-06-21 18:27:33
105563,5563,Corrente,Ativa,2018-02-17 20:09:34
105564,5564,Digital,Ativa,2021-01-13 14:45:41
105565,5565,Corrente,Ativa,2025-12-05 08:30:56
105566,5566,Corrente,Ativa,2022-12-22 11:56:43
105567,5567,Corrente,Ativa,2020-08-16 20:40:16
105568,5568,Digital,Ativa,2024-08-16 02:24:12
105569,5569,Corrente,Ativa,2025-09-16 08:27:55
105570,5570,Digital,Ativa,2024-06-03 16:18:06
105571,5571,Corrente,Ativa,2018-05-03 02:48:44
105572,5572,Digital,Ativa,2023-08-14 20:20:02
105573,5573,Corrente,Ativa,2020-01-08 20:13:47
105574,5574,Corrente,Ativa,2023-08-10 02:16:26
105575,5575,Digital,Bloqueada,2021-09-11 13:11:11
105576,5576,Digital,Ativa,2024-08-05 17:28:29
105577,5577,Digital,Ativa,2020-09-23 14:56:58
105578,5578,Corrente,Bloqueada,2018-01-13 03:14:02
105579,5579,Corrente,Ativa,2022-09-23 03:35:38
105580,5580,Corrente,Ativa,2022-11-28 00:27:29
105581,5581,Digital,Ativa,2020-01-07 08:41:53
105582,5582,Corrente,Ativa,2019-12-28 21:10:45
105583,5583,Digital,Ativa,2023-05-01 23:19:28
105584,5584,Corrente,Ativa,2023-04-21 16:35:15
105585,5585,Corrente,Ativa,2023-03-20 01:08:24
105586,5586,Corrente,Ativa,2022-02-04 15:02:26
105587,5587,Corrente,Ativa,2021-06-28 21:14:47
105588,5588,Corrente,Ativa,2024-11-13 02:55:04
105589,5589,Digital,Ativa,2021-05-29 08:46:09
105590,5590,Corrente,Ativa,2024-11-01 22:33:40
105591,5591,Corrente,Ativa,2021-08-18 21:52:21
105592,5592,Digital,Ativa,2024-01-19 18:16:04
105593,5593,Corrente,Ativa,2023-10-30 04:35:01
105594,5594,Corrente,Ativa,2018-10-11 06:55:00
105595,5595,Digital,Ativa,2021-05-04 14:00:54
105596,5596,Digital,Ativa,2023-10-25 12:38:39
105597,5597,Digital,Ativa,2025-03-07 17:01:56
105598,5598,Digital,Ativa,2023-08-01 23:40:20
105599,5599,Corrente,Ativa,2022-07-05 18:33:15
105600,5600,Corrente,Ativa,2019-08-17 01:11:02
105601,5601,Digital,Ativa,2018-12-23 15:38:42
105602,5602,Digital,Ativa,2022-10-03 12:22:49
105603,5603,Corrente,Ativa,2018-08-15 17:08:06
105604,5604,Digital,Ativa,2022-06-14 13:03:03
105605,5605,Digital,Ativa,2018-11-19 02:28:36
105606,5606,Corrente,Ativa,2021-02-13 15:52:49
105607,5607,Digital,Ativa,2022-10-01 12:21:24
105608,5608,Corrente,Ativa,2024-12-27 05:13:41
105609,5609,Corrente,Ativa,2020-03-15 06:55:57
105610,5610,Corrente,Ativa,2022-03-08 00:43:06
105611,5611,Digital,Ativa,2022-09-14 00:42:32
105612,5612,Corrente,Ativa,2022-02-07 00:07:49
105613,5613,Digital,Ativa,2023-10-12 15:58:13
105614,5614,Digital,Ativa,2021-02-19 23:21:09
105615,5615,Corrente,Ativa,2025-09-03 18:08:55
105616,5616,Digital,Encerrada,2023-11-07 08:23:01
105617,5617,Digital,Ativa,2023-08-27 18:21:30
105618,5618,Corrente,Ativa,2024-11-23 19:33:46
105619,5619,Corrente,Ativa,2022-03-26 13:07:56
105620,5620,Corrente,Ativa,2022-07-30 12:08:13
105621,5621,Corrente,Ativa,2018-04-02 16:25:20
105622,5622,Digital,Ativa,2022-05-14 23:24:16
105623,5623,Digital,Ativa,2019-05-19 21:45:34
105624,5624,Corrente,Ativa,2023-12-21 22:10:49
105625,5625,Digital,Ativa,2018-09-09 13:30:06
105626,5626,Corrente,Ativa,2019-08-27 01:19:23
105627,5627,Corrente,Ativa,2024-07-17 17:46:05
105628,5628,Digital,Ativa,2023-11-20 17:20:33
105629,5629,Corrente,Ativa,2018-07-10 08:03:56
105630,5630,Corrente,Ativa,2022-01-19 00:07:44
105631,5631,Digital,Ativa,2021-05-04 17:30:26
105632,5632,Corrente,Ativa,2025-03-01 06:44:15
105633,5633,Digital,Ativa,2024-06-27 03:59:31
105634,5634,Corrente,Ativa,2023-05-21 15:04:37
105635,5635,Corrente,Ativa,2024-10-13 21:30:20
105636,5636,Corrente,Ativa,2024-08-23 09:56:44
105637,5637,Corrente,Ativa,2022-05-09 18:00:25
105638,5638,Digital,Ativa,2024-03-21 02:07:59
105639,5639,Corrente,Ativa,2020-07-02 22:03:02
105640,5640,Corrente,Ativa,2018-02-23 11:29:17
105641,5641,Digital,Ativa,2019-02-06 14:10:16
105642,5642,Corrente,Ativa,2020-01-19 12:01:59
105643,5643,Digital,Ativa,2019-06-02 11:17:34
105644,5644,Digital,Ativa,2025-10-09 04:15:33
105645,5645,Corrente,Ativa,2025-11-07 19:50:48
105646,5646,Digital,Ativa,2022-04-29 00:17:23
105647,5647,Digital,Ativa,2025-10-15 07:06:18
105648,5648,Digital,Ativa,2019-10-03 03:28:21
105649,5649,Corrente,Ativa,2020-11-07 08:24:38
105650,5650,Digital,Ativa,2024-11-14 21:37:21
105651,5651,Corrente,Ativa,2021-06-29 14:04:43
105652,5652,Corrente,Bloqueada,2021-07-08 17:06:24
105653,5653,Corrente,Ativa,2022-06-28 08:57:49
105654,5654,Corrente,Ativa,2019-04-07 18:23:21
105655,5655,Digital,Ativa,2024-11-26 12:19:51
105656,5656,Corrente,Encerrada,2020-03-01 01:32:15
105657,5657,Digital,Ativa,2025-08-09 23:53:00
105658,5658,Corrente,Ativa,2019-05-03 04:26:15
105659,5659,Corrente,Ativa,2024-06-17 14:10:02
105660,5660,Digital,Ativa,2025-01-03 07:22:46
105661,5661,Corrente,Ativa,2018-09-13 17:15:36
105662,5662,Corrente,Ativa,2018-08-19 21:02:00
105663,5663,Corrente,Ativa,2018-09-17 17:40:27
105664,5664,Corrente,Ativa,2018-06-02 17:55:14
105665,5665,Corrente,Ativa,2024-02-14 10:44:47
105666,5666,Digital,Ativa,2021-02-21 23:23:12
105667,5667,Corrente,Ativa,2025-03-27 13:11:42
105668,5668,Digital,Ativa,2018-09-29 15:30:16
105669,5669,Corrente,Ativa,2024-03-30 09:58:08
105670,5670,Corrente,Ativa,2025-03-10 17:17:31
105671,5671,Digital,Ativa,2023-03-09 17:33:04
105672,5672,Corrente,Ativa,2022-04-14 15:32:43
105673,5673,Digital,Ativa,2023-01-27 14:21:48
105674,5674,Digital,Ativa,2024-07-30 01:28:12
105675,5675,Corrente,Ativa,2025-01-08 22:49:48
105676,5676,Corrente,Ativa,2021-08-05 17:51:42
105677,5677,Corrente,Ativa,2024-08-11 13:01:08
105678,5678,Corrente,Ativa,2025-07-11 07:16:01
105679,5679,Corrente,Ativa,2024-02-29 02:57:50
105680,5680,Digital,Encerrada,2024-11-17 00:10:25
105681,5681,Corrente,Ativa,2022-11-07 07:08:52
105682,5682,Corrente,Ativa,2021-03-25 01:53:10
105683,5683,Digital,Ativa,2023-02-17 09:57:57
105684,5684,Corrente,Ativa,2022-10-03 17:34:28
105685,5685,Corrente,Bloqueada,2021-12-13 02:26:26
105686,5686,Corrente,Ativa,2019-10-10 16:10:16
105687,5687,Corrente,Ativa,2023-10-17 05:29:03
105688,5688,Corrente,Ativa,2022-07-06 23:16:07
105689,5689,Corrente,Ativa,2022-06-04 01:01:49
105690,5690,Digital,Ativa,2022-03-31 22:14:02
105691,5691,Corrente,Ativa,2024-07-23 17:11:30
105692,5692,Digital,Ativa,2025-02-15 07:21:10
105693,5693,Corrente,Ativa,2020-08-13 03:54:10
105694,5694,Corrente,Ativa,2019-08-22 18:41:41
105695,5695,Corrente,Ativa,2022-04-07 08:09:22
105696,5696,Corrente,Encerrada,2022-02-08 01:17:35
105697,5697,Corrente,Ativa,2019-05-23 22:05:59
105698,5698,Corrente,Ativa,2020-11-18 23:14:58
105699,5699,Corrente,Ativa,2024-06-30 18:23:48
105700,5700,Digital,Ativa,2020-11-08 06:31:46
105701,5701,Digital,Ativa,2020-07-26 23:18:53
105702,5702,Corrente,Ativa,2019-11-29 19:14:55
105703,5703,Digital,Ativa,2025-07-17 02:16:41
105704,5704,Corrente,Ativa,2020-08-31 05:36:29
105705,5705,Corrente,Ativa,2021-12-11 15:38:23
105706,5706,Corrente,Ativa,2021-04-12 20:01:02
105707,5707,Corrente,Ativa,2025-03-02 15:33:41
105708,5708,Corrente,Ativa,2019-12-05 00:07:58
105709,5709,Digital,Ativa,2018-03-30 20:12:29
105710,5710,Corrente,Ativa,2020-09-22 01:55:21
105711,5711,Corrente,Ativa,2025-03-20 02:49:07
105712,5712,Corrente,Ativa,2025-06-27 22:24:09
105713,5713,Corrente,Encerrada,2024-04-20 20:34:59
105714,5714,Digital,Ativa,2024-08-24 10:46:12
105715,5715,Corrente,Ativa,2018-03-18 20:00:59
105716,5716,Corrente,Ativa,2025-09-06 20:48:26
105717,5717,Digital,Ativa,2023-09-29 01:59:46
105718,5718,Corrente,Ativa,2021-12-07 00:19:22
105719,5719,Corrente,Ativa,2021-10-02 04:03:43
105720,5720,Digital,Ativa,2022-09-04 15:54:21
105721,5721,Corrente,Ativa,2024-02-06 18:36:43
105722,5722,Digital,Ativa,2024-01-30 12:47:10
105723,5723,Corrente,Ativa,2025-06-08 13:55:15
105724,5724,Corrente,Ativa,2021-02-21 17:36:16
105725,5725,Corrente,Ativa,2019-06-25 05:59:28
105726,5726,Digital,Ativa,2024-01-22 04:10:32
105727,5727,Corrente,Bloqueada,2018-12-08 06:30:42
105728,5728,Digital,Ativa,2024-09-14 07:49:24
105729,5729,Corrente,Ativa,2022-12-08 08:46:09
105730,5730,Digital,Ativa,2022-02-26 10:17:26
105731,5731,Digital,Ativa,2024-12-20 09:56:57
105732,5732,Corrente,Ativa,2020-12-27 07:12:40
105733,5733,Corrente,Ativa,2024-06-21 03:22:43
105734,5734,Digital,Ativa,2023-02-09 04:29:39
105735,5735,Corrente,Ativa,2021-04-25 17:59:46
105736,5736,Corrente,Ativa,2020-04-29 11:31:42
105737,5737,Corrente,Ativa,2021-04-15 08:34:10
105738,5738,Corrente,Ativa,2021-09-10 20:45:37
105739,5739,Corrente,Ativa,2024-09-26 03:25:54
105740,5740,Corrente,Ativa,2025-11-19 10:08:28
105741,5741,Corrente,Ativa,2023-06-24 22:48:20
105742,5742,Corrente,Ativa,2019-05-25 10:10:15
105743,5743,Digital,Ativa,2024-11-18 13:39:03
105744,5744,Corrente,Ativa,2023-03-05 03:29:08
105745,5745,Corrente,Ativa,2022-09-20 11:38:39
105746,5746,Corrente,Ativa,2020-03-27 21:10:54
105747,5747,Corrente,Ativa,2018-10-26 06:28:42
105748,5748,Digital,Ativa,2023-05-01 17:04:32
105749,5749,Corrente,Ativa,2024-05-20 11:00:33
105750,5750,Digital,Ativa,2021-04-25 17:50:15
105751,5751,Corrente,Ativa,2018-02-06 03:12:25
105752,5752,Corrente,Ativa,2021-01-03 20:28:14
105753,5753,Digital,Ativa,2025-10-09 01:59:41
105754,5754,Corrente,Ativa,2020-12-24 21:27:52
105755,5755,Corrente,Ativa,2024-09-13 05:05:35
105756,5756,Corrente,Ativa,2023-04-14 21:47:38
105757,5757,Corrente,Ativa,2018-11-25 15:46:46
105758,5758,Corrente,Bloqueada,2023-06-01 02:40:40
105759,5759,Corrente,Ativa,2024-05-28 08:08:24
105760,5760,Corrente,Ativa,2022-09-19 16:45:01
105761,5761,Digital,Ativa,2020-08-21 00:15:43
105762,5762,Digital,Ativa,2021-12-02 20:46:39
105763,5763,Digital,Ativa,2018-08-24 18:15:54
105764,5764,Corrente,Ativa,2025-01-16 22:58:45
105765,5765,Corrente,Ativa,2021-07-31 06:11:18
105766,5766,Corrente,Ativa,2021-07-24 01:00:16
105767,5767,Digital,Ativa,2022-11-24 10:11:54
105768,5768,Corrente,Ativa,2020-11-12 20:15:36
105769,5769,Corrente,Ativa,2022-04-12 08:29:20
105770,5770,Corrente,Ativa,2018-08-31 14:17:59
105771,5771,Corrente,Ativa,2021-05-12 21:26:49
105772,5772,Digital,Ativa,2021-04-12 02:02:25
105773,5773,Digital,Ativa,2018-04-18 08:07:05
105774,5774,Digital,Ativa,2019-07-16 07:35:58
105775,5775,Corrente,Ativa,2021-06-13 06:51:06
105776,5776,Corrente,Ativa,2018-11-24 13:00:44
105777,5777,Corrente,Ativa,2018-03-06 08:08:44
105778,5778,Corrente,Ativa,2022-04-19 18:55:26
105779,5779,Digital,Ativa,2025-08-08 19:32:47
105780,5780,Corrente,Ativa,2019-07-26 17:57:42
105781,5781,Digital,Ativa,2018-01-27 19:10:28
105782,5782,Digital,Ativa,2023-12-21 08:40:07
105783,5783,Corrente,Ativa,2023-12-07 17:31:24
105784,5784,Corrente,Ativa,2022-10-05 21:59:22
105785,5785,Corrente,Ativa,2023-02-07 19:39:59
105786,5786,Corrente,Ativa,2023-06-27 17:49:26
105787,5787,Corrente,Ativa,2019-01-10 22:35:51
105788,5788,Corrente,Bloqueada,2018-12-19 13:14:57
105789,5789,Corrente,Ativa,2023-08-24 14:02:33
105790,5790,Corrente,Ativa,2019-08-28 02:05:14
105791,5791,Digital,Ativa,2018-05-22 07:04:40
105792,5792,Corrente,Ativa,2023-04-12 22:59:11
105793,5793,Corrente,Ativa,2019-09-12 11:04:59
105794,5794,Corrente,Bloqueada,2023-02-16 06:03:01
105795,5795,Corrente,Ativa,2018-01-06 22:23:06
105796,5796,Digital,Ativa,2025-08-05 23:52:21
105797,5797,Digital,Ativa,2021-12-06 22:24:21
105798,5798,Corrente,Ativa,2024-03-18 01:50:40
105799,5799,Corrente,Ativa,2021-11-04 22:26:21
105800,5800,Corrente,Ativa,2019-04-19 06:38:14
105801,5801,Corrente,Ativa,2022-03-07 16:07:29
105802,5802,Digital,Bloqueada,2021-02-06 20:38:38
105803,5803,Digital,Ativa,2022-08-12 11:38:25
105804,5804,Digital,Ativa,2021-04-19 11:24:52
105805,5805,Digital,Ativa,2018-09-18 17:37:57
105806,5806,Corrente,Bloqueada,2024-06-28 02:50:08
105807,5807,Corrente,Ativa,2023-04-15 00:08:15
105808,5808,Corrente,Ativa,2021-04-06 19:32:59
105809,5809,Corrente,Ativa,2025-12-31 06:57:33
105810,5810,Corrente,Ativa,2021-07-22 04:54:05
105811,5811,Corrente,Ativa,2022-01-13 16:30:08
105812,5812,Corrente,Ativa,2024-07-07 18:05:52
105813,5813,Corrente,Ativa,2020-08-10 13:07:25
105814,5814,Corrente,Ativa,2023-04-12 05:51:42
105815,5815,Digital,Ativa,2021-03-09 11:12:54
105816,5816,Digital,Ativa,2021-07-06 12:09:15
105817,5817,Corrente,Ativa,2019-12-27 11:33:36
105818,5818,Corrente,Ativa,2024-09-01 17:36:08
105819,5819,Digital,Ativa,2023-07-22 11:20:31
105820,5820,Corrente,Ativa,2018-07-12 13:53:38
105821,5821,Corrente,Ativa,2022-02-07 06:34:06
105822,5822,Corrente,Ativa,2019-04-19 23:34:35
105823,5823,Digital,Ativa,2022-07-29 19:09:45
105824,5824,Digital,Bloqueada,2023-05-02 06:10:52
105825,5825,Digital,Ativa,2024-01-30 07:03:29
105826,5826,Corrente,Ativa,2023-02-17 03:18:13
105827,5827,Corrente,Ativa,2021-02-28 08:08:46
105828,5828,Corrente,Ativa,2025-04-20 19:14:41
105829,5829,Corrente,Ativa,2022-09-07 05:12:04
105830,5830,Corrente,Ativa,2020-05-04 15:48:04
105831,5831,Corrente,Ativa,2021-08-17 17:58:00
105832,5832,Corrente,Ativa,2020-04-09 12:05:15
105833,5833,Digital,Ativa,2025-01-21 01:52:29
105834,5834,Corrente,Ativa,2024-04-07 03:38:53
105835,5835,Digital,Ativa,2018-10-09 18:14:04
105836,5836,Corrente,Ativa,2018-07-03 17:31:47
105837,5837,Corrente,Ativa,2024-04-13 00:44:55
105838,5838,Corrente,Ativa,2022-12-04 19:04:54
105839,5839,Digital,Ativa,2020-05-30 16:39:34
105840,5840,Corrente,Ativa,2025-02-04 19:35:44
105841,5841,Corrente,Bloqueada,2021-07-01 20:46:13
105842,5842,Corrente,Ativa,2025-10-17 10:11:49
105843,5843,Corrente,Ativa,2022-08-25 16:44:09
105844,5844,Corrente,Ativa,2018-12-11 15:02:31
105845,5845,Corrente,Ativa,2024-05-02 09:47:01
105846,5846,Corrente,Ativa,2023-06-23 20:57:11
105847,5847,Digital,Bloqueada,2022-01-22 02:16:12
105848,5848,Corrente,Ativa,2024-11-18 10:57:25
105849,5849,Corrente,Ativa,2022-06-02 02:54:31
105850,5850,Corrente,Encerrada,2023-01-11 12:41:40
105851,5851,Digital,Ativa,2021-11-17 18:03:52
105852,5852,Digital,Ativa,2025-07-02 02:15:23
105853,5853,Corrente,Encerrada,2023-12-02 13:03:15
105854,5854,Corrente,Ativa,2019-09-13 08:54:45
105855,5855,Corrente,Ativa,2023-02-25 11:01:14
105856,5856,Digital,Ativa,2018-01-26 16:02:41
105857,5857,Digital,Ativa,2024-09-28 03:37:06
105858,5858,Digital,Ativa,2024-11-07 14:41:39
105859,5859,Corrente,Ativa,2022-04-08 11:41:15
105860,5860,Corrente,Ativa,2022-10-30 02:59:08
105861,5861,Corrente,Ativa,2023-08-04 18:54:54
105862,5862,Corrente,Ativa,2018-05-23 12:36:22
105863,5863,Corrente,Ativa,2023-03-20 15:12:40
105864,5864,Corrente,Ativa,2025-05-24 14:33:09
105865,5865,Corrente,Ativa,2022-03-16 13:27:30
105866,5866,Digital,Ativa,2020-04-11 21:09:51
105867,5867,Digital,Ativa,2018-05-05 12:59:25
105868,5868,Corrente,Ativa,2020-11-21 15:51:08
105869,5869,Digital,Ativa,2020-08-12 14:49:02
105870,5870,Corrente,Ativa,2021-10-07 07:21:16
105871,5871,Corrente,Ativa,2020-05-25 10:04:08
105872,5872,Corrente,Ativa,2018-08-27 18:38:55
105873,5873,Digital,Bloqueada,2022-06-26 18:27:58
105874,5874,Corrente,Ativa,2025-12-03 02:07:00
105875,5875,Corrente,Ativa,2019-07-19 21:56:13
105876,5876,Corrente,Ativa,2023-04-17 05:37:32
105877,5877,Corrente,Ativa,2023-05-19 03:19:22
105878,5878,Digital,Ativa,2020-07-28 01:40:10
105879,5879,Digital,Ativa,2018-07-22 21:26:54
105880,5880,Digital,Ativa,2020-05-12 09:10:49
105881,5881,Digital,Ativa,2019-06-04 08:47:58
105882,5882,Corrente,Ativa,2022-06-20 02:13:13
105883,5883,Corrente,Ativa,2019-12-11 00:37:40
105884,5884,Digital,Ativa,2024-08-16 02:43:45
105885,5885,Corrente,Ativa,2025-10-06 02:31:00
105886,5886,Corrente,Ativa,2023-06-22 18:02:24
105887,5887,Digital,Ativa,2022-07-14 20:17:04
105888,5888,Corrente,Ativa,2021-11-30 18:36:42
105889,5889,Corrente,Encerrada,2022-10-30 03:30:05
105890,5890,Corrente,Ativa,2019-01-03 12:02:11
105891,5891,Digital,Ativa,2020-01-25 10:05:34
105892,5892,Digital,Ativa,2018-12-28 13:33:34
105893,5893,Corrente,Ativa,2018-04-23 23:41:09
105894,5894,Digital,Ativa,2020-04-10 05:10:39
105895,5895,Corrente,Ativa,2021-01-09 19:43:40
105896,5896,Corrente,Ativa,2019-03-15 15:54:21
105897,5897,Corrente,Ativa,2021-08-28 01:47:38
105898,5898,Corrente,Ativa,2022-09-19 13:57:53
105899,5899,Corrente,Ativa,2025-04-04 15:37:56
105900,5900,Corrente,Bloqueada,2019-02-01 07:50:50
105901,5901,Corrente,Encerrada,2025-11-27 03:09:29
105902,5902,Corrente,Ativa,2020-11-21 11:40:20
105903,5903,Corrente,Ativa,2020-06-07 03:30:10
105904,5904,Corrente,Ativa,2019-12-17 18:47:15
105905,5905,Corrente,Ativa,2023-10-11 07:50:02
105906,5906,Corrente,Ativa,2024-08-07 23:59:40
105907,5907,Corrente,Ativa,2019-10-20 21:39:45
105908,5908,Corrente,Ativa,2020-12-30 14:20:44
105909,5909,Corrente,Ativa,2019-01-25 08:05:26
105910,5910,Corrente,Ativa,2021-01-12 08:42:04
105911,5911,Corrente,Ativa,2021-01-07 17:41:22
105912,5912,Digital,Ativa,2020-07-20 12:23:08
105913,5913,Corrente,Ativa,2019-11-08 14:21:25
105914,5914,Corrente,Ativa,2024-03-12 00:07:04
105915,5915,Corrente,Ativa,2023-02-17 12:22:14
105916,5916,Digital,Ativa,2019-10-02 21:08:03
105917,5917,Digital,Ativa,2023-09-11 15:37:37
105918,5918,Corrente,Ativa,2018-11-15 14:13:31
105919,5919,Corrente,Bloqueada,2020-01-21 12:14:06
105920,5920,Corrente,Ativa,2021-12-14 07:15:09
105921,5921,Corrente,Ativa,2025-03-29 12:13:43
105922,5922,Corrente,Ativa,2022-11-03 22:39:11
105923,5923,Digital,Ativa,2018-02-02 20:33:06
105924,5924,Digital,Ativa,2019-06-08 20:07:54
105925,5925,Corrente,Ativa,2019-02-26 01:48:29
105926,5926,Corrente,Ativa,2025-08-22 13:07:34
105927,5927,Corrente,Ativa,2024-08-30 04:59:43
105928,5928,Corrente,Ativa,2021-04-26 03:55:12
105929,5929,Digital,Ativa,2020-02-11 05:49:14
105930,5930,Corrente,Encerrada,2018-07-08 07:10:15
105931,5931,Corrente,Ativa,2019-12-01 16:52:06
105932,5932,Corrente,Ativa,2024-06-14 03:27:22
105933,5933,Corrente,Encerrada,2025-09-08 05:01:34
105934,5934,Corrente,Ativa,2020-04-28 03:06:06
105935,5935,Digital,Ativa,2024-03-21 18:51:58
105936,5936,Corrente,Ativa,2019-05-28 20:52:50
105937,5937,Corrente,Ativa,2022-03-29 09:00:19
105938,5938,Digital,Encerrada,2022-01-07 03:03:51
105939,5939,Digital,Ativa,2018-12-17 23:51:44
105940,5940,Corrente,Ativa,2025-01-25 14:46:04
105941,5941,Corrente,Ativa,2020-11-12 09:41:53
105942,5942,Corrente,Ativa,2024-09-27 14:44:13
105943,5943,Corrente,Ativa,2020-07-28 17:49:07
105944,5944,Corrente,Ativa,2022-05-18 19:49:25
105945,5945,Digital,Ativa,2025-09-14 01:05:08
105946,5946,Corrente,Ativa,2025-12-02 04:19:11
105947,5947,Corrente,Ativa,2020-12-19 22:23:24
105948,5948,Corrente,Ativa,2021-02-20 08:50:13
105949,5949,Corrente,Ativa,2019-03-16 12:36:01
105950,5950,Digital,Ativa,2019-03-29 13:34:54
105951,5951,Corrente,Ativa,2019-05-29 11:42:44
105952,5952,Corrente,Ativa,2021-06-08 18:50:08
105953,5953,Corrente,Ativa,2025-12-27 19:15:56
105954,5954,Corrente,Ativa,2023-11-20 19:29:41
105955,5955,Corrente,Ativa,2023-08-02 04:36:44
105956,5956,Corrente,Ativa,2020-02-08 06:51:23
105957,5957,Corrente,Ativa,2021-10-17 21:08:12
105958,5958,Corrente,Ativa,2024-01-05 00:11:53
105959,5959,Corrente,Ativa,2023-12-08 01:14:07
105960,5960,Corrente,Ativa,2021-01-29 07:19:52
105961,5961,Digital,Ativa,2019-05-26 23:31:39
105962,5962,Corrente,Ativa,2018-05-01 12:48:28
105963,5963,Corrente,Ativa,2021-06-10 21:21:54
105964,5964,Corrente,Ativa,2019-05-03 13:03:30
105965,5965,Corrente,Ativa,2024-05-11 17:04:46
105966,5966,Corrente,Ativa,2024-08-01 19:27:52
105967,5967,Digital,Ativa,2025-10-20 06:20:15
105968,5968,Corrente,Ativa,2025-05-21 16:51:10
105969,5969,Digital,Ativa,2022-03-28 23:47:57
105970,5970,Digital,Ativa,2020-01-02 19:19:34
105971,5971,Digital,Ativa,2018-02-15 14:39:05
105972,5972,Corrente,Ativa,2020-07-29 20:50:53
105973,5973,Corrente,Ativa,2022-10-20 11:43:29
105974,5974,Corrente,Ativa,2018-04-20 17:33:20
105975,5975,Corrente,Ativa,2023-04-13 04:59:05
105976,5976,Digital,Bloqueada,2023-07-15 05:29:19
105977,5977,Corrente,Ativa,2021-12-23 09:00:31
105978,5978,Corrente,Ativa,2024-02-05 16:51:24
105979,5979,Digital,Ativa,2018-11-06 21:50:21
105980,5980,Corrente,Ativa,2018-02-17 01:52:31
105981,5981,Digital,Ativa,2020-05-04 01:58:56
105982,5982,Corrente,Ativa,2020-09-14 06:03:49
105983,5983,Corrente,Ativa,2023-12-26 16:14:27
105984,5984,Digital,Ativa,2019-10-02 12:06:25
105985,5985,Corrente,Ativa,2024-11-19 19:43:56
105986,5986,Corrente,Ativa,2019-06-15 13:00:54
105987,5987,Corrente,Ativa,2021-04-29 11:40:39
105988,5988,Corrente,Ativa,2019-06-23 14:39:25
105989,5989,Corrente,Ativa,2018-10-09 00:40:13
105990,5990,Corrente,Ativa,2019-12-23 19:23:34
105991,5991,Corrente,Ativa,2020-02-04 01:46:01
105992,5992,Corrente,Ativa,2023-01-09 22:02:00
105993,5993,Digital,Ativa,2024-08-19 02:36:16
105994,5994,Corrente,Ativa,2021-03-09 20:46:33
105995,5995,Corrente,Ativa,2022-11-11 07:38:45
105996,5996,Corrente,Ativa,2025-06-20 08:25:43
105997,5997,Digital,Ativa,2025-03-04 14:25:12
105998,5998,Corrente,Ativa,2024-11-10 17:08:15
105999,5999,Digital,Ativa,2024-08-01 02:00:42
106000,6000,Corrente,Ativa,2021-02-04 16:03:35
106001,6001,Digital,Ativa,2021-02-12 23:46:13
106002,6002,Digital,Ativa,2025-07-13 10:02:15
106003,6003,Digital,Ativa,2018-12-10 03:59:51
106004,6004,Corrente,Ativa,2018-08-04 15:54:55
106005,6005,Corrente,Ativa,2022-11-07 13:42:47
106006,6006,Corrente,Ativa,2019-05-04 06:30:30
106007,6007,Corrente,Ativa,2018-03-11 06:48:07
106008,6008,Corrente,Ativa,2021-05-29 08:42:15
106009,6009,Corrente,Ativa,2020-11-09 20:18:03
106010,6010,Corrente,Ativa,2021-04-22 18:40:57
106011,6011,Corrente,Ativa,2024-12-26 23:07:41
106012,6012,Corrente,Ativa,2023-05-14 10:43:38
106013,6013,Corrente,Ativa,2022-04-11 07:16:25
106014,6014,Corrente,Ativa,2019-05-11 00:20:05
106015,6015,Corrente,Ativa,2024-09-08 14:17:44
106016,6016,Corrente,Ativa,2020-04-22 19:04:18
106017,6017,Digital,Ativa,2025-07-25 19:35:37
106018,6018,Digital,Ativa,2020-01-12 00:45:36
106019,6019,Corrente,Ativa,2018-10-12 18:14:53
106020,6020,Corrente,Ativa,2022-11-27 17:14:48
106021,6021,Digital,Ativa,2023-11-14 16:56:13
106022,6022,Digital,Ativa,2021-02-17 15:51:21
106023,6023,Corrente,Ativa,2020-07-22 13:56:13
106024,6024,Corrente,Bloqueada,2022-11-15 04:27:05
106025,6025,Corrente,Ativa,2021-11-04 23:11:59
106026,6026,Corrente,Ativa,2019-03-23 01:16:18
106027,6027,Digital,Ativa,2018-10-05 08:53:19
106028,6028,Corrente,Ativa,2024-03-15 08:08:58
106029,6029,Digital,Ativa,2019-02-07 12:36:35
106030,6030,Corrente,Encerrada,2020-11-24 14:55:19
106031,6031,Corrente,Ativa,2025-04-28 12:03:52
106032,6032,Corrente,Ativa,2022-07-15 09:40:33
106033,6033,Corrente,Ativa,2024-11-16 07:18:09
106034,6034,Corrente,Ativa,2024-01-19 18:36:26
106035,6035,Corrente,Ativa,2020-04-12 23:37:12
106036,6036,Corrente,Ativa,2023-04-02 06:33:47
106037,6037,Corrente,Ativa,2020-04-21 20:53:59
106038,6038,Corrente,Ativa,2020-01-15 09:57:37
106039,6039,Digital,Ativa,2021-08-18 10:36:44
106040,6040,Corrente,Ativa,2024-04-24 09:37:11
106041,6041,Corrente,Ativa,2021-03-03 16:20:51
106042,6042,Corrente,Ativa,2022-02-09 17:03:33
106043,6043,Corrente,Ativa,2020-01-03 01:17:40
106044,6044,Digital,Ativa,2022-07-15 02:00:47
106045,6045,Corrente,Ativa,2025-05-15 04:01:56
106046,6046,Corrente,Ativa,2022-02-24 15:06:52
106047,6047,Corrente,Ativa,2019-05-03 18:48:57
106048,6048,Corrente,Ativa,2020-11-03 22:57:51
106049,6049,Corrente,Ativa,2025-04-07 09:52:25
106050,6050,Digital,Bloqueada,2023-06-20 04:28:38
106051,6051,Corrente,Encerrada,2023-09-10 23:33:11
106052,6052,Corrente,Ativa,2021-12-04 22:19:00
106053,6053,Corrente,Ativa,2025-12-24 07:48:12
106054,6054,Corrente,Ativa,2019-06-15 16:08:19
106055,6055,Digital,Ativa,2025-01-20 17:28:17
106056,6056,Digital,Ativa,2018-12-30 08:49:24
106057,6057,Corrente,Ativa,2018-11-05 21:15:51
106058,6058,Corrente,Ativa,2020-04-04 09:01:20
106059,6059,Corrente,Ativa,2024-02-08 11:06:45
106060,6060,Digital,Ativa,2025-02-13 09:34:55
106061,6061,Corrente,Ativa,2023-07-19 10:15:13
106062,6062,Corrente,Bloqueada,2021-10-21 17:12:33
106063,6063,Digital,Ativa,2018-05-07 16:22:31
106064,6064,Digital,Ativa,2025-08-24 14:40:05
106065,6065,Corrente,Ativa,2018-03-22 14:56:05
106066,6066,Digital,Ativa,2018-12-25 18:51:01
106067,6067,Corrente,Ativa,2020-12-07 14:14:05
106068,6068,Corrente,Encerrada,2022-01-07 12:04:46
106069,6069,Digital,Ativa,2023-10-23 22:33:32
106070,6070,Corrente,Ativa,2020-07-06 05:07:46
106071,6071,Digital,Ativa,2023-07-08 15:22:37
106072,6072,Digital,Ativa,2023-12-18 15:24:52
106073,6073,Digital,Ativa,2018-12-21 15:01:41
106074,6074,Digital,Ativa,2021-11-13 16:13:44
106075,6075,Corrente,Ativa,2025-04-20 10:11:59
106076,6076,Corrente,Ativa,2024-09-14 00:11:04
106077,6077,Corrente,Ativa,2021-09-07 15:40:01
106078,6078,Digital,Ativa,2024-05-20 14:47:52
106079,6079,Corrente,Ativa,2024-06-06 08:50:36
106080,6080,Digital,Ativa,2019-07-01 09:42:13
106081,6081,Digital,Ativa,2024-09-14 21:14:08
106082,6082,Corrente,Ativa,2019-01-28 22:45:27
106083,6083,Corrente,Ativa,2023-11-02 19:58:31
106084,6084,Corrente,Ativa,2022-12-31 15:42:47
106085,6085,Corrente,Ativa,2020-06-09 09:46:52
106086,6086,Digital,Ativa,2021-06-03 03:57:48
106087,6087,Corrente,Ativa,2025-07-10 17:08:23
106088,6088,Digital,Ativa,2021-06-28 17:12:15
106089,6089,Corrente,Ativa,2018-09-02 00:16:57
106090,6090,Corrente,Ativa,2024-08-12 21:19:48
106091,6091,Corrente,Ativa,2020-08-17 22:10:57
106092,6092,Digital,Ativa,2018-05-23 12:58:16
106093,6093,Corrente,Ativa,2021-02-26 21:02:35
106094,6094,Digital,Ativa,2020-08-11 18:57:30
106095,6095,Corrente,Ativa,2024-04-23 11:10:45
106096,6096,Corrente,Ativa,2023-04-06 07:30:40
106097,6097,Corrente,Ativa,2021-07-25 23:50:54
106098,6098,Corrente,Ativa,2022-12-17 15:04:59
106099,6099,Corrente,Ativa,2023-11-21 15:20:52
106100,6100,Corrente,Ativa,2025-05-04 03:44:51
106101,6101,Corrente,Ativa,2023-03-03 14:33:00
106102,6102,Corrente,Ativa,2024-02-27 17:56:44
106103,6103,Corrente,Ativa,2023-04-09 00:28:44
106104,6104,Corrente,Encerrada,2023-09-17 04:56:19
106105,6105,Digital,Ativa,2021-04-28 08:14:00
106106,6106,Corrente,Ativa,2019-05-20 18:43:08
106107,6107,Corrente,Ativa,2021-07-23 16:21:41
106108,6108,Digital,Ativa,2025-07-19 12:00:07
106109,6109,Corrente,Ativa,2022-04-28 23:54:32
106110,6110,Corrente,Ativa,2018-02-16 13:18:36
106111,6111,Corrente,Bloqueada,2022-06-07 02:47:44
106112,6112,Digital,Ativa,2019-11-17 23:16:38
106113,6113,Corrente,Ativa,2024-04-19 12:17:42
106114,6114,Corrente,Ativa,2021-12-24 06:43:41
106115,6115,Corrente,Ativa,2021-10-19 08:29:02
106116,6116,Corrente,Ativa,2020-11-17 03:59:09
106117,6117,Digital,Ativa,2020-07-20 00:03:27
106118,6118,Digital,Ativa,2018-09-17 19:52:16
106119,6119,Corrente,Ativa,2023-02-16 21:35:43
106120,6120,Corrente,Ativa,2021-02-08 05:39:29
106121,6121,Corrente,Ativa,2025-01-24 23:56:15
106122,6122,Digital,Ativa,2022-09-06 02:16:13
106123,6123,Corrente,Ativa,2022-04-10 04:35:49
106124,6124,Digital,Encerrada,2025-06-15 19:18:11
106125,6125,Corrente,Ativa,2019-10-17 04:12:36
106126,6126,Digital,Ativa,2025-05-11 05:50:06
106127,6127,Corrente,Ativa,2024-06-27 12:23:00
106128,6128,Corrente,Ativa,2025-02-04 19:24:41
106129,6129,Corrente,Ativa,2020-07-04 01:53:52
106130,6130,Digital,Ativa,2023-06-15 19:10:24
106131,6131,Corrente,Ativa,2023-07-31 03:22:52
106132,6132,Corrente,Ativa,2018-08-09 10:17:35
106133,6133,Digital,Ativa,2020-02-14 14:28:34
106134,6134,Digital,Ativa,2023-04-06 21:05:59
106135,6135,Digital,Ativa,2018-11-04 02:19:16
106136,6136,Corrente,Bloqueada,2021-03-30 11:15:05
106137,6137,Digital,Ativa,2021-02-11 10:08:08
106138,6138,Corrente,Ativa,2024-01-08 17:01:55
106139,6139,Digital,Ativa,2020-11-17 07:21:02
106140,6140,Digital,Ativa,2018-07-29 14:50:46
106141,6141,Corrente,Ativa,2019-11-09 02:16:44
106142,6142,Corrente,Ativa,2025-04-13 14:14:22
106143,6143,Corrente,Ativa,2020-09-23 02:43:51
106144,6144,Digital,Ativa,2023-03-26 02:50:30
106145,6145,Corrente,Ativa,2022-10-17 08:58:38
106146,6146,Corrente,Ativa,2025-06-15 01:47:40
106147,6147,Digital,Ativa,2023-07-15 08:06:59
106148,6148,Corrente,Ativa,2021-11-15 02:50:47
106149,6149,Digital,Ativa,2024-04-18 06:23:21
106150,6150,Corrente,Ativa,2024-07-15 00:11:06
106151,6151,Corrente,Ativa,2025-04-28 18:58:55
106152,6152,Digital,Ativa,2024-11-05 14:54:17
106153,6153,Corrente,Ativa,2025-02-20 00:58:20
106154,6154,Corrente,Ativa,2023-04-05 19:53:13
106155,6155,Digital,Ativa,2023-10-10 15:20:51
106156,6156,Corrente,Ativa,2025-10-24 15:49:00
106157,6157,Corrente,Ativa,2020-08-01 04:38:51
106158,6158,Corrente,Ativa,2025-11-14 00:13:59
106159,6159,Digital,Ativa,2018-12-02 02:29:11
106160,6160,Corrente,Ativa,2025-05-29 09:43:15
106161,6161,Corrente,Ativa,2018-02-18 18:57:56
106162,6162,Digital,Ativa,2023-03-27 07:38:28
106163,6163,Corrente,Ativa,2025-07-29 04:08:18
106164,6164,Corrente,Ativa,2022-09-30 16:31:08
106165,6165,Corrente,Ativa,2022-10-10 22:36:49
106166,6166,Digital,Encerrada,2024-06-11 10:00:15
106167,6167,Corrente,Bloqueada,2021-12-15 02:49:49
106168,6168,Corrente,Ativa,2020-10-27 21:48:32
106169,6169,Digital,Ativa,2019-11-04 18:58:02
106170,6170,Corrente,Bloqueada,2025-04-05 13:50:58
106171,6171,Corrente,Ativa,2025-09-08 16:20:31
106172,6172,Corrente,Ativa,2022-08-14 07:21:44
106173,6173,Digital,Ativa,2020-01-24 00:03:50
106174,6174,Corrente,Ativa,2024-08-17 10:22:57
106175,6175,Corrente,Ativa,2019-09-27 22:16:42
106176,6176,Corrente,Ativa,2020-11-18 12:04:39
106177,6177,Corrente,Bloqueada,2020-06-15 03:40:26
106178,6178,Digital,Ativa,2018-05-18 13:02:20
106179,6179,Corrente,Ativa,2021-10-20 07:11:09
106180,6180,Corrente,Ativa,2022-11-03 11:28:47
106181,6181,Corrente,Ativa,2019-02-02 02:00:07
106182,6182,Corrente,Ativa,2021-06-26 14:29:10
106183,6183,Corrente,Ativa,2019-03-10 04:30:51
106184,6184,Corrente,Ativa,2024-07-18 14:56:58
106185,6185,Digital,Ativa,2020-03-31 09:56:37
106186,6186,Corrente,Ativa,2022-09-21 04:46:38
106187,6187,Digital,Ativa,2019-04-14 17:01:35
106188,6188,Corrente,Ativa,2020-11-01 02:29:53
106189,6189,Corrente,Ativa,2018-03-17 23:23:42
106190,6190,Corrente,Ativa,2018-03-07 01:16:47
106191,6191,Corrente,Ativa,2025-12-31 09:53:39
106192,6192,Digital,Ativa,2022-04-24 08:11:12
106193,6193,Digital,Ativa,2024-04-28 07:48:54
106194,6194,Digital,Ativa,2022-04-17 15:48:14
106195,6195,Corrente,Ativa,2022-08-25 19:26:34
106196,6196,Corrente,Ativa,2024-02-25 09:36:17
106197,6197,Corrente,Ativa,2024-05-20 10:36:05
106198,6198,Digital,Encerrada,2022-08-05 11:11:20
106199,6199,Corrente,Ativa,2023-06-07 17:33:24
106200,6200,Digital,Ativa,2020-08-02 12:31:00
106201,6201,Corrente,Bloqueada,2021-02-27 17:19:27
106202,6202,Digital,Ativa,2018-04-09 03:52:19
106203,6203,Corrente,Ativa,2024-12-27 21:48:32
106204,6204,Digital,Ativa,2021-10-11 05:03:31
106205,6205,Corrente,Ativa,2021-08-14 21:40:24
106206,6206,Corrente,Bloqueada,2019-12-19 03:48:29
106207,6207,Corrente,Bloqueada,2024-09-09 01:02:55
106208,6208,Corrente,Ativa,2025-12-19 21:14:07
106209,6209,Digital,Bloqueada,2019-09-14 14:26:16
106210,6210,Corrente,Ativa,2021-12-24 14:48:54
106211,6211,Digital,Ativa,2025-07-31 06:08:44
106212,6212,Corrente,Ativa,2020-12-12 11:10:39
106213,6213,Corrente,Ativa,2023-02-14 02:31:08
106214,6214,Corrente,Ativa,2025-02-04 00:17:12
106215,6215,Corrente,Bloqueada,2018-08-21 06:14:44
106216,6216,Corrente,Ativa,2020-10-06 23:31:55
106217,6217,Corrente,Ativa,2019-01-23 20:35:43
106218,6218,Corrente,Ativa,2024-01-27 07:48:59
106219,6219,Corrente,Ativa,2018-12-30 17:55:21
106220,6220,Corrente,Ativa,2023-05-15 22:55:24
106221,6221,Corrente,Ativa,2020-12-13 23:12:33
106222,6222,Digital,Ativa,2021-12-24 15:57:44
106223,6223,Corrente,Ativa,2019-11-15 03:34:45
106224,6224,Corrente,Ativa,2018-01-19 23:07:48
106225,6225,Digital,Ativa,2018-01-21 21:24:26
106226,6226,Corrente,Ativa,2020-08-29 12:23:21
106227,6227,Digital,Ativa,2019-11-10 18:12:43
106228,6228,Corrente,Ativa,2018-08-17 04:30:15
106229,6229,Digital,Ativa,2023-05-18 18:29:53
106230,6230,Corrente,Ativa,2024-09-07 07:07:32
106231,6231,Corrente,Ativa,2018-11-29 10:50:17
106232,6232,Digital,Ativa,2021-03-13 04:18:47
106233,6233,Corrente,Bloqueada,2020-04-16 12:34:07
106234,6234,Corrente,Ativa,2020-07-22 07:57:39
106235,6235,Corrente,Ativa,2025-02-20 05:41:29
106236,6236,Digital,Ativa,2020-06-30 17:32:09
106237,6237,Corrente,Ativa,2020-02-19 04:40:10
106238,6238,Digital,Ativa,2019-03-05 21:23:52
106239,6239,Digital,Ativa,2022-03-31 04:27:50
106240,6240,Corrente,Ativa,2022-08-10 11:42:35
106241,6241,Corrente,Ativa,2019-07-24 01:24:22
106242,6242,Corrente,Ativa,2025-02-06 13:43:11
106243,6243,Corrente,Ativa,2023-07-11 22:29:12
106244,6244,Corrente,Ativa,2019-04-17 23:32:02
106245,6245,Corrente,Ativa,2021-08-05 00:24:15
106246,6246,Corrente,Ativa,2021-03-02 19:43:10
106247,6247,Corrente,Ativa,2020-10-13 21:12:29
106248,6248,Corrente,Ativa,2024-05-24 16:59:25
106249,6249,Digital,Ativa,2024-06-09 06:59:56
106250,6250,Digital,Ativa,2019-06-19 19:06:36
106251,6251,Corrente,Ativa,2023-10-20 12:04:18
106252,6252,Digital,Ativa,2023-03-09 11:53:32
106253,6253,Digital,Ativa,2025-06-06 11:36:57
106254,6254,Corrente,Ativa,2025-08-11 04:17:10
106255,6255,Corrente,Ativa,2021-04-25 22:04:49
106256,6256,Digital,Ativa,2025-07-26 09:58:33
106257,6257,Digital,Ativa,2021-06-12 00:52:45
106258,6258,Digital,Ativa,2019-11-04 03:59:42
106259,6259,Corrente,Ativa,2019-11-01 21:43:26
106260,6260,Corrente,Ativa,2022-10-02 03:45:06
106261,6261,Corrente,Ativa,2024-08-10 11:20:05
106262,6262,Corrente,Ativa,2018-11-14 23:58:54
106263,6263,Corrente,Ativa,2024-07-18 19:50:48
106264,6264,Corrente,Ativa,2024-02-09 14:53:33
106265,6265,Corrente,Ativa,2024-06-09 22:13:23
106266,6266,Corrente,Ativa,2022-09-10 21:03:42
106267,6267,Digital,Ativa,2019-10-31 02:34:44
106268,6268,Corrente,Ativa,2025-08-08 10:49:34
106269,6269,Corrente,Ativa,2025-04-28 03:41:57
106270,6270,Corrente,Ativa,2018-04-18 18:07:14
106271,6271,Corrente,Ativa,2025-03-16 11:03:45
106272,6272,Digital,Ativa,2020-11-23 03:58:43
106273,6273,Digital,Bloqueada,2023-01-25 23:49:55
106274,6274,Corrente,Ativa,2023-01-18 04:53:31
106275,6275,Digital,Ativa,2022-06-06 13:59:51
106276,6276,Corrente,Bloqueada,2021-10-03 16:05:12
106277,6277,Corrente,Ativa,2018-10-05 02:38:21
106278,6278,Corrente,Ativa,2024-05-31 15:47:03
106279,6279,Digital,Ativa,2018-11-24 22:49:49
106280,6280,Corrente,Ativa,2018-09-11 04:48:38
106281,6281,Corrente,Ativa,2022-07-21 02:18:33
106282,6282,Corrente,Ativa,2020-07-09 10:27:45
106283,6283,Corrente,Ativa,2021-01-01 23:46:01
106284,6284,Corrente,Ativa,2021-03-01 23:57:40
106285,6285,Corrente,Ativa,2023-06-02 16:20:35
106286,6286,Corrente,Ativa,2025-06-22 17:37:39
106287,6287,Digital,Ativa,2022-12-14 18:35:31
106288,6288,Corrente,Ativa,2024-09-14 21:15:02
106289,6289,Digital,Ativa,2020-04-03 19:50:58
106290,6290,Corrente,Ativa,2025-11-30 19:46:41
106291,6291,Corrente,Ativa,2018-06-12 17:33:08
106292,6292,Corrente,Bloqueada,2021-08-09 05:39:08
106293,6293,Digital,Ativa,2025-04-16 19:47:49
106294,6294,Corrente,Ativa,2025-06-18 16:23:09
106295,6295,Digital,Ativa,2020-12-15 07:32:23
106296,6296,Corrente,Ativa,2025-05-08 06:03:22
106297,6297,Digital,Ativa,2019-06-30 21:53:02
106298,6298,Digital,Ativa,2020-02-29 03:39:42
106299,6299,Corrente,Ativa,2024-09-08 08:08:18
106300,6300,Corrente,Ativa,2020-11-07 14:44:13
106301,6301,Corrente,Ativa,2019-01-13 13:30:05
106302,6302,Digital,Ativa,2024-04-29 03:39:26
106303,6303,Corrente,Ativa,2023-04-05 07:53:55
106304,6304,Digital,Ativa,2025-12-13 14:56:51
106305,6305,Digital,Ativa,2022-12-15 05:51:18
106306,6306,Corrente,Ativa,2025-04-19 03:02:43
106307,6307,Corrente,Ativa,2021-02-12 13:05:49
106308,6308,Digital,Ativa,2025-09-21 03:30:30
106309,6309,Corrente,Encerrada,2024-11-21 03:39:47
106310,6310,Digital,Ativa,2025-10-08 05:18:53
106311,6311,Corrente,Ativa,2025-02-09 08:12:46
106312,6312,Digital,Ativa,2023-12-12 14:56:09
106313,6313,Corrente,Ativa,2021-02-16 06:09:43
106314,6314,Digital,Ativa,2020-05-13 16:38:28
106315,6315,Corrente,Ativa,2021-09-29 21:06:39
106316,6316,Corrente,Ativa,2021-03-17 16:21:37
106317,6317,Corrente,Encerrada,2018-03-26 16:01:00
106318,6318,Digital,Ativa,2024-04-30 00:47:52
106319,6319,Corrente,Ativa,2022-02-13 06:03:42
106320,6320,Digital,Ativa,2024-03-15 00:23:26
106321,6321,Corrente,Ativa,2021-06-29 10:15:44
106322,6322,Corrente,Ativa,2021-09-29 10:59:16
106323,6323,Corrente,Ativa,2020-07-24 15:50:58
106324,6324,Corrente,Ativa,2021-03-05 13:36:41
106325,6325,Digital,Ativa,2024-02-18 15:49:14
106326,6326,Corrente,Ativa,2020-01-10 23:26:12
106327,6327,Digital,Ativa,2022-08-10 23:50:59
106328,6328,Corrente,Ativa,2019-01-17 11:29:22
106329,6329,Corrente,Ativa,2020-07-05 00:53:42
106330,6330,Corrente,Ativa,2018-09-01 07:09:56
106331,6331,Corrente,Ativa,2024-11-10 04:03:44
106332,6332,Corrente,Ativa,2023-11-16 00:25:39
106333,6333,Corrente,Ativa,2021-06-04 01:46:08
106334,6334,Digital,Ativa,2023-11-22 22:38:38
106335,6335,Corrente,Ativa,2021-08-14 22:05:22
106336,6336,Digital,Ativa,2023-07-30 03:38:34
106337,6337,Corrente,Ativa,2018-02-26 17:13:13
106338,6338,Corrente,Ativa,2023-07-13 13:30:38
106339,6339,Corrente,Ativa,2022-02-18 21:34:17
106340,6340,Digital,Ativa,2022-12-10 03:22:12
106341,6341,Corrente,Ativa,2018-12-09 22:25:25
106342,6342,Corrente,Ativa,2023-11-01 11:21:46
106343,6343,Corrente,Ativa,2022-06-06 10:25:52
106344,6344,Corrente,Ativa,2021-03-14 13:47:05
106345,6345,Digital,Ativa,2023-11-09 06:24:40
106346,6346,Digital,Ativa,2018-08-25 14:01:48
106347,6347,Corrente,Bloqueada,2019-07-08 17:09:33
106348,6348,Corrente,Ativa,2020-03-21 18:01:12
106349,6349,Digital,Ativa,2024-08-15 10:10:56
106350,6350,Corrente,Ativa,2020-05-25 02:32:38
106351,6351,Digital,Ativa,2025-06-20 22:08:15
106352,6352,Corrente,Ativa,2019-01-26 19:26:11
106353,6353,Corrente,Ativa,2022-08-06 09:52:44
106354,6354,Corrente,Ativa,2019-08-29 10:36:29
106355,6355,Digital,Ativa,2022-01-18 07:41:51
106356,6356,Corrente,Ativa,2025-03-24 20:59:29
106357,6357,Corrente,Ativa,2024-02-12 10:37:47
106358,6358,Corrente,Ativa,2020-02-20 07:30:50
106359,6359,Corrente,Ativa,2020-12-17 08:02:34
106360,6360,Corrente,Bloqueada,2025-12-28 00:17:37
106361,6361,Corrente,Ativa,2022-11-19 13:32:05
106362,6362,Digital,Ativa,2022-04-21 04:59:42
106363,6363,Corrente,Ativa,2018-04-14 10:35:17
106364,6364,Corrente,Ativa,2020-11-22 12:42:42
106365,6365,Digital,Ativa,2024-11-13 10:42:34
106366,6366,Digital,Ativa,2022-04-12 17:42:30
106367,6367,Corrente,Ativa,2021-05-09 19:28:34
106368,6368,Corrente,Ativa,2018-09-05 02:56:44
106369,6369,Digital,Ativa,2020-04-13 01:55:06
106370,6370,Corrente,Ativa,2025-02-21 11:18:46
106371,6371,Corrente,Ativa,2024-08-24 02:38:57
106372,6372,Corrente,Ativa,2019-03-18 01:38:06
106373,6373,Corrente,Ativa,2020-08-06 03:28:23
106374,6374,Corrente,Ativa,2023-04-15 14:24:01
106375,6375,Digital,Ativa,2020-03-25 19:37:21
106376,6376,Digital,Ativa,2022-10-16 22:41:39
106377,6377,Corrente,Ativa,2024-11-15 04:08:25
106378,6378,Corrente,Ativa,2022-09-18 08:07:44
106379,6379,Corrente,Ativa,2022-02-26 18:06:02
106380,6380,Digital,Ativa,2021-08-06 20:52:22
106381,6381,Corrente,Ativa,2021-01-07 14:40:01
106382,6382,Corrente,Ativa,2020-01-26 05:38:22
106383,6383,Corrente,Ativa,2025-04-17 07:27:41
106384,6384,Corrente,Ativa,2018-07-28 13:43:58
106385,6385,Corrente,Ativa,2019-04-01 21:01:33
106386,6386,Corrente,Ativa,2025-05-11 00:11:49
106387,6387,Digital,Bloqueada,2022-12-13 00:02:05
106388,6388,Corrente,Ativa,2024-03-10 21:28:13
106389,6389,Corrente,Bloqueada,2019-01-15 20:40:20
106390,6390,Digital,Ativa,2019-12-15 08:22:52
106391,6391,Digital,Encerrada,2019-10-22 11:21:39
106392,6392,Corrente,Ativa,2019-07-06 04:31:41
106393,6393,Corrente,Ativa,2024-05-18 22:35:16
106394,6394,Corrente,Encerrada,2020-04-23 15:42:03
106395,6395,Corrente,Ativa,2025-09-21 08:43:06
106396,6396,Digital,Bloqueada,2024-09-22 12:44:08
106397,6397,Corrente,Ativa,2019-09-25 17:54:52
106398,6398,Digital,Ativa,2021-12-11 05:15:40
106399,6399,Digital,Ativa,2023-11-19 04:58:51
106400,6400,Corrente,Ativa,2019-04-22 08:26:35
106401,6401,Corrente,Ativa,2020-06-05 03:54:56
106402,6402,Digital,Ativa,2020-03-21 20:31:45
106403,6403,Digital,Ativa,2022-12-12 04:44:59
106404,6404,Corrente,Ativa,2023-06-08 00:44:47
106405,6405,Corrente,Ativa,2019-02-07 07:33:50
106406,6406,Digital,Ativa,2022-10-08 08:10:30
106407,6407,Corrente,Ativa,2023-04-10 02:35:52
106408,6408,Corrente,Ativa,2021-09-23 21:51:14
106409,6409,Corrente,Ativa,2023-09-29 09:27:17
106410,6410,Digital,Ativa,2019-12-13 11:12:28
106411,6411,Corrente,Ativa,2019-11-14 10:12:04
106412,6412,Corrente,Ativa,2022-08-09 13:13:35
106413,6413,Corrente,Ativa,2025-09-23 19:23:04
106414,6414,Digital,Ativa,2018-06-15 16:30:06
106415,6415,Corrente,Ativa,2021-05-30 06:15:36
106416,6416,Digital,Bloqueada,2023-05-14 11:48:28
106417,6417,Corrente,Ativa,2020-06-21 20:38:06
106418,6418,Digital,Ativa,2025-01-28 15:28:43
106419,6419,Digital,Ativa,2024-02-02 12:32:41
106420,6420,Corrente,Ativa,2025-03-05 18:05:54
106421,6421,Corrente,Ativa,2025-05-30 22:38:49
106422,6422,Corrente,Bloqueada,2019-12-13 03:30:17
106423,6423,Corrente,Ativa,2018-07-02 07:51:45
106424,6424,Digital,Ativa,2025-07-18 23:08:44
106425,6425,Corrente,Ativa,2019-09-12 11:27:05
106426,6426,Corrente,Ativa,2018-06-06 01:53:39
106427,6427,Corrente,Ativa,2023-03-24 15:27:55
106428,6428,Corrente,Bloqueada,2022-08-06 01:03:23
106429,6429,Corrente,Ativa,2023-02-11 23:37:28
106430,6430,Corrente,Ativa,2024-08-18 16:36:18
106431,6431,Corrente,Ativa,2020-11-25 19:50:43
106432,6432,Corrente,Ativa,2022-07-31 08:04:33
106433,6433,Corrente,Ativa,2022-06-10 09:49:36
106434,6434,Digital,Ativa,2024-12-05 16:45:24
106435,6435,Digital,Ativa,2019-05-23 18:36:03
106436,6436,Digital,Ativa,2019-11-20 02:04:57
106437,6437,Digital,Ativa,2022-10-28 04:43:13
106438,6438,Digital,Ativa,2018-06-03 08:15:59
106439,6439,Corrente,Ativa,2024-02-22 10:08:21
106440,6440,Corrente,Ativa,2021-02-24 07:47:32
106441,6441,Corrente,Ativa,2024-07-07 19:39:12
106442,6442,Corrente,Ativa,2018-09-19 01:50:07
106443,6443,Digital,Ativa,2022-08-01 00:18:49
106444,6444,Corrente,Ativa,2018-04-25 07:17:54
106445,6445,Digital,Ativa,2022-11-27 23:01:55
106446,6446,Corrente,Ativa,2024-09-21 22:32:32
106447,6447,Digital,Ativa,2024-03-16 01:35:55
106448,6448,Digital,Ativa,2019-12-13 09:53:15
106449,6449,Corrente,Bloqueada,2020-01-23 19:03:40
106450,6450,Corrente,Ativa,2023-05-16 03:35:35
106451,6451,Digital,Ativa,2022-01-29 00:08:18
106452,6452,Digital,Ativa,2019-04-15 06:20:14
106453,6453,Digital,Ativa,2022-03-14 19:52:36
106454,6454,Digital,Ativa,2025-02-07 00:06:23
106455,6455,Corrente,Ativa,2022-11-06 17:19:39
106456,6456,Corrente,Bloqueada,2022-06-06 08:39:14
106457,6457,Digital,Ativa,2023-01-10 19:35:10
106458,6458,Corrente,Ativa,2023-04-05 04:01:28
106459,6459,Corrente,Ativa,2022-10-17 12:42:20
106460,6460,Corrente,Ativa,2019-10-11 20:20:28
106461,6461,Corrente,Ativa,2019-07-30 23:41:22
106462,6462,Corrente,Ativa,2021-10-22 11:34:31
106463,6463,Corrente,Ativa,2018-07-29 05:41:41
106464,6464,Corrente,Encerrada,2020-11-13 07:32:21
106465,6465,Corrente,Ativa,2025-06-25 09:32:32
106466,6466,Digital,Ativa,2022-12-02 23:27:55
106467,6467,Digital,Ativa,2025-02-03 17:29:46
106468,6468,Corrente,Ativa,2024-05-27 18:26:14
106469,6469,Corrente,Bloqueada,2024-05-24 11:22:54
106470,6470,Digital,Ativa,2025-06-05 07:07:47
106471,6471,Corrente,Ativa,2021-07-01 15:09:27
106472,6472,Corrente,Ativa,2022-04-30 13:22:00
106473,6473,Corrente,Encerrada,2018-08-07 07:09:21
106474,6474,Corrente,Ativa,2023-08-17 23:10:47
106475,6475,Corrente,Ativa,2020-06-20 21:36:42
106476,6476,Digital,Ativa,2021-02-01 08:57:11
106477,6477,Corrente,Ativa,2022-12-05 00:35:33
106478,6478,Corrente,Ativa,2022-10-11 08:17:33
106479,6479,Corrente,Ativa,2023-04-17 15:43:14
106480,6480,Digital,Ativa,2024-02-07 01:52:36
106481,6481,Digital,Ativa,2023-09-04 10:33:21
106482,6482,Corrente,Ativa,2019-11-13 16:30:53
106483,6483,Corrente,Ativa,2024-11-08 18:06:53
106484,6484,Corrente,Ativa,2020-05-08 11:38:13
106485,6485,Corrente,Ativa,2023-06-21 06:43:41
106486,6486,Corrente,Ativa,2025-05-27 01:32:15
106487,6487,Digital,Ativa,2025-02-23 01:01:06
106488,6488,Corrente,Ativa,2025-03-09 08:16:51
106489,6489,Digital,Ativa,2025-05-08 09:55:36
106490,6490,Digital,Ativa,2021-09-05 05:22:01
106491,6491,Corrente,Ativa,2023-01-05 11:33:00
106492,6492,Corrente,Ativa,2024-04-05 10:54:14
106493,6493,Corrente,Ativa,2020-07-01 03:16:27
106494,6494,Corrente,Ativa,2022-02-24 22:47:36
106495,6495,Corrente,Ativa,2019-09-01 19:43:56
106496,6496,Corrente,Ativa,2018-04-15 17:02:28
106497,6497,Corrente,Ativa,2025-01-25 10:21:04
106498,6498,Corrente,Ativa,2023-09-16 09:22:57
106499,6499,Digital,Ativa,2020-10-26 14:13:54
106500,6500,Digital,Ativa,2022-03-01 03:33:06
106501,6501,Digital,Ativa,2022-02-10 22:13:02
106502,6502,Digital,Ativa,2021-03-04 15:23:28
106503,6503,Corrente,Ativa,2018-08-08 05:02:32
106504,6504,Corrente,Ativa,2021-03-23 20:38:53
106505,6505,Digital,Ativa,2020-05-28 20:13:44
106506,6506,Digital,Ativa,2024-09-02 18:04:43
106507,6507,Corrente,Ativa,2023-11-18 04:26:43
106508,6508,Corrente,Ativa,2025-12-03 16:56:08
106509,6509,Corrente,Ativa,2018-07-14 20:06:27
106510,6510,Digital,Ativa,2022-08-02 19:58:15
106511,6511,Digital,Bloqueada,2025-01-13 12:39:30
106512,6512,Digital,Ativa,2025-03-19 18:35:52
106513,6513,Corrente,Ativa,2021-01-02 16:05:51
106514,6514,Corrente,Ativa,2024-12-20 22:25:46
106515,6515,Corrente,Ativa,2023-03-31 08:55:15
106516,6516,Corrente,Bloqueada,2025-06-18 13:28:30
106517,6517,Digital,Ativa,2025-12-15 14:54:52
106518,6518,Corrente,Ativa,2018-07-04 18:37:27
106519,6519,Corrente,Ativa,2025-03-25 16:52:44
106520,6520,Digital,Ativa,2022-05-08 12:51:45
106521,6521,Corrente,Ativa,2019-06-08 23:40:31
106522,6522,Digital,Ativa,2025-10-17 15:59:50
106523,6523,Corrente,Ativa,2025-11-03 06:40:33
106524,6524,Digital,Encerrada,2020-04-03 07:00:36
106525,6525,Digital,Ativa,2025-03-31 17:00:08
106526,6526,Corrente,Ativa,2024-01-13 14:53:08
106527,6527,Corrente,Ativa,2020-02-26 12:10:59
106528,6528,Corrente,Ativa,2021-08-26 19:14:31
106529,6529,Corrente,Ativa,2018-10-09 20:00:04
106530,6530,Corrente,Ativa,2018-09-16 02:44:56
106531,6531,Digital,Ativa,2024-11-14 06:16:24
106532,6532,Corrente,Ativa,2019-03-22 14:08:01
106533,6533,Corrente,Ativa,2023-07-04 23:53:29
106534,6534,Corrente,Encerrada,2025-12-26 15:51:36
106535,6535,Digital,Ativa,2021-07-20 04:09:43
106536,6536,Digital,Ativa,2021-08-02 06:36:45
106537,6537,Corrente,Ativa,2022-02-10 09:01:19
106538,6538,Corrente,Ativa,2024-10-22 23:46:01
106539,6539,Corrente,Ativa,2023-09-05 07:14:14
106540,6540,Corrente,Ativa,2022-06-09 13:56:53
106541,6541,Corrente,Ativa,2021-03-19 11:10:11
106542,6542,Corrente,Ativa,2018-03-01 13:28:26
106543,6543,Digital,Ativa,2025-09-18 15:58:38
106544,6544,Corrente,Ativa,2022-05-22 18:34:54
106545,6545,Digital,Ativa,2018-10-09 11:32:54
106546,6546,Corrente,Ativa,2024-03-05 03:05:02
106547,6547,Digital,Ativa,2022-06-06 07:16:11
106548,6548,Digital,Ativa,2023-11-10 03:27:17
106549,6549,Digital,Ativa,2023-02-25 19:26:31
106550,6550,Digital,Ativa,2022-02-16 01:59:12
106551,6551,Corrente,Ativa,2023-08-30 23:28:50
106552,6552,Corrente,Ativa,2018-10-06 18:55:19
106553,6553,Digital,Ativa,2022-03-19 13:13:05
106554,6554,Digital,Ativa,2025-11-11 10:22:00
106555,6555,Corrente,Ativa,2021-09-07 18:06:52
106556,6556,Digital,Ativa,2022-08-28 22:28:17
106557,6557,Corrente,Ativa,2025-12-24 04:09:16
106558,6558,Corrente,Ativa,2018-12-27 06:51:04
106559,6559,Corrente,Ativa,2018-03-10 23:18:35
106560,6560,Corrente,Ativa,2019-07-15 19:27:50
106561,6561,Corrente,Bloqueada,2019-02-20 16:53:23
106562,6562,Digital,Ativa,2020-11-14 15:29:54
106563,6563,Corrente,Ativa,2020-12-11 14:40:39
106564,6564,Corrente,Ativa,2020-05-11 11:42:49
106565,6565,Digital,Ativa,2018-12-25 08:38:22
106566,6566,Digital,Ativa,2019-03-14 22:43:24
106567,6567,Corrente,Ativa,2024-08-30 21:25:51
106568,6568,Corrente,Ativa,2022-08-05 03:46:34
106569,6569,Digital,Ativa,2020-06-30 03:23:09
106570,6570,Corrente,Ativa,2023-03-08 13:49:33
106571,6571,Corrente,Ativa,2018-08-17 19:00:54
106572,6572,Digital,Ativa,2019-05-23 16:59:37
106573,6573,Corrente,Ativa,2024-04-01 09:23:07
106574,6574,Corrente,Ativa,2020-12-01 21:01:49
106575,6575,Corrente,Ativa,2023-07-28 14:20:48
106576,6576,Corrente,Ativa,2021-09-16 07:53:46
106577,6577,Digital,Ativa,2023-01-05 04:43:02
106578,6578,Corrente,Ativa,2025-08-11 22:50:24
106579,6579,Corrente,Ativa,2024-06-08 06:37:04
106580,6580,Digital,Ativa,2025-11-08 08:47:10
106581,6581,Corrente,Ativa,2023-06-30 14:54:18
106582,6582,Corrente,Ativa,2019-11-10 11:20:20
106583,6583,Corrente,Ativa,2020-10-26 21:37:13
106584,6584,Corrente,Ativa,2019-10-09 21:31:59
106585,6585,Corrente,Ativa,2019-01-23 06:00:04
106586,6586,Corrente,Ativa,2020-01-04 03:25:15
106587,6587,Corrente,Ativa,2020-10-11 01:36:01
106588,6588,Corrente,Ativa,2025-01-25 04:17:42
106589,6589,Digital,Ativa,2023-09-12 02:21:22
106590,6590,Corrente,Ativa,2018-12-09 00:53:34
106591,6591,Corrente,Ativa,2021-06-20 23:48:26
106592,6592,Corrente,Ativa,2019-05-01 15:09:20
106593,6593,Corrente,Ativa,2019-01-05 01:02:46
106594,6594,Corrente,Ativa,2019-08-29 07:37:51
106595,6595,Corrente,Ativa,2024-11-19 20:12:58
106596,6596,Digital,Ativa,2018-07-09 05:25:39
106597,6597,Corrente,Ativa,2021-09-24 13:52:51
106598,6598,Corrente,Ativa,2021-11-19 00:21:38
106599,6599,Digital,Bloqueada,2023-04-21 10:04:22
106600,6600,Corrente,Ativa,2021-02-19 10:37:37
106601,6601,Digital,Ativa,2020-11-29 08:46:14
106602,6602,Corrente,Ativa,2022-02-05 19:32:11
106603,6603,Corrente,Ativa,2021-10-26 21:24:25
106604,6604,Corrente,Ativa,2021-12-09 05:42:25
106605,6605,Corrente,Ativa,2025-03-21 05:40:07
106606,6606,Corrente,Ativa,2025-12-10 12:56:38
106607,6607,Corrente,Ativa,2023-08-04 23:31:37
106608,6608,Corrente,Ativa,2018-03-09 07:41:27
106609,6609,Corrente,Bloqueada,2023-02-21 22:20:02
106610,6610,Corrente,Ativa,2024-09-14 10:17:41
106611,6611,Corrente,Ativa,2021-11-16 16:01:36
106612,6612,Corrente,Ativa,2023-08-31 13:28:22
106613,6613,Corrente,Ativa,2018-05-08 23:49:19
106614,6614,Corrente,Ativa,2018-02-02 08:24:19
106615,6615,Corrente,Encerrada,2025-05-09 00:42:11
106616,6616,Corrente,Ativa,2024-08-05 19:49:47
106617,6617,Corrente,Ativa,2020-01-18 19:58:00
106618,6618,Corrente,Ativa,2025-05-08 08:17:26
106619,6619,Digital,Ativa,2023-11-09 08:58:15
106620,6620,Corrente,Ativa,2024-10-28 07:44:05
106621,6621,Digital,Ativa,2020-08-14 03:38:25
106622,6622,Corrente,Ativa,2018-06-12 02:04:47
106623,6623,Corrente,Ativa,2022-07-01 06:30:42
106624,6624,Corrente,Ativa,2018-10-01 19:17:39
106625,6625,Corrente,Ativa,2019-10-05 22:28:33
106626,6626,Corrente,Ativa,2020-10-16 16:17:30
106627,6627,Digital,Encerrada,2022-01-05 13:08:48
106628,6628,Corrente,Ativa,2025-06-23 09:29:00
106629,6629,Corrente,Ativa,2018-09-30 05:21:12
106630,6630,Corrente,Ativa,2018-11-02 06:34:20
106631,6631,Corrente,Ativa,2024-07-25 03:06:19
106632,6632,Digital,Ativa,2018-05-22 19:44:57
106633,6633,Corrente,Ativa,2022-07-03 17:13:33
106634,6634,Corrente,Ativa,2025-02-24 05:12:17
106635,6635,Corrente,Ativa,2025-07-27 08:50:34
106636,6636,Corrente,Ativa,2020-03-04 02:23:48
106637,6637,Corrente,Ativa,2025-06-21 07:29:42
106638,6638,Corrente,Ativa,2018-11-17 06:42:04
106639,6639,Digital,Ativa,2024-02-14 04:38:34
106640,6640,Corrente,Ativa,2019-08-31 23:26:45
106641,6641,Corrente,Ativa,2022-04-08 21:37:45
106642,6642,Corrente,Ativa,2022-04-09 11:23:38
106643,6643,Corrente,Ativa,2019-07-19 02:46:31
106644,6644,Corrente,Ativa,2021-10-01 02:42:21
106645,6645,Corrente,Ativa,2018-06-07 11:37:17
106646,6646,Digital,Ativa,2021-05-13 14:34:52
106647,6647,Corrente,Ativa,2018-07-11 13:23:18
106648,6648,Digital,Ativa,2025-08-17 13:38:22
106649,6649,Digital,Ativa,2019-04-20 06:25:41
106650,6650,Corrente,Ativa,2023-11-16 03:59:39
106651,6651,Digital,Bloqueada,2021-06-24 05:07:54
106652,6652,Corrente,Encerrada,2019-07-09 14:55:51
106653,6653,Corrente,Ativa,2019-02-21 02:12:15
106654,6654,Corrente,Ativa,2021-02-18 08:47:13
106655,6655,Digital,Ativa,2024-10-04 17:45:07
106656,6656,Digital,Ativa,2023-10-09 10:23:26
106657,6657,Digital,Ativa,2019-01-04 06:30:27
106658,6658,Digital,Ativa,2018-04-28 00:07:40
106659,6659,Corrente,Bloqueada,2024-04-04 05:39:50
106660,6660,Digital,Encerrada,2023-02-19 20:11:09
106661,6661,Corrente,Ativa,2025-08-28 15:33:10
106662,6662,Digital,Ativa,2018-08-26 09:59:46
106663,6663,Corrente,Ativa,2024-07-13 01:22:11
106664,6664,Digital,Ativa,2021-01-11 03:13:04
106665,6665,Corrente,Ativa,2019-06-01 04:55:03
106666,6666,Corrente,Ativa,2021-08-16 18:15:59
106667,6667,Corrente,Ativa,2018-04-04 07:29:15
106668,6668,Digital,Ativa,2019-07-26 07:56:59
106669,6669,Corrente,Ativa,2021-01-26 21:42:43
106670,6670,Corrente,Ativa,2019-08-22 10:26:18
106671,6671,Corrente,Ativa,2025-11-01 01:40:04
106672,6672,Corrente,Ativa,2023-12-27 09:12:16
106673,6673,Digital,Ativa,2022-11-28 03:33:49
106674,6674,Corrente,Bloqueada,2020-09-07 05:15:28
106675,6675,Digital,Ativa,2018-06-30 18:11:55
106676,6676,Corrente,Ativa,2021-09-14 21:28:31
106677,6677,Digital,Ativa,2021-10-30 07:53:02
106678,6678,Corrente,Encerrada,2018-08-13 19:44:27
106679,6679,Corrente,Ativa,2023-07-25 12:58:19
106680,6680,Corrente,Ativa,2023-01-05 12:21:04
106681,6681,Corrente,Encerrada,2023-10-13 01:24:44
106682,6682,Corrente,Ativa,2022-11-25 18:17:12
106683,6683,Corrente,Ativa,2018-04-17 08:46:13
106684,6684,Corrente,Ativa,2022-03-30 07:10:36
106685,6685,Digital,Ativa,2024-03-08 06:07:44
106686,6686,Digital,Ativa,2019-08-14 05:22:36
106687,6687,Digital,Ativa,2025-05-17 07:53:36
106688,6688,Digital,Ativa,2019-12-25 05:38:28
106689,6689,Corrente,Ativa,2025-09-29 07:02:54
106690,6690,Corrente,Ativa,2019-04-05 23:22:02
106691,6691,Corrente,Ativa,2024-09-17 23:56:18
106692,6692,Digital,Ativa,2020-10-19 11:18:31
106693,6693,Digital,Encerrada,2023-12-03 11:27:35
106694,6694,Corrente,Ativa,2021-03-12 05:18:49
106695,6695,Corrente,Ativa,2021-08-16 15:14:15
106696,6696,Corrente,Ativa,2025-04-11 16:25:41
106697,6697,Corrente,Ativa,2020-07-27 03:39:58
106698,6698,Corrente,Bloqueada,2018-08-07 10:31:48
106699,6699,Corrente,Ativa,2018-09-10 04:36:21
106700,6700,Digital,Ativa,2020-01-23 00:05:09
106701,6701,Digital,Ativa,2025-02-20 06:11:40
106702,6702,Corrente,Ativa,2019-05-30 10:34:33
106703,6703,Digital,Ativa,2024-04-10 14:59:36
106704,6704,Digital,Ativa,2025-12-24 16:50:30
106705,6705,Digital,Ativa,2019-01-30 08:57:09
106706,6706,Corrente,Ativa,2022-12-21 03:32:42
106707,6707,Corrente,Ativa,2022-05-05 18:33:13
106708,6708,Corrente,Ativa,2025-01-16 20:41:54
106709,6709,Corrente,Ativa,2021-02-22 20:47:23
106710,6710,Corrente,Ativa,2020-05-09 06:09:03
106711,6711,Corrente,Ativa,2022-10-13 13:35:29
106712,6712,Digital,Encerrada,2018-09-25 03:32:09
106713,6713,Corrente,Ativa,2020-05-15 05:46:46
106714,6714,Corrente,Ativa,2022-07-01 18:57:16
106715,6715,Corrente,Ativa,2024-10-05 20:52:19
106716,6716,Corrente,Ativa,2025-07-03 18:52:58
106717,6717,Corrente,Ativa,2020-08-01 16:39:13
106718,6718,Corrente,Ativa,2019-10-05 13:01:08
106719,6719,Corrente,Ativa,2021-01-29 05:08:11
106720,6720,Corrente,Ativa,2018-04-02 08:53:40
106721,6721,Corrente,Ativa,2020-11-20 02:57:46
106722,6722,Corrente,Ativa,2018-10-07 00:24:12
106723,6723,Corrente,Ativa,2022-03-19 03:55:21
106724,6724,Corrente,Ativa,2018-06-04 17:32:09
106725,6725,Digital,Ativa,2023-06-13 11:23:10
106726,6726,Corrente,Ativa,2019-11-27 05:37:02
106727,6727,Corrente,Ativa,2019-01-27 05:08:19
106728,6728,Corrente,Ativa,2023-02-15 05:05:06
106729,6729,Corrente,Ativa,2018-10-14 11:37:56
106730,6730,Digital,Ativa,2020-03-06 04:51:49
106731,6731,Corrente,Ativa,2020-05-07 21:13:53
106732,6732,Digital,Ativa,2025-11-04 02:24:32
106733,6733,Corrente,Ativa,2021-11-28 11:24:34
106734,6734,Corrente,Encerrada,2023-12-22 03:54:17
106735,6735,Digital,Ativa,2020-07-27 04:05:54
106736,6736,Digital,Bloqueada,2021-04-03 06:41:35
106737,6737,Corrente,Encerrada,2020-08-01 05:15:37
106738,6738,Corrente,Ativa,2018-02-25 09:36:54
106739,6739,Corrente,Ativa,2021-12-19 12:03:22
106740,6740,Corrente,Ativa,2021-04-15 02:26:46
106741,6741,Digital,Ativa,2018-07-20 04:27:37
106742,6742,Corrente,Ativa,2024-02-28 00:22:54
106743,6743,Corrente,Ativa,2018-03-20 11:07:09
106744,6744,Corrente,Ativa,2024-01-16 01:45:09
106745,6745,Corrente,Bloqueada,2020-08-04 16:53:17
106746,6746,Corrente,Ativa,2019-04-07 16:38:20
106747,6747,Corrente,Ativa,2025-08-03 08:06:43
106748,6748,Corrente,Ativa,2019-12-07 06:15:03
106749,6749,Digital,Ativa,2022-06-19 14:09:29
106750,6750,Corrente,Ativa,2025-10-24 20:24:42
106751,6751,Digital,Ativa,2021-03-18 17:58:25
106752,6752,Corrente,Ativa,2020-04-04 14:19:18
106753,6753,Digital,Ativa,2024-11-30 02:17:52
106754,6754,Corrente,Ativa,2020-02-02 13:55:35
106755,6755,Digital,Ativa,2019-01-01 07:23:09
106756,6756,Corrente,Ativa,2025-04-02 05:24:52
106757,6757,Corrente,Ativa,2024-11-03 10:42:13
106758,6758,Corrente,Ativa,2024-02-21 09:00:37
106759,6759,Digital,Ativa,2024-01-17 13:36:48
106760,6760,Corrente,Bloqueada,2025-12-26 11:34:46
106761,6761,Corrente,Ativa,2020-03-31 08:09:18
106762,6762,Digital,Ativa,2024-08-27 09:44:02
106763,6763,Corrente,Ativa,2023-04-30 18:31:18
106764,6764,Digital,Ativa,2022-12-06 02:36:09
106765,6765,Corrente,Ativa,2024-10-10 04:07:52
106766,6766,Corrente,Ativa,2023-04-22 17:38:43
106767,6767,Corrente,Ativa,2025-12-06 16:29:42
106768,6768,Corrente,Ativa,2023-01-13 10:48:52
106769,6769,Digital,Bloqueada,2025-05-30 14:51:21
106770,6770,Corrente,Ativa,2022-08-27 03:04:25
106771,6771,Digital,Ativa,2020-02-02 03:59:38
106772,6772,Corrente,Ativa,2023-11-29 15:21:58
106773,6773,Corrente,Ativa,2021-11-08 03:15:12
106774,6774,Digital,Ativa,2025-12-04 07:01:14
106775,6775,Corrente,Ativa,2020-05-07 17:19:56
106776,6776,Corrente,Ativa,2018-02-18 05:46:49
106777,6777,Corrente,Ativa,2021-06-14 18:30:48
106778,6778,Corrente,Ativa,2023-07-19 11:34:45
106779,6779,Corrente,Ativa,2018-05-25 18:33:18
106780,6780,Corrente,Ativa,2018-09-21 21:12:39
106781,6781,Corrente,Ativa,2022-04-13 15:38:16
106782,6782,Corrente,Ativa,2025-05-12 00:43:43
106783,6783,Corrente,Ativa,2019-02-23 01:36:32
106784,6784,Corrente,Ativa,2020-06-29 20:39:16
106785,6785,Digital,Bloqueada,2019-05-01 02:56:11
106786,6786,Digital,Ativa,2020-06-25 19:10:39
106787,6787,Corrente,Ativa,2025-12-22 13:32:59
106788,6788,Corrente,Ativa,2022-08-16 14:29:31
106789,6789,Corrente,Ativa,2021-05-15 21:09:30
106790,6790,Corrente,Ativa,2021-11-25 12:31:43
106791,6791,Corrente,Ativa,2018-10-13 13:00:55
106792,6792,Corrente,Ativa,2025-09-05 06:20:34
106793,6793,Corrente,Ativa,2022-08-18 01:19:03
106794,6794,Corrente,Ativa,2023-03-16 02:01:08
106795,6795,Corrente,Ativa,2018-01-11 00:25:20
106796,6796,Corrente,Ativa,2025-04-10 00:20:31
106797,6797,Corrente,Ativa,2020-11-16 15:33:55
106798,6798,Corrente,Bloqueada,2018-08-05 23:17:19
106799,6799,Digital,Ativa,2022-04-04 17:37:21
106800,6800,Corrente,Ativa,2020-08-16 14:36:27
106801,6801,Corrente,Encerrada,2018-12-20 14:12:36
106802,6802,Corrente,Ativa,2024-04-08 03:24:33
106803,6803,Corrente,Ativa,2024-08-15 16:35:18
106804,6804,Corrente,Ativa,2024-09-16 14:19:13
106805,6805,Corrente,Ativa,2021-12-20 17:48:17
106806,6806,Corrente,Ativa,2020-06-19 15:23:24
106807,6807,Digital,Ativa,2021-04-28 13:26:59
106808,6808,Digital,Ativa,2020-07-24 18:16:04
106809,6809,Digital,Ativa,2022-11-02 18:21:17
106810,6810,Corrente,Ativa,2025-06-20 01:41:45
106811,6811,Corrente,Ativa,2019-01-13 17:04:11
106812,6812,Corrente,Ativa,2018-08-07 02:39:06
106813,6813,Corrente,Ativa,2025-10-28 03:53:00
106814,6814,Corrente,Ativa,2018-06-04 16:59:46
106815,6815,Corrente,Ativa,2024-09-21 14:16:29
106816,6816,Corrente,Ativa,2020-06-05 08:02:18
106817,6817,Corrente,Ativa,2019-06-23 23:59:04
106818,6818,Corrente,Ativa,2020-06-04 05:12:57
106819,6819,Corrente,Ativa,2024-08-20 21:28:21
106820,6820,Corrente,Ativa,2021-04-26 22:29:14
106821,6821,Corrente,Ativa,2019-07-13 10:28:23
106822,6822,Corrente,Bloqueada,2021-05-06 16:35:32
106823,6823,Digital,Ativa,2021-10-07 14:55:03
106824,6824,Digital,Ativa,2018-05-13 13:44:09
106825,6825,Corrente,Ativa,2021-10-14 00:27:49
106826,6826,Corrente,Ativa,2019-10-22 04:27:34
106827,6827,Corrente,Ativa,2025-10-28 22:38:09
106828,6828,Digital,Ativa,2025-05-27 02:10:28
106829,6829,Corrente,Bloqueada,2025-11-18 04:18:51
106830,6830,Digital,Ativa,2021-10-14 16:25:19
106831,6831,Corrente,Ativa,2024-02-08 13:53:59
106832,6832,Digital,Ativa,2018-08-06 11:31:00
106833,6833,Digital,Ativa,2021-05-10 00:51:59
106834,6834,Corrente,Ativa,2021-07-24 15:14:30
106835,6835,Corrente,Ativa,2022-01-13 17:47:15
106836,6836,Digital,Ativa,2018-11-06 11:28:17
106837,6837,Digital,Ativa,2022-05-27 00:38:20
106838,6838,Corrente,Ativa,2025-05-12 18:32:58
106839,6839,Digital,Ativa,2023-01-19 22:52:28
106840,6840,Digital,Ativa,2025-05-21 15:25:54
106841,6841,Digital,Ativa,2025-11-20 07:22:34
106842,6842,Corrente,Ativa,2023-08-25 04:50:01
106843,6843,Corrente,Ativa,2024-04-13 00:25:47
106844,6844,Corrente,Ativa,2023-12-05 06:42:27
106845,6845,Corrente,Ativa,2020-06-14 16:19:30
106846,6846,Corrente,Ativa,2024-11-29 06:49:58
106847,6847,Digital,Ativa,2025-06-02 06:06:51
106848,6848,Corrente,Ativa,2022-06-21 23:08:52
106849,6849,Corrente,Ativa,2019-08-22 19:59:46
106850,6850,Corrente,Ativa,2019-07-01 13:58:42
106851,6851,Corrente,Ativa,2019-06-06 12:41:28
106852,6852,Corrente,Ativa,2022-04-14 17:21:00
106853,6853,Corrente,Ativa,2021-01-17 10:52:59
106854,6854,Digital,Ativa,2025-10-25 19:00:43
106855,6855,Corrente,Ativa,2024-01-24 05:31:36
106856,6856,Corrente,Ativa,2021-05-26 09:57:56
106857,6857,Corrente,Ativa,2018-01-24 12:08:01
106858,6858,Corrente,Ativa,2024-07-10 07:15:05
106859,6859,Digital,Ativa,2018-05-02 18:58:23
106860,6860,Corrente,Ativa,2024-03-11 05:31:42
106861,6861,Corrente,Ativa,2019-12-23 16:55:16
106862,6862,Corrente,Ativa,2018-05-03 16:10:43
106863,6863,Digital,Ativa,2019-10-11 16:20:05
106864,6864,Corrente,Ativa,2025-08-03 21:49:34
106865,6865,Digital,Ativa,2025-06-01 18:24:41
106866,6866,Corrente,Ativa,2022-01-09 03:49:09
106867,6867,Corrente,Ativa,2018-12-15 06:41:09
106868,6868,Corrente,Ativa,2025-01-30 10:25:10
106869,6869,Digital,Ativa,2019-12-16 12:48:33
106870,6870,Digital,Ativa,2018-01-14 10:00:35
106871,6871,Corrente,Ativa,2025-08-22 08:59:58
106872,6872,Corrente,Ativa,2019-10-27 02:08:12
106873,6873,Corrente,Encerrada,2021-06-25 21:04:08
106874,6874,Corrente,Ativa,2021-05-21 15:43:32
106875,6875,Corrente,Ativa,2025-04-27 21:29:52
106876,6876,Corrente,Ativa,2024-01-27 10:32:05
106877,6877,Corrente,Ativa,2020-05-04 22:44:52
106878,6878,Corrente,Ativa,2024-07-01 17:21:34
106879,6879,Digital,Ativa,2025-06-29 19:53:37
106880,6880,Digital,Ativa,2023-08-03 17:44:13
106881,6881,Corrente,Ativa,2024-01-24 12:17:22
106882,6882,Corrente,Ativa,2021-03-08 05:57:38
106883,6883,Corrente,Ativa,2024-09-23 21:27:23
106884,6884,Corrente,Ativa,2021-08-05 04:15:50
106885,6885,Corrente,Ativa,2025-08-01 22:43:24
106886,6886,Corrente,Ativa,2018-10-02 15:24:04
106887,6887,Digital,Ativa,2023-08-26 02:07:26
106888,6888,Corrente,Ativa,2024-07-01 01:47:23
106889,6889,Corrente,Ativa,2023-05-26 11:16:43
106890,6890,Corrente,Ativa,2024-08-29 06:14:16
106891,6891,Corrente,Ativa,2023-02-28 06:00:32
106892,6892,Corrente,Ativa,2025-08-10 13:25:54
106893,6893,Corrente,Ativa,2023-01-24 23:19:37
106894,6894,Corrente,Bloqueada,2022-01-10 02:20:55
106895,6895,Digital,Ativa,2022-03-07 03:53:48
106896,6896,Corrente,Ativa,2024-09-30 17:19:58
106897,6897,Corrente,Bloqueada,2022-03-20 09:45:54
106898,6898,Digital,Ativa,2020-03-26 17:32:50
106899,6899,Corrente,Ativa,2022-08-20 19:26:47
106900,6900,Corrente,Ativa,2020-04-14 14:38:49
106901,6901,Corrente,Ativa,2019-03-16 19:45:06
106902,6902,Corrente,Ativa,2025-07-29 12:42:02
106903,6903,Corrente,Ativa,2024-08-04 22:47:45
106904,6904,Corrente,Ativa,2018-04-26 09:38:42
106905,6905,Corrente,Ativa,2018-05-11 12:24:28
106906,6906,Corrente,Ativa,2024-02-07 05:46:19
106907,6907,Digital,Ativa,2020-01-04 21:49:21
106908,6908,Digital,Ativa,2021-11-08 10:20:13
106909,6909,Corrente,Ativa,2023-10-25 15:17:27
106910,6910,Corrente,Ativa,2025-06-30 14:17:34
106911,6911,Corrente,Ativa,2020-04-12 21:02:51
106912,6912,Corrente,Ativa,2022-03-30 22:14:44
106913,6913,Corrente,Ativa,2023-06-17 02:17:17
106914,6914,Corrente,Ativa,2019-04-16 10:22:10
106915,6915,Corrente,Ativa,2018-01-18 10:46:07
106916,6916,Corrente,Ativa,2021-07-22 08:41:17
106917,6917,Digital,Ativa,2020-09-16 13:24:55
106918,6918,Corrente,Ativa,2021-06-28 16:12:13
106919,6919,Corrente,Ativa,2019-06-23 13:57:11
106920,6920,Corrente,Ativa,2023-03-27 02:42:34
106921,6921,Corrente,Ativa,2023-10-17 21:37:23
106922,6922,Digital,Ativa,2022-01-18 08:39:41
106923,6923,Corrente,Ativa,2021-10-29 05:57:12
106924,6924,Corrente,Ativa,2020-12-26 14:51:55
106925,6925,Corrente,Ativa,2019-01-15 02:44:00
106926,6926,Corrente,Ativa,2021-07-17 13:16:06
106927,6927,Corrente,Ativa,2018-10-29 02:35:55
106928,6928,Digital,Ativa,2019-11-05 11:35:16
106929,6929,Corrente,Ativa,2019-05-27 06:57:47
106930,6930,Corrente,Ativa,2021-05-11 14:46:03
106931,6931,Corrente,Encerrada,2020-04-09 19:40:22
106932,6932,Corrente,Ativa,2022-03-27 17:34:33
106933,6933,Digital,Ativa,2021-03-08 11:05:01
106934,6934,Corrente,Ativa,2020-04-06 14:57:30
106935,6935,Digital,Ativa,2020-11-19 20:11:03
106936,6936,Corrente,Ativa,2020-09-12 23:44:02
106937,6937,Corrente,Ativa,2023-06-18 09:01:17
106938,6938,Corrente,Ativa,2023-10-21 13:20:34
106939,6939,Corrente,Ativa,2021-10-16 22:06:55
106940,6940,Corrente,Ativa,2021-03-24 17:22:40
106941,6941,Corrente,Ativa,2022-12-16 01:08:52
106942,6942,Corrente,Ativa,2020-10-20 01:30:15
106943,6943,Corrente,Ativa,2019-08-06 00:12:32
106944,6944,Corrente,Ativa,2018-07-07 13:15:59
106945,6945,Corrente,Ativa,2021-11-10 20:03:59
106946,6946,Digital,Encerrada,2020-10-13 08:49:21
106947,6947,Digital,Ativa,2020-09-11 15:36:49
106948,6948,Digital,Ativa,2023-11-06 19:07:57
106949,6949,Corrente,Ativa,2024-07-26 23:27:27
106950,6950,Corrente,Ativa,2023-06-11 01:42:22
106951,6951,Corrente,Ativa,2021-04-26 07:10:03
106952,6952,Digital,Ativa,2020-01-21 15:47:53
106953,6953,Corrente,Ativa,2019-04-30 04:24:33
106954,6954,Corrente,Ativa,2023-03-28 19:32:41
106955,6955,Digital,Ativa,2018-01-05 20:21:15
106956,6956,Digital,Ativa,2018-12-01 07:28:34
106957,6957,Corrente,Ativa,2024-02-20 14:57:03
106958,6958,Corrente,Ativa,2018-07-20 14:58:40
106959,6959,Corrente,Ativa,2023-08-14 05:10:00
106960,6960,Digital,Ativa,2018-01-15 03:32:14
106961,6961,Corrente,Ativa,2018-02-19 10:20:51
106962,6962,Digital,Ativa,2022-02-09 05:54:28
106963,6963,Digital,Ativa,2025-03-10 13:26:07
106964,6964,Digital,Ativa,2020-01-27 15:06:43
106965,6965,Digital,Ativa,2020-03-11 11:15:42
106966,6966,Digital,Encerrada,2025-10-06 22:56:55
106967,6967,Corrente,Ativa,2022-10-29 23:36:16
106968,6968,Corrente,Bloqueada,2024-12-16 09:50:06
106969,6969,Digital,Ativa,2020-07-10 09:55:15
106970,6970,Corrente,Ativa,2019-08-13 13:43:31
106971,6971,Corrente,Ativa,2022-09-27 21:11:07
106972,6972,Corrente,Ativa,2023-08-26 21:05:06
106973,6973,Corrente,Ativa,2023-03-17 05:21:55
106974,6974,Corrente,Ativa,2025-02-05 15:22:30
106975,6975,Corrente,Ativa,2024-08-01 15:24:52
106976,6976,Corrente,Ativa,2020-12-02 18:34:58
106977,6977,Corrente,Ativa,2023-02-27 04:05:17
106978,6978,Digital,Bloqueada,2020-12-11 08:10:13
106979,6979,Corrente,Ativa,2019-03-09 09:27:59
106980,6980,Corrente,Ativa,2025-03-31 16:14:51
106981,6981,Corrente,Ativa,2019-04-28 10:58:01
106982,6982,Digital,Ativa,2022-01-30 16:24:40
106983,6983,Corrente,Ativa,2018-08-07 10:17:38
106984,6984,Corrente,Ativa,2025-05-03 15:26:25
106985,6985,Corrente,Ativa,2024-10-02 19:27:58
106986,6986,Corrente,Ativa,2021-06-25 18:39:20
106987,6987,Corrente,Ativa,2019-12-24 20:54:12
106988,6988,Digital,Ativa,2022-05-07 01:36:09
106989,6989,Corrente,Ativa,2018-02-28 21:58:55
106990,6990,Corrente,Ativa,2020-03-30 06:00:36
106991,6991,Corrente,Ativa,2024-10-11 11:23:08
106992,6992,Corrente,Ativa,2021-03-23 13:00:54
106993,6993,Corrente,Ativa,2018-05-17 21:18:06
106994,6994,Corrente,Ativa,2025-06-09 04:20:17
106995,6995,Digital,Ativa,2021-11-05 11:01:29
106996,6996,Corrente,Ativa,2019-05-26 18:31:38
106997,6997,Digital,Ativa,2018-03-13 03:32:04
106998,6998,Corrente,Ativa,2020-04-26 04:16:55
106999,6999,Corrente,Ativa,2018-02-12 05:31:37
107000,7000,Corrente,Ativa,2022-09-29 17:16:38
107001,7001,Corrente,Ativa,2018-01-29 08:05:40
107002,7002,Digital,Ativa,2023-05-29 09:11:39
107003,7003,Corrente,Ativa,2024-04-02 17:17:55
107004,7004,Corrente,Ativa,2025-02-17 09:07:39
107005,7005,Digital,Ativa,2023-01-24 15:44:28
107006,7006,Corrente,Ativa,2018-06-10 11:51:40
107007,7007,Corrente,Ativa,2019-01-26 08:04:01
107008,7008,Corrente,Bloqueada,2023-06-16 19:30:25
107009,7009,Corrente,Ativa,2024-03-19 04:07:54
107010,7010,Corrente,Ativa,2025-04-12 08:53:18
107011,7011,Digital,Ativa,2024-11-27 21:30:42
107012,7012,Corrente,Ativa,2018-10-01 00:48:34
107013,7013,Corrente,Ativa,2020-03-03 14:20:22
107014,7014,Corrente,Ativa,2024-01-10 18:21:09
107015,7015,Corrente,Ativa,2020-09-19 11:09:04
107016,7016,Digital,Ativa,2024-06-02 12:04:43
107017,7017,Corrente,Ativa,2022-05-07 00:39:24
107018,7018,Digital,Ativa,2021-05-22 01:00:21
107019,7019,Corrente,Ativa,2020-01-06 04:18:23
107020,7020,Corrente,Ativa,2021-04-15 09:03:55
107021,7021,Corrente,Ativa,2018-07-30 03:34:28
107022,7022,Digital,Ativa,2024-10-02 01:06:07
107023,7023,Corrente,Bloqueada,2020-02-03 17:58:45
107024,7024,Digital,Ativa,2021-02-27 16:36:07
107025,7025,Corrente,Ativa,2018-02-15 05:30:56
107026,7026,Corrente,Ativa,2024-01-28 10:13:16
107027,7027,Corrente,Ativa,2019-05-01 12:38:34
107028,7028,Corrente,Bloqueada,2025-07-17 03:53:57
107029,7029,Corrente,Ativa,2018-06-29 07:45:47
107030,7030,Corrente,Ativa,2022-07-26 00:19:55
107031,7031,Corrente,Ativa,2025-01-08 15:08:19
107032,7032,Corrente,Ativa,2022-10-30 09:00:24
107033,7033,Corrente,Ativa,2023-03-12 18:03:25
107034,7034,Corrente,Ativa,2023-04-17 15:42:35
107035,7035,Corrente,Ativa,2018-04-19 01:03:37
107036,7036,Corrente,Bloqueada,2024-08-14 14:55:35
107037,7037,Corrente,Ativa,2024-02-05 13:12:22
107038,7038,Corrente,Ativa,2018-06-04 12:48:02
107039,7039,Corrente,Ativa,2022-11-14 20:51:38
107040,7040,Corrente,Ativa,2019-06-09 21:47:24
107041,7041,Corrente,Ativa,2024-10-26 03:07:27
107042,7042,Digital,Ativa,2020-03-25 06:36:40
107043,7043,Digital,Ativa,2020-04-17 18:31:40
107044,7044,Digital,Encerrada,2020-04-11 16:26:52
107045,7045,Corrente,Ativa,2018-02-09 22:03:30
107046,7046,Corrente,Ativa,2025-12-03 06:03:33
107047,7047,Digital,Ativa,2025-07-23 23:27:25
107048,7048,Corrente,Ativa,2023-07-17 14:47:45
107049,7049,Corrente,Ativa,2018-07-09 03:57:27
107050,7050,Corrente,Ativa,2019-05-11 21:45:04
107051,7051,Corrente,Ativa,2019-08-04 01:54:24
107052,7052,Digital,Ativa,2021-07-03 11:26:47
107053,7053,Digital,Ativa,2018-06-26 03:41:28
107054,7054,Corrente,Ativa,2023-09-26 21:39:52
107055,7055,Corrente,Ativa,2025-05-05 04:10:19
107056,7056,Corrente,Ativa,2018-09-06 14:21:11
107057,7057,Corrente,Ativa,2022-10-22 20:04:57
107058,7058,Corrente,Ativa,2019-08-25 15:59:24
107059,7059,Digital,Ativa,2021-03-03 14:51:51
107060,7060,Digital,Ativa,2020-10-30 19:08:19
107061,7061,Corrente,Ativa,2024-01-06 14:20:39
107062,7062,Digital,Ativa,2021-05-07 02:44:29
107063,7063,Corrente,Ativa,2018-05-20 15:11:24
107064,7064,Digital,Ativa,2024-11-08 15:08:54
107065,7065,Corrente,Ativa,2024-04-10 13:49:12
107066,7066,Digital,Encerrada,2025-05-13 14:56:41
107067,7067,Corrente,Ativa,2022-03-28 00:41:01
107068,7068,Digital,Ativa,2019-03-26 03:05:27
107069,7069,Digital,Ativa,2020-11-13 18:05:15
107070,7070,Corrente,Ativa,2021-02-03 20:21:29
107071,7071,Corrente,Ativa,2022-06-02 20:30:38
107072,7072,Digital,Ativa,2022-12-14 10:23:42
107073,7073,Corrente,Ativa,2021-05-24 06:33:05
107074,7074,Corrente,Ativa,2019-06-11 14:57:59
107075,7075,Corrente,Ativa,2018-08-27 05:44:29
107076,7076,Corrente,Ativa,2025-10-14 08:49:19
107077,7077,Digital,Ativa,2022-07-10 23:47:03
107078,7078,Digital,Bloqueada,2023-12-24 00:07:37
107079,7079,Corrente,Ativa,2023-06-25 18:40:28
107080,7080,Digital,Ativa,2025-05-01 02:31:21
107081,7081,Corrente,Ativa,2022-04-30 23:47:04
107082,7082,Digital,Ativa,2024-11-21 02:25:18
107083,7083,Digital,Encerrada,2023-07-14 01:20:27
107084,7084,Corrente,Ativa,2025-06-03 07:58:42
107085,7085,Corrente,Ativa,2019-12-20 13:31:35
107086,7086,Corrente,Ativa,2020-09-23 04:15:19
107087,7087,Corrente,Bloqueada,2020-11-26 19:23:21
107088,7088,Digital,Ativa,2018-05-04 22:07:15
107089,7089,Corrente,Ativa,2024-09-25 12:40:14
107090,7090,Corrente,Encerrada,2023-02-08 22:59:11
107091,7091,Corrente,Ativa,2023-09-10 20:35:00
107092,7092,Corrente,Ativa,2019-12-24 23:46:36
107093,7093,Corrente,Ativa,2021-12-21 08:02:09
107094,7094,Corrente,Ativa,2019-12-10 06:04:29
107095,7095,Corrente,Ativa,2025-10-02 04:22:55
107096,7096,Digital,Ativa,2019-07-25 02:01:18
107097,7097,Digital,Ativa,2019-09-04 00:03:01
107098,7098,Corrente,Ativa,2025-11-29 11:29:45
107099,7099,Corrente,Ativa,2023-09-07 18:04:13
107100,7100,Corrente,Ativa,2025-09-26 03:22:48
107101,7101,Corrente,Ativa,2019-12-27 06:22:10
107102,7102,Corrente,Ativa,2025-09-09 01:01:57
107103,7103,Digital,Ativa,2022-10-27 17:03:03
107104,7104,Corrente,Ativa,2020-01-26 00:54:57
107105,7105,Corrente,Ativa,2022-01-17 17:47:37
107106,7106,Corrente,Ativa,2020-08-09 05:09:20
107107,7107,Corrente,Ativa,2022-10-04 23:53:48
107108,7108,Corrente,Ativa,2021-10-05 12:28:53
107109,7109,Corrente,Ativa,2023-03-02 22:00:02
107110,7110,Corrente,Ativa,2021-09-01 17:55:40
107111,7111,Corrente,Ativa,2022-05-13 16:43:45
107112,7112,Corrente,Ativa,2024-03-22 05:32:42
107113,7113,Corrente,Ativa,2021-10-11 16:28:57
107114,7114,Corrente,Ativa,2018-05-28 17:06:38
107115,7115,Digital,Ativa,2025-05-01 19:29:44
107116,7116,Digital,Ativa,2022-07-16 08:14:55
107117,7117,Corrente,Encerrada,2023-11-07 22:58:46
107118,7118,Corrente,Ativa,2020-02-02 09:58:16
107119,7119,Digital,Ativa,2019-10-25 17:10:20
107120,7120,Corrente,Ativa,2022-03-09 04:10:03
107121,7121,Corrente,Ativa,2023-05-29 15:26:22
107122,7122,Corrente,Ativa,2021-07-26 11:18:36
107123,7123,Corrente,Ativa,2020-02-05 14:33:42
107124,7124,Corrente,Ativa,2022-10-19 14:14:10
107125,7125,Corrente,Ativa,2022-03-26 03:45:04
107126,7126,Corrente,Ativa,2022-08-09 07:26:36
107127,7127,Corrente,Encerrada,2024-12-08 06:28:00
107128,7128,Corrente,Ativa,2018-01-21 21:11:07
107129,7129,Digital,Ativa,2018-01-02 04:36:04
107130,7130,Corrente,Ativa,2025-10-29 03:36:24
107131,7131,Digital,Ativa,2018-11-20 23:56:09
107132,7132,Corrente,Bloqueada,2023-12-29 21:21:49
107133,7133,Digital,Ativa,2023-03-16 02:10:23
107134,7134,Digital,Ativa,2021-04-03 17:25:31
107135,7135,Corrente,Ativa,2021-06-09 17:31:59
107136,7136,Corrente,Ativa,2018-11-25 10:22:25
107137,7137,Corrente,Encerrada,2024-07-07 06:03:33
107138,7138,Corrente,Ativa,2019-08-13 01:16:10
107139,7139,Digital,Ativa,2025-06-10 19:23:31
107140,7140,Corrente,Ativa,2020-08-22 22:14:48
107141,7141,Corrente,Ativa,2025-02-17 14:04:41
107142,7142,Corrente,Ativa,2018-11-23 22:50:58
107143,7143,Corrente,Ativa,2024-12-14 23:07:50
107144,7144,Corrente,Ativa,2018-05-31 09:27:21
107145,7145,Corrente,Ativa,2025-12-31 20:15:07
107146,7146,Digital,Encerrada,2022-04-22 03:39:25
107147,7147,Digital,Ativa,2018-11-08 15:56:07
107148,7148,Corrente,Ativa,2021-07-25 18:33:21
107149,7149,Digital,Ativa,2019-03-19 13:52:57
107150,7150,Corrente,Ativa,2022-10-11 18:40:38
107151,7151,Corrente,Ativa,2020-04-27 20:08:36
107152,7152,Corrente,Ativa,2018-11-09 23:15:12
107153,7153,Digital,Ativa,2022-02-08 11:28:06
107154,7154,Corrente,Ativa,2023-03-03 09:54:55
107155,7155,Corrente,Ativa,2022-05-13 19:54:01
107156,7156,Corrente,Ativa,2022-06-27 10:54:15
107157,7157,Corrente,Ativa,2018-12-29 01:15:40
107158,7158,Corrente,Ativa,2018-10-21 07:18:07
107159,7159,Corrente,Ativa,2022-03-26 04:02:05
107160,7160,Corrente,Ativa,2022-02-06 16:35:28
107161,7161,Corrente,Ativa,2018-10-26 10:16:35
107162,7162,Corrente,Bloqueada,2024-04-05 13:38:23
107163,7163,Corrente,Ativa,2018-06-07 01:35:31
107164,7164,Corrente,Bloqueada,2022-12-04 18:26:12
107165,7165,Corrente,Ativa,2020-02-12 06:08:04
107166,7166,Corrente,Ativa,2023-06-28 13:31:31
107167,7167,Digital,Ativa,2020-11-14 06:08:42
107168,7168,Corrente,Encerrada,2019-03-04 13:12:13
107169,7169,Corrente,Ativa,2021-11-27 08:55:44
107170,7170,Corrente,Ativa,2020-03-18 18:09:44
107171,7171,Digital,Ativa,2024-01-01 10:30:44
107172,7172,Digital,Bloqueada,2022-12-20 03:38:05
107173,7173,Corrente,Ativa,2019-05-01 12:27:28
107174,7174,Corrente,Ativa,2020-01-04 03:34:10
107175,7175,Digital,Ativa,2018-05-13 14:13:52
107176,7176,Corrente,Ativa,2018-08-27 21:47:24
107177,7177,Digital,Ativa,2018-05-04 13:02:14
107178,7178,Corrente,Ativa,2020-03-15 05:46:33
107179,7179,Corrente,Ativa,2023-06-25 02:50:17
107180,7180,Corrente,Ativa,2021-07-27 00:37:48
107181,7181,Corrente,Ativa,2018-05-14 03:22:17
107182,7182,Digital,Bloqueada,2018-05-10 23:24:22
107183,7183,Corrente,Ativa,2025-10-23 06:53:25
107184,7184,Corrente,Ativa,2018-09-23 09:20:56
107185,7185,Corrente,Ativa,2022-10-03 23:14:14
107186,7186,Digital,Ativa,2021-03-25 11:04:04
107187,7187,Corrente,Ativa,2019-07-15 05:23:18
107188,7188,Corrente,Ativa,2024-03-20 23:32:30
107189,7189,Corrente,Ativa,2024-01-01 05:55:08
107190,7190,Digital,Ativa,2024-01-23 00:20:44
107191,7191,Corrente,Ativa,2024-09-01 06:09:13
107192,7192,Corrente,Ativa,2024-01-05 18:06:11
107193,7193,Corrente,Ativa,2023-10-07 14:00:25
107194,7194,Corrente,Ativa,2024-10-12 09:01:32
107195,7195,Corrente,Ativa,2024-06-17 20:11:52
107196,7196,Digital,Ativa,2018-04-25 19:19:33
107197,7197,Digital,Ativa,2021-02-28 03:42:11
107198,7198,Digital,Ativa,2025-04-17 23:35:27
107199,7199,Corrente,Ativa,2023-10-18 15:27:16
107200,7200,Corrente,Bloqueada,2022-09-02 01:29:27
107201,7201,Corrente,Ativa,2022-03-26 14:51:50
107202,7202,Corrente,Ativa,2019-05-17 21:32:21
107203,7203,Digital,Ativa,2023-07-13 23:18:23
107204,7204,Digital,Ativa,2021-08-29 04:55:11
107205,7205,Digital,Ativa,2022-05-30 20:02:41
107206,7206,Corrente,Ativa,2019-09-15 13:57:02
107207,7207,Corrente,Ativa,2019-09-19 17:28:31
107208,7208,Corrente,Ativa,2024-04-22 05:36:02
107209,7209,Digital,Ativa,2019-03-01 15:33:00
107210,7210,Corrente,Ativa,2023-05-21 02:16:48
107211,7211,Corrente,Ativa,2021-04-24 17:56:02
107212,7212,Corrente,Ativa,2023-06-11 06:54:34
107213,7213,Digital,Ativa,2020-01-18 23:29:05
107214,7214,Corrente,Ativa,2021-03-27 20:11:21
107215,7215,Corrente,Ativa,2024-07-01 17:25:17
107216,7216,Digital,Ativa,2018-02-25 14:06:03
107217,7217,Corrente,Ativa,2022-10-26 11:27:08
107218,7218,Corrente,Ativa,2024-06-27 23:04:03
107219,7219,Corrente,Ativa,2021-07-05 15:29:15
107220,7220,Corrente,Ativa,2018-07-12 12:05:46
107221,7221,Corrente,Ativa,2023-12-30 12:00:25
107222,7222,Corrente,Ativa,2023-04-26 13:33:34
107223,7223,Corrente,Ativa,2020-01-23 06:25:54
107224,7224,Corrente,Ativa,2023-07-22 07:15:51
107225,7225,Corrente,Ativa,2025-01-09 03:53:40
107226,7226,Corrente,Ativa,2020-12-29 12:01:35
107227,7227,Digital,Ativa,2025-05-10 05:04:35
107228,7228,Digital,Ativa,2022-05-13 10:16:27
107229,7229,Corrente,Ativa,2025-01-06 14:22:36
107230,7230,Digital,Ativa,2019-12-15 22:36:21
107231,7231,Corrente,Ativa,2025-08-23 15:32:03
107232,7232,Digital,Encerrada,2025-03-27 04:59:59
107233,7233,Corrente,Ativa,2020-07-06 21:30:33
107234,7234,Corrente,Ativa,2019-10-11 08:38:19
107235,7235,Digital,Ativa,2018-04-28 12:42:12
107236,7236,Corrente,Ativa,2021-01-22 02:03:58
107237,7237,Corrente,Ativa,2018-01-02 21:19:06
107238,7238,Corrente,Bloqueada,2021-08-07 12:26:27
107239,7239,Digital,Ativa,2025-07-21 08:12:01
107240,7240,Corrente,Ativa,2019-07-24 00:22:56
107241,7241,Corrente,Ativa,2021-10-02 06:50:30
107242,7242,Corrente,Ativa,2022-03-22 20:50:16
107243,7243,Digital,Ativa,2018-08-12 14:33:35
107244,7244,Corrente,Ativa,2020-08-10 20:29:28
107245,7245,Corrente,Ativa,2023-04-05 01:04:14
107246,7246,Corrente,Ativa,2021-02-18 10:32:03
107247,7247,Corrente,Bloqueada,2021-06-29 04:12:19
107248,7248,Corrente,Encerrada,2018-09-26 22:12:16
107249,7249,Digital,Ativa,2023-09-23 00:30:19
107250,7250,Corrente,Ativa,2020-08-24 06:11:44
107251,7251,Corrente,Ativa,2020-11-17 18:36:48
107252,7252,Corrente,Ativa,2020-12-25 00:52:05
107253,7253,Digital,Ativa,2024-08-31 13:45:30
107254,7254,Corrente,Ativa,2019-01-09 09:57:25
107255,7255,Corrente,Ativa,2023-04-12 21:49:50
107256,7256,Corrente,Ativa,2022-03-18 12:10:23
107257,7257,Corrente,Ativa,2019-04-11 00:42:02
107258,7258,Digital,Encerrada,2025-03-15 09:09:24
107259,7259,Digital,Ativa,2019-11-08 16:05:29
107260,7260,Corrente,Ativa,2019-12-29 04:42:03
107261,7261,Digital,Ativa,2021-08-26 05:35:11
107262,7262,Corrente,Ativa,2021-01-12 07:53:14
107263,7263,Corrente,Ativa,2022-12-04 20:07:53
107264,7264,Digital,Bloqueada,2018-05-03 07:39:29
107265,7265,Corrente,Ativa,2019-05-23 11:38:29
107266,7266,Corrente,Ativa,2025-06-19 15:14:35
107267,7267,Digital,Ativa,2021-11-01 20:15:09
107268,7268,Corrente,Ativa,2024-09-15 14:00:44
107269,7269,Digital,Ativa,2022-10-17 04:14:56
107270,7270,Corrente,Ativa,2025-10-23 14:52:18
107271,7271,Corrente,Ativa,2022-11-13 17:26:38
107272,7272,Corrente,Ativa,2020-06-13 04:29:16
107273,7273,Corrente,Ativa,2025-07-18 05:16:14
107274,7274,Digital,Ativa,2019-06-06 20:57:40
107275,7275,Corrente,Encerrada,2018-01-08 23:08:31
107276,7276,Corrente,Ativa,2023-07-08 12:39:09
107277,7277,Corrente,Ativa,2023-05-15 03:08:15
107278,7278,Digital,Ativa,2023-01-25 18:38:01
107279,7279,Digital,Ativa,2024-11-04 09:57:24
107280,7280,Corrente,Ativa,2018-08-08 22:13:46
107281,7281,Digital,Bloqueada,2020-06-06 15:13:42
107282,7282,Corrente,Bloqueada,2021-02-20 02:16:52
107283,7283,Corrente,Ativa,2023-02-16 21:03:11
107284,7284,Corrente,Ativa,2023-04-23 00:17:32
107285,7285,Corrente,Ativa,2025-01-30 03:16:09
107286,7286,Corrente,Ativa,2024-03-27 22:57:41
107287,7287,Digital,Ativa,2019-04-10 02:09:10
107288,7288,Digital,Ativa,2018-10-07 13:32:01
107289,7289,Corrente,Ativa,2024-10-17 02:35:30
107290,7290,Digital,Ativa,2023-04-16 04:06:42
107291,7291,Corrente,Bloqueada,2023-04-27 02:49:52
107292,7292,Corrente,Ativa,2020-01-31 22:37:01
107293,7293,Corrente,Encerrada,2025-02-13 21:59:04
107294,7294,Corrente,Ativa,2018-05-04 20:58:23
107295,7295,Corrente,Ativa,2025-05-07 07:31:21
107296,7296,Corrente,Ativa,2025-09-16 01:22:32
107297,7297,Corrente,Ativa,2018-06-04 17:02:32
107298,7298,Digital,Ativa,2019-06-04 15:47:55
107299,7299,Corrente,Ativa,2024-12-07 21:25:28
107300,7300,Corrente,Ativa,2021-02-02 04:37:35
107301,7301,Corrente,Ativa,2025-07-03 22:04:45
107302,7302,Corrente,Ativa,2022-07-13 02:43:59
107303,7303,Corrente,Ativa,2021-06-24 23:24:07
107304,7304,Corrente,Ativa,2023-01-04 20:35:32
107305,7305,Digital,Ativa,2020-01-14 13:57:14
107306,7306,Corrente,Ativa,2021-10-30 02:20:40
107307,7307,Corrente,Ativa,2025-06-19 16:23:18
107308,7308,Corrente,Ativa,2019-11-01 23:12:33
107309,7309,Corrente,Ativa,2021-06-19 17:47:18
107310,7310,Digital,Ativa,2022-04-03 19:45:55
107311,7311,Digital,Bloqueada,2019-09-23 12:23:34
107312,7312,Corrente,Ativa,2020-03-28 14:00:38
107313,7313,Corrente,Ativa,2025-03-15 09:25:47
107314,7314,Digital,Ativa,2021-04-21 17:24:02
107315,7315,Corrente,Ativa,2025-04-15 16:13:45
107316,7316,Corrente,Ativa,2023-04-26 22:17:45
107317,7317,Digital,Ativa,2019-02-01 04:54:55
107318,7318,Digital,Ativa,2018-05-27 19:13:01
107319,7319,Corrente,Ativa,2024-09-23 15:16:49
107320,7320,Corrente,Ativa,2025-06-23 20:11:39
107321,7321,Corrente,Ativa,2022-04-17 03:41:11
107322,7322,Corrente,Ativa,2024-03-01 10:31:19
107323,7323,Digital,Ativa,2023-03-29 02:24:51
107324,7324,Corrente,Ativa,2019-04-09 14:29:05
107325,7325,Corrente,Ativa,2024-08-07 01:30:16
107326,7326,Corrente,Ativa,2023-08-25 18:08:46
107327,7327,Corrente,Ativa,2024-07-07 17:01:33
107328,7328,Corrente,Ativa,2023-02-17 15:10:57
107329,7329,Corrente,Ativa,2022-06-06 23:58:33
107330,7330,Digital,Ativa,2022-05-31 06:04:51
107331,7331,Digital,Ativa,2019-04-09 05:05:04
107332,7332,Digital,Ativa,2022-04-17 00:55:49
107333,7333,Corrente,Ativa,2019-08-12 14:43:22
107334,7334,Digital,Ativa,2023-04-21 09:59:11
107335,7335,Corrente,Ativa,2022-05-18 16:42:50
107336,7336,Digital,Ativa,2022-04-01 08:01:48
107337,7337,Corrente,Ativa,2023-09-09 22:30:37
107338,7338,Digital,Ativa,2018-12-04 03:11:22
107339,7339,Corrente,Ativa,2025-11-07 12:53:52
107340,7340,Digital,Encerrada,2024-01-21 03:17:47
107341,7341,Corrente,Ativa,2020-03-15 03:04:54
107342,7342,Corrente,Ativa,2018-09-15 22:17:28
107343,7343,Corrente,Ativa,2019-02-19 20:59:52
107344,7344,Corrente,Ativa,2019-10-14 17:32:42
107345,7345,Corrente,Ativa,2025-09-22 17:34:09
107346,7346,Corrente,Ativa,2020-06-23 20:29:48
107347,7347,Corrente,Ativa,2021-04-12 21:38:50
107348,7348,Corrente,Ativa,2025-06-22 21:52:23
107349,7349,Digital,Ativa,2019-03-23 13:01:14
107350,7350,Digital,Ativa,2025-10-08 16:14:44
107351,7351,Corrente,Ativa,2023-12-10 06:42:11
107352,7352,Corrente,Ativa,2020-08-22 20:37:41
107353,7353,Corrente,Ativa,2018-07-13 19:56:58
107354,7354,Corrente,Ativa,2023-05-01 10:12:11
107355,7355,Corrente,Ativa,2020-12-17 04:20:11
107356,7356,Digital,Ativa,2020-05-30 12:04:22
107357,7357,Digital,Ativa,2024-08-11 16:57:12
107358,7358,Digital,Ativa,2024-08-28 03:17:13
107359,7359,Corrente,Ativa,2024-10-10 13:17:24
107360,7360,Corrente,Encerrada,2021-04-04 04:11:13
107361,7361,Digital,Ativa,2024-04-03 18:39:07
107362,7362,Corrente,Ativa,2019-03-13 01:07:56
107363,7363,Corrente,Ativa,2025-11-14 19:28:01
107364,7364,Corrente,Ativa,2019-11-12 10:54:38
107365,7365,Corrente,Ativa,2018-07-07 21:57:20
107366,7366,Corrente,Ativa,2018-01-06 11:44:17
107367,7367,Corrente,Ativa,2021-05-01 01:04:58
107368,7368,Digital,Ativa,2019-04-01 20:14:14
107369,7369,Corrente,Bloqueada,2020-09-24 10:22:25
107370,7370,Digital,Ativa,2025-01-19 22:13:23
107371,7371,Digital,Ativa,2020-08-25 18:34:28
107372,7372,Digital,Ativa,2021-06-13 06:25:55
107373,7373,Digital,Ativa,2020-03-19 03:37:13
107374,7374,Corrente,Ativa,2022-04-01 14:59:56
107375,7375,Corrente,Ativa,2020-04-16 00:54:42
107376,7376,Digital,Ativa,2022-12-26 22:58:47
107377,7377,Corrente,Ativa,2018-01-17 23:16:57
107378,7378,Corrente,Ativa,2023-07-04 17:45:11
107379,7379,Corrente,Ativa,2024-02-02 19:29:54
107380,7380,Digital,Ativa,2022-08-11 06:51:20
107381,7381,Digital,Bloqueada,2019-10-18 22:58:16
107382,7382,Corrente,Bloqueada,2025-11-21 22:32:54
107383,7383,Digital,Ativa,2023-04-12 00:34:20
107384,7384,Corrente,Ativa,2018-12-31 10:44:16
107385,7385,Corrente,Bloqueada,2020-02-11 16:16:11
107386,7386,Corrente,Ativa,2019-07-02 04:03:30
107387,7387,Digital,Ativa,2023-10-25 08:27:19
107388,7388,Corrente,Ativa,2022-01-01 20:51:43
107389,7389,Corrente,Ativa,2024-09-20 22:24:21
107390,7390,Corrente,Ativa,2019-09-29 05:25:44
107391,7391,Corrente,Ativa,2022-07-18 07:17:30
107392,7392,Corrente,Ativa,2022-02-09 21:55:22
107393,7393,Corrente,Ativa,2022-11-27 01:07:37
107394,7394,Corrente,Ativa,2021-07-22 08:23:43
107395,7395,Corrente,Ativa,2021-06-11 13:47:43
107396,7396,Digital,Ativa,2022-01-29 04:37:48
107397,7397,Corrente,Ativa,2021-02-18 18:49:01
107398,7398,Digital,Ativa,2020-06-26 13:26:34
107399,7399,Digital,Ativa,2024-09-27 00:32:56
107400,7400,Corrente,Ativa,2019-01-30 08:20:16
107401,7401,Corrente,Ativa,2018-07-03 06:21:57
107402,7402,Corrente,Ativa,2018-11-22 17:33:00
107403,7403,Digital,Ativa,2023-09-14 16:52:42
107404,7404,Corrente,Ativa,2024-05-25 08:57:14
107405,7405,Corrente,Ativa,2021-03-21 00:28:18
107406,7406,Digital,Ativa,2025-07-24 20:33:03
107407,7407,Digital,Ativa,2021-04-02 10:48:20
107408,7408,Corrente,Ativa,2018-02-17 08:59:12
107409,7409,Corrente,Ativa,2019-09-16 21:14:34
107410,7410,Corrente,Ativa,2019-01-23 00:21:19
107411,7411,Corrente,Ativa,2019-12-13 08:30:05
107412,7412,Corrente,Ativa,2022-03-21 11:12:42
107413,7413,Corrente,Ativa,2019-05-11 09:06:53
107414,7414,Corrente,Ativa,2018-02-18 02:27:33
107415,7415,Corrente,Ativa,2022-03-04 04:16:59
107416,7416,Corrente,Ativa,2022-05-31 07:29:45
107417,7417,Digital,Bloqueada,2018-01-28 03:24:04
107418,7418,Corrente,Ativa,2021-05-30 02:59:13
107419,7419,Digital,Ativa,2025-06-21 08:51:03
107420,7420,Corrente,Bloqueada,2023-01-26 10:17:40
107421,7421,Corrente,Ativa,2019-07-12 10:53:02
107422,7422,Corrente,Bloqueada,2020-08-13 03:10:41
107423,7423,Corrente,Ativa,2024-04-16 14:02:23
107424,7424,Corrente,Ativa,2018-09-12 08:39:47
107425,7425,Corrente,Ativa,2025-06-18 05:51:21
107426,7426,Corrente,Ativa,2018-07-20 19:32:07
107427,7427,Corrente,Ativa,2022-09-29 07:43:58
107428,7428,Corrente,Ativa,2018-08-21 05:23:35
107429,7429,Corrente,Ativa,2022-02-16 05:37:38
107430,7430,Corrente,Bloqueada,2024-11-30 04:00:57
107431,7431,Corrente,Ativa,2021-10-14 09:50:15
107432,7432,Corrente,Ativa,2019-01-12 00:14:32
107433,7433,Corrente,Ativa,2020-09-01 10:49:57
107434,7434,Digital,Ativa,2018-05-21 17:25:46
107435,7435,Corrente,Ativa,2020-05-31 11:54:58
107436,7436,Corrente,Ativa,2021-06-09 09:21:40
107437,7437,Digital,Ativa,2022-01-29 15:11:31
107438,7438,Digital,Ativa,2025-04-29 04:34:36
107439,7439,Corrente,Ativa,2021-10-17 05:31:42
107440,7440,Corrente,Ativa,2023-05-13 20:37:58
107441,7441,Corrente,Ativa,2020-10-18 20:43:34
107442,7442,Digital,Ativa,2022-06-01 06:26:07
107443,7443,Corrente,Ativa,2021-07-15 11:35:39
107444,7444,Corrente,Ativa,2024-09-04 22:56:43
107445,7445,Digital,Ativa,2018-07-09 11:55:59
107446,7446,Corrente,Ativa,2021-11-28 07:11:43
107447,7447,Corrente,Ativa,2024-07-04 04:45:18
107448,7448,Digital,Ativa,2019-05-05 23:41:20
107449,7449,Digital,Ativa,2021-11-06 04:25:50
107450,7450,Corrente,Ativa,2023-12-30 02:31:59
107451,7451,Corrente,Ativa,2021-03-14 20:27:01
107452,7452,Corrente,Bloqueada,2023-01-25 16:38:23
107453,7453,Corrente,Encerrada,2025-02-21 00:55:13
107454,7454,Corrente,Ativa,2024-01-07 07:44:55
107455,7455,Corrente,Ativa,2024-04-13 09:53:09
107456,7456,Digital,Ativa,2024-07-04 00:49:33
107457,7457,Digital,Ativa,2024-09-03 03:41:28
107458,7458,Digital,Ativa,2023-01-30 15:04:48
107459,7459,Digital,Ativa,2020-03-14 09:29:27
107460,7460,Corrente,Ativa,2022-06-21 00:25:15
107461,7461,Corrente,Ativa,2022-03-18 09:46:41
107462,7462,Corrente,Ativa,2021-06-20 06:46:39
107463,7463,Corrente,Ativa,2024-02-06 08:09:26
107464,7464,Digital,Ativa,2022-01-31 09:22:54
107465,7465,Corrente,Ativa,2024-09-21 19:56:42
107466,7466,Corrente,Ativa,2023-07-19 19:52:43
107467,7467,Corrente,Ativa,2019-01-11 13:18:03
107468,7468,Digital,Ativa,2019-04-26 04:25:22
107469,7469,Corrente,Ativa,2025-07-10 10:47:11
107470,7470,Digital,Ativa,2025-05-26 12:03:50
107471,7471,Corrente,Ativa,2019-10-06 12:57:52
107472,7472,Corrente,Ativa,2018-05-30 15:14:49
107473,7473,Corrente,Ativa,2024-03-10 13:48:53
107474,7474,Digital,Bloqueada,2019-03-19 08:29:42
107475,7475,Digital,Ativa,2024-01-27 05:23:52
107476,7476,Digital,Ativa,2025-01-06 17:05:29
107477,7477,Corrente,Ativa,2022-09-28 15:36:32
107478,7478,Corrente,Ativa,2021-12-05 07:26:07
107479,7479,Corrente,Ativa,2025-08-10 20:46:37
107480,7480,Digital,Ativa,2023-10-12 15:16:55
107481,7481,Corrente,Ativa,2018-06-22 13:14:34
107482,7482,Corrente,Ativa,2023-02-20 15:09:34
107483,7483,Corrente,Ativa,2019-06-14 01:14:55
107484,7484,Corrente,Ativa,2019-07-20 08:01:19
107485,7485,Corrente,Ativa,2018-01-29 11:21:10
107486,7486,Corrente,Ativa,2023-06-06 06:02:04
107487,7487,Digital,Ativa,2022-03-07 21:59:13
107488,7488,Digital,Ativa,2020-05-01 08:00:48
107489,7489,Corrente,Encerrada,2022-08-27 02:21:13
107490,7490,Digital,Ativa,2019-09-12 22:08:29
107491,7491,Corrente,Ativa,2024-06-18 05:48:16
107492,7492,Digital,Ativa,2020-10-08 23:06:18
107493,7493,Corrente,Ativa,2019-02-08 13:07:31
107494,7494,Digital,Ativa,2019-05-30 20:36:52
107495,7495,Digital,Ativa,2020-12-12 19:18:14
107496,7496,Corrente,Ativa,2024-01-17 22:57:16
107497,7497,Digital,Ativa,2024-09-04 23:24:55
107498,7498,Corrente,Ativa,2021-03-04 03:28:31
107499,7499,Digital,Ativa,2021-03-05 05:55:29
107500,7500,Corrente,Ativa,2019-02-12 01:48:28
107501,7501,Digital,Ativa,2020-01-28 11:36:08
107502,7502,Corrente,Ativa,2019-02-13 21:43:25
107503,7503,Corrente,Encerrada,2018-09-12 03:07:54
107504,7504,Digital,Ativa,2023-11-27 13:57:10
107505,7505,Digital,Ativa,2020-04-15 06:17:09
107506,7506,Digital,Ativa,2021-11-24 20:17:46
107507,7507,Digital,Ativa,2018-05-08 23:01:02
107508,7508,Corrente,Bloqueada,2025-10-02 01:29:34
107509,7509,Digital,Ativa,2025-09-29 04:25:49
107510,7510,Digital,Ativa,2018-09-08 15:06:15
107511,7511,Corrente,Ativa,2019-09-02 16:02:57
107512,7512,Digital,Ativa,2024-07-15 18:41:36
107513,7513,Digital,Ativa,2020-11-28 21:30:28
107514,7514,Digital,Ativa,2023-01-23 12:19:52
107515,7515,Corrente,Ativa,2018-08-20 03:10:14
107516,7516,Digital,Ativa,2022-02-08 21:01:48
107517,7517,Digital,Ativa,2023-07-07 07:30:22
107518,7518,Corrente,Ativa,2018-03-03 09:05:18
107519,7519,Digital,Ativa,2025-03-25 06:24:08
107520,7520,Corrente,Ativa,2022-09-16 22:38:12
107521,7521,Corrente,Ativa,2025-09-06 02:38:28
107522,7522,Corrente,Ativa,2025-04-03 23:33:58
107523,7523,Corrente,Ativa,2024-03-12 08:41:30
107524,7524,Corrente,Ativa,2024-03-12 04:39:55
107525,7525,Corrente,Ativa,2020-12-14 04:00:43
107526,7526,Corrente,Ativa,2023-07-02 08:12:53
107527,7527,Corrente,Ativa,2019-02-08 10:27:21
107528,7528,Corrente,Ativa,2021-07-23 01:57:34
107529,7529,Digital,Ativa,2022-07-09 00:06:13
107530,7530,Digital,Ativa,2023-04-15 11:28:23
107531,7531,Corrente,Ativa,2025-11-15 10:03:47
107532,7532,Digital,Ativa,2023-02-19 15:14:54
107533,7533,Digital,Ativa,2019-11-05 17:50:41
107534,7534,Digital,Ativa,2025-05-30 19:11:30
107535,7535,Corrente,Ativa,2023-03-21 08:22:17
107536,7536,Corrente,Ativa,2024-12-06 07:32:30
107537,7537,Digital,Ativa,2024-11-04 03:26:43
107538,7538,Corrente,Ativa,2024-01-13 16:34:44
107539,7539,Corrente,Ativa,2020-01-18 06:47:29
107540,7540,Corrente,Ativa,2022-02-16 19:08:30
107541,7541,Corrente,Ativa,2019-08-20 14:10:47
107542,7542,Corrente,Ativa,2023-10-03 19:33:15
107543,7543,Corrente,Ativa,2022-11-09 09:06:35
107544,7544,Corrente,Ativa,2020-09-29 21:38:12
107545,7545,Corrente,Ativa,2025-01-21 12:15:18
107546,7546,Corrente,Ativa,2023-01-04 01:05:12
107547,7547,Corrente,Ativa,2019-06-18 15:50:30
107548,7548,Corrente,Ativa,2023-05-15 08:24:35
107549,7549,Corrente,Ativa,2018-09-29 22:20:02
107550,7550,Corrente,Ativa,2018-06-28 05:15:51
107551,7551,Digital,Ativa,2019-04-05 20:05:50
107552,7552,Digital,Ativa,2020-10-31 18:12:29
107553,7553,Corrente,Ativa,2020-12-08 17:21:32
107554,7554,Corrente,Bloqueada,2021-01-04 20:11:52
107555,7555,Corrente,Ativa,2022-01-22 17:01:24
107556,7556,Corrente,Ativa,2023-06-17 03:15:17
107557,7557,Digital,Ativa,2021-02-23 16:27:21
107558,7558,Corrente,Ativa,2024-05-02 20:29:47
107559,7559,Corrente,Ativa,2018-04-04 16:03:39
107560,7560,Corrente,Ativa,2020-03-24 13:20:44
107561,7561,Digital,Ativa,2018-01-12 09:26:33
107562,7562,Digital,Ativa,2024-08-12 08:56:21
107563,7563,Corrente,Ativa,2025-10-27 16:25:38
107564,7564,Corrente,Ativa,2024-12-02 18:54:03
107565,7565,Corrente,Ativa,2019-04-01 23:47:47
107566,7566,Digital,Ativa,2021-09-22 14:03:52
107567,7567,Corrente,Ativa,2024-03-18 09:21:09
107568,7568,Corrente,Ativa,2025-11-08 04:02:53
107569,7569,Digital,Ativa,2019-03-13 15:40:36
107570,7570,Digital,Ativa,2019-03-18 00:45:28
107571,7571,Corrente,Ativa,2021-01-02 08:39:35
107572,7572,Corrente,Bloqueada,2019-03-29 06:22:32
107573,7573,Digital,Ativa,2025-04-01 19:38:52
107574,7574,Digital,Ativa,2019-10-04 22:46:21
107575,7575,Digital,Ativa,2023-08-10 14:21:30
107576,7576,Corrente,Ativa,2021-03-29 06:10:27
107577,7577,Digital,Ativa,2019-07-29 18:09:43
107578,7578,Corrente,Ativa,2022-12-19 01:11:04
107579,7579,Corrente,Ativa,2019-03-12 05:37:30
107580,7580,Corrente,Ativa,2023-12-16 21:37:56
107581,7581,Corrente,Ativa,2024-03-28 05:37:13
107582,7582,Corrente,Ativa,2022-10-31 12:14:40
107583,7583,Corrente,Ativa,2020-11-30 21:01:06
107584,7584,Corrente,Ativa,2025-06-04 20:36:25
107585,7585,Corrente,Ativa,2022-06-30 10:23:45
107586,7586,Digital,Ativa,2018-06-01 15:30:03
107587,7587,Corrente,Ativa,2022-09-21 14:24:22
107588,7588,Corrente,Ativa,2021-12-12 20:49:39
107589,7589,Corrente,Ativa,2022-05-05 22:47:04
107590,7590,Digital,Ativa,2025-12-05 17:34:00
107591,7591,Corrente,Ativa,2023-06-28 03:40:49
107592,7592,Digital,Ativa,2018-03-04 22:02:58
107593,7593,Corrente,Ativa,2024-02-23 10:34:47
107594,7594,Corrente,Ativa,2023-02-10 14:29:45
107595,7595,Digital,Ativa,2025-03-03 15:02:21
107596,7596,Corrente,Ativa,2018-02-27 17:18:27
107597,7597,Corrente,Ativa,2023-12-19 11:48:26
107598,7598,Corrente,Ativa,2020-11-09 09:08:18
107599,7599,Digital,Ativa,2021-09-01 14:06:51
107600,7600,Digital,Ativa,2020-09-18 00:47:56
107601,7601,Corrente,Ativa,2021-02-26 21:45:01
107602,7602,Corrente,Ativa,2025-07-17 03:41:05
107603,7603,Digital,Ativa,2024-12-27 13:41:36
107604,7604,Corrente,Ativa,2019-12-07 04:58:26
107605,7605,Corrente,Ativa,2019-11-11 15:54:48
107606,7606,Corrente,Ativa,2025-05-05 19:31:41
107607,7607,Corrente,Ativa,2022-07-23 14:06:07
107608,7608,Digital,Ativa,2019-07-04 13:24:23
107609,7609,Digital,Ativa,2025-11-15 17:55:52
107610,7610,Corrente,Ativa,2020-10-09 23:09:13
107611,7611,Corrente,Ativa,2018-03-01 17:01:56
107612,7612,Digital,Bloqueada,2024-11-01 06:20:52
107613,7613,Corrente,Ativa,2018-01-17 15:34:05
107614,7614,Corrente,Ativa,2018-06-19 08:45:11
107615,7615,Corrente,Encerrada,2020-01-07 11:45:17
107616,7616,Corrente,Ativa,2025-02-03 03:43:56
107617,7617,Corrente,Bloqueada,2019-10-16 20:06:28
107618,7618,Digital,Ativa,2020-09-22 06:20:19
107619,7619,Digital,Ativa,2019-09-27 06:02:00
107620,7620,Corrente,Ativa,2021-08-22 18:21:04
107621,7621,Corrente,Ativa,2025-03-17 07:02:23
107622,7622,Corrente,Ativa,2020-08-02 07:48:21
107623,7623,Corrente,Ativa,2018-12-15 22:25:10
107624,7624,Digital,Ativa,2019-10-02 17:34:37
107625,7625,Corrente,Bloqueada,2023-11-09 07:37:50
107626,7626,Corrente,Ativa,2022-02-12 22:27:17
107627,7627,Corrente,Ativa,2021-03-12 18:46:55
107628,7628,Corrente,Ativa,2021-07-31 21:52:59
107629,7629,Digital,Ativa,2025-10-17 08:29:51
107630,7630,Corrente,Ativa,2021-06-14 04:47:58
107631,7631,Corrente,Ativa,2022-09-18 02:12:57
107632,7632,Corrente,Bloqueada,2024-08-18 09:17:27
107633,7633,Digital,Ativa,2022-10-12 10:59:38
107634,7634,Digital,Encerrada,2018-02-04 12:11:19
107635,7635,Digital,Ativa,2024-04-21 14:26:12
107636,7636,Corrente,Ativa,2020-06-08 10:32:28
107637,7637,Corrente,Ativa,2022-12-21 21:17:47
107638,7638,Corrente,Ativa,2022-11-16 14:03:40
107639,7639,Corrente,Ativa,2023-01-27 22:35:59
107640,7640,Corrente,Ativa,2023-10-27 14:20:35
107641,7641,Digital,Ativa,2024-01-27 21:31:54
107642,7642,Digital,Ativa,2025-11-03 07:59:34
107643,7643,Corrente,Ativa,2018-03-22 09:28:56
107644,7644,Corrente,Ativa,2018-07-06 20:22:23
107645,7645,Corrente,Ativa,2021-08-14 17:18:52
107646,7646,Corrente,Ativa,2025-05-11 10:00:33
107647,7647,Digital,Ativa,2020-11-13 04:38:51
107648,7648,Digital,Ativa,2023-08-17 12:37:26
107649,7649,Corrente,Ativa,2025-10-15 05:48:21
107650,7650,Corrente,Ativa,2025-10-27 02:36:34
107651,7651,Corrente,Encerrada,2023-09-01 14:04:46
107652,7652,Corrente,Ativa,2023-11-21 08:55:13
107653,7653,Corrente,Ativa,2023-03-24 21:49:52
107654,7654,Digital,Ativa,2025-10-30 18:34:57
107655,7655,Corrente,Ativa,2023-05-21 00:43:55
107656,7656,Corrente,Ativa,2020-10-20 09:25:08
107657,7657,Corrente,Ativa,2020-09-13 04:48:48
107658,7658,Digital,Ativa,2018-06-13 13:44:39
107659,7659,Corrente,Bloqueada,2020-09-24 12:41:55
107660,7660,Digital,Ativa,2023-12-02 09:05:38
107661,7661,Corrente,Ativa,2024-09-08 06:28:57
107662,7662,Corrente,Ativa,2025-02-02 07:28:15
107663,7663,Digital,Ativa,2020-06-02 15:32:01
107664,7664,Corrente,Ativa,2021-09-08 21:16:16
107665,7665,Digital,Ativa,2018-03-31 16:40:07
107666,7666,Corrente,Ativa,2020-03-13 00:48:24
107667,7667,Corrente,Ativa,2018-05-02 04:53:38
107668,7668,Corrente,Ativa,2020-06-30 01:27:43
107669,7669,Digital,Ativa,2019-09-22 06:49:51
107670,7670,Digital,Ativa,2022-04-17 22:29:03
107671,7671,Corrente,Ativa,2018-11-13 19:39:04
107672,7672,Corrente,Ativa,2023-04-29 21:02:23
107673,7673,Corrente,Ativa,2024-04-15 01:47:34
107674,7674,Corrente,Ativa,2018-03-02 05:11:07
107675,7675,Corrente,Ativa,2025-05-18 17:27:55
107676,7676,Corrente,Ativa,2021-12-06 05:51:04
107677,7677,Corrente,Ativa,2022-06-29 15:33:37
107678,7678,Digital,Ativa,2021-01-21 22:47:50
107679,7679,Corrente,Ativa,2020-06-23 02:46:53
107680,7680,Digital,Ativa,2024-06-27 19:55:40
107681,7681,Corrente,Ativa,2022-01-04 07:42:23
107682,7682,Corrente,Ativa,2018-05-18 17:20:23
107683,7683,Corrente,Bloqueada,2019-01-09 22:51:31
107684,7684,Corrente,Ativa,2024-03-19 19:33:16
107685,7685,Corrente,Ativa,2023-04-26 03:35:53
107686,7686,Corrente,Ativa,2019-02-23 06:26:18
107687,7687,Corrente,Ativa,2019-05-25 18:36:03
107688,7688,Digital,Ativa,2018-01-27 13:39:55
107689,7689,Corrente,Ativa,2025-04-16 10:40:17
107690,7690,Digital,Ativa,2018-03-08 17:36:33
107691,7691,Corrente,Ativa,2019-10-29 03:20:35
107692,7692,Digital,Ativa,2018-08-31 02:32:52
107693,7693,Digital,Ativa,2020-09-21 18:18:01
107694,7694,Digital,Ativa,2025-08-24 09:51:09
107695,7695,Corrente,Ativa,2022-06-28 23:40:09
107696,7696,Corrente,Ativa,2019-02-21 21:09:32
107697,7697,Corrente,Ativa,2025-01-18 19:09:13
107698,7698,Corrente,Ativa,2024-03-06 20:29:28
107699,7699,Corrente,Ativa,2022-05-01 05:08:30
107700,7700,Corrente,Ativa,2023-06-18 12:11:06
107701,7701,Digital,Ativa,2025-06-15 04:10:32
107702,7702,Corrente,Ativa,2023-10-02 05:40:38
107703,7703,Corrente,Ativa,2020-07-01 10:57:25
107704,7704,Corrente,Ativa,2018-02-06 11:42:01
107705,7705,Corrente,Ativa,2023-06-28 16:03:16
107706,7706,Corrente,Ativa,2025-05-27 07:29:07
107707,7707,Corrente,Ativa,2025-04-15 08:52:01
107708,7708,Digital,Ativa,2022-09-19 19:17:55
107709,7709,Digital,Ativa,2019-11-25 22:51:59
107710,7710,Corrente,Ativa,2018-10-15 13:10:55
107711,7711,Digital,Ativa,2018-11-05 05:47:54
107712,7712,Digital,Ativa,2025-12-14 09:54:46
107713,7713,Corrente,Ativa,2018-02-24 06:44:48
107714,7714,Corrente,Ativa,2019-07-09 14:08:34
107715,7715,Digital,Bloqueada,2023-09-25 09:33:35
107716,7716,Corrente,Ativa,2021-09-17 08:45:55
107717,7717,Digital,Ativa,2020-04-03 01:22:30
107718,7718,Corrente,Ativa,2018-06-09 10:26:10
107719,7719,Corrente,Ativa,2025-12-19 09:55:31
107720,7720,Corrente,Ativa,2018-06-07 00:22:24
107721,7721,Digital,Ativa,2022-05-23 03:14:03
107722,7722,Corrente,Ativa,2019-08-10 07:49:52
107723,7723,Digital,Ativa,2023-10-16 09:12:41
107724,7724,Corrente,Ativa,2021-03-20 03:37:15
107725,7725,Digital,Ativa,2021-09-04 08:01:06
107726,7726,Corrente,Ativa,2021-06-16 15:22:30
107727,7727,Digital,Ativa,2021-01-25 09:04:31
107728,7728,Digital,Ativa,2020-05-04 18:00:12
107729,7729,Corrente,Ativa,2019-10-19 18:15:22
107730,7730,Corrente,Bloqueada,2018-02-19 22:53:25
107731,7731,Corrente,Ativa,2019-10-09 17:04:30
107732,7732,Corrente,Ativa,2022-10-19 09:48:04
107733,7733,Corrente,Ativa,2021-01-13 19:36:55
107734,7734,Digital,Ativa,2018-05-20 14:04:42
107735,7735,Corrente,Ativa,2022-01-22 04:04:39
107736,7736,Corrente,Ativa,2018-07-22 22:56:51
107737,7737,Corrente,Ativa,2021-07-24 10:25:13
107738,7738,Corrente,Ativa,2018-06-06 16:51:17
107739,7739,Corrente,Ativa,2022-05-11 23:38:03
107740,7740,Corrente,Ativa,2018-12-06 05:49:52
107741,7741,Digital,Ativa,2024-11-29 18:33:29
107742,7742,Corrente,Ativa,2024-04-20 03:08:29
107743,7743,Corrente,Ativa,2025-09-12 23:40:27
107744,7744,Corrente,Encerrada,2021-04-12 12:47:05
107745,7745,Corrente,Ativa,2021-06-02 06:47:04
107746,7746,Corrente,Ativa,2019-03-04 22:24:29
107747,7747,Digital,Ativa,2020-02-22 13:19:48
107748,7748,Corrente,Ativa,2025-07-10 11:00:30
107749,7749,Corrente,Bloqueada,2021-05-21 13:04:13
107750,7750,Corrente,Ativa,2022-06-18 00:35:10
107751,7751,Corrente,Ativa,2018-10-25 18:03:03
107752,7752,Corrente,Ativa,2019-10-04 01:20:09
107753,7753,Corrente,Ativa,2021-10-11 01:14:01
107754,7754,Corrente,Ativa,2018-07-21 11:31:12
107755,7755,Corrente,Ativa,2020-08-24 17:06:05
107756,7756,Digital,Ativa,2023-12-29 04:07:47
107757,7757,Corrente,Ativa,2023-02-28 06:24:28
107758,7758,Corrente,Ativa,2018-12-29 12:54:57
107759,7759,Digital,Ativa,2020-07-05 07:44:01
107760,7760,Corrente,Bloqueada,2022-12-29 21:04:01
107761,7761,Corrente,Ativa,2025-10-03 02:10:09
107762,7762,Corrente,Ativa,2018-01-11 10:51:51
107763,7763,Digital,Ativa,2024-03-19 22:09:57
107764,7764,Corrente,Bloqueada,2018-02-17 01:46:00
107765,7765,Corrente,Ativa,2024-05-10 20:09:53
107766,7766,Corrente,Ativa,2024-12-03 06:10:52
107767,7767,Corrente,Ativa,2024-06-30 11:26:08
107768,7768,Digital,Bloqueada,2022-08-07 03:01:49
107769,7769,Digital,Ativa,2019-11-27 04:43:51
107770,7770,Corrente,Ativa,2023-03-15 03:16:57
107771,7771,Corrente,Ativa,2022-08-27 19:47:57
107772,7772,Digital,Ativa,2018-12-08 02:12:44
107773,7773,Corrente,Ativa,2021-02-04 11:10:42
107774,7774,Digital,Bloqueada,2025-12-22 13:02:10
107775,7775,Corrente,Ativa,2019-04-06 00:44:39
107776,7776,Corrente,Ativa,2019-12-24 13:40:52
107777,7777,Corrente,Ativa,2021-11-08 18:42:31
107778,7778,Corrente,Ativa,2018-06-06 20:45:05
107779,7779,Corrente,Ativa,2021-09-30 20:56:41
107780,7780,Digital,Ativa,2018-12-22 21:45:51
107781,7781,Corrente,Ativa,2018-07-28 12:07:20
107782,7782,Corrente,Ativa,2018-07-12 22:37:37
107783,7783,Corrente,Ativa,2019-08-10 23:50:00
107784,7784,Corrente,Ativa,2018-07-10 03:32:57
107785,7785,Corrente,Ativa,2025-05-15 13:29:25
107786,7786,Digital,Ativa,2025-09-28 08:26:19
107787,7787,Corrente,Ativa,2021-01-13 15:52:27
107788,7788,Digital,Ativa,2024-02-22 04:19:16
107789,7789,Corrente,Bloqueada,2025-04-26 21:51:10
107790,7790,Corrente,Ativa,2022-03-26 19:31:34
107791,7791,Corrente,Ativa,2020-03-14 06:34:06
107792,7792,Digital,Ativa,2020-10-04 03:11:02
107793,7793,Corrente,Ativa,2024-04-19 01:46:59
107794,7794,Digital,Ativa,2022-04-22 18:55:34
107795,7795,Corrente,Encerrada,2020-10-26 05:39:14
107796,7796,Digital,Ativa,2023-04-07 11:22:42
107797,7797,Corrente,Ativa,2019-12-16 15:41:18
107798,7798,Corrente,Bloqueada,2020-12-29 19:44:06
107799,7799,Corrente,Ativa,2018-03-17 12:01:04
107800,7800,Corrente,Ativa,2023-06-15 16:13:43
107801,7801,Corrente,Ativa,2022-05-28 12:03:38
107802,7802,Corrente,Ativa,2019-06-10 14:49:21
107803,7803,Corrente,Ativa,2018-04-28 11:36:32
107804,7804,Corrente,Ativa,2018-04-26 10:39:01
107805,7805,Corrente,Ativa,2025-02-27 20:49:23
107806,7806,Digital,Bloqueada,2019-01-07 14:56:38
107807,7807,Corrente,Ativa,2023-06-18 00:06:03
107808,7808,Digital,Ativa,2023-07-20 17:21:06
107809,7809,Digital,Bloqueada,2025-11-28 19:57:46
107810,7810,Corrente,Ativa,2020-11-17 09:08:17
107811,7811,Corrente,Ativa,2019-02-19 12:56:27
107812,7812,Corrente,Ativa,2025-08-20 21:10:06
107813,7813,Corrente,Ativa,2021-08-07 12:23:59
107814,7814,Corrente,Ativa,2025-05-03 10:29:14
107815,7815,Digital,Ativa,2022-12-03 00:40:51
107816,7816,Digital,Ativa,2021-06-20 01:34:18
107817,7817,Digital,Ativa,2022-07-20 18:24:19
107818,7818,Corrente,Ativa,2020-01-04 05:39:30
107819,7819,Digital,Ativa,2023-03-12 09:51:50
107820,7820,Corrente,Ativa,2025-05-14 02:09:02
107821,7821,Digital,Ativa,2018-10-29 19:17:40
107822,7822,Corrente,Ativa,2021-10-21 03:02:02
107823,7823,Corrente,Ativa,2019-07-21 22:48:51
107824,7824,Corrente,Ativa,2020-11-30 18:57:08
107825,7825,Corrente,Ativa,2020-11-09 18:33:26
107826,7826,Corrente,Ativa,2021-04-11 16:53:39
107827,7827,Digital,Ativa,2022-12-14 19:49:31
107828,7828,Corrente,Bloqueada,2021-08-25 16:31:43
107829,7829,Corrente,Ativa,2022-08-19 10:32:28
107830,7830,Corrente,Ativa,2022-03-06 16:52:13
107831,7831,Corrente,Ativa,2024-10-25 01:03:05
107832,7832,Corrente,Ativa,2022-05-27 03:05:24
107833,7833,Digital,Ativa,2019-07-12 03:38:38
107834,7834,Corrente,Ativa,2021-11-08 11:31:33
107835,7835,Digital,Ativa,2021-01-31 22:37:25
107836,7836,Corrente,Ativa,2024-12-11 03:26:19
107837,7837,Digital,Ativa,2018-12-01 14:02:51
107838,7838,Corrente,Ativa,2019-02-08 14:38:30
107839,7839,Digital,Ativa,2019-02-14 15:44:09
107840,7840,Corrente,Ativa,2021-06-16 13:21:51
107841,7841,Corrente,Ativa,2024-06-06 08:41:32
107842,7842,Corrente,Ativa,2018-11-29 10:16:02
107843,7843,Corrente,Ativa,2025-07-19 09:11:11
107844,7844,Digital,Ativa,2025-11-02 19:03:07
107845,7845,Corrente,Ativa,2022-08-08 11:43:35
107846,7846,Corrente,Encerrada,2022-10-11 00:37:56
107847,7847,Corrente,Ativa,2021-03-24 00:53:36
107848,7848,Digital,Encerrada,2024-06-19 22:34:27
107849,7849,Corrente,Ativa,2022-02-22 16:52:42
107850,7850,Corrente,Bloqueada,2025-12-01 09:09:07
107851,7851,Corrente,Ativa,2022-12-17 08:05:01
107852,7852,Digital,Ativa,2019-04-22 03:34:15
107853,7853,Corrente,Ativa,2021-09-04 21:03:24
107854,7854,Corrente,Ativa,2021-03-10 15:33:45
107855,7855,Digital,Ativa,2023-06-18 03:51:36
107856,7856,Corrente,Ativa,2018-07-12 03:10:42
107857,7857,Corrente,Ativa,2023-12-03 12:20:14
107858,7858,Digital,Ativa,2025-12-31 00:43:55
107859,7859,Corrente,Ativa,2023-09-30 18:20:26
107860,7860,Corrente,Ativa,2018-09-12 11:50:49
107861,7861,Corrente,Ativa,2023-06-13 14:27:43
107862,7862,Corrente,Ativa,2018-04-12 02:41:14
107863,7863,Corrente,Ativa,2025-11-23 03:05:32
107864,7864,Corrente,Ativa,2024-09-09 03:23:08
107865,7865,Corrente,Ativa,2021-02-03 05:20:58
107866,7866,Corrente,Ativa,2024-05-11 20:11:51
107867,7867,Corrente,Ativa,2024-02-26 06:00:56
107868,7868,Digital,Ativa,2024-07-27 15:22:59
107869,7869,Corrente,Ativa,2018-08-05 07:09:08
107870,7870,Corrente,Ativa,2023-01-01 11:09:55
107871,7871,Corrente,Ativa,2021-02-19 09:38:43
107872,7872,Corrente,Ativa,2024-01-24 19:27:38
107873,7873,Digital,Ativa,2020-02-25 09:29:00
107874,7874,Corrente,Ativa,2024-11-30 19:41:06
107875,7875,Corrente,Ativa,2018-03-03 10:53:13
107876,7876,Corrente,Ativa,2020-06-07 12:44:19
107877,7877,Digital,Ativa,2020-10-23 21:40:40
107878,7878,Corrente,Ativa,2019-06-14 06:24:22
107879,7879,Corrente,Ativa,2019-10-19 03:41:25
107880,7880,Digital,Ativa,2025-05-30 20:58:03
107881,7881,Corrente,Ativa,2023-11-04 06:46:00
107882,7882,Corrente,Ativa,2021-11-14 12:04:26
107883,7883,Corrente,Ativa,2024-06-24 09:24:44
107884,7884,Digital,Ativa,2022-07-30 06:37:31
107885,7885,Corrente,Ativa,2020-05-13 04:27:29
107886,7886,Corrente,Ativa,2025-12-14 22:07:04
107887,7887,Digital,Ativa,2023-06-25 04:21:43
107888,7888,Corrente,Ativa,2022-10-17 02:23:42
107889,7889,Corrente,Ativa,2021-09-27 03:11:44
107890,7890,Digital,Ativa,2023-09-05 20:08:08
107891,7891,Corrente,Ativa,2025-07-18 14:15:40
107892,7892,Digital,Ativa,2021-08-29 19:32:09
107893,7893,Digital,Ativa,2024-11-30 04:51:13
107894,7894,Digital,Ativa,2024-11-04 16:33:20
107895,7895,Corrente,Ativa,2021-07-25 03:56:33
107896,7896,Corrente,Ativa,2024-12-25 22:27:05
107897,7897,Corrente,Ativa,2021-07-17 08:29:14
107898,7898,Corrente,Ativa,2022-02-14 13:55:49
107899,7899,Corrente,Ativa,2021-11-17 23:24:49
107900,7900,Corrente,Ativa,2025-07-23 08:19:09
107901,7901,Corrente,Ativa,2021-01-28 07:41:20
107902,7902,Corrente,Ativa,2020-06-18 12:02:12
107903,7903,Corrente,Ativa,2024-12-30 18:58:21
107904,7904,Digital,Ativa,2022-02-12 09:12:58
107905,7905,Digital,Ativa,2022-08-03 04:01:53
107906,7906,Corrente,Ativa,2023-07-12 19:51:22
107907,7907,Corrente,Ativa,2021-11-08 22:23:31
107908,7908,Corrente,Ativa,2018-12-14 19:00:42
107909,7909,Corrente,Ativa,2018-11-24 21:19:09
107910,7910,Corrente,Bloqueada,2024-09-24 07:18:38
107911,7911,Corrente,Ativa,2022-06-26 17:59:54
107912,7912,Digital,Ativa,2025-02-23 11:21:30
107913,7913,Corrente,Ativa,2024-03-08 05:05:59
107914,7914,Digital,Ativa,2018-09-10 00:08:25
107915,7915,Corrente,Ativa,2019-01-02 13:15:38
107916,7916,Corrente,Ativa,2022-02-19 22:32:21
107917,7917,Corrente,Ativa,2022-11-05 18:28:23
107918,7918,Corrente,Bloqueada,2022-12-18 22:27:32
107919,7919,Corrente,Ativa,2023-05-28 01:38:41
107920,7920,Digital,Ativa,2021-09-18 20:08:16
107921,7921,Corrente,Ativa,2025-02-19 11:30:35
107922,7922,Corrente,Ativa,2020-12-25 13:44:55
107923,7923,Corrente,Ativa,2025-10-20 11:27:12
107924,7924,Corrente,Ativa,2022-06-24 05:28:25
107925,7925,Digital,Ativa,2020-04-21 23:17:12
107926,7926,Corrente,Ativa,2025-10-22 00:21:07
107927,7927,Corrente,Encerrada,2021-07-15 15:32:15
107928,7928,Corrente,Ativa,2018-02-16 19:38:45
107929,7929,Corrente,Ativa,2025-08-02 03:44:37
107930,7930,Corrente,Ativa,2025-07-02 17:26:42
107931,7931,Digital,Bloqueada,2020-03-14 01:34:29
107932,7932,Corrente,Ativa,2023-10-23 19:06:01
107933,7933,Digital,Ativa,2025-06-10 20:34:12
107934,7934,Corrente,Ativa,2024-01-26 21:14:43
107935,7935,Corrente,Ativa,2025-04-16 04:33:28
107936,7936,Corrente,Ativa,2022-03-11 22:47:08
107937,7937,Corrente,Encerrada,2024-09-17 01:33:39
107938,7938,Digital,Ativa,2021-05-31 17:59:12
107939,7939,Corrente,Ativa,2023-12-20 13:55:05
107940,7940,Corrente,Ativa,2019-12-17 22:16:12
107941,7941,Corrente,Ativa,2025-11-09 01:44:53
107942,7942,Digital,Ativa,2018-12-23 20:27:27
107943,7943,Corrente,Ativa,2021-10-03 09:42:36
107944,7944,Corrente,Ativa,2020-08-12 22:14:46
107945,7945,Corrente,Ativa,2024-04-15 06:08:32
107946,7946,Corrente,Bloqueada,2018-06-09 02:46:48
107947,7947,Corrente,Ativa,2018-12-18 04:31:05
107948,7948,Corrente,Ativa,2022-04-24 23:02:41
107949,7949,Corrente,Ativa,2022-07-25 08:54:14
107950,7950,Corrente,Ativa,2023-07-30 21:09:46
107951,7951,Digital,Ativa,2025-12-10 03:29:59
107952,7952,Digital,Ativa,2020-04-21 06:35:35
107953,7953,Corrente,Ativa,2019-08-12 22:29:04
107954,7954,Corrente,Ativa,2022-06-16 12:35:37
107955,7955,Corrente,Ativa,2022-11-04 18:52:32
107956,7956,Corrente,Ativa,2018-08-20 07:21:13
107957,7957,Corrente,Ativa,2025-12-22 10:50:27
107958,7958,Corrente,Ativa,2023-10-24 19:54:41
107959,7959,Corrente,Ativa,2024-01-15 13:46:49
107960,7960,Corrente,Ativa,2024-01-28 04:04:35
107961,7961,Corrente,Ativa,2023-04-26 06:22:29
107962,7962,Digital,Ativa,2020-07-12 07:06:42
107963,7963,Corrente,Ativa,2018-02-03 05:16:57
107964,7964,Corrente,Ativa,2025-10-29 13:42:51
107965,7965,Corrente,Ativa,2023-04-06 05:42:42
107966,7966,Corrente,Ativa,2019-11-04 18:44:10
107967,7967,Digital,Ativa,2022-05-14 08:09:52
107968,7968,Corrente,Ativa,2025-01-09 06:19:23
107969,7969,Corrente,Ativa,2022-10-13 00:30:44
107970,7970,Digital,Ativa,2025-11-24 14:11:55
107971,7971,Digital,Ativa,2025-12-18 22:43:10
107972,7972,Corrente,Ativa,2021-02-04 21:20:22
107973,7973,Corrente,Ativa,2019-05-21 12:33:31
107974,7974,Corrente,Ativa,2023-04-09 17:01:14
107975,7975,Corrente,Ativa,2018-08-27 09:55:43
107976,7976,Corrente,Ativa,2020-09-22 15:06:13
107977,7977,Corrente,Ativa,2024-07-26 12:30:03
107978,7978,Corrente,Ativa,2020-02-07 05:22:27
107979,7979,Corrente,Ativa,2020-05-18 19:35:33
107980,7980,Corrente,Bloqueada,2020-07-11 13:39:14
107981,7981,Digital,Ativa,2022-11-09 22:13:22
107982,7982,Corrente,Bloqueada,2019-06-22 00:06:46
107983,7983,Corrente,Ativa,2023-07-06 07:54:48
107984,7984,Corrente,Ativa,2021-03-13 21:09:52
107985,7985,Digital,Ativa,2023-12-24 17:08:51
107986,7986,Corrente,Ativa,2023-02-15 06:35:43
107987,7987,Corrente,Ativa,2025-06-10 15:47:23
107988,7988,Digital,Ativa,2019-11-13 12:19:09
107989,7989,Corrente,Bloqueada,2022-05-14 14:22:17
107990,7990,Digital,Ativa,2022-09-08 02:46:09
107991,7991,Corrente,Ativa,2024-12-04 14:26:55
107992,7992,Corrente,Ativa,2023-07-10 08:58:49
107993,7993,Corrente,Ativa,2021-03-02 14:14:03
107994,7994,Digital,Ativa,2025-08-19 11:05:46
107995,7995,Corrente,Ativa,2020-03-21 13:08:34
107996,7996,Corrente,Bloqueada,2023-09-21 23:03:32
107997,7997,Digital,Ativa,2024-11-20 08:00:23
107998,7998,Corrente,Bloqueada,2023-12-06 02:39:30
107999,7999,Corrente,Ativa,2021-06-23 06:27:39
108000,8000,Corrente,Ativa,2021-04-01 01:35:25
108001,8001,Corrente,Ativa,2021-11-25 01:03:01
108002,8002,Digital,Ativa,2020-11-17 00:54:15
108003,8003,Digital,Ativa,2018-01-07 01:26:08
108004,8004,Corrente,Ativa,2024-05-22 01:20:54
108005,8005,Corrente,Ativa,2021-10-24 06:17:16
108006,8006,Digital,Ativa,2025-06-03 11:17:58
108007,8007,Corrente,Ativa,2023-11-26 08:07:46
108008,8008,Corrente,Ativa,2021-12-26 09:54:58
108009,8009,Corrente,Ativa,2021-04-27 14:39:52
108010,8010,Digital,Ativa,2018-01-15 17:01:18
108011,8011,Corrente,Ativa,2024-12-29 01:57:13
108012,8012,Digital,Ativa,2022-02-12 02:48:11
108013,8013,Corrente,Ativa,2018-08-19 13:30:50
108014,8014,Corrente,Ativa,2021-06-29 01:05:02
108015,8015,Corrente,Ativa,2020-06-13 22:38:08
108016,8016,Corrente,Ativa,2020-03-03 04:52:32
108017,8017,Digital,Ativa,2020-02-27 21:49:37
108018,8018,Corrente,Ativa,2021-12-23 09:44:46
108019,8019,Corrente,Ativa,2018-06-12 22:22:53
108020,8020,Corrente,Ativa,2019-09-25 05:18:23
108021,8021,Digital,Ativa,2018-01-16 21:46:15
108022,8022,Digital,Ativa,2019-06-02 18:16:42
108023,8023,Corrente,Ativa,2018-04-22 15:00:09
108024,8024,Corrente,Ativa,2018-06-14 16:44:00
108025,8025,Corrente,Ativa,2020-12-16 15:34:08
108026,8026,Digital,Ativa,2023-08-04 08:16:17
108027,8027,Corrente,Ativa,2022-05-31 12:48:27
108028,8028,Corrente,Ativa,2023-12-21 03:49:03
108029,8029,Corrente,Ativa,2022-10-20 19:55:34
108030,8030,Corrente,Bloqueada,2023-09-20 15:55:59
108031,8031,Corrente,Ativa,2022-03-28 19:48:51
108032,8032,Corrente,Ativa,2022-05-23 13:15:28
108033,8033,Corrente,Ativa,2018-09-25 09:23:51
108034,8034,Corrente,Ativa,2020-10-25 06:05:07
108035,8035,Corrente,Ativa,2018-05-29 10:26:46
108036,8036,Corrente,Ativa,2022-09-12 22:36:10
108037,8037,Corrente,Ativa,2023-03-04 02:37:27
108038,8038,Corrente,Ativa,2021-12-21 20:38:56
108039,8039,Corrente,Ativa,2021-06-24 13:09:21
108040,8040,Corrente,Ativa,2021-04-14 00:43:56
108041,8041,Corrente,Ativa,2019-09-27 12:56:33
108042,8042,Digital,Ativa,2022-06-24 22:55:54
108043,8043,Corrente,Ativa,2021-02-23 04:24:31
108044,8044,Corrente,Ativa,2023-02-21 04:24:04
108045,8045,Corrente,Ativa,2024-03-25 00:20:20
108046,8046,Corrente,Ativa,2025-01-29 01:20:05
108047,8047,Corrente,Ativa,2019-10-13 19:34:09
108048,8048,Digital,Ativa,2023-10-31 13:30:07
108049,8049,Corrente,Encerrada,2019-07-19 09:17:35
108050,8050,Corrente,Ativa,2022-11-09 11:50:22
108051,8051,Corrente,Ativa,2023-10-01 18:12:39
108052,8052,Corrente,Ativa,2024-11-16 08:50:24
108053,8053,Digital,Ativa,2021-07-31 07:28:08
108054,8054,Digital,Ativa,2025-10-23 09:52:52
108055,8055,Digital,Ativa,2024-08-01 19:48:09
108056,8056,Corrente,Ativa,2019-08-08 13:41:59
108057,8057,Corrente,Ativa,2018-11-17 08:13:27
108058,8058,Corrente,Ativa,2024-05-02 13:52:01
108059,8059,Digital,Ativa,2025-07-27 07:24:56
108060,8060,Corrente,Ativa,2019-09-04 16:04:34
108061,8061,Digital,Ativa,2021-08-17 23:55:12
108062,8062,Digital,Ativa,2024-06-05 07:53:28
108063,8063,Corrente,Ativa,2025-01-10 16:08:50
108064,8064,Corrente,Ativa,2020-02-06 19:44:32
108065,8065,Digital,Ativa,2020-10-08 11:01:08
108066,8066,Digital,Ativa,2018-10-30 19:07:35
108067,8067,Corrente,Ativa,2022-07-30 06:17:16
108068,8068,Corrente,Ativa,2023-12-21 04:38:20
108069,8069,Corrente,Bloqueada,2022-02-17 01:25:49
108070,8070,Corrente,Ativa,2021-12-18 08:03:50
108071,8071,Digital,Ativa,2024-12-18 15:47:00
108072,8072,Digital,Ativa,2023-08-21 21:27:25
108073,8073,Corrente,Ativa,2019-04-02 08:08:44
108074,8074,Digital,Ativa,2020-07-14 05:24:33
108075,8075,Corrente,Ativa,2025-02-14 04:58:41
108076,8076,Corrente,Ativa,2020-06-03 12:05:22
108077,8077,Corrente,Ativa,2019-01-01 01:08:21
108078,8078,Digital,Ativa,2018-09-15 03:41:00
108079,8079,Corrente,Ativa,2024-12-22 12:00:19
108080,8080,Corrente,Ativa,2020-03-10 08:41:03
108081,8081,Digital,Ativa,2019-10-05 18:14:22
108082,8082,Digital,Ativa,2019-10-10 08:35:07
108083,8083,Corrente,Ativa,2022-08-31 04:49:00
108084,8084,Corrente,Encerrada,2025-07-02 02:18:48
108085,8085,Digital,Bloqueada,2019-05-16 01:49:41
108086,8086,Digital,Encerrada,2018-01-08 21:10:54
108087,8087,Digital,Encerrada,2018-03-23 15:44:14
108088,8088,Corrente,Ativa,2023-01-08 07:44:03
108089,8089,Corrente,Ativa,2019-02-13 03:11:44
108090,8090,Corrente,Ativa,2025-07-28 11:59:12
108091,8091,Corrente,Ativa,2022-02-19 01:16:28
108092,8092,Digital,Ativa,2020-08-03 02:06:50
108093,8093,Corrente,Ativa,2022-11-02 21:36:28
108094,8094,Corrente,Ativa,2022-09-01 22:06:02
108095,8095,Corrente,Ativa,2023-01-16 20:34:04
108096,8096,Corrente,Ativa,2020-08-12 04:51:43
108097,8097,Corrente,Ativa,2022-10-03 09:40:55
108098,8098,Corrente,Ativa,2022-01-09 14:51:46
108099,8099,Corrente,Ativa,2022-04-27 03:12:49
108100,8100,Corrente,Ativa,2023-12-01 12:50:08
108101,8101,Digital,Ativa,2019-04-11 20:13:59
108102,8102,Corrente,Ativa,2020-06-13 11:32:13
108103,8103,Corrente,Ativa,2021-08-25 06:27:11
108104,8104,Corrente,Ativa,2025-05-16 04:14:32
108105,8105,Digital,Bloqueada,2024-08-16 16:06:40
108106,8106,Corrente,Ativa,2019-05-10 07:09:59
108107,8107,Corrente,Ativa,2019-02-28 09:08:58
108108,8108,Corrente,Ativa,2024-03-21 23:46:40
108109,8109,Corrente,Ativa,2022-04-29 08:59:05
108110,8110,Digital,Ativa,2019-11-03 09:38:09
108111,8111,Corrente,Bloqueada,2025-09-18 03:04:14
108112,8112,Digital,Ativa,2018-10-17 03:06:35
108113,8113,Corrente,Ativa,2021-09-17 16:13:36
108114,8114,Corrente,Ativa,2024-09-27 02:20:12
108115,8115,Digital,Ativa,2020-01-17 07:15:26
108116,8116,Corrente,Ativa,2021-07-15 15:19:24
108117,8117,Corrente,Ativa,2021-03-11 01:08:12
108118,8118,Corrente,Ativa,2023-02-17 21:40:45
108119,8119,Corrente,Ativa,2024-09-16 20:57:21
108120,8120,Corrente,Ativa,2022-06-20 23:38:19
108121,8121,Corrente,Ativa,2019-06-04 23:41:33
108122,8122,Corrente,Ativa,2024-05-19 01:37:15
108123,8123,Corrente,Ativa,2025-11-09 03:52:33
108124,8124,Digital,Ativa,2021-12-21 02:05:47
108125,8125,Corrente,Encerrada,2019-02-28 03:26:12
108126,8126,Corrente,Ativa,2024-10-27 08:41:00
108127,8127,Corrente,Ativa,2018-08-14 14:04:41
108128,8128,Corrente,Ativa,2019-04-11 19:29:32
108129,8129,Corrente,Ativa,2019-11-30 13:44:47
108130,8130,Corrente,Ativa,2022-11-29 22:45:06
108131,8131,Digital,Ativa,2024-02-29 06:04:14
108132,8132,Corrente,Ativa,2023-06-21 01:13:32
108133,8133,Corrente,Bloqueada,2020-11-15 20:19:44
108134,8134,Corrente,Ativa,2025-01-21 23:15:05
108135,8135,Digital,Ativa,2024-03-08 01:43:29
108136,8136,Corrente,Ativa,2018-09-17 03:57:31
108137,8137,Digital,Ativa,2023-10-23 05:22:11
108138,8138,Corrente,Ativa,2019-03-03 14:31:02
108139,8139,Corrente,Ativa,2018-10-26 18:02:35
108140,8140,Corrente,Ativa,2021-03-22 01:38:56
108141,8141,Digital,Bloqueada,2020-01-23 03:29:08
108142,8142,Digital,Ativa,2018-03-27 06:50:41
108143,8143,Corrente,Bloqueada,2019-10-09 16:34:52
108144,8144,Corrente,Ativa,2018-02-02 00:52:11
108145,8145,Corrente,Ativa,2023-02-13 13:45:43
108146,8146,Corrente,Ativa,2019-12-21 04:36:01
108147,8147,Corrente,Ativa,2024-07-02 16:34:43
108148,8148,Corrente,Ativa,2025-01-30 04:34:13
108149,8149,Digital,Ativa,2022-02-17 12:55:04
108150,8150,Corrente,Ativa,2024-01-10 12:31:05
108151,8151,Corrente,Ativa,2018-09-17 19:14:43
108152,8152,Corrente,Bloqueada,2018-08-27 20:38:27
108153,8153,Digital,Ativa,2018-05-05 15:14:46
108154,8154,Corrente,Ativa,2022-01-18 04:43:57
108155,8155,Corrente,Ativa,2021-08-29 23:16:27
108156,8156,Corrente,Ativa,2018-10-10 12:19:58
108157,8157,Digital,Ativa,2021-11-06 01:06:24
108158,8158,Digital,Ativa,2020-09-19 02:25:24
108159,8159,Digital,Ativa,2019-07-29 14:00:20
108160,8160,Corrente,Bloqueada,2023-01-10 05:59:40
108161,8161,Corrente,Ativa,2019-04-18 07:54:29
108162,8162,Digital,Ativa,2023-04-17 23:17:32
108163,8163,Digital,Ativa,2019-09-29 14:02:39
108164,8164,Corrente,Ativa,2022-03-31 12:08:15
108165,8165,Corrente,Ativa,2020-08-02 09:36:44
108166,8166,Corrente,Ativa,2022-10-08 08:44:56
108167,8167,Digital,Ativa,2024-07-26 16:00:54
108168,8168,Corrente,Encerrada,2023-05-19 10:15:13
108169,8169,Digital,Ativa,2021-09-12 09:10:07
108170,8170,Corrente,Ativa,2020-03-03 08:40:51
108171,8171,Corrente,Ativa,2020-10-06 21:19:39
108172,8172,Digital,Ativa,2024-03-31 22:54:31
108173,8173,Digital,Ativa,2020-08-13 11:24:48
108174,8174,Corrente,Ativa,2024-03-16 18:54:04
108175,8175,Corrente,Ativa,2020-04-27 22:40:21
108176,8176,Corrente,Ativa,2019-10-08 14:57:54
108177,8177,Corrente,Ativa,2024-02-11 23:01:32
108178,8178,Corrente,Ativa,2018-05-18 00:41:06
108179,8179,Corrente,Ativa,2025-11-22 12:37:15
108180,8180,Corrente,Ativa,2024-12-01 01:06:05
108181,8181,Corrente,Ativa,2025-12-30 20:14:56
108182,8182,Corrente,Ativa,2024-05-12 05:26:05
108183,8183,Digital,Ativa,2018-09-28 04:32:55
108184,8184,Corrente,Bloqueada,2022-03-30 19:36:20
108185,8185,Corrente,Ativa,2023-10-05 04:26:08
108186,8186,Corrente,Ativa,2019-11-29 22:07:56
108187,8187,Corrente,Ativa,2018-04-08 11:29:08
108188,8188,Digital,Ativa,2024-07-28 19:41:17
108189,8189,Digital,Ativa,2023-01-17 20:32:04
108190,8190,Corrente,Ativa,2024-01-11 19:41:30
108191,8191,Corrente,Ativa,2020-04-16 06:51:04
108192,8192,Digital,Ativa,2020-09-15 10:38:51
108193,8193,Digital,Ativa,2018-11-03 23:59:21
108194,8194,Corrente,Ativa,2023-06-20 01:57:38
108195,8195,Digital,Ativa,2025-03-16 23:42:03
108196,8196,Corrente,Ativa,2024-04-13 13:35:52
108197,8197,Corrente,Encerrada,2024-04-29 01:46:47
108198,8198,Corrente,Ativa,2023-06-27 02:22:01
108199,8199,Corrente,Ativa,2023-02-11 09:27:45
108200,8200,Corrente,Ativa,2018-02-24 14:57:44
108201,8201,Digital,Bloqueada,2019-09-30 07:49:30
108202,8202,Corrente,Ativa,2022-01-09 06:16:29
108203,8203,Corrente,Ativa,2025-08-12 11:50:53
108204,8204,Corrente,Ativa,2022-03-07 21:00:46
108205,8205,Digital,Ativa,2020-01-30 14:28:20
108206,8206,Corrente,Encerrada,2021-07-14 11:09:11
108207,8207,Corrente,Encerrada,2025-04-25 05:17:32
108208,8208,Corrente,Encerrada,2023-03-09 12:04:28
108209,8209,Corrente,Ativa,2021-12-27 19:51:19
108210,8210,Digital,Ativa,2022-05-05 11:33:55
108211,8211,Corrente,Ativa,2018-12-09 12:37:04
108212,8212,Corrente,Ativa,2025-10-15 16:06:50
108213,8213,Corrente,Ativa,2018-10-26 11:53:03
108214,8214,Corrente,Ativa,2024-08-25 18:53:01
108215,8215,Corrente,Ativa,2020-02-01 00:09:12
108216,8216,Corrente,Ativa,2019-01-10 05:04:53
108217,8217,Corrente,Ativa,2019-11-01 17:45:37
108218,8218,Digital,Ativa,2021-08-18 20:05:23
108219,8219,Corrente,Ativa,2023-10-27 16:36:26
108220,8220,Corrente,Ativa,2025-11-01 08:06:01
108221,8221,Corrente,Ativa,2019-09-28 01:14:12
108222,8222,Corrente,Ativa,2025-06-17 19:08:31
108223,8223,Corrente,Ativa,2023-04-25 22:06:29
108224,8224,Digital,Ativa,2019-11-02 11:08:20
108225,8225,Corrente,Ativa,2025-11-18 08:34:20
108226,8226,Corrente,Ativa,2020-11-11 06:46:32
108227,8227,Corrente,Ativa,2022-03-19 04:33:45
108228,8228,Corrente,Ativa,2021-07-29 13:56:42
108229,8229,Digital,Ativa,2019-09-21 05:55:13
108230,8230,Digital,Ativa,2022-01-21 01:23:58
108231,8231,Digital,Ativa,2022-10-21 20:12:59
108232,8232,Digital,Bloqueada,2020-07-05 12:14:03
108233,8233,Corrente,Bloqueada,2024-04-16 15:05:38
108234,8234,Corrente,Ativa,2020-04-24 00:34:33
108235,8235,Corrente,Ativa,2025-06-19 20:53:34
108236,8236,Corrente,Bloqueada,2025-04-02 20:18:34
108237,8237,Corrente,Ativa,2025-03-13 00:33:54
108238,8238,Corrente,Ativa,2025-06-14 03:54:20
108239,8239,Digital,Ativa,2023-05-07 21:22:42
108240,8240,Digital,Bloqueada,2020-02-07 12:20:28
108241,8241,Corrente,Ativa,2023-07-19 14:09:02
108242,8242,Corrente,Ativa,2024-05-05 05:11:17
108243,8243,Corrente,Ativa,2019-12-21 04:19:03
108244,8244,Corrente,Ativa,2023-03-13 01:14:39
108245,8245,Corrente,Ativa,2018-07-05 11:40:52
108246,8246,Corrente,Ativa,2025-12-05 10:23:38
108247,8247,Corrente,Ativa,2024-07-14 06:34:29
108248,8248,Corrente,Ativa,2018-04-14 08:07:44
108249,8249,Corrente,Ativa,2019-06-08 23:30:01
108250,8250,Corrente,Ativa,2018-01-01 14:10:27
108251,8251,Corrente,Bloqueada,2018-06-27 22:05:46
108252,8252,Corrente,Ativa,2024-04-06 00:05:42
108253,8253,Digital,Ativa,2020-01-23 05:15:38
108254,8254,Corrente,Ativa,2021-12-22 06:34:51
108255,8255,Corrente,Ativa,2018-11-09 01:33:19
108256,8256,Corrente,Ativa,2020-10-15 19:01:48
108257,8257,Corrente,Ativa,2025-12-07 16:15:00
108258,8258,Corrente,Ativa,2020-07-16 06:37:36
108259,8259,Digital,Ativa,2022-05-09 16:49:03
108260,8260,Digital,Ativa,2025-06-06 07:07:43
108261,8261,Corrente,Ativa,2020-07-22 23:02:10
108262,8262,Digital,Ativa,2018-09-29 05:39:54
108263,8263,Digital,Ativa,2024-06-17 07:05:37
108264,8264,Digital,Ativa,2024-02-26 23:12:20
108265,8265,Corrente,Ativa,2020-04-30 03:13:38
108266,8266,Digital,Ativa,2022-02-22 11:20:46
108267,8267,Corrente,Ativa,2025-11-12 23:13:21
108268,8268,Corrente,Encerrada,2024-06-22 05:16:32
108269,8269,Digital,Ativa,2023-02-20 05:18:38
108270,8270,Corrente,Bloqueada,2022-05-21 16:14:57
108271,8271,Corrente,Ativa,2019-12-11 01:59:32
108272,8272,Digital,Ativa,2018-12-19 07:03:00
108273,8273,Digital,Ativa,2020-03-31 00:50:48
108274,8274,Digital,Ativa,2021-06-29 17:53:09
108275,8275,Digital,Ativa,2021-08-14 23:59:46
108276,8276,Corrente,Ativa,2022-02-27 23:07:21
108277,8277,Corrente,Ativa,2025-12-19 10:21:38
108278,8278,Digital,Ativa,2022-09-29 16:29:06
108279,8279,Corrente,Ativa,2022-08-01 23:04:47
108280,8280,Digital,Ativa,2019-04-10 15:50:35
108281,8281,Corrente,Ativa,2023-11-16 18:17:59
108282,8282,Digital,Ativa,2025-12-30 05:25:28
108283,8283,Corrente,Ativa,2021-05-22 01:45:38
108284,8284,Corrente,Ativa,2021-11-04 22:18:56
108285,8285,Digital,Ativa,2019-08-01 18:31:57
108286,8286,Corrente,Ativa,2021-03-17 03:06:02
108287,8287,Corrente,Encerrada,2018-06-16 00:22:47
108288,8288,Corrente,Ativa,2025-01-18 01:45:13
108289,8289,Corrente,Ativa,2018-01-04 11:47:11
108290,8290,Corrente,Ativa,2021-01-21 11:55:29
108291,8291,Digital,Ativa,2025-12-26 12:01:42
108292,8292,Corrente,Ativa,2019-03-26 12:13:58
108293,8293,Corrente,Ativa,2025-07-16 16:46:00
108294,8294,Corrente,Ativa,2023-09-20 01:53:19
108295,8295,Corrente,Ativa,2021-12-07 23:45:59
108296,8296,Corrente,Ativa,2021-02-03 03:14:08
108297,8297,Corrente,Ativa,2021-12-11 11:19:07
108298,8298,Corrente,Ativa,2025-11-18 08:36:50
108299,8299,Corrente,Encerrada,2023-09-15 00:41:55
108300,8300,Digital,Ativa,2023-10-29 04:25:22
108301,8301,Corrente,Ativa,2024-08-27 08:06:31
108302,8302,Digital,Ativa,2021-11-17 22:20:54
108303,8303,Corrente,Ativa,2025-09-01 17:13:08
108304,8304,Corrente,Encerrada,2023-01-06 21:28:04
108305,8305,Corrente,Ativa,2023-04-14 05:42:43
108306,8306,Corrente,Ativa,2024-08-11 10:37:56
108307,8307,Corrente,Ativa,2023-05-27 10:09:15
108308,8308,Corrente,Ativa,2025-04-21 11:42:12
108309,8309,Digital,Ativa,2018-07-13 03:26:11
108310,8310,Corrente,Ativa,2019-12-14 05:15:48
108311,8311,Digital,Ativa,2018-11-26 18:57:26
108312,8312,Digital,Ativa,2024-07-22 12:12:40
108313,8313,Digital,Ativa,2024-01-19 12:29:58
108314,8314,Corrente,Ativa,2023-12-31 07:12:00
108315,8315,Corrente,Ativa,2025-09-24 20:33:28
108316,8316,Corrente,Ativa,2025-05-22 05:56:34
108317,8317,Digital,Ativa,2018-03-25 14:24:01
108318,8318,Corrente,Ativa,2019-08-19 09:19:07
108319,8319,Corrente,Ativa,2019-07-17 14:33:13
108320,8320,Corrente,Ativa,2018-03-05 17:50:51
108321,8321,Corrente,Ativa,2022-12-19 14:49:03
108322,8322,Corrente,Ativa,2025-05-21 06:24:47
108323,8323,Corrente,Ativa,2025-05-15 16:10:18
108324,8324,Digital,Ativa,2022-05-06 13:06:25
108325,8325,Corrente,Ativa,2022-12-16 21:26:21
108326,8326,Corrente,Bloqueada,2019-08-22 01:32:14
108327,8327,Corrente,Ativa,2025-11-29 21:55:05
108328,8328,Corrente,Ativa,2025-01-20 17:51:56
108329,8329,Corrente,Ativa,2018-09-01 16:45:31
108330,8330,Corrente,Ativa,2023-11-03 04:37:28
108331,8331,Digital,Ativa,2025-05-20 15:49:40
108332,8332,Corrente,Bloqueada,2025-02-04 02:17:25
108333,8333,Corrente,Ativa,2023-07-10 15:10:30
108334,8334,Digital,Ativa,2023-03-16 10:09:10
108335,8335,Corrente,Bloqueada,2025-04-17 13:22:20
108336,8336,Corrente,Ativa,2021-09-27 05:04:19
108337,8337,Corrente,Ativa,2025-02-18 10:10:20
108338,8338,Digital,Ativa,2018-02-17 20:06:11
108339,8339,Corrente,Ativa,2025-07-25 23:54:03
108340,8340,Digital,Ativa,2025-04-16 16:14:28
108341,8341,Corrente,Ativa,2020-08-26 00:01:28
108342,8342,Corrente,Ativa,2018-07-17 18:34:21
108343,8343,Corrente,Bloqueada,2022-02-04 08:49:51
108344,8344,Corrente,Ativa,2020-01-05 12:32:44
108345,8345,Corrente,Ativa,2019-08-27 08:37:45
108346,8346,Corrente,Encerrada,2019-04-10 04:36:59
108347,8347,Corrente,Ativa,2018-04-14 02:09:36
108348,8348,Digital,Ativa,2020-04-08 08:29:27
108349,8349,Corrente,Ativa,2018-08-03 14:16:07
108350,8350,Corrente,Ativa,2023-09-12 07:06:30
108351,8351,Digital,Ativa,2024-01-02 13:16:10
108352,8352,Corrente,Ativa,2024-05-22 10:05:02
108353,8353,Corrente,Ativa,2021-11-14 11:05:38
108354,8354,Corrente,Ativa,2025-12-28 04:38:52
108355,8355,Corrente,Ativa,2023-12-13 02:09:34
108356,8356,Digital,Ativa,2018-03-25 06:01:30
108357,8357,Corrente,Ativa,2020-01-18 23:59:35
108358,8358,Corrente,Ativa,2025-01-12 02:56:54
108359,8359,Corrente,Ativa,2022-01-12 05:21:59
108360,8360,Corrente,Ativa,2021-06-13 07:04:49
108361,8361,Corrente,Ativa,2024-09-16 18:10:31
108362,8362,Corrente,Ativa,2020-10-12 08:35:08
108363,8363,Corrente,Ativa,2018-09-04 16:59:18
108364,8364,Corrente,Ativa,2025-02-01 09:08:12
108365,8365,Digital,Ativa,2018-01-30 13:39:01
108366,8366,Digital,Ativa,2022-11-15 20:25:28
108367,8367,Corrente,Ativa,2018-05-13 23:24:27
108368,8368,Corrente,Ativa,2023-04-27 06:56:46
108369,8369,Corrente,Ativa,2022-03-08 02:39:03
108370,8370,Corrente,Ativa,2023-11-28 02:39:24
108371,8371,Corrente,Ativa,2019-10-21 19:22:23
108372,8372,Digital,Ativa,2024-04-08 09:57:56
108373,8373,Digital,Ativa,2021-10-02 09:45:08
108374,8374,Corrente,Ativa,2024-11-27 17:30:48
108375,8375,Corrente,Ativa,2024-08-02 09:06:52
108376,8376,Digital,Ativa,2018-03-02 15:07:09
108377,8377,Corrente,Ativa,2025-08-08 04:01:18
108378,8378,Corrente,Ativa,2019-01-15 14:40:39
108379,8379,Corrente,Ativa,2019-03-18 11:49:31
108380,8380,Corrente,Ativa,2024-05-09 14:02:27
108381,8381,Digital,Ativa,2022-07-12 19:20:28
108382,8382,Corrente,Ativa,2018-09-27 02:26:48
108383,8383,Digital,Ativa,2018-12-23 05:14:02
108384,8384,Corrente,Ativa,2021-05-02 05:22:54
108385,8385,Digital,Ativa,2019-06-11 00:39:10
108386,8386,Corrente,Ativa,2023-11-27 04:41:35
108387,8387,Digital,Ativa,2024-07-24 22:35:10
108388,8388,Digital,Bloqueada,2022-01-10 06:31:40
108389,8389,Corrente,Ativa,2023-08-10 01:53:18
108390,8390,Corrente,Ativa,2024-01-14 19:15:01
108391,8391,Digital,Ativa,2025-07-16 10:36:52
108392,8392,Corrente,Ativa,2020-04-25 15:03:05
108393,8393,Corrente,Ativa,2024-02-23 02:01:26
108394,8394,Digital,Ativa,2019-04-13 04:23:25
108395,8395,Corrente,Ativa,2023-08-16 01:15:04
108396,8396,Digital,Ativa,2021-06-10 12:31:07
108397,8397,Corrente,Ativa,2022-03-13 06:40:48
108398,8398,Corrente,Ativa,2019-04-17 04:09:44
108399,8399,Corrente,Ativa,2023-11-20 01:21:00
108400,8400,Digital,Ativa,2019-07-14 00:20:41
108401,8401,Corrente,Ativa,2025-01-09 18:19:16
108402,8402,Digital,Ativa,2020-12-21 12:18:16
108403,8403,Corrente,Ativa,2025-04-13 21:21:08
108404,8404,Digital,Ativa,2020-06-20 10:11:02
108405,8405,Corrente,Encerrada,2018-07-19 17:58:05
108406,8406,Corrente,Ativa,2021-07-11 20:59:50
108407,8407,Corrente,Encerrada,2023-05-08 06:41:44
108408,8408,Corrente,Ativa,2018-09-22 18:16:11
108409,8409,Corrente,Ativa,2024-01-18 00:44:20
108410,8410,Digital,Ativa,2020-11-19 01:27:34
108411,8411,Digital,Ativa,2024-01-02 04:39:32
108412,8412,Corrente,Bloqueada,2023-12-24 12:18:59
108413,8413,Corrente,Encerrada,2023-05-22 20:54:20
108414,8414,Corrente,Ativa,2018-09-20 01:24:32
108415,8415,Digital,Ativa,2018-06-09 06:50:50
108416,8416,Corrente,Bloqueada,2023-03-29 12:18:44
108417,8417,Corrente,Ativa,2021-05-09 09:54:03
108418,8418,Corrente,Ativa,2020-10-01 03:38:11
108419,8419,Corrente,Ativa,2018-07-08 23:27:22
108420,8420,Corrente,Ativa,2024-10-04 00:51:12
108421,8421,Corrente,Ativa,2019-06-14 13:24:09
108422,8422,Digital,Ativa,2020-07-20 06:24:00
108423,8423,Digital,Ativa,2018-12-24 20:08:45
108424,8424,Digital,Ativa,2023-12-18 07:25:40
108425,8425,Corrente,Bloqueada,2023-11-27 17:36:59
108426,8426,Digital,Ativa,2021-01-01 09:31:07
108427,8427,Digital,Ativa,2019-07-08 20:18:48
108428,8428,Corrente,Ativa,2022-10-01 04:53:20
108429,8429,Digital,Bloqueada,2023-10-17 10:10:15
108430,8430,Digital,Ativa,2025-12-12 04:45:32
108431,8431,Digital,Ativa,2020-12-26 18:00:08
108432,8432,Digital,Ativa,2025-04-24 15:33:02
108433,8433,Digital,Ativa,2020-09-16 20:20:10
108434,8434,Digital,Ativa,2024-12-18 04:36:58
108435,8435,Corrente,Ativa,2020-02-17 12:38:49
108436,8436,Digital,Ativa,2021-01-28 15:00:51
108437,8437,Digital,Ativa,2024-12-19 01:09:48
108438,8438,Corrente,Ativa,2025-08-15 00:59:19
108439,8439,Corrente,Bloqueada,2025-01-17 10:39:40
108440,8440,Corrente,Bloqueada,2019-08-31 06:08:48
108441,8441,Digital,Ativa,2021-11-25 21:58:27
108442,8442,Corrente,Ativa,2022-09-13 12:25:13
108443,8443,Corrente,Ativa,2019-04-19 01:57:21
108444,8444,Corrente,Ativa,2023-04-19 16:59:09
108445,8445,Digital,Ativa,2020-06-10 16:58:22
108446,8446,Digital,Ativa,2024-09-21 16:00:19
108447,8447,Corrente,Ativa,2021-10-18 19:25:17
108448,8448,Corrente,Ativa,2025-12-29 01:50:09
108449,8449,Digital,Ativa,2025-04-10 18:51:09
108450,8450,Corrente,Ativa,2022-07-16 04:15:30
108451,8451,Corrente,Ativa,2023-07-06 03:37:36
108452,8452,Digital,Ativa,2019-08-29 18:53:45
108453,8453,Corrente,Ativa,2022-03-08 16:16:02
108454,8454,Corrente,Ativa,2019-04-29 02:06:14
108455,8455,Digital,Ativa,2022-04-05 02:14:18
108456,8456,Corrente,Ativa,2022-10-06 19:34:04
108457,8457,Corrente,Ativa,2020-08-25 11:32:55
108458,8458,Corrente,Ativa,2024-11-26 06:49:57
108459,8459,Digital,Ativa,2024-10-30 04:16:48
108460,8460,Corrente,Ativa,2023-07-31 06:23:50
108461,8461,Corrente,Bloqueada,2021-02-17 15:49:16
108462,8462,Corrente,Ativa,2022-04-29 22:07:43
108463,8463,Corrente,Ativa,2022-03-21 19:21:34
108464,8464,Digital,Ativa,2018-07-07 16:41:19
108465,8465,Digital,Ativa,2019-04-15 10:00:11
108466,8466,Digital,Ativa,2022-05-25 03:53:22
108467,8467,Corrente,Ativa,2024-07-30 07:31:09
108468,8468,Corrente,Ativa,2019-01-24 16:16:47
108469,8469,Digital,Ativa,2025-10-15 17:24:30
108470,8470,Corrente,Ativa,2021-02-11 22:19:40
108471,8471,Corrente,Encerrada,2022-10-11 11:31:52
108472,8472,Corrente,Ativa,2020-01-31 07:31:27
108473,8473,Digital,Ativa,2019-10-12 01:30:02
108474,8474,Digital,Ativa,2022-03-07 06:53:19
108475,8475,Corrente,Ativa,2024-11-11 17:52:33
108476,8476,Digital,Ativa,2022-04-25 10:04:40
108477,8477,Digital,Bloqueada,2019-11-27 12:06:01
108478,8478,Corrente,Ativa,2024-03-09 02:44:27
108479,8479,Corrente,Ativa,2022-07-22 17:35:13
108480,8480,Corrente,Ativa,2020-10-16 05:19:13
108481,8481,Digital,Ativa,2019-04-24 02:38:51
108482,8482,Corrente,Ativa,2023-01-10 09:47:43
108483,8483,Corrente,Ativa,2022-05-28 22:06:59
108484,8484,Digital,Ativa,2019-12-13 08:46:25
108485,8485,Corrente,Ativa,2020-10-30 01:08:54
108486,8486,Corrente,Ativa,2025-04-01 03:03:46
108487,8487,Digital,Ativa,2019-12-27 01:42:02
108488,8488,Corrente,Ativa,2021-02-01 21:55:09
108489,8489,Corrente,Ativa,2019-08-11 08:45:32
108490,8490,Corrente,Ativa,2025-09-15 19:51:24
108491,8491,Digital,Ativa,2020-02-04 13:00:35
108492,8492,Corrente,Ativa,2019-09-19 11:16:46
108493,8493,Corrente,Ativa,2024-05-22 02:21:36
108494,8494,Corrente,Ativa,2018-08-11 22:35:10
108495,8495,Corrente,Ativa,2025-09-27 06:28:57
108496,8496,Corrente,Ativa,2019-04-16 15:33:03
108497,8497,Corrente,Ativa,2025-08-08 09:40:35
108498,8498,Corrente,Encerrada,2024-10-15 16:55:11
108499,8499,Corrente,Ativa,2018-02-05 11:15:31
108500,8500,Digital,Ativa,2023-10-16 07:21:03
108501,8501,Digital,Ativa,2018-09-18 16:30:11
108502,8502,Corrente,Ativa,2020-10-02 19:22:55
108503,8503,Corrente,Ativa,2024-05-10 15:57:46
108504,8504,Corrente,Ativa,2018-01-20 06:48:24
108505,8505,Digital,Ativa,2019-03-13 22:41:22
108506,8506,Digital,Ativa,2021-03-23 11:45:34
108507,8507,Digital,Ativa,2021-09-06 22:40:54
108508,8508,Corrente,Ativa,2018-11-22 19:48:35
108509,8509,Corrente,Ativa,2025-08-04 14:27:54
108510,8510,Corrente,Ativa,2025-02-12 16:07:39
108511,8511,Corrente,Ativa,2020-08-07 03:17:04
108512,8512,Corrente,Ativa,2020-10-21 00:21:02
108513,8513,Corrente,Ativa,2023-11-03 01:40:41
108514,8514,Digital,Ativa,2020-09-24 13:50:26
108515,8515,Digital,Ativa,2018-03-15 13:01:28
108516,8516,Corrente,Ativa,2018-12-21 07:34:33
108517,8517,Digital,Ativa,2023-01-28 07:14:19
108518,8518,Digital,Ativa,2018-07-10 01:37:57
108519,8519,Corrente,Ativa,2023-07-20 12:56:55
108520,8520,Digital,Ativa,2022-09-21 18:24:08
108521,8521,Corrente,Bloqueada,2022-02-26 12:32:55
108522,8522,Corrente,Ativa,2020-01-31 02:13:24
108523,8523,Digital,Ativa,2020-03-02 00:43:10
108524,8524,Digital,Bloqueada,2023-06-15 21:16:37
108525,8525,Digital,Bloqueada,2020-11-20 08:46:25
108526,8526,Corrente,Ativa,2022-02-02 00:32:59
108527,8527,Corrente,Ativa,2019-03-13 21:09:00
108528,8528,Corrente,Ativa,2024-05-06 15:06:50
108529,8529,Corrente,Ativa,2024-03-16 05:38:16
108530,8530,Corrente,Ativa,2019-10-11 14:33:57
108531,8531,Corrente,Ativa,2025-12-23 08:26:15
108532,8532,Corrente,Ativa,2023-12-13 08:30:46
108533,8533,Digital,Ativa,2019-08-16 21:44:14
108534,8534,Corrente,Ativa,2025-02-18 19:56:11
108535,8535,Corrente,Ativa,2024-10-25 06:33:32
108536,8536,Corrente,Ativa,2022-11-27 06:16:47
108537,8537,Digital,Ativa,2018-04-16 00:37:29
108538,8538,Corrente,Encerrada,2020-11-03 06:35:13
108539,8539,Corrente,Ativa,2024-03-07 12:59:41
108540,8540,Corrente,Ativa,2024-09-03 10:00:46
108541,8541,Corrente,Ativa,2021-04-22 02:56:17
108542,8542,Corrente,Ativa,2018-12-08 14:01:16
108543,8543,Corrente,Ativa,2018-03-18 15:38:44
108544,8544,Corrente,Ativa,2024-02-19 10:53:38
108545,8545,Digital,Ativa,2020-09-16 02:41:36
108546,8546,Corrente,Ativa,2022-09-27 09:11:21
108547,8547,Corrente,Ativa,2025-06-20 11:14:02
108548,8548,Corrente,Ativa,2020-01-25 04:13:16
108549,8549,Corrente,Bloqueada,2020-06-26 05:39:14
108550,8550,Digital,Ativa,2025-05-29 01:19:18
108551,8551,Corrente,Ativa,2018-01-11 09:31:53
108552,8552,Corrente,Ativa,2021-07-08 21:07:43
108553,8553,Corrente,Ativa,2025-09-18 08:57:28
108554,8554,Corrente,Ativa,2019-02-24 23:18:07
108555,8555,Digital,Ativa,2019-12-21 00:04:42
108556,8556,Digital,Ativa,2022-09-29 06:28:12
108557,8557,Corrente,Ativa,2022-10-10 11:55:15
108558,8558,Digital,Ativa,2024-04-03 19:30:31
108559,8559,Corrente,Ativa,2025-03-09 03:29:57
108560,8560,Corrente,Ativa,2020-12-25 05:43:47
108561,8561,Corrente,Ativa,2023-11-09 09:04:02
108562,8562,Corrente,Ativa,2021-05-11 08:05:24
108563,8563,Corrente,Ativa,2025-08-01 14:30:26
108564,8564,Corrente,Bloqueada,2020-01-19 18:19:19
108565,8565,Digital,Ativa,2022-01-25 09:46:34
108566,8566,Corrente,Ativa,2020-02-23 21:06:03
108567,8567,Corrente,Ativa,2021-07-25 17:39:17
108568,8568,Digital,Ativa,2025-12-19 18:39:10
108569,8569,Digital,Ativa,2020-08-30 17:18:50
108570,8570,Corrente,Ativa,2023-07-16 14:37:57
108571,8571,Corrente,Ativa,2024-04-01 06:54:14
108572,8572,Corrente,Ativa,2018-07-25 09:36:59
108573,8573,Corrente,Ativa,2025-08-22 12:46:31
108574,8574,Corrente,Ativa,2018-03-03 04:10:23
108575,8575,Corrente,Ativa,2023-06-08 02:30:04
108576,8576,Corrente,Ativa,2018-08-12 21:44:04
108577,8577,Digital,Ativa,2018-06-25 07:36:53
108578,8578,Corrente,Ativa,2020-05-15 06:04:49
108579,8579,Corrente,Ativa,2020-07-13 22:19:57
108580,8580,Corrente,Ativa,2021-10-21 21:30:57
108581,8581,Corrente,Ativa,2018-05-17 01:10:09
108582,8582,Corrente,Ativa,2023-04-20 11:14:57
108583,8583,Corrente,Ativa,2025-04-22 05:45:50
108584,8584,Corrente,Ativa,2020-05-28 01:34:28
108585,8585,Digital,Ativa,2023-03-29 12:13:53
108586,8586,Digital,Ativa,2020-08-30 03:18:14
108587,8587,Corrente,Ativa,2018-11-08 04:54:02
108588,8588,Corrente,Ativa,2019-10-24 04:32:19
108589,8589,Corrente,Ativa,2018-06-03 11:21:45
108590,8590,Corrente,Ativa,2019-08-25 10:51:48
108591,8591,Corrente,Ativa,2025-01-16 06:07:27
108592,8592,Corrente,Ativa,2020-07-31 00:45:53
108593,8593,Corrente,Ativa,2023-04-26 02:31:07
108594,8594,Digital,Ativa,2020-05-12 23:44:48
108595,8595,Digital,Ativa,2023-10-22 14:18:32
108596,8596,Digital,Ativa,2018-07-20 02:03:33
108597,8597,Corrente,Ativa,2020-07-19 14:05:48
108598,8598,Corrente,Ativa,2022-09-25 05:20:04
108599,8599,Digital,Ativa,2024-04-26 02:11:32
108600,8600,Digital,Ativa,2022-09-01 13:50:09
108601,8601,Corrente,Ativa,2022-03-30 10:13:03
108602,8602,Digital,Ativa,2019-06-30 12:29:27
108603,8603,Digital,Ativa,2022-12-14 03:25:55
108604,8604,Corrente,Ativa,2022-10-02 18:50:07
108605,8605,Corrente,Ativa,2025-11-03 15:27:31
108606,8606,Corrente,Bloqueada,2019-09-13 03:14:11
108607,8607,Digital,Ativa,2020-11-27 19:33:36
108608,8608,Corrente,Ativa,2020-06-30 14:54:43
108609,8609,Corrente,Ativa,2020-12-07 10:31:24
108610,8610,Digital,Encerrada,2025-04-08 19:23:42
108611,8611,Digital,Ativa,2025-05-11 03:12:41
108612,8612,Corrente,Ativa,2018-04-22 10:10:40
108613,8613,Corrente,Ativa,2023-08-05 11:09:09
108614,8614,Corrente,Ativa,2022-08-30 12:22:41
108615,8615,Digital,Ativa,2020-05-30 05:31:06
108616,8616,Digital,Ativa,2022-10-17 22:23:10
108617,8617,Digital,Ativa,2024-09-15 12:14:52
108618,8618,Corrente,Ativa,2021-03-02 17:12:56
108619,8619,Corrente,Ativa,2019-10-04 07:52:28
108620,8620,Digital,Ativa,2018-04-06 17:59:37
108621,8621,Digital,Ativa,2018-11-15 23:54:55
108622,8622,Corrente,Ativa,2021-05-01 13:45:39
108623,8623,Digital,Ativa,2018-06-24 19:43:59
108624,8624,Corrente,Ativa,2023-11-09 05:41:14
108625,8625,Corrente,Encerrada,2021-05-10 00:10:36
108626,8626,Corrente,Ativa,2019-03-29 03:12:31
108627,8627,Digital,Ativa,2024-12-09 14:20:07
108628,8628,Digital,Ativa,2024-08-18 10:55:54
108629,8629,Corrente,Bloqueada,2023-07-11 15:47:29
108630,8630,Corrente,Ativa,2022-05-02 11:00:47
108631,8631,Corrente,Ativa,2024-12-31 18:01:24
108632,8632,Corrente,Ativa,2020-06-03 13:06:35
108633,8633,Corrente,Ativa,2024-06-01 15:31:22
108634,8634,Digital,Ativa,2020-02-25 15:52:39
108635,8635,Digital,Ativa,2025-10-09 14:20:48
108636,8636,Corrente,Ativa,2019-09-14 03:41:41
108637,8637,Corrente,Ativa,2024-11-26 03:50:25
108638,8638,Digital,Ativa,2018-12-07 04:05:40
108639,8639,Corrente,Ativa,2018-02-08 14:08:48
108640,8640,Digital,Ativa,2023-04-11 02:22:51
108641,8641,Digital,Ativa,2025-09-05 16:40:19
108642,8642,Corrente,Ativa,2025-03-18 00:44:02
108643,8643,Digital,Ativa,2023-05-14 14:31:05
108644,8644,Corrente,Ativa,2024-07-24 19:28:29
108645,8645,Corrente,Ativa,2019-03-10 03:09:40
108646,8646,Corrente,Ativa,2023-04-09 23:21:34
108647,8647,Digital,Ativa,2025-12-17 14:08:39
108648,8648,Corrente,Ativa,2020-03-27 09:12:56
108649,8649,Digital,Bloqueada,2025-09-13 02:51:32
108650,8650,Digital,Ativa,2020-08-23 16:55:36
108651,8651,Digital,Ativa,2018-08-26 08:54:01
108652,8652,Corrente,Ativa,2021-01-09 02:54:43
108653,8653,Corrente,Ativa,2021-10-22 18:55:23
108654,8654,Digital,Ativa,2020-08-04 20:48:36
108655,8655,Digital,Ativa,2024-12-29 06:37:48
108656,8656,Digital,Ativa,2021-12-05 03:47:06
108657,8657,Corrente,Ativa,2024-09-04 12:25:03
108658,8658,Corrente,Ativa,2022-04-03 06:44:26
108659,8659,Digital,Ativa,2022-09-25 23:10:48
108660,8660,Digital,Ativa,2023-02-12 05:38:57
108661,8661,Corrente,Bloqueada,2018-05-28 20:30:12
108662,8662,Corrente,Ativa,2018-09-05 20:54:21
108663,8663,Corrente,Ativa,2023-03-25 11:44:23
108664,8664,Digital,Ativa,2025-12-29 16:11:44
108665,8665,Digital,Ativa,2022-10-23 17:24:31
108666,8666,Corrente,Ativa,2024-08-27 00:48:51
108667,8667,Digital,Ativa,2019-07-17 07:55:03
108668,8668,Digital,Ativa,2023-12-26 01:10:33
108669,8669,Corrente,Ativa,2023-12-22 18:05:19
108670,8670,Corrente,Ativa,2020-11-03 19:19:55
108671,8671,Corrente,Ativa,2022-06-16 04:40:17
108672,8672,Digital,Ativa,2020-07-27 01:39:44
108673,8673,Digital,Ativa,2024-07-16 04:20:11
108674,8674,Corrente,Bloqueada,2020-01-11 19:38:38
108675,8675,Corrente,Ativa,2023-07-15 15:23:17
108676,8676,Corrente,Ativa,2019-12-28 11:45:25
108677,8677,Digital,Encerrada,2020-05-06 14:33:36
108678,8678,Digital,Ativa,2021-12-30 23:06:10
108679,8679,Corrente,Ativa,2019-05-16 17:13:29
108680,8680,Digital,Ativa,2019-10-22 12:19:56
108681,8681,Digital,Ativa,2024-08-27 03:58:03
108682,8682,Corrente,Ativa,2021-02-02 00:08:23
108683,8683,Corrente,Ativa,2024-09-17 22:48:13
108684,8684,Corrente,Ativa,2019-07-18 11:26:16
108685,8685,Corrente,Ativa,2022-01-03 18:57:31
108686,8686,Corrente,Ativa,2018-12-01 01:57:11
108687,8687,Corrente,Ativa,2022-08-12 03:58:08
108688,8688,Corrente,Ativa,2023-11-25 09:47:59
108689,8689,Corrente,Ativa,2021-11-22 08:46:23
108690,8690,Corrente,Ativa,2024-03-01 00:11:38
108691,8691,Corrente,Ativa,2025-04-18 18:20:28
108692,8692,Digital,Ativa,2019-07-11 02:20:51
108693,8693,Corrente,Ativa,2024-06-18 13:49:47
108694,8694,Corrente,Encerrada,2023-12-16 01:26:00
108695,8695,Corrente,Ativa,2018-07-28 18:31:12
108696,8696,Corrente,Ativa,2021-03-01 14:37:47
108697,8697,Corrente,Ativa,2024-02-23 11:19:25
108698,8698,Corrente,Ativa,2019-09-13 19:03:38
108699,8699,Corrente,Ativa,2024-09-29 21:18:11
108700,8700,Corrente,Ativa,2019-03-02 03:22:01
108701,8701,Digital,Ativa,2020-03-28 13:00:54
108702,8702,Corrente,Ativa,2022-08-13 01:16:14
108703,8703,Corrente,Ativa,2021-04-08 02:36:45
108704,8704,Corrente,Ativa,2025-04-08 14:58:14
108705,8705,Digital,Ativa,2022-12-22 12:41:26
108706,8706,Corrente,Encerrada,2024-12-26 10:34:39
108707,8707,Digital,Ativa,2020-04-01 02:13:13
108708,8708,Corrente,Ativa,2022-01-14 14:11:15
108709,8709,Digital,Ativa,2018-08-14 03:21:43
108710,8710,Corrente,Ativa,2024-04-13 05:06:58
108711,8711,Corrente,Ativa,2019-01-03 06:41:17
108712,8712,Digital,Bloqueada,2018-08-20 11:26:13
108713,8713,Corrente,Ativa,2025-04-09 20:29:10
108714,8714,Corrente,Ativa,2023-07-22 20:51:36
108715,8715,Corrente,Encerrada,2021-11-30 02:49:07
108716,8716,Digital,Ativa,2024-04-03 04:41:24
108717,8717,Corrente,Bloqueada,2025-01-30 10:09:52
108718,8718,Corrente,Ativa,2022-11-16 04:08:57
108719,8719,Corrente,Ativa,2024-08-20 09:25:43
108720,8720,Digital,Ativa,2022-05-16 02:17:53
108721,8721,Digital,Ativa,2019-02-06 03:01:40
108722,8722,Corrente,Ativa,2024-08-23 18:34:38
108723,8723,Corrente,Ativa,2023-01-14 08:43:26
108724,8724,Corrente,Ativa,2018-02-02 11:28:04
108725,8725,Digital,Ativa,2020-11-11 18:27:26
108726,8726,Corrente,Ativa,2024-04-16 06:58:38
108727,8727,Corrente,Ativa,2025-04-03 21:42:49
108728,8728,Corrente,Ativa,2023-01-02 22:06:54
108729,8729,Corrente,Ativa,2023-08-13 05:22:11
108730,8730,Corrente,Ativa,2025-05-08 14:24:43
108731,8731,Corrente,Ativa,2018-11-06 20:41:21
108732,8732,Corrente,Bloqueada,2025-03-22 06:42:04
108733,8733,Digital,Ativa,2024-09-27 06:54:54
108734,8734,Corrente,Ativa,2021-10-18 06:55:14
108735,8735,Corrente,Ativa,2018-09-23 16:08:57
108736,8736,Corrente,Ativa,2023-05-13 05:10:09
108737,8737,Corrente,Ativa,2021-09-01 18:51:12
108738,8738,Corrente,Ativa,2020-04-06 07:25:55
108739,8739,Digital,Ativa,2019-10-16 04:05:02
108740,8740,Corrente,Ativa,2022-10-17 17:30:37
108741,8741,Corrente,Ativa,2019-11-02 07:38:13
108742,8742,Digital,Ativa,2019-04-11 15:46:31
108743,8743,Corrente,Encerrada,2025-11-04 17:03:26
108744,8744,Digital,Ativa,2018-06-08 13:54:41
108745,8745,Digital,Ativa,2021-10-10 23:34:21
108746,8746,Digital,Ativa,2024-02-19 06:45:53
108747,8747,Corrente,Ativa,2025-11-20 04:43:45
108748,8748,Digital,Ativa,2022-06-26 07:30:50
108749,8749,Corrente,Ativa,2022-12-22 02:39:03
108750,8750,Digital,Ativa,2022-10-06 00:22:08
108751,8751,Corrente,Ativa,2018-08-12 02:31:48
108752,8752,Digital,Ativa,2019-07-21 12:20:27
108753,8753,Corrente,Ativa,2025-01-14 23:32:51
108754,8754,Corrente,Bloqueada,2025-03-14 20:45:46
108755,8755,Digital,Ativa,2025-07-15 04:28:48
108756,8756,Corrente,Ativa,2019-04-29 00:40:27
108757,8757,Corrente,Ativa,2023-09-02 22:14:01
108758,8758,Corrente,Ativa,2021-06-11 09:39:50
108759,8759,Corrente,Ativa,2022-08-20 14:58:23
108760,8760,Corrente,Ativa,2023-01-19 22:46:08
108761,8761,Corrente,Ativa,2025-04-15 10:42:13
108762,8762,Corrente,Ativa,2022-11-24 21:30:35
108763,8763,Corrente,Encerrada,2020-12-04 02:20:16
108764,8764,Corrente,Ativa,2024-10-21 04:03:56
108765,8765,Digital,Ativa,2025-03-21 10:48:40
108766,8766,Digital,Ativa,2025-09-18 16:01:38
108767,8767,Digital,Ativa,2023-07-30 20:31:23
108768,8768,Digital,Ativa,2021-05-08 11:40:47
108769,8769,Digital,Ativa,2024-10-05 22:37:21
108770,8770,Corrente,Ativa,2020-08-11 16:09:03
108771,8771,Digital,Ativa,2021-12-21 23:08:38
108772,8772,Digital,Ativa,2020-07-21 00:58:40
108773,8773,Corrente,Ativa,2025-06-29 11:03:02
108774,8774,Corrente,Ativa,2024-08-10 14:34:00
108775,8775,Corrente,Ativa,2025-09-22 22:24:51
108776,8776,Corrente,Bloqueada,2021-02-07 17:30:41
108777,8777,Digital,Ativa,2021-10-06 23:58:16
108778,8778,Digital,Bloqueada,2023-10-05 11:38:55
108779,8779,Corrente,Ativa,2024-09-25 17:02:54
108780,8780,Corrente,Ativa,2018-09-30 10:10:47
108781,8781,Corrente,Ativa,2024-02-20 10:09:47
108782,8782,Corrente,Ativa,2023-12-01 03:55:48
108783,8783,Corrente,Ativa,2018-04-07 13:33:10
108784,8784,Digital,Ativa,2018-10-18 19:34:43
108785,8785,Digital,Ativa,2019-12-01 10:01:38
108786,8786,Digital,Ativa,2024-08-31 03:01:19
108787,8787,Digital,Ativa,2025-06-15 04:59:44
108788,8788,Corrente,Ativa,2022-02-01 00:25:17
108789,8789,Corrente,Ativa,2021-01-08 10:18:37
108790,8790,Corrente,Ativa,2025-09-26 16:11:30
108791,8791,Corrente,Ativa,2021-05-03 22:11:03
108792,8792,Corrente,Ativa,2023-02-14 15:39:04
108793,8793,Corrente,Bloqueada,2018-06-16 18:45:35
108794,8794,Corrente,Encerrada,2018-12-28 09:30:16
108795,8795,Corrente,Ativa,2021-12-07 13:08:51
108796,8796,Corrente,Bloqueada,2018-02-18 17:24:15
108797,8797,Corrente,Ativa,2022-07-05 17:10:29
108798,8798,Corrente,Ativa,2024-07-30 20:08:43
108799,8799,Corrente,Ativa,2018-01-21 20:33:49
108800,8800,Corrente,Bloqueada,2024-01-03 22:20:06
108801,8801,Digital,Ativa,2019-08-02 16:27:25
108802,8802,Corrente,Ativa,2019-12-09 06:33:09
108803,8803,Corrente,Ativa,2020-11-13 13:09:24
108804,8804,Digital,Ativa,2018-07-30 01:47:40
108805,8805,Corrente,Ativa,2019-07-14 10:31:29
108806,8806,Corrente,Ativa,2022-12-05 19:09:54
108807,8807,Digital,Ativa,2025-02-06 08:25:12
108808,8808,Corrente,Ativa,2020-12-03 19:29:10
108809,8809,Corrente,Ativa,2020-04-01 08:39:53
108810,8810,Corrente,Ativa,2022-07-07 06:40:11
108811,8811,Corrente,Ativa,2024-01-05 13:27:13
108812,8812,Corrente,Ativa,2023-06-25 17:47:39
108813,8813,Corrente,Ativa,2022-02-14 11:15:56
108814,8814,Digital,Ativa,2022-05-14 06:35:44
108815,8815,Corrente,Ativa,2024-01-22 00:14:24
108816,8816,Corrente,Ativa,2024-06-27 18:41:01
108817,8817,Corrente,Ativa,2021-02-14 19:17:09
108818,8818,Corrente,Ativa,2020-01-27 18:07:48
108819,8819,Corrente,Ativa,2024-02-26 20:34:46
108820,8820,Corrente,Ativa,2024-04-07 17:46:35
108821,8821,Digital,Ativa,2025-01-13 08:34:16
108822,8822,Corrente,Ativa,2025-02-18 16:08:32
108823,8823,Corrente,Bloqueada,2025-12-16 03:01:34
108824,8824,Corrente,Ativa,2018-05-15 10:07:20
108825,8825,Digital,Ativa,2018-09-24 02:39:39
108826,8826,Corrente,Ativa,2021-09-11 22:26:43
108827,8827,Digital,Ativa,2020-06-17 18:40:09
108828,8828,Corrente,Ativa,2021-09-21 14:08:54
108829,8829,Corrente,Ativa,2019-08-22 21:59:13
108830,8830,Corrente,Bloqueada,2019-01-30 23:47:42
108831,8831,Corrente,Ativa,2023-09-29 15:57:38
108832,8832,Corrente,Ativa,2022-03-21 10:34:59
108833,8833,Corrente,Ativa,2018-05-02 06:27:16
108834,8834,Corrente,Ativa,2025-05-10 21:23:39
108835,8835,Corrente,Ativa,2025-06-16 05:23:45
108836,8836,Corrente,Ativa,2025-07-31 05:34:30
108837,8837,Corrente,Bloqueada,2024-09-04 20:56:05
108838,8838,Corrente,Ativa,2024-04-09 06:02:55
108839,8839,Digital,Ativa,2020-09-22 19:19:42
108840,8840,Corrente,Ativa,2025-03-15 01:33:28
108841,8841,Digital,Ativa,2024-09-19 13:02:30
108842,8842,Corrente,Ativa,2023-12-12 11:42:33
108843,8843,Digital,Ativa,2021-09-03 07:49:45
108844,8844,Corrente,Ativa,2021-12-02 22:28:45
108845,8845,Corrente,Ativa,2022-06-10 07:47:13
108846,8846,Corrente,Ativa,2021-07-03 22:16:34
108847,8847,Corrente,Ativa,2020-11-01 09:24:34
108848,8848,Digital,Ativa,2025-12-27 15:26:47
108849,8849,Corrente,Ativa,2025-01-23 12:14:58
108850,8850,Corrente,Ativa,2018-05-02 22:22:31
108851,8851,Corrente,Ativa,2023-10-12 20:53:18
108852,8852,Corrente,Ativa,2022-04-16 10:00:36
108853,8853,Corrente,Ativa,2022-07-20 15:28:58
108854,8854,Corrente,Bloqueada,2022-05-15 13:53:35
108855,8855,Corrente,Ativa,2025-07-05 03:49:07
108856,8856,Corrente,Ativa,2022-11-19 23:16:46
108857,8857,Corrente,Ativa,2020-05-06 11:02:35
108858,8858,Digital,Ativa,2022-07-11 18:16:10
108859,8859,Corrente,Ativa,2024-12-15 02:42:43
108860,8860,Digital,Ativa,2023-07-08 13:04:35
108861,8861,Corrente,Ativa,2022-11-05 12:50:38
108862,8862,Corrente,Ativa,2025-07-27 07:44:32
108863,8863,Corrente,Ativa,2025-06-05 07:59:54
108864,8864,Corrente,Ativa,2018-05-27 19:12:06
108865,8865,Corrente,Ativa,2018-05-23 03:39:38
108866,8866,Digital,Ativa,2022-04-12 22:53:13
108867,8867,Digital,Ativa,2025-08-25 16:29:13
108868,8868,Corrente,Ativa,2019-11-28 05:28:51
108869,8869,Digital,Ativa,2021-02-04 18:01:05
108870,8870,Corrente,Ativa,2021-06-24 22:56:32
108871,8871,Corrente,Ativa,2023-02-22 14:33:54
108872,8872,Digital,Ativa,2023-09-27 13:26:40
108873,8873,Corrente,Ativa,2019-06-29 01:07:54
108874,8874,Corrente,Ativa,2018-04-21 07:02:29
108875,8875,Digital,Bloqueada,2019-05-05 21:15:38
108876,8876,Digital,Ativa,2019-12-17 23:01:41
108877,8877,Corrente,Ativa,2025-12-17 16:57:09
108878,8878,Corrente,Ativa,2018-01-12 04:22:14
108879,8879,Digital,Ativa,2024-06-29 06:14:40
108880,8880,Digital,Ativa,2024-12-10 10:18:59
108881,8881,Digital,Ativa,2023-06-19 06:53:29
108882,8882,Digital,Ativa,2024-10-18 08:09:13
108883,8883,Digital,Ativa,2023-08-31 05:27:26
108884,8884,Corrente,Ativa,2025-01-18 02:59:10
108885,8885,Digital,Ativa,2025-06-11 02:30:00
108886,8886,Corrente,Ativa,2025-03-08 00:35:37
108887,8887,Digital,Ativa,2024-08-14 01:58:51
108888,8888,Corrente,Ativa,2025-06-12 21:45:21
108889,8889,Digital,Ativa,2023-11-10 11:18:04
108890,8890,Digital,Ativa,2019-11-29 06:25:46
108891,8891,Corrente,Ativa,2020-08-07 19:41:58
108892,8892,Digital,Ativa,2022-09-04 05:08:22
108893,8893,Digital,Ativa,2025-07-24 07:02:52
108894,8894,Corrente,Ativa,2018-05-05 06:39:11
108895,8895,Digital,Ativa,2023-02-12 19:37:34
108896,8896,Corrente,Ativa,2018-12-24 19:44:49
108897,8897,Corrente,Ativa,2019-12-02 16:35:29
108898,8898,Digital,Ativa,2021-06-07 14:16:11
108899,8899,Digital,Ativa,2021-10-30 07:14:20
108900,8900,Corrente,Ativa,2020-02-11 07:09:54
108901,8901,Digital,Ativa,2024-07-04 13:26:26
108902,8902,Corrente,Ativa,2024-10-13 23:48:41
108903,8903,Corrente,Ativa,2024-01-29 10:02:41
108904,8904,Corrente,Ativa,2019-05-31 04:24:06
108905,8905,Corrente,Ativa,2018-08-16 06:46:57
108906,8906,Digital,Ativa,2019-03-28 12:00:37
108907,8907,Digital,Ativa,2025-11-24 23:05:48
108908,8908,Digital,Ativa,2020-03-22 00:46:02
108909,8909,Corrente,Bloqueada,2024-12-13 22:29:56
108910,8910,Corrente,Ativa,2018-06-08 15:21:42
108911,8911,Corrente,Ativa,2022-09-07 16:42:18
108912,8912,Digital,Ativa,2021-06-23 19:23:06
108913,8913,Corrente,Ativa,2023-05-05 06:11:18
108914,8914,Corrente,Ativa,2021-02-19 21:35:03
108915,8915,Digital,Ativa,2021-06-23 14:21:23
108916,8916,Corrente,Ativa,2024-04-25 22:07:37
108917,8917,Corrente,Ativa,2022-10-24 15:27:24
108918,8918,Corrente,Ativa,2023-08-14 06:27:32
108919,8919,Corrente,Ativa,2025-05-16 08:15:56
108920,8920,Corrente,Ativa,2024-08-04 01:36:19
108921,8921,Digital,Ativa,2024-01-21 04:17:32
108922,8922,Digital,Ativa,2023-05-07 00:26:54
108923,8923,Corrente,Ativa,2019-10-07 10:49:50
108924,8924,Corrente,Ativa,2019-10-09 13:01:38
108925,8925,Corrente,Ativa,2022-07-06 10:00:41
108926,8926,Corrente,Ativa,2025-11-10 12:24:33
108927,8927,Corrente,Ativa,2023-06-11 20:13:35
108928,8928,Corrente,Ativa,2023-05-05 06:51:31
108929,8929,Corrente,Ativa,2025-02-13 02:35:43
108930,8930,Corrente,Ativa,2018-11-24 14:50:05
108931,8931,Corrente,Ativa,2022-06-23 10:39:32
108932,8932,Digital,Ativa,2020-06-30 04:28:10
108933,8933,Corrente,Ativa,2018-01-28 13:01:04
108934,8934,Corrente,Ativa,2023-05-31 04:53:22
108935,8935,Digital,Ativa,2025-02-25 11:30:15
108936,8936,Corrente,Ativa,2023-01-31 15:54:18
108937,8937,Digital,Ativa,2018-10-20 12:07:00
108938,8938,Corrente,Ativa,2024-12-05 03:00:00
108939,8939,Corrente,Ativa,2022-03-27 17:59:31
108940,8940,Corrente,Ativa,2021-10-21 13:23:35
108941,8941,Corrente,Ativa,2021-04-20 08:11:51
108942,8942,Corrente,Ativa,2022-02-09 23:13:37
108943,8943,Digital,Ativa,2025-07-24 11:20:15
108944,8944,Corrente,Ativa,2022-12-28 00:19:20
108945,8945,Corrente,Ativa,2022-07-24 13:52:57
108946,8946,Corrente,Ativa,2021-10-06 10:45:36
108947,8947,Digital,Ativa,2024-04-02 02:12:39
108948,8948,Digital,Ativa,2025-08-08 05:52:55
108949,8949,Digital,Ativa,2019-10-10 22:13:00
108950,8950,Corrente,Ativa,2025-07-16 12:53:41
108951,8951,Corrente,Ativa,2024-12-16 17:24:32
108952,8952,Digital,Ativa,2025-12-08 15:03:58
108953,8953,Digital,Ativa,2020-01-26 15:51:07
108954,8954,Corrente,Ativa,2025-01-05 16:18:04
108955,8955,Digital,Ativa,2021-06-23 09:11:36
108956,8956,Corrente,Ativa,2021-09-13 15:10:06
108957,8957,Corrente,Ativa,2020-09-27 18:41:02
108958,8958,Digital,Ativa,2022-05-20 10:25:45
108959,8959,Digital,Ativa,2022-06-20 00:21:06
108960,8960,Corrente,Ativa,2021-02-11 13:36:29
108961,8961,Digital,Bloqueada,2019-02-12 18:36:00
108962,8962,Corrente,Bloqueada,2023-12-07 02:07:02
108963,8963,Corrente,Ativa,2019-05-14 18:37:33
108964,8964,Corrente,Ativa,2018-08-29 08:03:37
108965,8965,Corrente,Ativa,2024-03-28 17:07:13
108966,8966,Corrente,Ativa,2023-06-17 11:55:27
108967,8967,Corrente,Ativa,2022-07-16 13:10:52
108968,8968,Digital,Ativa,2020-07-01 15:40:32
108969,8969,Corrente,Ativa,2019-12-03 17:13:41
108970,8970,Corrente,Ativa,2023-08-16 17:13:04
108971,8971,Digital,Ativa,2020-06-10 16:58:13
108972,8972,Digital,Ativa,2024-01-09 06:43:12
108973,8973,Corrente,Ativa,2022-06-02 04:53:10
108974,8974,Digital,Ativa,2025-04-15 19:29:58
108975,8975,Corrente,Ativa,2024-03-06 20:17:55
108976,8976,Corrente,Ativa,2018-08-25 06:37:42
108977,8977,Corrente,Ativa,2020-07-28 03:49:50
108978,8978,Corrente,Ativa,2021-08-17 20:20:39
108979,8979,Digital,Ativa,2025-08-03 05:46:47
108980,8980,Corrente,Ativa,2021-09-04 22:37:15
108981,8981,Digital,Ativa,2024-03-14 04:17:31
108982,8982,Corrente,Ativa,2019-12-21 08:46:39
108983,8983,Corrente,Ativa,2023-06-14 04:51:55
108984,8984,Corrente,Bloqueada,2019-05-30 07:20:18
108985,8985,Digital,Bloqueada,2024-10-17 18:20:45
108986,8986,Corrente,Ativa,2022-11-07 02:13:01
108987,8987,Corrente,Ativa,2024-12-02 08:58:04
108988,8988,Corrente,Ativa,2020-03-07 02:36:02
108989,8989,Corrente,Ativa,2019-08-15 01:16:12
108990,8990,Corrente,Ativa,2020-10-30 01:25:14
108991,8991,Corrente,Ativa,2021-06-16 20:53:34
108992,8992,Corrente,Ativa,2018-08-24 00:39:58
108993,8993,Digital,Ativa,2021-01-05 13:47:48
108994,8994,Corrente,Ativa,2019-06-26 01:34:40
108995,8995,Corrente,Ativa,2023-08-10 03:49:47
108996,8996,Corrente,Ativa,2023-04-28 07:52:22
108997,8997,Corrente,Ativa,2023-08-07 14:39:41
108998,8998,Corrente,Ativa,2025-09-05 07:51:42
108999,8999,Corrente,Ativa,2021-02-26 21:49:45
109000,9000,Corrente,Ativa,2024-03-09 05:12:39
109001,9001,Corrente,Ativa,2020-06-07 10:35:11
109002,9002,Digital,Ativa,2023-11-08 13:52:38
109003,9003,Corrente,Ativa,2019-03-30 02:01:10
109004,9004,Corrente,Ativa,2019-07-17 18:40:21
109005,9005,Corrente,Bloqueada,2023-10-16 07:16:13
109006,9006,Digital,Ativa,2025-09-19 00:07:32
109007,9007,Corrente,Ativa,2024-10-15 17:07:21
109008,9008,Corrente,Ativa,2018-07-14 00:55:15
109009,9009,Digital,Ativa,2021-08-14 21:24:46
109010,9010,Corrente,Ativa,2018-04-03 02:57:40
109011,9011,Digital,Ativa,2022-11-11 05:24:38
109012,9012,Digital,Ativa,2019-06-22 22:51:11
109013,9013,Digital,Ativa,2024-01-28 03:58:15
109014,9014,Corrente,Ativa,2018-09-04 01:36:03
109015,9015,Corrente,Ativa,2022-11-20 13:39:00
109016,9016,Corrente,Ativa,2018-12-08 15:45:46
109017,9017,Corrente,Ativa,2023-05-23 22:28:53
109018,9018,Corrente,Ativa,2020-08-25 10:55:06
109019,9019,Corrente,Ativa,2024-03-30 19:25:12
109020,9020,Corrente,Ativa,2020-10-27 08:51:37
109021,9021,Corrente,Ativa,2023-09-10 09:44:21
109022,9022,Corrente,Ativa,2025-07-18 02:06:30
109023,9023,Digital,Ativa,2021-03-01 22:24:50
109024,9024,Digital,Ativa,2025-11-17 04:32:36
109025,9025,Corrente,Ativa,2021-04-15 03:47:47
109026,9026,Corrente,Ativa,2019-12-09 13:52:32
109027,9027,Digital,Ativa,2018-09-01 12:47:43
109028,9028,Corrente,Ativa,2023-08-03 04:04:59
109029,9029,Corrente,Ativa,2021-06-18 09:42:43
109030,9030,Corrente,Encerrada,2019-01-27 02:14:09
109031,9031,Corrente,Bloqueada,2024-11-05 22:41:55
109032,9032,Corrente,Ativa,2018-01-24 08:30:25
109033,9033,Digital,Ativa,2019-07-13 02:17:16
109034,9034,Corrente,Ativa,2021-05-22 16:54:35
109035,9035,Digital,Ativa,2023-01-11 08:33:39
109036,9036,Corrente,Ativa,2018-02-27 10:37:55
109037,9037,Digital,Ativa,2023-12-15 08:23:40
109038,9038,Corrente,Ativa,2022-03-11 23:24:42
109039,9039,Corrente,Ativa,2019-04-06 20:59:46
109040,9040,Corrente,Ativa,2020-11-23 19:38:28
109041,9041,Digital,Ativa,2018-07-31 02:05:44
109042,9042,Digital,Ativa,2024-01-02 20:18:24
109043,9043,Corrente,Ativa,2020-08-07 21:46:46
109044,9044,Corrente,Ativa,2018-12-02 01:55:05
109045,9045,Digital,Ativa,2024-12-27 02:08:44
109046,9046,Digital,Ativa,2021-03-04 07:58:38
109047,9047,Corrente,Ativa,2025-11-04 11:09:01
109048,9048,Corrente,Ativa,2019-06-06 04:06:55
109049,9049,Corrente,Ativa,2024-05-23 03:13:51
109050,9050,Corrente,Ativa,2020-11-11 15:02:08
109051,9051,Corrente,Ativa,2020-03-17 16:49:29
109052,9052,Corrente,Ativa,2020-06-15 20:10:06
109053,9053,Corrente,Ativa,2024-08-14 17:46:23
109054,9054,Corrente,Ativa,2021-05-02 11:01:15
109055,9055,Digital,Ativa,2019-01-19 21:37:34
109056,9056,Digital,Ativa,2019-06-15 17:50:07
109057,9057,Corrente,Ativa,2023-07-16 01:43:23
109058,9058,Corrente,Ativa,2023-10-05 09:21:04
109059,9059,Corrente,Ativa,2022-08-11 23:54:21
109060,9060,Digital,Ativa,2018-06-04 03:59:29
109061,9061,Corrente,Ativa,2020-07-16 22:04:09
109062,9062,Corrente,Ativa,2024-03-03 06:12:05
109063,9063,Corrente,Encerrada,2019-01-03 12:31:54
109064,9064,Corrente,Ativa,2019-10-23 00:18:37
109065,9065,Corrente,Ativa,2024-06-16 02:12:56
109066,9066,Corrente,Ativa,2023-08-29 21:49:56
109067,9067,Corrente,Ativa,2019-08-28 05:04:23
109068,9068,Corrente,Ativa,2024-03-21 17:59:37
109069,9069,Corrente,Ativa,2025-11-07 22:03:17
109070,9070,Corrente,Ativa,2018-11-04 03:55:14
109071,9071,Corrente,Ativa,2018-04-02 08:24:33
109072,9072,Corrente,Ativa,2022-10-19 10:47:56
109073,9073,Corrente,Ativa,2023-05-07 10:25:22
109074,9074,Corrente,Ativa,2025-10-23 03:44:37
109075,9075,Digital,Ativa,2022-03-22 19:12:52
109076,9076,Corrente,Ativa,2023-09-13 13:04:55
109077,9077,Corrente,Ativa,2023-06-17 08:46:33
109078,9078,Digital,Ativa,2021-03-11 22:05:37
109079,9079,Corrente,Ativa,2020-05-18 23:50:37
109080,9080,Digital,Ativa,2023-06-21 04:32:27
109081,9081,Corrente,Encerrada,2020-01-08 02:55:29
109082,9082,Corrente,Ativa,2025-04-03 22:36:51
109083,9083,Corrente,Bloqueada,2024-07-22 14:01:32
109084,9084,Digital,Ativa,2018-10-03 20:06:48
109085,9085,Corrente,Ativa,2020-02-19 07:47:00
109086,9086,Corrente,Ativa,2018-07-11 09:42:14
109087,9087,Digital,Ativa,2025-03-05 05:36:54
109088,9088,Digital,Ativa,2019-11-01 19:21:41
109089,9089,Digital,Ativa,2025-03-29 23:06:03
109090,9090,Digital,Ativa,2024-02-15 17:01:25
109091,9091,Corrente,Ativa,2025-03-10 14:52:35
109092,9092,Corrente,Bloqueada,2024-07-30 01:35:13
109093,9093,Corrente,Ativa,2022-02-17 15:29:58
109094,9094,Corrente,Ativa,2022-05-13 22:03:10
109095,9095,Corrente,Ativa,2019-09-02 02:58:29
109096,9096,Corrente,Ativa,2020-06-18 15:54:43
109097,9097,Corrente,Ativa,2024-01-11 19:50:56
109098,9098,Corrente,Encerrada,2020-11-23 03:35:17
109099,9099,Digital,Ativa,2021-03-21 09:43:22
109100,9100,Digital,Ativa,2018-10-25 08:32:34
109101,9101,Corrente,Ativa,2021-02-15 04:22:36
109102,9102,Corrente,Encerrada,2022-02-28 01:58:38
109103,9103,Digital,Ativa,2021-04-24 17:17:48
109104,9104,Corrente,Ativa,2019-07-06 22:53:20
109105,9105,Corrente,Ativa,2021-07-09 02:35:07
109106,9106,Digital,Ativa,2020-02-18 05:33:35
109107,9107,Corrente,Ativa,2019-10-16 02:50:09
109108,9108,Digital,Ativa,2024-02-11 20:14:29
109109,9109,Corrente,Ativa,2023-10-20 20:57:36
109110,9110,Digital,Bloqueada,2024-10-30 09:45:25
109111,9111,Corrente,Ativa,2025-08-06 04:31:26
109112,9112,Corrente,Ativa,2022-08-27 02:15:12
109113,9113,Corrente,Ativa,2022-02-16 20:00:16
109114,9114,Corrente,Ativa,2019-01-08 06:35:01
109115,9115,Corrente,Ativa,2021-07-19 05:17:19
109116,9116,Corrente,Ativa,2020-10-31 05:43:56
109117,9117,Corrente,Ativa,2021-10-14 14:46:24
109118,9118,Digital,Ativa,2018-06-01 18:19:27
109119,9119,Corrente,Ativa,2022-10-06 06:23:23
109120,9120,Corrente,Ativa,2023-05-30 22:36:24
109121,9121,Digital,Ativa,2019-07-30 08:20:17
109122,9122,Corrente,Ativa,2023-01-19 17:17:12
109123,9123,Corrente,Ativa,2021-02-10 21:03:16
109124,9124,Corrente,Ativa,2023-07-18 15:34:49
109125,9125,Corrente,Ativa,2019-08-05 10:06:23
109126,9126,Corrente,Ativa,2021-09-14 09:15:52
109127,9127,Corrente,Ativa,2019-12-04 03:50:08
109128,9128,Digital,Ativa,2025-03-14 08:38:28
109129,9129,Digital,Ativa,2020-01-25 19:44:39
109130,9130,Digital,Ativa,2020-07-08 08:40:48
109131,9131,Digital,Ativa,2022-04-07 05:52:52
109132,9132,Corrente,Ativa,2018-07-17 08:37:48
109133,9133,Corrente,Ativa,2020-04-25 09:35:39
109134,9134,Digital,Ativa,2020-06-11 16:44:02
109135,9135,Corrente,Ativa,2019-05-24 21:08:55
109136,9136,Digital,Ativa,2021-12-19 03:55:08
109137,9137,Digital,Ativa,2025-03-13 06:04:34
109138,9138,Corrente,Ativa,2019-11-27 00:50:19
109139,9139,Corrente,Ativa,2025-01-19 19:37:43
109140,9140,Corrente,Ativa,2019-11-05 07:02:02
109141,9141,Corrente,Ativa,2022-11-12 14:22:34
109142,9142,Corrente,Ativa,2020-08-13 09:33:18
109143,9143,Digital,Ativa,2024-04-20 21:24:30
109144,9144,Corrente,Ativa,2022-02-11 12:29:21
109145,9145,Corrente,Ativa,2024-10-31 14:12:41
109146,9146,Digital,Ativa,2025-07-12 13:56:13
109147,9147,Corrente,Ativa,2021-11-01 21:02:20
109148,9148,Digital,Ativa,2018-02-23 22:45:52
109149,9149,Digital,Ativa,2022-08-23 06:27:44
109150,9150,Corrente,Ativa,2020-08-20 07:48:51
109151,9151,Corrente,Ativa,2020-03-30 02:19:00
109152,9152,Corrente,Encerrada,2022-08-17 07:33:49
109153,9153,Digital,Ativa,2025-06-05 01:36:18
109154,9154,Digital,Ativa,2024-07-19 17:11:59
109155,9155,Corrente,Ativa,2022-11-10 17:59:13
109156,9156,Corrente,Ativa,2021-04-23 07:57:52
109157,9157,Digital,Ativa,2022-05-07 14:31:14
109158,9158,Corrente,Ativa,2019-05-28 23:22:08
109159,9159,Corrente,Ativa,2022-04-25 19:01:45
109160,9160,Corrente,Bloqueada,2019-03-17 15:03:05
109161,9161,Corrente,Ativa,2020-05-05 10:08:53
109162,9162,Corrente,Ativa,2022-10-21 18:17:16
109163,9163,Corrente,Encerrada,2024-10-22 10:38:18
109164,9164,Digital,Ativa,2019-03-14 22:26:58
109165,9165,Corrente,Ativa,2022-01-13 07:54:59
109166,9166,Corrente,Ativa,2023-11-22 00:49:11
109167,9167,Corrente,Bloqueada,2022-10-11 05:38:33
109168,9168,Corrente,Ativa,2025-02-26 15:39:10
109169,9169,Corrente,Ativa,2018-10-11 08:12:52
109170,9170,Corrente,Ativa,2019-11-26 15:23:00
109171,9171,Digital,Ativa,2021-11-05 20:57:43
109172,9172,Digital,Ativa,2025-07-25 11:03:53
109173,9173,Digital,Ativa,2019-12-07 20:50:01
109174,9174,Corrente,Ativa,2024-08-21 06:18:35
109175,9175,Digital,Ativa,2020-12-21 20:50:19
109176,9176,Corrente,Ativa,2024-11-19 01:42:02
109177,9177,Corrente,Ativa,2019-04-14 17:12:44
109178,9178,Digital,Encerrada,2019-11-21 11:45:13
109179,9179,Corrente,Ativa,2020-10-14 22:28:03
109180,9180,Corrente,Ativa,2020-07-21 01:39:40
109181,9181,Digital,Ativa,2022-01-30 17:49:29
109182,9182,Corrente,Encerrada,2019-08-06 20:07:16
109183,9183,Corrente,Ativa,2020-03-24 21:57:57
109184,9184,Digital,Ativa,2025-08-31 07:24:48
109185,9185,Corrente,Ativa,2023-07-12 21:47:52
109186,9186,Corrente,Ativa,2023-01-08 12:30:24
109187,9187,Corrente,Ativa,2020-07-09 15:26:46
109188,9188,Corrente,Ativa,2024-03-01 19:32:57
109189,9189,Digital,Ativa,2018-08-05 17:12:19
109190,9190,Corrente,Ativa,2024-10-11 12:15:16
109191,9191,Corrente,Ativa,2022-09-16 12:09:30
109192,9192,Corrente,Ativa,2023-02-07 11:25:58
109193,9193,Corrente,Ativa,2025-03-04 06:31:18
109194,9194,Corrente,Ativa,2019-12-24 02:05:19
109195,9195,Corrente,Ativa,2023-04-28 06:24:56
109196,9196,Corrente,Ativa,2019-06-29 15:28:38
109197,9197,Corrente,Ativa,2025-10-24 05:20:27
109198,9198,Digital,Ativa,2025-01-02 04:54:16
109199,9199,Digital,Ativa,2019-07-03 17:05:40
109200,9200,Corrente,Ativa,2020-02-12 12:11:13
109201,9201,Corrente,Ativa,2019-09-14 13:08:24
109202,9202,Digital,Bloqueada,2024-08-14 23:09:57
109203,9203,Corrente,Ativa,2025-03-11 10:36:05
109204,9204,Corrente,Ativa,2025-02-25 01:03:04
109205,9205,Corrente,Ativa,2024-05-13 01:16:30
109206,9206,Digital,Ativa,2025-01-04 10:17:16
109207,9207,Corrente,Ativa,2025-04-09 04:16:14
109208,9208,Corrente,Ativa,2025-01-09 22:54:56
109209,9209,Digital,Ativa,2020-10-22 03:41:19
109210,9210,Digital,Ativa,2019-08-09 06:17:18
109211,9211,Corrente,Ativa,2025-03-31 09:21:21
109212,9212,Corrente,Ativa,2021-09-28 19:37:46
109213,9213,Digital,Ativa,2021-02-19 11:15:46
109214,9214,Corrente,Ativa,2019-05-18 19:13:36
109215,9215,Digital,Ativa,2025-08-27 08:02:11
109216,9216,Corrente,Ativa,2024-06-15 01:10:57
109217,9217,Digital,Ativa,2023-10-26 07:54:23
109218,9218,Corrente,Ativa,2020-05-09 16:29:06
109219,9219,Corrente,Ativa,2025-10-11 08:07:11
109220,9220,Corrente,Ativa,2020-12-22 00:00:39
109221,9221,Corrente,Ativa,2020-01-16 08:03:06
109222,9222,Corrente,Ativa,2023-02-02 02:11:47
109223,9223,Digital,Ativa,2025-12-28 01:26:00
109224,9224,Digital,Ativa,2023-10-31 15:39:01
109225,9225,Corrente,Ativa,2018-12-16 11:47:58
109226,9226,Corrente,Ativa,2020-03-26 21:48:47
109227,9227,Digital,Ativa,2019-03-13 21:31:55
109228,9228,Digital,Ativa,2019-03-01 05:25:04
109229,9229,Corrente,Ativa,2024-11-12 08:40:21
109230,9230,Corrente,Ativa,2021-02-27 09:28:22
109231,9231,Corrente,Ativa,2020-12-30 00:56:59
109232,9232,Corrente,Ativa,2020-06-23 02:03:58
109233,9233,Corrente,Ativa,2020-04-09 22:58:11
109234,9234,Corrente,Ativa,2022-12-17 00:08:39
109235,9235,Corrente,Ativa,2023-12-02 05:08:46
109236,9236,Corrente,Ativa,2023-09-22 04:35:10
109237,9237,Digital,Ativa,2022-03-12 03:53:31
109238,9238,Digital,Ativa,2024-05-28 05:49:50
109239,9239,Digital,Ativa,2022-04-29 02:54:17
109240,9240,Corrente,Ativa,2025-06-07 09:08:18
109241,9241,Corrente,Ativa,2019-12-18 13:08:54
109242,9242,Digital,Encerrada,2025-08-15 09:44:38
109243,9243,Corrente,Ativa,2023-07-26 08:11:58
109244,9244,Digital,Ativa,2022-02-15 03:15:31
109245,9245,Corrente,Ativa,2020-05-30 21:18:08
109246,9246,Digital,Ativa,2018-08-29 10:29:15
109247,9247,Corrente,Ativa,2025-11-10 05:23:43
109248,9248,Corrente,Ativa,2021-02-22 16:56:47
109249,9249,Corrente,Ativa,2020-01-19 22:38:39
109250,9250,Corrente,Ativa,2021-05-08 17:23:37
109251,9251,Corrente,Ativa,2023-08-14 23:39:01
109252,9252,Corrente,Ativa,2020-09-08 14:22:06
109253,9253,Digital,Ativa,2025-11-02 00:21:19
109254,9254,Corrente,Ativa,2020-06-18 05:48:41
109255,9255,Digital,Ativa,2019-03-06 23:17:15
109256,9256,Digital,Ativa,2020-08-01 10:17:31
109257,9257,Corrente,Ativa,2020-10-16 12:34:19
109258,9258,Corrente,Ativa,2022-05-07 20:46:30
109259,9259,Corrente,Ativa,2025-03-24 16:51:14
109260,9260,Corrente,Ativa,2022-11-02 04:36:11
109261,9261,Digital,Ativa,2019-09-10 12:36:04
109262,9262,Corrente,Ativa,2020-10-25 06:47:51
109263,9263,Corrente,Ativa,2023-07-06 01:58:14
109264,9264,Corrente,Ativa,2021-09-03 08:25:37
109265,9265,Corrente,Ativa,2019-05-11 19:55:47
109266,9266,Corrente,Ativa,2023-06-22 09:59:50
109267,9267,Digital,Ativa,2021-03-12 00:36:13
109268,9268,Corrente,Ativa,2022-09-07 23:16:10
109269,9269,Digital,Ativa,2021-08-15 16:43:36
109270,9270,Corrente,Ativa,2022-01-28 12:13:10
109271,9271,Corrente,Ativa,2019-12-04 20:53:27
109272,9272,Corrente,Ativa,2024-11-14 17:47:21
109273,9273,Digital,Ativa,2021-01-01 23:29:47
109274,9274,Corrente,Ativa,2022-07-01 06:04:59
109275,9275,Corrente,Ativa,2020-02-17 23:56:58
109276,9276,Digital,Ativa,2024-05-16 06:08:44
109277,9277,Corrente,Ativa,2025-08-10 00:12:14
109278,9278,Corrente,Ativa,2018-07-03 13:54:08
109279,9279,Corrente,Ativa,2021-07-04 09:37:38
109280,9280,Corrente,Bloqueada,2018-02-28 09:02:45
109281,9281,Digital,Ativa,2021-12-29 23:53:27
109282,9282,Corrente,Ativa,2022-01-25 17:36:42
109283,9283,Corrente,Ativa,2019-03-13 12:55:25
109284,9284,Corrente,Ativa,2023-12-17 21:35:10
109285,9285,Corrente,Ativa,2025-11-14 04:11:50
109286,9286,Digital,Ativa,2019-11-04 20:01:31
109287,9287,Corrente,Ativa,2018-03-11 23:34:07
109288,9288,Corrente,Ativa,2019-07-08 18:52:53
109289,9289,Digital,Ativa,2021-04-14 04:52:35
109290,9290,Corrente,Ativa,2019-05-20 22:25:27
109291,9291,Corrente,Ativa,2020-09-27 22:43:53
109292,9292,Corrente,Ativa,2022-12-05 22:00:03
109293,9293,Digital,Ativa,2023-12-01 16:21:57
109294,9294,Digital,Ativa,2018-01-04 22:37:49
109295,9295,Corrente,Ativa,2022-12-10 23:24:59
109296,9296,Corrente,Ativa,2018-10-02 08:14:58
109297,9297,Corrente,Ativa,2019-05-18 23:34:51
109298,9298,Corrente,Ativa,2022-12-17 17:19:07
109299,9299,Corrente,Ativa,2024-06-11 15:10:46
109300,9300,Corrente,Ativa,2019-04-16 06:25:19
109301,9301,Corrente,Ativa,2021-09-28 21:35:39
109302,9302,Digital,Encerrada,2023-06-23 21:01:02
109303,9303,Corrente,Ativa,2018-05-13 05:04:53
109304,9304,Corrente,Ativa,2023-05-29 20:29:42
109305,9305,Corrente,Ativa,2018-07-18 08:46:22
109306,9306,Corrente,Ativa,2023-01-25 19:24:04
109307,9307,Corrente,Ativa,2021-11-15 13:06:25
109308,9308,Digital,Ativa,2025-10-12 17:47:27
109309,9309,Corrente,Ativa,2018-12-06 17:48:53
109310,9310,Corrente,Ativa,2024-05-03 01:13:35
109311,9311,Corrente,Ativa,2020-07-04 10:41:20
109312,9312,Corrente,Ativa,2023-05-28 06:29:42
109313,9313,Corrente,Ativa,2018-01-17 08:58:10
109314,9314,Digital,Ativa,2023-02-20 12:05:30
109315,9315,Corrente,Ativa,2025-03-02 05:31:02
109316,9316,Corrente,Ativa,2023-03-12 00:39:20
109317,9317,Corrente,Ativa,2023-02-17 12:08:48
109318,9318,Digital,Ativa,2021-01-06 12:08:37
109319,9319,Corrente,Ativa,2021-09-10 08:22:47
109320,9320,Corrente,Ativa,2023-09-14 08:25:21
109321,9321,Corrente,Ativa,2022-09-13 11:51:00
109322,9322,Corrente,Ativa,2023-08-01 12:10:38
109323,9323,Corrente,Ativa,2018-04-29 03:21:51
109324,9324,Corrente,Ativa,2025-07-25 18:15:56
109325,9325,Corrente,Ativa,2023-11-25 00:21:48
109326,9326,Corrente,Ativa,2018-01-10 16:57:31
109327,9327,Corrente,Ativa,2022-01-03 17:52:51
109328,9328,Digital,Ativa,2020-02-28 05:44:09
109329,9329,Digital,Ativa,2024-05-04 04:29:03
109330,9330,Digital,Encerrada,2021-04-26 10:36:50
109331,9331,Corrente,Ativa,2019-10-26 23:02:01
109332,9332,Digital,Ativa,2019-07-22 01:13:59
109333,9333,Corrente,Ativa,2022-08-02 01:51:13
109334,9334,Corrente,Ativa,2025-10-10 17:43:11
109335,9335,Corrente,Ativa,2018-09-18 10:46:40
109336,9336,Corrente,Ativa,2018-01-25 02:37:36
109337,9337,Digital,Ativa,2021-05-16 10:07:32
109338,9338,Corrente,Ativa,2024-11-08 23:19:52
109339,9339,Corrente,Ativa,2018-11-29 18:43:47
109340,9340,Digital,Ativa,2019-06-30 00:18:54
109341,9341,Corrente,Ativa,2025-01-14 14:22:39
109342,9342,Corrente,Ativa,2019-06-11 08:16:22
109343,9343,Corrente,Ativa,2020-01-21 23:01:05
109344,9344,Corrente,Ativa,2025-12-09 14:45:38
109345,9345,Digital,Ativa,2020-10-08 07:37:45
109346,9346,Corrente,Encerrada,2021-01-28 08:01:14
109347,9347,Corrente,Ativa,2023-11-12 17:40:56
109348,9348,Corrente,Encerrada,2023-07-01 23:47:16
109349,9349,Corrente,Ativa,2023-08-14 05:43:33
109350,9350,Digital,Ativa,2024-07-04 19:44:02
109351,9351,Corrente,Ativa,2018-11-12 01:45:16
109352,9352,Corrente,Ativa,2022-08-03 13:57:57
109353,9353,Corrente,Ativa,2018-03-21 13:55:22
109354,9354,Corrente,Ativa,2018-08-27 14:54:52
109355,9355,Digital,Bloqueada,2018-09-23 09:35:43
109356,9356,Corrente,Ativa,2018-08-09 07:55:22
109357,9357,Corrente,Bloqueada,2022-07-08 23:59:37
109358,9358,Digital,Ativa,2023-05-13 18:10:55
109359,9359,Corrente,Ativa,2024-01-27 15:55:25
109360,9360,Corrente,Ativa,2021-05-31 13:27:11
109361,9361,Corrente,Ativa,2022-08-08 02:57:29
109362,9362,Digital,Ativa,2025-07-10 01:43:12
109363,9363,Corrente,Bloqueada,2019-06-05 03:32:41
109364,9364,Corrente,Ativa,2021-08-13 14:25:27
109365,9365,Corrente,Ativa,2022-02-06 14:02:15
109366,9366,Digital,Ativa,2018-07-05 00:35:02
109367,9367,Digital,Ativa,2024-05-08 05:28:35
109368,9368,Corrente,Ativa,2019-07-06 08:22:08
109369,9369,Digital,Ativa,2019-12-02 00:58:49
109370,9370,Corrente,Ativa,2022-11-16 01:09:53
109371,9371,Corrente,Ativa,2018-08-05 15:18:03
109372,9372,Corrente,Ativa,2022-03-17 18:16:57
109373,9373,Corrente,Ativa,2021-11-26 00:18:26
109374,9374,Corrente,Ativa,2024-09-04 08:35:32
109375,9375,Digital,Ativa,2024-02-01 20:28:02
109376,9376,Corrente,Ativa,2025-10-11 13:07:10
109377,9377,Digital,Ativa,2020-10-20 09:29:33
109378,9378,Corrente,Ativa,2020-08-19 15:37:32
109379,9379,Digital,Ativa,2019-09-27 04:08:07
109380,9380,Corrente,Ativa,2018-05-05 20:30:29
109381,9381,Corrente,Ativa,2018-04-30 10:21:06
109382,9382,Corrente,Ativa,2023-11-03 14:33:53
109383,9383,Corrente,Ativa,2020-12-04 08:00:13
109384,9384,Digital,Ativa,2023-07-07 11:29:38
109385,9385,Corrente,Ativa,2020-06-24 03:15:29
109386,9386,Corrente,Ativa,2021-11-03 13:06:35
109387,9387,Corrente,Ativa,2020-02-11 00:00:18
109388,9388,Digital,Ativa,2024-04-04 11:26:16
109389,9389,Corrente,Ativa,2024-11-24 17:07:26
109390,9390,Corrente,Ativa,2024-05-02 22:59:59
109391,9391,Digital,Ativa,2023-11-25 16:31:44
109392,9392,Digital,Ativa,2025-04-22 05:47:46
109393,9393,Digital,Ativa,2023-12-29 06:21:10
109394,9394,Corrente,Ativa,2018-04-01 15:16:01
109395,9395,Corrente,Bloqueada,2023-09-16 21:41:00
109396,9396,Digital,Ativa,2023-04-12 03:24:59
109397,9397,Digital,Ativa,2021-04-29 11:54:07
109398,9398,Digital,Ativa,2025-07-16 20:05:06
109399,9399,Corrente,Ativa,2019-02-17 11:28:27
109400,9400,Corrente,Ativa,2022-08-21 20:26:09
109401,9401,Digital,Ativa,2019-03-07 23:35:28
109402,9402,Digital,Ativa,2021-04-09 03:14:17
109403,9403,Corrente,Ativa,2019-10-10 15:51:13
109404,9404,Corrente,Ativa,2023-03-19 09:42:50
109405,9405,Corrente,Ativa,2018-06-09 23:18:35
109406,9406,Digital,Ativa,2018-02-03 13:41:00
109407,9407,Corrente,Ativa,2019-05-12 04:47:31
109408,9408,Digital,Ativa,2019-04-18 16:33:56
109409,9409,Corrente,Ativa,2025-05-21 16:54:56
109410,9410,Corrente,Ativa,2024-02-28 22:52:51
109411,9411,Corrente,Ativa,2022-09-22 10:23:16
109412,9412,Digital,Ativa,2025-08-18 17:44:51
109413,9413,Corrente,Ativa,2020-01-23 01:14:25
109414,9414,Corrente,Ativa,2022-07-02 00:42:56
109415,9415,Corrente,Ativa,2024-03-13 02:41:55
109416,9416,Corrente,Bloqueada,2024-04-23 02:38:37
109417,9417,Corrente,Ativa,2024-06-22 02:23:29
109418,9418,Corrente,Ativa,2024-10-02 03:26:05
109419,9419,Corrente,Ativa,2021-07-24 14:47:37
109420,9420,Corrente,Ativa,2019-09-04 08:48:56
109421,9421,Corrente,Ativa,2023-05-05 21:09:39
109422,9422,Digital,Ativa,2019-06-06 05:50:55
109423,9423,Corrente,Ativa,2025-02-20 11:10:53
109424,9424,Corrente,Ativa,2022-12-15 01:22:42
109425,9425,Digital,Ativa,2018-04-19 10:39:10
109426,9426,Corrente,Ativa,2022-05-02 12:08:06
109427,9427,Corrente,Ativa,2024-02-26 23:20:58
109428,9428,Corrente,Ativa,2021-08-08 16:07:25
109429,9429,Digital,Ativa,2024-10-27 14:12:30
109430,9430,Corrente,Ativa,2024-09-24 06:08:25
109431,9431,Corrente,Ativa,2025-06-29 16:32:11
109432,9432,Digital,Ativa,2018-04-03 19:03:51
109433,9433,Corrente,Ativa,2021-09-16 18:30:12
109434,9434,Corrente,Ativa,2024-12-15 20:32:35
109435,9435,Corrente,Ativa,2018-03-15 10:29:52
109436,9436,Digital,Ativa,2023-04-15 16:31:00
109437,9437,Corrente,Ativa,2018-12-21 16:22:32
109438,9438,Corrente,Bloqueada,2023-06-03 13:17:27
109439,9439,Digital,Ativa,2024-01-22 03:32:29
109440,9440,Corrente,Ativa,2020-03-10 06:46:05
109441,9441,Corrente,Ativa,2024-08-04 11:13:39
109442,9442,Corrente,Ativa,2020-06-12 07:01:44
109443,9443,Digital,Ativa,2021-12-06 00:15:02
109444,9444,Corrente,Ativa,2025-01-05 23:44:33
109445,9445,Digital,Ativa,2021-01-05 10:59:54
109446,9446,Corrente,Ativa,2023-12-07 16:12:54
109447,9447,Corrente,Encerrada,2020-04-21 11:30:38
109448,9448,Corrente,Ativa,2021-12-15 12:11:31
109449,9449,Corrente,Ativa,2020-03-18 15:41:48
109450,9450,Corrente,Ativa,2024-09-18 09:23:43
109451,9451,Corrente,Ativa,2020-10-17 17:41:40
109452,9452,Corrente,Ativa,2022-04-01 22:25:52
109453,9453,Corrente,Ativa,2018-02-19 02:28:10
109454,9454,Corrente,Ativa,2024-08-11 19:38:54
109455,9455,Digital,Ativa,2024-06-26 23:19:57
109456,9456,Corrente,Ativa,2022-01-23 15:06:43
109457,9457,Digital,Ativa,2021-02-23 07:34:57
109458,9458,Corrente,Ativa,2024-03-14 20:31:04
109459,9459,Digital,Bloqueada,2021-06-09 13:33:47
109460,9460,Corrente,Ativa,2025-08-15 02:30:35
109461,9461,Corrente,Ativa,2025-05-30 11:22:05
109462,9462,Corrente,Ativa,2020-08-14 12:12:07
109463,9463,Corrente,Ativa,2023-02-03 20:37:06
109464,9464,Corrente,Ativa,2018-02-11 23:50:14
109465,9465,Corrente,Ativa,2019-08-05 02:22:46
109466,9466,Corrente,Ativa,2025-05-04 08:03:01
109467,9467,Corrente,Ativa,2025-11-27 14:05:38
109468,9468,Corrente,Ativa,2020-09-19 10:05:44
109469,9469,Corrente,Ativa,2022-01-07 10:35:36
109470,9470,Digital,Ativa,2018-12-25 10:48:53
109471,9471,Corrente,Ativa,2025-03-08 05:35:15
109472,9472,Digital,Ativa,2023-03-20 06:37:24
109473,9473,Digital,Ativa,2023-08-06 17:21:03
109474,9474,Corrente,Ativa,2018-03-23 11:45:44
109475,9475,Corrente,Ativa,2018-12-19 09:11:14
109476,9476,Digital,Ativa,2019-12-03 18:49:44
109477,9477,Corrente,Ativa,2022-12-03 00:42:28
109478,9478,Digital,Ativa,2021-04-30 10:32:53
109479,9479,Corrente,Bloqueada,2021-08-23 01:36:49
109480,9480,Corrente,Ativa,2025-10-09 01:34:57
109481,9481,Corrente,Ativa,2022-09-16 10:55:57
109482,9482,Corrente,Ativa,2020-01-05 10:22:51
109483,9483,Corrente,Ativa,2018-11-08 17:11:07
109484,9484,Corrente,Ativa,2018-10-11 03:11:45
109485,9485,Corrente,Ativa,2022-10-14 13:16:06
109486,9486,Corrente,Bloqueada,2020-11-03 03:09:46
109487,9487,Corrente,Ativa,2023-02-15 01:23:22
109488,9488,Corrente,Ativa,2021-02-21 20:38:13
109489,9489,Digital,Ativa,2024-04-27 17:24:06
109490,9490,Digital,Ativa,2019-03-24 07:31:08
109491,9491,Digital,Ativa,2018-11-02 09:07:46
109492,9492,Corrente,Ativa,2019-07-26 00:17:55
109493,9493,Corrente,Ativa,2022-03-14 23:32:10
109494,9494,Digital,Ativa,2024-04-04 05:26:45
109495,9495,Corrente,Ativa,2020-09-15 17:38:10
109496,9496,Corrente,Ativa,2018-07-12 00:46:38
109497,9497,Corrente,Ativa,2024-04-01 08:48:11
109498,9498,Digital,Bloqueada,2025-03-08 02:05:49
109499,9499,Corrente,Ativa,2023-02-09 07:48:16
109500,9500,Corrente,Ativa,2025-07-18 07:17:09
109501,9501,Digital,Ativa,2019-07-01 11:38:33
109502,9502,Corrente,Ativa,2018-07-06 15:37:14
109503,9503,Digital,Bloqueada,2021-07-23 03:19:53
109504,9504,Corrente,Ativa,2023-10-01 14:10:41
109505,9505,Digital,Ativa,2020-08-02 17:13:32
109506,9506,Corrente,Ativa,2023-04-20 03:31:02
109507,9507,Corrente,Ativa,2021-03-05 21:15:08
109508,9508,Corrente,Ativa,2023-08-04 04:36:04
109509,9509,Corrente,Ativa,2019-12-09 16:10:21
109510,9510,Corrente,Ativa,2023-08-13 05:39:44
109511,9511,Corrente,Ativa,2024-04-17 23:27:27
109512,9512,Corrente,Ativa,2024-01-24 08:36:40
109513,9513,Digital,Ativa,2019-10-07 03:38:25
109514,9514,Corrente,Ativa,2021-04-17 00:55:13
109515,9515,Digital,Ativa,2025-09-16 02:27:58
109516,9516,Corrente,Ativa,2023-06-27 20:20:09
109517,9517,Digital,Ativa,2023-04-29 06:27:05
109518,9518,Corrente,Bloqueada,2018-12-26 17:50:27
109519,9519,Corrente,Ativa,2019-02-10 07:01:21
109520,9520,Digital,Ativa,2024-03-06 09:35:10
109521,9521,Digital,Ativa,2019-11-17 15:06:54
109522,9522,Corrente,Ativa,2025-03-21 19:54:45
109523,9523,Corrente,Ativa,2018-11-07 19:54:36
109524,9524,Digital,Ativa,2021-02-20 14:36:04
109525,9525,Corrente,Ativa,2018-08-04 08:33:29
109526,9526,Corrente,Encerrada,2024-06-24 14:28:50
109527,9527,Digital,Ativa,2020-01-12 07:46:52
109528,9528,Digital,Ativa,2025-09-26 05:02:09
109529,9529,Corrente,Encerrada,2018-02-22 16:17:09
109530,9530,Corrente,Ativa,2020-12-13 05:53:17
109531,9531,Corrente,Ativa,2025-03-13 23:00:33
109532,9532,Corrente,Ativa,2020-01-24 23:15:31
109533,9533,Corrente,Bloqueada,2025-09-18 12:06:38
109534,9534,Corrente,Ativa,2018-09-30 17:28:20
109535,9535,Digital,Ativa,2023-04-17 22:30:04
109536,9536,Digital,Ativa,2019-01-16 02:00:15
109537,9537,Corrente,Ativa,2024-08-11 18:44:42
109538,9538,Digital,Ativa,2025-05-27 19:26:15
109539,9539,Corrente,Ativa,2024-03-30 16:05:31
109540,9540,Digital,Ativa,2018-03-02 10:08:00
109541,9541,Corrente,Ativa,2022-06-27 07:55:34
109542,9542,Corrente,Ativa,2025-04-29 07:26:05
109543,9543,Corrente,Encerrada,2024-05-29 02:59:01
109544,9544,Corrente,Ativa,2025-08-01 22:11:43
109545,9545,Digital,Ativa,2022-01-01 17:54:10
109546,9546,Corrente,Ativa,2018-06-26 18:29:29
109547,9547,Corrente,Ativa,2019-12-30 10:55:21
109548,9548,Corrente,Ativa,2020-06-20 09:29:02
109549,9549,Digital,Ativa,2024-09-02 00:22:33
109550,9550,Corrente,Ativa,2023-08-20 23:22:40
109551,9551,Corrente,Ativa,2023-08-12 15:52:17
109552,9552,Corrente,Ativa,2021-04-05 09:56:00
109553,9553,Corrente,Ativa,2018-03-30 01:34:23
109554,9554,Corrente,Ativa,2022-05-16 14:36:02
109555,9555,Corrente,Ativa,2022-03-14 14:08:00
109556,9556,Digital,Ativa,2022-05-17 11:25:13
109557,9557,Corrente,Ativa,2022-03-01 20:49:08
109558,9558,Corrente,Ativa,2019-05-10 11:25:13
109559,9559,Digital,Ativa,2021-01-21 14:17:09
109560,9560,Digital,Ativa,2019-11-11 05:14:40
109561,9561,Corrente,Ativa,2023-10-30 12:55:57
109562,9562,Digital,Ativa,2022-03-22 03:22:24
109563,9563,Digital,Ativa,2022-10-24 22:36:59
109564,9564,Corrente,Ativa,2020-11-16 10:43:47
109565,9565,Corrente,Ativa,2025-11-04 02:46:59
109566,9566,Corrente,Ativa,2018-11-11 02:48:55
109567,9567,Digital,Ativa,2021-06-19 03:34:01
109568,9568,Corrente,Ativa,2020-03-16 11:55:34
109569,9569,Corrente,Ativa,2025-05-20 00:54:14
109570,9570,Corrente,Ativa,2021-03-01 09:48:08
109571,9571,Corrente,Bloqueada,2019-09-09 14:34:47
109572,9572,Corrente,Ativa,2019-08-01 07:50:35
109573,9573,Digital,Ativa,2025-02-13 21:14:36
109574,9574,Corrente,Ativa,2019-04-07 16:15:22
109575,9575,Digital,Ativa,2022-09-07 18:12:10
109576,9576,Digital,Ativa,2020-03-30 04:56:27
109577,9577,Corrente,Encerrada,2022-04-20 20:49:15
109578,9578,Digital,Ativa,2025-07-02 04:59:42
109579,9579,Corrente,Ativa,2025-05-19 02:07:59
109580,9580,Digital,Ativa,2020-08-25 09:43:23
109581,9581,Digital,Ativa,2020-05-27 16:21:54
109582,9582,Digital,Bloqueada,2023-09-24 03:44:15
109583,9583,Corrente,Ativa,2021-01-24 23:49:55
109584,9584,Digital,Ativa,2022-11-19 06:52:39
109585,9585,Corrente,Ativa,2021-09-29 08:15:25
109586,9586,Corrente,Ativa,2018-12-13 05:32:20
109587,9587,Digital,Ativa,2024-04-24 19:29:00
109588,9588,Digital,Ativa,2021-01-06 01:36:31
109589,9589,Corrente,Bloqueada,2021-03-18 07:50:38
109590,9590,Corrente,Ativa,2025-01-21 18:53:08
109591,9591,Corrente,Ativa,2022-04-20 04:04:07
109592,9592,Corrente,Ativa,2023-07-07 09:57:59
109593,9593,Digital,Ativa,2024-09-13 18:33:00
109594,9594,Corrente,Encerrada,2025-04-02 03:25:41
109595,9595,Corrente,Bloqueada,2023-06-07 10:10:37
109596,9596,Corrente,Ativa,2024-09-03 05:00:08
109597,9597,Corrente,Ativa,2023-02-17 07:43:15
109598,9598,Corrente,Ativa,2021-11-07 03:40:57
109599,9599,Corrente,Ativa,2019-05-22 08:39:58
109600,9600,Corrente,Ativa,2024-07-31 20:28:48
109601,9601,Corrente,Bloqueada,2018-11-27 23:29:13
109602,9602,Corrente,Bloqueada,2021-09-05 02:50:57
109603,9603,Corrente,Ativa,2023-05-16 23:44:48
109604,9604,Corrente,Ativa,2018-12-12 04:38:59
109605,9605,Digital,Ativa,2024-10-04 21:35:52
109606,9606,Corrente,Ativa,2021-10-22 13:14:34
109607,9607,Corrente,Ativa,2023-07-23 00:34:07
109608,9608,Corrente,Ativa,2024-03-09 03:05:25
109609,9609,Corrente,Ativa,2024-08-21 07:08:47
109610,9610,Corrente,Ativa,2024-12-26 13:13:48
109611,9611,Digital,Ativa,2023-01-23 03:03:59
109612,9612,Corrente,Ativa,2025-09-17 17:38:05
109613,9613,Digital,Ativa,2022-02-05 05:58:21
109614,9614,Digital,Ativa,2019-02-22 07:59:17
109615,9615,Corrente,Ativa,2020-12-06 15:09:57
109616,9616,Digital,Ativa,2019-09-16 05:50:24
109617,9617,Corrente,Ativa,2025-06-20 22:25:04
109618,9618,Corrente,Ativa,2025-08-20 01:59:30
109619,9619,Corrente,Ativa,2025-12-24 08:42:44
109620,9620,Digital,Ativa,2025-12-09 19:50:09
109621,9621,Corrente,Ativa,2018-11-04 20:08:58
109622,9622,Corrente,Ativa,2020-01-16 06:34:51
109623,9623,Corrente,Ativa,2025-04-19 22:43:44
109624,9624,Corrente,Ativa,2020-02-18 18:07:36
109625,9625,Corrente,Ativa,2023-07-04 06:37:14
109626,9626,Corrente,Ativa,2022-12-14 07:29:52
109627,9627,Corrente,Ativa,2018-02-10 14:28:12
109628,9628,Corrente,Ativa,2021-11-30 16:55:09
109629,9629,Digital,Ativa,2022-03-29 07:17:14
109630,9630,Digital,Ativa,2021-08-21 07:35:38
109631,9631,Corrente,Ativa,2022-02-08 13:14:50
109632,9632,Digital,Ativa,2020-01-08 12:35:47
109633,9633,Corrente,Ativa,2018-07-08 15:02:00
109634,9634,Corrente,Ativa,2025-06-16 07:58:49
109635,9635,Corrente,Ativa,2019-03-12 12:17:03
109636,9636,Digital,Ativa,2019-07-26 02:04:33
109637,9637,Corrente,Ativa,2025-08-13 05:36:57
109638,9638,Corrente,Ativa,2020-12-30 04:57:22
109639,9639,Digital,Ativa,2020-09-14 13:47:47
109640,9640,Digital,Ativa,2021-03-08 11:48:59
109641,9641,Corrente,Ativa,2025-03-28 14:37:05
109642,9642,Digital,Ativa,2020-07-28 04:14:09
109643,9643,Corrente,Ativa,2024-02-04 20:13:15
109644,9644,Corrente,Ativa,2025-06-06 05:00:53
109645,9645,Corrente,Ativa,2024-07-01 23:41:46
109646,9646,Corrente,Ativa,2022-07-24 08:20:14
109647,9647,Corrente,Ativa,2021-10-29 13:07:54
109648,9648,Corrente,Ativa,2022-03-20 10:50:33
109649,9649,Corrente,Ativa,2019-10-18 04:25:40
109650,9650,Corrente,Ativa,2018-11-30 06:17:19
109651,9651,Corrente,Ativa,2021-07-27 09:15:54
109652,9652,Corrente,Ativa,2021-03-02 09:47:48
109653,9653,Digital,Bloqueada,2023-06-11 14:07:04
109654,9654,Corrente,Bloqueada,2023-11-01 17:23:34
109655,9655,Digital,Bloqueada,2018-07-07 14:41:14
109656,9656,Corrente,Ativa,2024-04-11 10:37:02
109657,9657,Corrente,Ativa,2025-10-08 22:55:20
109658,9658,Corrente,Ativa,2018-02-01 11:33:36
109659,9659,Digital,Ativa,2023-10-16 17:36:49
109660,9660,Corrente,Ativa,2023-06-19 20:42:28
109661,9661,Digital,Ativa,2019-12-10 03:17:45
109662,9662,Corrente,Ativa,2019-11-06 16:55:41
109663,9663,Digital,Ativa,2024-09-21 16:28:22
109664,9664,Digital,Ativa,2021-07-25 14:00:23
109665,9665,Digital,Ativa,2019-12-06 12:40:22
109666,9666,Corrente,Encerrada,2024-01-16 07:57:35
109667,9667,Corrente,Ativa,2025-08-30 19:54:48
109668,9668,Corrente,Ativa,2022-10-20 22:42:06
109669,9669,Corrente,Ativa,2022-11-26 05:07:38
109670,9670,Corrente,Ativa,2025-06-11 20:18:42
109671,9671,Corrente,Ativa,2022-10-01 04:24:20
109672,9672,Digital,Ativa,2018-10-22 11:26:07
109673,9673,Corrente,Ativa,2022-10-26 12:16:59
109674,9674,Corrente,Ativa,2024-05-20 15:48:37
109675,9675,Corrente,Ativa,2023-07-21 22:27:37
109676,9676,Digital,Ativa,2021-11-20 14:51:18
109677,9677,Corrente,Ativa,2022-11-15 07:10:51
109678,9678,Digital,Ativa,2024-03-01 21:03:34
109679,9679,Digital,Bloqueada,2019-06-20 16:30:43
109680,9680,Corrente,Ativa,2022-12-06 05:00:23
109681,9681,Corrente,Ativa,2021-03-26 10:49:29
109682,9682,Corrente,Ativa,2019-09-21 09:11:28
109683,9683,Digital,Ativa,2023-10-03 08:20:27
109684,9684,Corrente,Ativa,2023-05-14 17:29:33
109685,9685,Corrente,Ativa,2019-04-11 08:16:16
109686,9686,Corrente,Ativa,2022-06-26 01:50:16
109687,9687,Corrente,Ativa,2018-10-06 17:10:52
109688,9688,Corrente,Ativa,2018-10-25 00:09:29
109689,9689,Corrente,Ativa,2025-07-01 17:38:06
109690,9690,Corrente,Ativa,2021-05-25 07:30:49
109691,9691,Corrente,Bloqueada,2025-03-20 19:27:23
109692,9692,Digital,Ativa,2020-12-14 22:10:26
109693,9693,Corrente,Ativa,2019-04-18 05:06:48
109694,9694,Digital,Ativa,2018-10-31 19:31:21
109695,9695,Corrente,Ativa,2021-01-05 05:20:10
109696,9696,Corrente,Ativa,2021-04-14 08:54:33
109697,9697,Corrente,Ativa,2019-11-26 17:38:05
109698,9698,Digital,Ativa,2020-03-13 02:23:55
109699,9699,Corrente,Ativa,2025-06-19 02:46:53
109700,9700,Digital,Ativa,2021-03-03 17:28:16
109701,9701,Digital,Ativa,2022-07-01 12:51:18
109702,9702,Corrente,Ativa,2021-01-12 02:21:56
109703,9703,Corrente,Ativa,2025-04-08 19:27:55
109704,9704,Corrente,Ativa,2025-03-24 11:25:15
109705,9705,Digital,Ativa,2023-09-03 02:18:59
109706,9706,Corrente,Ativa,2021-03-26 08:57:03
109707,9707,Corrente,Ativa,2018-07-26 12:55:22
109708,9708,Digital,Ativa,2019-09-09 16:44:59
109709,9709,Corrente,Ativa,2018-02-16 15:28:04
109710,9710,Corrente,Ativa,2024-11-11 02:21:17
109711,9711,Corrente,Ativa,2020-03-14 14:30:56
109712,9712,Digital,Ativa,2019-08-30 22:51:53
109713,9713,Corrente,Ativa,2023-03-04 01:32:22
109714,9714,Corrente,Ativa,2022-03-11 22:55:22
109715,9715,Corrente,Encerrada,2025-07-15 04:25:37
109716,9716,Digital,Ativa,2020-08-26 12:00:29
109717,9717,Corrente,Ativa,2020-07-21 10:08:59
109718,9718,Corrente,Ativa,2025-01-11 11:36:08
109719,9719,Digital,Ativa,2025-09-15 23:48:20
109720,9720,Corrente,Ativa,2021-11-12 20:01:40
109721,9721,Digital,Ativa,2022-04-24 10:01:34
109722,9722,Corrente,Ativa,2024-07-03 17:13:49
109723,9723,Corrente,Ativa,2019-08-27 12:52:02
109724,9724,Corrente,Ativa,2024-01-10 02:41:29
109725,9725,Digital,Ativa,2024-03-21 00:38:09
109726,9726,Corrente,Ativa,2021-11-07 00:02:15
109727,9727,Corrente,Bloqueada,2019-02-08 06:55:26
109728,9728,Digital,Ativa,2025-09-21 03:07:40
109729,9729,Digital,Ativa,2019-07-10 09:04:56
109730,9730,Corrente,Ativa,2021-11-05 21:12:34
109731,9731,Corrente,Ativa,2023-07-10 23:54:03
109732,9732,Corrente,Ativa,2019-02-25 16:15:09
109733,9733,Digital,Ativa,2022-07-24 03:12:10
109734,9734,Corrente,Ativa,2020-07-22 19:21:00
109735,9735,Digital,Ativa,2019-09-22 15:27:35
109736,9736,Corrente,Ativa,2024-02-29 19:23:33
109737,9737,Corrente,Ativa,2024-04-27 08:05:31
109738,9738,Corrente,Bloqueada,2024-03-22 21:22:16
109739,9739,Corrente,Ativa,2025-02-19 07:59:53
109740,9740,Corrente,Ativa,2023-10-19 06:11:47
109741,9741,Digital,Ativa,2018-01-15 08:55:46
109742,9742,Corrente,Ativa,2019-02-10 07:49:26
109743,9743,Corrente,Bloqueada,2019-06-20 14:32:48
109744,9744,Digital,Ativa,2023-04-11 11:33:18
109745,9745,Corrente,Ativa,2025-03-08 19:38:26
109746,9746,Corrente,Ativa,2019-11-23 22:19:02
109747,9747,Digital,Ativa,2019-12-03 12:17:15
109748,9748,Corrente,Ativa,2019-11-26 13:08:22
109749,9749,Corrente,Ativa,2024-03-27 13:47:04
109750,9750,Digital,Ativa,2025-05-02 00:05:33
109751,9751,Corrente,Ativa,2020-05-30 01:34:49
109752,9752,Digital,Ativa,2019-04-25 05:08:46
109753,9753,Corrente,Ativa,2020-06-26 21:34:16
109754,9754,Corrente,Ativa,2018-06-22 07:27:06
109755,9755,Digital,Ativa,2021-10-12 18:28:26
109756,9756,Corrente,Ativa,2020-10-10 16:47:02
109757,9757,Digital,Ativa,2022-06-14 17:03:38
109758,9758,Corrente,Ativa,2019-02-17 23:54:37
109759,9759,Digital,Ativa,2023-03-18 20:40:34
109760,9760,Digital,Ativa,2019-01-08 17:49:02
109761,9761,Corrente,Ativa,2020-09-15 01:09:22
109762,9762,Digital,Ativa,2024-12-15 16:14:53
109763,9763,Corrente,Ativa,2020-07-19 00:00:52
109764,9764,Digital,Ativa,2021-08-22 13:14:16
109765,9765,Corrente,Ativa,2018-02-06 11:50:40
109766,9766,Digital,Ativa,2025-08-29 02:41:52
109767,9767,Corrente,Ativa,2023-12-12 22:42:00
109768,9768,Corrente,Ativa,2023-08-23 07:39:23
109769,9769,Corrente,Ativa,2024-06-17 01:47:50
109770,9770,Corrente,Ativa,2024-11-20 13:31:54
109771,9771,Corrente,Ativa,2022-11-10 16:46:52
109772,9772,Corrente,Ativa,2019-04-19 20:21:19
109773,9773,Corrente,Ativa,2019-03-08 12:47:41
109774,9774,Corrente,Ativa,2021-04-27 10:25:23
109775,9775,Digital,Ativa,2021-10-03 20:11:42
109776,9776,Corrente,Ativa,2024-05-02 17:29:36
109777,9777,Corrente,Ativa,2018-03-12 19:56:15
109778,9778,Digital,Ativa,2021-03-13 13:11:01
109779,9779,Corrente,Ativa,2020-08-22 03:35:20
109780,9780,Corrente,Ativa,2025-03-27 16:23:17
109781,9781,Digital,Ativa,2021-05-27 21:47:00
109782,9782,Corrente,Ativa,2025-06-02 11:59:26
109783,9783,Corrente,Ativa,2018-06-25 21:56:32
109784,9784,Corrente,Ativa,2023-12-19 13:18:32
109785,9785,Corrente,Bloqueada,2025-02-18 08:16:32
109786,9786,Corrente,Ativa,2020-01-11 03:02:35
109787,9787,Corrente,Ativa,2025-05-11 02:46:11
109788,9788,Digital,Ativa,2025-11-21 09:06:35
109789,9789,Digital,Ativa,2018-10-29 14:07:44
109790,9790,Corrente,Ativa,2022-05-09 03:02:49
109791,9791,Corrente,Ativa,2024-12-07 15:50:59
109792,9792,Corrente,Ativa,2019-09-13 19:25:42
109793,9793,Corrente,Ativa,2020-03-21 09:25:27
109794,9794,Digital,Encerrada,2018-01-09 15:22:07
109795,9795,Corrente,Ativa,2022-11-03 22:46:10
109796,9796,Digital,Ativa,2018-01-25 05:58:10
109797,9797,Corrente,Ativa,2018-10-07 23:48:41
109798,9798,Digital,Ativa,2023-03-24 05:01:56
109799,9799,Digital,Ativa,2018-05-24 02:01:14
109800,9800,Corrente,Ativa,2022-02-19 03:59:33
109801,9801,Corrente,Ativa,2020-11-17 08:25:54
109802,9802,Corrente,Ativa,2020-12-23 09:59:33
109803,9803,Corrente,Ativa,2021-05-17 14:49:29
109804,9804,Corrente,Bloqueada,2020-10-21 08:04:06
109805,9805,Corrente,Ativa,2023-09-12 16:56:12
109806,9806,Digital,Ativa,2022-07-20 00:35:17
109807,9807,Corrente,Ativa,2025-06-09 16:21:35
109808,9808,Corrente,Ativa,2024-09-28 01:28:21
109809,9809,Digital,Ativa,2022-11-19 22:06:20
109810,9810,Corrente,Ativa,2023-05-30 21:29:53
109811,9811,Digital,Ativa,2025-07-20 05:46:07
109812,9812,Corrente,Ativa,2023-12-02 22:26:36
109813,9813,Corrente,Ativa,2024-03-28 23:14:50
109814,9814,Corrente,Bloqueada,2022-02-23 16:52:03
109815,9815,Corrente,Ativa,2025-11-21 20:40:48
109816,9816,Corrente,Ativa,2021-12-07 15:10:33
109817,9817,Corrente,Ativa,2025-07-13 04:26:23
109818,9818,Corrente,Ativa,2024-08-06 11:05:32
109819,9819,Corrente,Ativa,2021-09-12 07:50:28
109820,9820,Corrente,Ativa,2020-11-07 18:28:47
109821,9821,Corrente,Ativa,2023-05-30 17:49:16
109822,9822,Corrente,Ativa,2019-03-25 08:12:12
109823,9823,Digital,Ativa,2021-07-26 12:17:45
109824,9824,Corrente,Ativa,2024-10-15 11:01:22
109825,9825,Digital,Ativa,2024-11-26 17:04:50
109826,9826,Corrente,Bloqueada,2024-02-04 19:06:43
109827,9827,Corrente,Ativa,2024-10-24 21:37:47
109828,9828,Corrente,Ativa,2024-09-12 19:46:32
109829,9829,Corrente,Ativa,2024-06-10 09:31:38
109830,9830,Corrente,Ativa,2018-02-15 07:53:57
109831,9831,Corrente,Ativa,2023-02-06 01:58:01
109832,9832,Corrente,Ativa,2018-07-09 10:34:50
109833,9833,Corrente,Ativa,2020-12-02 15:43:03
109834,9834,Corrente,Ativa,2025-02-07 21:15:06
109835,9835,Digital,Ativa,2018-08-09 15:32:59
109836,9836,Corrente,Bloqueada,2022-04-13 14:27:57
109837,9837,Corrente,Ativa,2021-12-10 11:53:24
109838,9838,Corrente,Ativa,2020-09-09 23:27:17
109839,9839,Corrente,Ativa,2022-09-15 22:31:30
109840,9840,Corrente,Ativa,2023-09-11 12:16:26
109841,9841,Digital,Ativa,2019-08-03 08:40:42
109842,9842,Corrente,Ativa,2019-04-18 10:25:30
109843,9843,Corrente,Ativa,2019-12-22 09:51:02
109844,9844,Corrente,Ativa,2019-03-16 04:03:07
109845,9845,Corrente,Ativa,2022-10-27 00:48:26
109846,9846,Corrente,Ativa,2024-08-14 15:23:26
109847,9847,Corrente,Ativa,2018-09-17 20:34:18
109848,9848,Corrente,Ativa,2020-09-07 11:43:20
109849,9849,Corrente,Ativa,2025-07-07 04:01:42
109850,9850,Digital,Ativa,2020-07-26 21:12:47
109851,9851,Corrente,Bloqueada,2022-04-23 14:54:12
109852,9852,Corrente,Ativa,2023-08-05 03:47:37
109853,9853,Corrente,Ativa,2023-08-24 19:39:36
109854,9854,Corrente,Ativa,2019-10-26 20:04:42
109855,9855,Digital,Ativa,2022-03-31 06:52:40
109856,9856,Corrente,Ativa,2024-07-18 21:44:18
109857,9857,Corrente,Ativa,2018-09-15 20:32:44
109858,9858,Corrente,Ativa,2022-11-19 07:40:36
109859,9859,Corrente,Ativa,2025-09-19 21:20:16
109860,9860,Corrente,Ativa,2018-09-11 14:30:54
109861,9861,Corrente,Ativa,2018-06-02 07:13:17
109862,9862,Corrente,Ativa,2022-12-16 00:12:06
109863,9863,Corrente,Ativa,2019-03-23 09:50:57
109864,9864,Corrente,Ativa,2021-08-28 13:18:17
109865,9865,Digital,Ativa,2024-11-30 17:04:21
109866,9866,Corrente,Ativa,2018-05-01 05:17:29
109867,9867,Digital,Ativa,2022-12-19 15:28:27
109868,9868,Corrente,Ativa,2021-04-05 15:17:03
109869,9869,Digital,Bloqueada,2019-01-29 15:36:06
109870,9870,Digital,Ativa,2019-05-22 09:04:18
109871,9871,Corrente,Ativa,2021-04-18 16:58:31
109872,9872,Digital,Ativa,2024-05-31 13:52:20
109873,9873,Digital,Ativa,2019-12-23 22:54:33
109874,9874,Corrente,Ativa,2022-09-23 17:55:31
109875,9875,Digital,Ativa,2018-11-09 22:36:14
109876,9876,Corrente,Ativa,2020-06-22 16:24:58
109877,9877,Corrente,Ativa,2024-06-25 02:05:02
109878,9878,Digital,Ativa,2019-12-18 14:19:42
109879,9879,Digital,Ativa,2023-01-27 05:01:31
109880,9880,Corrente,Ativa,2023-07-14 21:09:12
109881,9881,Corrente,Ativa,2023-10-24 16:09:02
109882,9882,Corrente,Ativa,2023-02-20 04:24:40
109883,9883,Corrente,Ativa,2018-08-24 00:45:37
109884,9884,Corrente,Bloqueada,2024-08-08 20:57:52
109885,9885,Corrente,Ativa,2022-03-10 22:38:10
109886,9886,Digital,Ativa,2020-12-27 16:53:51
109887,9887,Corrente,Ativa,2018-09-24 08:05:29
109888,9888,Corrente,Ativa,2021-03-22 15:37:11
109889,9889,Corrente,Ativa,2021-05-31 05:40:03
109890,9890,Digital,Ativa,2025-12-12 23:44:04
109891,9891,Corrente,Ativa,2018-07-10 11:13:16
109892,9892,Corrente,Bloqueada,2025-04-08 11:33:08
109893,9893,Corrente,Ativa,2023-05-10 19:10:18
109894,9894,Digital,Ativa,2021-11-02 16:32:01
109895,9895,Corrente,Ativa,2024-10-24 22:24:00
109896,9896,Digital,Ativa,2020-11-18 19:18:22
109897,9897,Corrente,Ativa,2022-09-28 02:27:19
109898,9898,Corrente,Ativa,2019-03-04 11:44:09
109899,9899,Corrente,Ativa,2021-12-03 06:14:51
109900,9900,Corrente,Ativa,2023-07-28 04:12:52
109901,9901,Corrente,Ativa,2021-11-07 17:31:29
109902,9902,Corrente,Bloqueada,2021-06-04 00:55:18
109903,9903,Digital,Ativa,2023-08-04 12:58:37
109904,9904,Corrente,Ativa,2023-05-23 09:34:57
109905,9905,Digital,Ativa,2019-07-30 05:17:41
109906,9906,Digital,Ativa,2020-01-12 17:30:16
109907,9907,Corrente,Ativa,2022-02-27 01:43:11
109908,9908,Corrente,Ativa,2023-07-28 18:01:23
109909,9909,Corrente,Ativa,2022-12-29 11:48:04
109910,9910,Corrente,Ativa,2023-05-01 02:00:48
109911,9911,Corrente,Ativa,2021-12-30 01:47:27
109912,9912,Corrente,Ativa,2020-07-29 19:48:12
109913,9913,Corrente,Ativa,2018-10-22 00:30:24
109914,9914,Digital,Ativa,2025-02-06 14:48:56
109915,9915,Corrente,Ativa,2024-04-08 23:46:12
109916,9916,Corrente,Ativa,2020-08-11 21:57:47
109917,9917,Digital,Ativa,2024-02-04 00:40:26
109918,9918,Digital,Encerrada,2020-10-23 11:34:10
109919,9919,Corrente,Ativa,2025-05-02 22:01:35
109920,9920,Digital,Ativa,2018-06-06 22:34:33
109921,9921,Digital,Ativa,2023-01-29 02:29:42
109922,9922,Digital,Ativa,2019-10-09 04:44:35
109923,9923,Corrente,Ativa,2020-05-15 01:18:26
109924,9924,Corrente,Ativa,2025-07-07 12:32:17
109925,9925,Corrente,Ativa,2019-05-11 22:55:06
109926,9926,Digital,Ativa,2025-04-04 13:52:42
109927,9927,Digital,Ativa,2019-10-23 18:05:30
109928,9928,Digital,Ativa,2021-03-13 18:36:57
109929,9929,Corrente,Ativa,2018-04-03 14:27:47
109930,9930,Corrente,Ativa,2018-01-17 21:40:24
109931,9931,Corrente,Ativa,2018-05-16 21:15:21
109932,9932,Corrente,Ativa,2025-12-15 18:49:48
109933,9933,Digital,Ativa,2024-06-29 08:37:42
109934,9934,Corrente,Ativa,2024-10-16 23:25:52
109935,9935,Corrente,Ativa,2022-02-08 01:55:27
109936,9936,Digital,Ativa,2021-07-12 01:42:42
109937,9937,Corrente,Ativa,2022-04-15 21:32:52
109938,9938,Digital,Ativa,2018-06-02 19:15:02
109939,9939,Corrente,Ativa,2018-05-28 12:04:13
109940,9940,Corrente,Ativa,2023-12-09 05:00:52
109941,9941,Digital,Encerrada,2024-12-22 10:31:20
109942,9942,Corrente,Ativa,2024-05-10 06:28:22
109943,9943,Corrente,Ativa,2018-02-21 08:51:10
109944,9944,Corrente,Ativa,2020-05-23 09:39:55
109945,9945,Corrente,Ativa,2019-04-17 19:32:29
109946,9946,Corrente,Encerrada,2025-06-10 02:10:40
109947,9947,Corrente,Ativa,2020-10-17 17:29:41
109948,9948,Digital,Ativa,2022-07-17 02:47:45
109949,9949,Corrente,Ativa,2023-05-06 03:16:21
109950,9950,Corrente,Ativa,2025-05-22 19:17:06
109951,9951,Digital,Ativa,2018-07-05 03:39:09
109952,9952,Corrente,Ativa,2020-10-26 10:38:03
109953,9953,Corrente,Ativa,2025-06-15 11:24:33
109954,9954,Corrente,Ativa,2023-09-22 00:37:54
109955,9955,Digital,Ativa,2018-10-27 08:41:46
109956,9956,Digital,Ativa,2019-05-10 22:00:25
109957,9957,Corrente,Ativa,2019-03-03 07:47:15
109958,9958,Digital,Ativa,2024-07-18 12:59:56
109959,9959,Corrente,Ativa,2024-06-09 01:44:32
109960,9960,Corrente,Ativa,2019-04-18 20:46:43
109961,9961,Corrente,Ativa,2021-07-12 06:10:45
109962,9962,Corrente,Ativa,2018-05-05 03:38:28
109963,9963,Corrente,Ativa,2021-03-30 06:21:16
109964,9964,Corrente,Ativa,2021-02-15 10:55:09
109965,9965,Digital,Bloqueada,2022-05-22 17:32:04
109966,9966,Corrente,Ativa,2022-04-01 04:59:10
109967,9967,Corrente,Ativa,2022-05-15 11:40:24
109968,9968,Digital,Ativa,2020-09-28 22:54:48
109969,9969,Corrente,Ativa,2019-10-02 10:47:24
109970,9970,Corrente,Ativa,2023-01-22 00:45:02
109971,9971,Corrente,Ativa,2024-09-27 01:37:45
109972,9972,Corrente,Ativa,2018-02-16 21:11:36
109973,9973,Digital,Ativa,2020-02-03 17:26:52
109974,9974,Corrente,Ativa,2025-12-25 20:40:27
109975,9975,Digital,Ativa,2025-01-06 05:08:07
109976,9976,Corrente,Ativa,2021-07-29 07:16:39
109977,9977,Corrente,Ativa,2019-02-05 16:36:30
109978,9978,Corrente,Ativa,2019-07-18 14:33:56
109979,9979,Corrente,Ativa,2019-09-11 19:00:56
109980,9980,Corrente,Ativa,2023-04-24 00:41:59
109981,9981,Digital,Ativa,2021-02-07 06:34:46
109982,9982,Corrente,Ativa,2023-06-22 16:08:55
109983,9983,Corrente,Ativa,2018-03-19 19:15:04
109984,9984,Digital,Ativa,2023-05-08 18:17:58
109985,9985,Corrente,Ativa,2023-02-02 23:11:59
109986,9986,Corrente,Ativa,2019-05-25 00:43:51
109987,9987,Corrente,Ativa,2023-08-19 23:26:25
109988,9988,Corrente,Ativa,2020-08-28 04:45:22
109989,9989,Corrente,Ativa,2019-10-25 04:04:05
109990,9990,Digital,Ativa,2025-08-21 22:31:49
109991,9991,Corrente,Ativa,2025-05-25 15:15:02
109992,9992,Digital,Ativa,2021-07-12 06:11:45
109993,9993,Digital,Ativa,2025-09-22 22:45:47
109994,9994,Corrente,Ativa,2023-07-21 01:36:00
109995,9995,Corrente,Ativa,2024-02-12 12:54:18
109996,9996,Corrente,Ativa,2025-05-12 11:45:47
109997,9997,Digital,Ativa,2020-07-28 11:38:12
109998,9998,Corrente,Ativa,2022-01-30 04:59:09
109999,9999,Corrente,Ativa,2022-01-23 02:24:49
110000,10000,Digital,Ativa,2025-05-08 11:46:32
